titles,authors,informs
너도밤나무 집,아서 코난도일 저,추리 문학의 고전이며 지금까지 변함없는 사랑을 받는 셜록 홈즈 시리즈!
사월의 바람,박종현 저,"""영주야, 바람이 분다. 눈을 감고 바람을 느껴봐. 이제 그 바람에 모두 다 실려 보내자. 모두 다… "" 4.19, 5.16 유신, 장준하의 죽음, 그리고 10.26과 김재규. [사월의바람] 은 거대한 역사의 흐름 속에서 우리들 개인은 어떻게 살아가고 있는지, 그리고 그 거대한 열정과 사랑으로 앞서 시대를 이끌었던 이들이 어떻게 살았는지를 오디오 드라마 속 인물들을 통해 보여주는 작품입니다. 오늘날 몇몇의 이름으로만 기억되는 유신시대의 모습이 주인공인 박현도의 눈으로 비춰지며 담담하게, 때론 애절하게 펼쳐집니다. 그리고 그 역사의 뒤편에서 이룽저니 애달픈 사랑 이야기."
[단편] 월리를 찾아라,윤고은 저,"대산대학문학상, 한겨레문학상을 수상하며 차세대 주목받는 젊은 작가로 떠오른 윤고은의 두번째 소설집 『알로하』가 출간되었다. 제12회 이효석문학상 수상작인 「해마, 날다」를 비롯, 윤고은의 재기발랄한 상상력과 절박한 세계인식이 절묘하게 어우러진 아홉편의 작품을 실었다. 인성에 대한 자본의 공격이 첨예화된 사회, 그 안에서 소멸되지 않기 위해 고투하는 인물에 대한 묘사는 한층 세련되고 깊어진 윤고은의 통찰력에 전적인 신뢰감을 안겨준다."
달걀 크기의 씨앗,레프 톨스토이 저,달걀 크기의 물건을 보고 왕은 그게 무엇인지 알아오라고 명령합니다. 신하들은 마침내 한 농부를 왕에게 데려옵니다. 
박상종이 읽는 현길언의 우리들의 조부님,현길언 저,"[100인의 배우, 우리 문학을 읽다] 오디오북 시리즈는, 최민식 문소리 정진영 강부자 등 우리 시대를 대표하는 배우 103명이 한국 근현대문학의 주요 중단편소설 100편을 낭독한 프로젝트입니다. ≪우리들의 조부님≫은 제주 출신 작가 현길언이 1982년 ≪문예중앙≫ 가을호에 발표한 단편이다. 제주도 4·3사건이란 역사의 비극을 빙의라는 기묘한 소재로 풀어냈다. 임종을 앞둔 할아버지가 갑자기 깨어나 4·3사건 때 희생된 아버지의 목소리로 그날의 사건을 이야기하기 시작한다. 1990년 KBS2-TV 6·25특집드라마로 제작, 방영되기도 했다."
유토피아로 가는 네 번째 방법,정광모 저,9급 공무원으로 일하는 무득은 하늘을 날고 싶다는 꿈을 꾸다 푸른 탑 카페를 운영하는 탁우를 만나게 된다. 자각몽인 ‘깨어있는 꿈’에서 하늘을 나는 꿈을 실현시킬 수 있다고 말하는 탁우. 무득은 탁우를 따라 ‘깨어있는 꿈’ 속으로 들어가 자유를 만끽한다. 하지만 이 유토피아는 탁우의 통제 아래에서만 느낄 수 있는 자유일 뿐이다. 현실에서는 이룰 수 없는 이상을 실현하기 위해 깨어있는 꿈으로 들어오는 인물들. 그들은 진정한 유토피아를 발견할 수 있을까? *2022 한국출판문화산업진흥원 오디오북 제작지원사업 선정작
"[단편] 해마, 날다",윤고은 저,"대산대학문학상, 한겨레문학상을 수상하며 차세대 주목받는 젊은 작가로 떠오른 윤고은의 두번째 소설집 『알로하』가 출간되었다. 제12회 이효석문학상 수상작인 「해마, 날다」를 비롯, 윤고은의 재기발랄한 상상력과 절박한 세계인식이 절묘하게 어우러진 아홉편의 작품을 실었다. 인성에 대한 자본의 공격이 첨예화된 사회, 그 안에서 소멸되지 않기 위해 고투하는 인물에 대한 묘사는 한층 세련되고 깊어진 윤고은의 통찰력에 전적인 신뢰감을 안겨준다."
자살 대행 (세계환상문학걸작선 제1권),조반니 파피니 저,"이틀 뒤면 서른세 살이 끝나는 한 남자가 친구에게 선언한다. 그를 위해 자살하겠노라고. 황당한 친구가 눈빛으로 묻는다. 네가 왜 나 대신 죽어? 서른세 살이라니, 네가 예수야? “예수는 만민을 구원하기 위해 죽었어. 나는 신이 아니니까 단 한 사람을 구원하기 위해 죽는 거지. 내 희생이 예수의 희생보다 더 값진 것이 되길 희망하네.” 그의 자살은 목적을 달성할 수 있을까? 작가의 전작인 ≪그리스도 이야기≫를 상기시키는 작품이다."
옆방이 조용하다 - 옆방이 조용하다,김진초 저,"김진초의 단편집 [옆방이 조용하다] 中, 단편 ‘옆방이 조용하다’이다. 인천 문화재단 추천작으로 선정되었다. ""옆방이 조용하다. 남자는 지금 무슨 생각을 할까. 목숨 건진 걸 다행이라 여길까 불행이라 여길까. 장난 같은 인생, 가다서다하며 살다 아주 멈추면 훌쩍 이승을 뛰어넘어 저승으로 가는 인생."""
어머니는 누구일까,김종윤 저,"어머니! 이름만으로 가슴이 저리는 이름. 세상의 모든 것을 포용하는 아름다운 이름. 모진 세월, 가난과 병마와 싸워야 했던 우리 시대의 어머니들. 어머니 살아 생전에 어머니 마음이 신의 마음이었음을 깨닫는 자식이 얼마나 될까… 여기 한 어머니가 있다. 김옥두! 죽음을 눈앞에 둔 어머니는 아직도 부초처럼 살고 있는 사 남매가 더 걱정이다. 맏자식이라는 멍에 때문에 기 한번 못 펴고 사는 큰아들. 아들만을 위하는 부모님 때문에 산전수전 겪으며 마음 고생만 하는 큰딸. 부모에 대한 증오심으로 자신의 삶까지 엉망으로 만들어버린 알코올 중독자인 둘째 딸. 그리고 서른이 다 되었어도 아직도 어린아이처럼 어머니에 대한 사랑을 끊임없이 갈구하는 말썽꾸러기 막내아들. 죽음을 눈앞에 둔 어머니는 자식들 가슴에 얹혀진 미운과 증오를 사랑으로 다독인다. 죽음은 어머니와 자식을 둘로 갈라놓지만, 어머니의 넋은 영정 앞에서 슬픔에 겨워 울부짖는 자식들을 두 팔로 안아 가슴으로 다독인다."
어둠의 속도,엘리자베스 문 저,"*이 오디오북은 한국출판문화산업진흥원(KPIPA)의 「2022년 오디오북 제작 지원」 사업 선정작입니다. 대표 SF작가 김초엽의 강력한 추천! 2004년 네뷸러상, 2007년 로버트 A. 하인라인상 수상 SF문학계 거장 엘리자베스 문의 귀환 그해 가장 뛰어난 SF소설에 쥐어지는 네뷸러상을 수상한 엘리자베스 문의 대표작 《어둠의 속도》가 전면 수정을 거쳐 재출간되었다. SF소설가 정소연 작가가 다시 한번 번역을 맡았다. 국내에서 절판된 지 12년 만의 복간이다. 근미래, 마지막 남은 자폐인 루 애런데일의 ‘정상화 수술’ 과정을 통해 정상과 비정상의 경계에 거대한 질문을 던진 《어둠의 속도》는 영미권 대표 출판사 랜덤하우스의 주류 문학 임프린트 발렌타인에서 출간되며 일찍이 높은 문학성을 인정받았다. 평소에도 지속적으로 《어둠의 속도》를 추천해온 김초엽 작가의 강력한 추천은 본 작품이 던지는 화두가 현재에도 유효함을 보증한다. 그간 계속되는 추천에도 작품을 볼 수 없어 아쉬워하던 독자들과, 수준 높은 SF소설을 찾는 독자 모두에게 무엇보다 반가운 출간이 될 것이다."
산골 나그네,김유정 저,"1933년 3월 [제일선]에 발표된 단편소설로, 산골을 배경으로 가난한 사람들의 애환과 삶을 토속적인 문체로 표현한 작품"
"머리로 하는 연애, 마음으로 하는 키스",컬툰스토리 저,"나, 이정미는 원하는 대학에 가기 위해 수년째 재수 생활을 하고 있다. 스물둘의 적지 않은 나이에도 공부에 대한 열의만큼은 남들에게 뒤지지 않는데. 이런 내가 철칙으로 삼는 것이 있으니 그것은 절대 마음에 드는 이성이 있어도 연애하지 않는 것. 사랑이니, 하는 감정들이 얼마나 공부에 악영향을 미치는지 알기에 남자를 돌같이 바라보며 경계한다. 그러나 우연히 민 샘이라 불리는 정우의 특강을 듣게 되면서 그와 자꾸만 엮이게 되고……. 마음으로 하는 일보다 머리로 하는 일에 능숙한 내게 정우와의 만남은 날벼락 그 자체다!"
누런 벽지,샬롯 퍼킨스 길먼 저,"영미 페미니즘 문학의 효시 음산하고 괴기스럽지만, 슬픈 이야기 아름답고 낡은 대저택에서 감금된 채 조금씩 미쳐가는 여인이 있다. 의사인 남편은 그녀를 사랑하여 극진히 치료하고, 하녀들 역시 꼼꼼하게 그녀를 돌본다. 하지만 그녀는 조금씩 더 미쳐간다. 그녀에게 허락된 것은 좋은 것을 먹고, 푹쉬고, 공기를 마시는 것뿐이다. 그러던 어느날, 감금 생활이 거의 끝나가던 날, 그녀는 자신이 그토록 싫어하던 방에서 재미난 것을 하나 발견한다. 그것은 자신의 해방이자 몰락을 암시하는 어떤 형상이었다."
눈먼 종달새,루이자 메이 알코트 저,"어머니와 어린 동생 빌리와 어렵게 살아가는 눈먼 소녀, 리치의 이야기입니다. 동생 빌리가 세상을 떠나고 실의에 빠진 리치는 슬픈 노래를 부릅니다. 그 노랫소리를 듣고 찾아온 그레이스의 도움으로 리치는 다시 희망을 되찾고 행복한 삶을 찾게 됩니다. 많은 사람이 모인 자선음악회에서 리치는 눈먼 종달새의 노래를 부릅니다."
너의 버킷리스트,유다은 저,"갑자기 사라져버린 쌍둥이 언니의 버킷리스트를 하나씩 이루어 갈수록, 그 속에 담긴 언니의 비밀이 점차 밝혀진다! 어느 날 갑자기 쌍둥이 언니 윤세아가 사라져버렸다. 패턴 잠금이 풀린 핸드폰과 3억 원이 들어 있는 예금 통장 그리고 치매에 걸린 엄마를 동생 윤시아에게 고스란히 남겨 둔 채! 오늘도 윤시아는 그녀가 남기고 간 핸드폰 속 어플 ‘사자성어로 보는 오늘의 운세’를 확인한다. 시아는 굳이 언니의 입력된 정보를 자신의 것으로 바꾸지 않는다. 떠난 언니 윤세아와 자신의 사주는 같았으니까. 과연 윤시아는 언니 윤세아가 떠난 이유를 찾아낼 수 있을까? 윤세아의 첫 남자친구이자 윤시아의 첫 사랑 이준호! 이준호는 윤세아와 고등학생 때 같이 작성했던 버킷리스트를 찾기 위해 윤시아를 만나러 온다. 윤세아와 윤시아가 처음 어긋난 그 순간에 버킷리스트가 존재한다는 사실에 함께 찾아 나서는데…. 버킷리스트에 남겨진 언니의 메시지! 언니의 세 가지 버킷리스트를 윤시아가 대신 이루면, 3억 원이 들어 있는 통장의 비밀번호를 알려주겠다는 내용이다. 갑작스러운 실직으로 인해 생활고에 시달리던 윤시아는 3억 원을 위해 언니의 버킷리스트를 대신 이루기로 결심하고, 이준호와 함께 언니의 버킷리스트를 하나씩 이루어 나간다. 첫 번째, 첫사랑 시원에게 고백하기. 두 번째, 연극 무대 주인공 되어보기. 세 번째, 용서할 수 없지만 용서하기. 네 번째, 성을 가진 성주와 산책하기. 다섯 번째, 잃어버린 시간을 찾아서 떠나기! 버킷리스트를 하나하나 이루어 가면서 윤시아는 쌍둥이 언니 윤세아의 비밀과 마주하게 된다. 언니의 숨겨진 비밀을 통해 둘은 진정한 화해를 이룰 수 있을까?"
[단편] 팜비치,최정화 저,2012년 단편소설 「팜비치」로 창비신인소설상을 수상하며 작품활동을 시작한 최정화의 첫 소설집 『지극히 내성적인』이 출간되었다. 일상 속의 균열과 파동을 예민하게 감지하는 작가 최정화가 등단 이래 활발한 활동으로 쌓아온 열편의 소설이 묶였다. 온전해 보이는 세계 안에 스며 있는 불안의 기미를 내성적인 사람들의 민감한 시선으로 날렵하게 포착해내면서도 유머를 잃지 않는 자세가 야무지고 미덥다. “독자들이 ‘최정화’라는 이름을 특별한 소설가의 이름으로 기억하리라”는 등단 당시의 심사평이 무색하지 않을 만큼 그녀의 첫 책은 독자들에게 각별하고 매력적으로 다가올 것이다.
[단편] 의심을 찬양함,은희경 저,"1995년 등단한 이래, 서정적 감수성과 냉철한 관찰력을 결합한 유머러스한 필치로 현대인의 삶의 조건을 예리하게 묘파하는 화제작을 선보였던 은희경의 5년 만의 신작 소설집이 출간되었다. 단편의 특성을 최대한 살려 형식과 내용의 다양성을 시도하며 공들여 쓴 중단편 6편이 실려 있다. 매편마다 개성과 색깔이 제각각 뚜렷하지만, 비루하고 초라한 삶들을 조용하게 연민하며 공감의 시선을 보내는 점과, 특유의 경쾌한 문체는 한결같이 빛을 발한다. ‘아버지’라는 존재를 포함한 가족관계 속에서 삶과 정체를 탐구했던 이전의 작품들과 달리, 현대의 고독하고도 분열적인 인물을 다루고, 그 소소한 일상의 국면에서 희극적이거나 비극적인 상황에 주목하는 은희경 특유의 섬세한 시선과 서사가 빛을 발하는 소설집이다. 2006년 황순원문학상 최종후보작이던 표제작 「아름다움이 나를 멸시한다」에서는 서른다섯번째 생일날, 가족을 버린 아버지가 위독하다는 전화를 받고 다이어트를 결심하는 남자가 주인공으로 등장한다. 이 작품에서는 전작이었던 장편 『비밀과 거짓말』이나 소설집 『상속』의 표제작에서 은희경이 바라보던 ‘가족’과 ‘아버지’의 모습과 사뭇 다르다. 어릴 적 아버지와 만나던 이태리 식당에 걸려 있던 보띠첼리의 「비너스의 탄생」을 잊을 수 없었지만, 어렸을 때부터 아버지에게는 뚱뚱한 모습만을 보였고, 이제 돌아가실 날이 멀지 않은 아버지에게 달라진 모습을 보여주고 싶은 것이다. 매일 먹는 밥을 거부하는 다이어트란 결국 인간의 문명화와도 밀접한 연관이 있다고 주장하는 주인공은, 끝내 아버지가 돌아가신 후에야 달라진 모습으로 빈소를 찾고, 아버지는 「비너스의 탄생」을 유품으로 남긴다. “모든 아름다운 것들”이 자신을 거부하는 현실에서 가족과 아버지에 대한 부정이 음식에 대한 거부와 연결된다."
이선동 클린센터,권정희 저,"귀신 보는, 막 서른 된 청년 이선동이 유품을 청소해주는 클린센터에 유품정리사로 취직하게 되면서 벌어지는 이야기 영안실, 울리는 핸드폰 알람 소리에 ‘내’가 눈을 뜬다. 오전 무렵 ‘바이오 클린센터’라는 업체에 유품정리사로 면접을 보러 간 일이 지금 영안실로의 면접까지 이어졌다. 면접은 보러 왔으나, 시체를 보는 일이 괴롭다며 하루 이틀 사이에 그만두는 젊은 청년이 많았다는 이유로 사장은 나를 행려인 시체가 있는 영안실로 밀어 넣었다. 그렇게 영안실에서 하룻밤을 무사히 보낸 나는 ‘클린센터 유품정리사’로 취직하게 됐다. 귀, 신, 보, 는. 고심 끝에 시작한 나의 정규직은 클린센터 사장의 ‘유품 먹튀’로 산산이 부서지고 말았다. 고독사한 연희동 할머니 침대 밑에서 발견한 골드바를 들고 튄 사장 때문에 취직한 지 보름 만에 나는 다시 백수로 돌아와야 했다. 하지만 우연찮게 클린센터 보름 선배이자 눈치 없는 놈, 김정규와 함께 유품정리 일을 시작하게 된다. 호기롭게 시작한 유품정리 일은 매 순간 순탄치 않았고, 잊고 살았던 과거로 나를 내동댕이치기까지 했다. 어린 시절의 기억과 연결되어 있던 강동철 형사! 그가 내 인생에 다시 등장하고 자살로 죽기까지 고작 걸린 시간은 한 달 남짓. 그는 내게 악몽 같은 어린 시절의 기억, 청산가리로 죽음을 맞이한 할머니 할아버지를 다시 떠올리게 했고, 그것도 모자라 자신의 딸 보라까지 출연시켜 내 기억을 계속 흔들었다. ‘이선동클린센터’ 정규 선배가 파 온 명함 한 통으로 나는 어느덧 클린센터의 사장이 되고 말았다. 그리고 영혼들의 사연을 듣고 그들과 소통하는 유품정리 일을 시작하게 됐다. 고단한 삶, 은밀했던 삶, 고독한 삶 그리고 슬픈 삶 등 다양한 삶의 이면들을 죽음 앞에서 만나며 차츰 인생에 대해서 배우게 됐다. 그러던 중 보라의 집요한 주장대로 동철 형사의 죽음이 자살이 아닐 수도 있다는 단서를 발견하게 된다. 그리고 이어 동철 형사의 죽음이 어린 시절 할아버지 할머니의 죽음과도 연결이 되어 있다는 짐작을 하게 되는데…. 할머니, 할아버지는 무엇 때문에 살해당한 것일까? 동철 아저씨는 왜 죽은 것일까? 누가 죽인 것일까? 죽은 영혼들은 나에게 무얼 부탁하고 싶었던 걸까? 내가 죽은 이들을 위해 해줄 수 있는 일은 무엇일까?"
위대한 개츠비,스코트 피츠제럴드 저,"세계대표명작을 엄선하여 줄거리, 주제등을  성우의 목소리로 들려주는 세계 명작  보물창고!  오디오북을 통해 세계 대표명작을 만나 보세요."
연애의 결말,김서령 글 제딧 그림 저,"*이 오디오북은 한국출판문화산업진흥원(KPIPA)의 「2022년 오디오북 제작 지원」 사업 선정작입니다. 산뜻한 소설과 반짝이는 일러스트의 컬래버레이션을 표방하는 폴앤니나 소설 시리즈의 세 번째 책. 노정이 쓰고 드로잉메리가 그린 장편소설 『달콤한 밤 되세요』, 현진건문학상 수상작가 최예지가 쓰고 살구가 그린 소설집 『애비로드』에 이은 폴앤니나 소설 시리즈 003 『연애의 결말』이다. 현대문학 신인상으로 데뷔해 『작은 토끼야 들어와 편히 쉬어라』 『티타티타』 『어디로 갈까요』 등을 출간하며 오랜 시간 문단의 신뢰를 받아온 작가 김서령의 단편 6편이 실렸으며, 네이버 그라폴리오 인기 작가 제딧이 일러스트 열두 컷을 그렸다. 『연애의 결말』은 출판진흥원의 우수출판콘텐츠로 선정되기도 했다."
정상철이 읽는 이무영의 제일과 제일장,이무영 저,"[100인의 배우, 우리 문학을 읽다] 오디오북 시리즈는, 최민식 문소리 정진영 강부자 등 우리 시대를 대표하는 배우 103명이 한국 근현대문학의 주요 중단편소설 100편을 낭독한 프로젝트입니다. ≪제일과 제일장≫은 1939년 10월 ≪인문평론≫ 창간호에 실린 이무영의 자전적 귀농소설이다. 후속편 격인 ＜흙의 노예＞(1940)와 함께 이무영을 한국 농민문학의 선구자 자리에 올려놓은 작품이다. 대학 출신의 인텔리가 도회 생활을 청산하고 고향으로 돌아와 농촌에 적응하는 과정을 통해 농촌 생활의 감각과 도덕이 지니는 긍정성을 이야기한다."
탐정이 아닌 두 남자의 밤,최혁곤 저,"이 오디오북은 한국출판문화산업진흥원(KPIPA)의 ‘2022년 오디오북 제작 지원’ 사업 선정작입니다. 스피디한 전개와 사회를 향한 묵직한 메시지를 담아낸 두 편의 장편소설로 명실공히 한국 추리 스릴러의 대표작가로 인정받고 있는 최혁곤 작가는 2년 만의 신작 《탐정이 아닌 두 남자의 밤》으로 전과는 다른 분위기와 재미를 선보인다. 2012년 네이버에서 연재되어 호평을 받은 [두 개의 목소리(연재 당시 제목: 밤의 노동자)]를 포함한 총 7편의 에피소드가 담긴 연작단편집으로, 성향이 다른 두 남자가 짝을 이뤄 사회 뒷골목에서 사건을 해결하는 이야기를 경쾌하고 밝은 필치로 그려냈다."
[단편] 불연속선,은희경 저,"막막한 오늘을 살아가는 우리에게 밤하늘의 길잡이별처럼 든든한 버팀목이 되어준 작가 은희경의 여섯번째 소설집 『중국식 룰렛』이 출간되었다. 그 이름만으로 하나의 브랜드라 이를 정도로 이십년이 넘는 세월 동안 꾸준히 세련된 감각을 유지하며 작품활동을 이어온 은희경은 언제나 빛나는 문장들로 독자들의 외롭고 지친 마음을 보듬어주었다. 이번 소설집에 실린 여섯편의 소설 역시 각기 다른 성광과 매력을 뽐내며 일상의 우연들이 얼마나 소중하게 연결되어 있는지를, 행운과 불운이 교차하는 날들이 얼마나 공교롭게 우리를 이끄는지를 은희경 특유의 섬세하고 정련된 필치로 펼쳐 보인다. 「불연속선」 빠리에서 돌아오는 길에 공항에서 남자의 여행가방이 뒤바뀐다. 남자는 가방에 적힌 번호로 연락을 시도하지만 연결이 되지 않는다. 현관에 세워둔 가방에서는 빠리 시간을 기준으로 새벽 1시가 되면 알람이 울린다. 가방이 바뀐 지 일주일 만에 가방의 주인인 여자에게서 전화가 오고, 장맛비가 쏟아지는 어느날 두 사람은 같은 가방을 들고 만나는데……"
헌신적인 친구,오스카 와일드 저,참된 우정의 의미를 생각하게 하는 오스카 와일드의 걸작단편
[단편] 로동신문,전성태 저,"한국소설이 지닌 풍요로운 서사와 리얼리티를 계승하면서도 특유의 성실함과 간단없는 자기갱신을 거듭하면서 우리 문단을 대표하는 새얼굴로 자리매김해온 소설가 전성태가 등단 20주년을 맞아 새롭게 펴낸 소설집. 현대문학상 수상작인 「낚시하는 소녀」를 포함해 열두편의 작품이 시간의 심연을 날렵하게 포착해내며 인간의 기억에 녹아들어 있는 사실과 진실, 인지와 망각, 현실과 비현실 등을 추적한다. 「로동신문」 임대아파트 단지에서 경비를 보는 나씨는 어느날 폐지 수거 중에 북한에서 발행된 <로동신문>을 발견한다. 나씨는 간첩의 소행일 것으로 확신하고 임대아파트에 살고 있는 북한이탈주민 네가구를 하나하나 감시의 눈길로 살피며 신문이 나온 집을 남몰래 추적한다."
"의천도룡기, Part 2 (倚天屠龍記 2) (중국어)",JinYong (김용) 저,많은 고통을 겪은 Zhang Wuji는 자라서 Nine Yang Manual을 배운다. 한편 Cheng Kun은 명나라 숭배자들과 Bright Peak(명숭배자들의 본부)를 공격하기 위해 모이는 여섯 정통 종파 간의 충돌을 고의적으로 일으킨다. 그러나 이는 Zhang Wuji에 의해 막히고 실패하는데…
허풍선이 남작의 모험 외,고트프리트 뷔르거 외 1인 저,"근세 독일의 대표 시인, 고트프리트 뷔르거의 대표 소설! 지루할 틈 없이 펼쳐지는 기상천외한 모험담과 그 속에 스민 유쾌한 익살 뮌히하우젠 남작은 여행과 사냥을 즐기는 허풍선이 남작이다. 남작은 자신이 겪은 일화에 상상을 보태 황당무계한 모험담을 들려준다. 콩 넝쿨을 타고 달에 다녀오거나 대포나 오리를 타고 하늘을 날아다니고 이마를 다쳤을 때 눈에서 튄 불꽃으로 불을 피운다는 식이다. 풍자와 무한한 상상력과 재치가 가득한 허풍선이 남작의 기상천외한 모험이 펼쳐지는데.. 팀 버튼 감독의 영화 [빅 피쉬]를 보면 허풍 떠는 아버지를 못마땅하게 여기는 아들이 나온다. 더욱이 아들은 사실만을 다루어야 하는 기자다. 아들은 아버지와 오랫동안 반목하지만 아버지의 죽음을 앞에 두고는 자신 또한 아버지와 마찬가지로 허풍을 떨고야 만다. 퍽퍽한 현실보다 유쾌한 허풍이 때로는 삶을 더 아름답게 만들어 준다는 것을 비로소 깨닫는 것이다. 여기에 상식을 넘어서는 유쾌한 허풍선이가 있다. 바로 허풍선이 남작 뮌히하우젠이다. 뮌히하우젠 남작은 여행과 모험을 매우 좋아하는데 그가 들려주는 모험담은 하나같이 터무니없고 황당하다. 커다란 물고기에게 먹혀 위장 속에 갇혀 있다가 살아나오고 대포를 타고 하늘을 날아다니며 폭풍을 이용해 달나라 여행을 떠나는 식이다. 이렇듯 상상을 초월하는 남작의 이야기를 듣다 보면 처음에는 당혹스럽지만 이내 웃음보가 터지며 마음이 열린다. 작품을 다 읽을 즈음에는 세상을 느긋하게 바라볼 수 있는 여유마저 생긴다. 《허풍선이 남작의 모험》 속 주인공인 뮌히하우젠 남작은 실존 인물이다. 여행과 사냥을 좋아했던 남작은 자기가 겪은 일에 상상을 보태서 친구들에게 들려주곤 했다. 그중 한 사람이 영국에서 남작의 이야기를 책으로 엮어냈고, 이 책을 독일의 유명한 시인이었던 고트프리트 뷔르거가 독일어로 번역하면서 자신의 문체와 생각을 덧입혀 오늘날과 같은 작품으로 만들어 낸 것이다. 자신을 내세우기 위해 떨어 대는 허풍은 좋지 않다. 하지만 나쁜 의도 없이 사람들에게 즐거움을 주려고 치는 허풍은 사람들의 마음을 곧잘 사로잡는다. 허풍은 곧 우스개이자 익살이며 끝없는 상상력의 원천이 되어 주기 때문이다. 함께 실린 《호두까기 인형》 역시 뛰어난 상상력으로 전 세계의 사랑을 받은 작품이다. 에른스트 테오도르 아마데우스 호프만이 쓴 소설로 발레극이 유명해지면서 함께 인기를 얻었다. 크리스마스에 호두까기 인형을 선물로 받은 마리가 우연히 인형들의 세계와 마주하게 되면서 펼쳐지는 환상적인 이야기를 담고 있다."
[단편] 꽃 진 자리,공선옥 저,"진솔한 삶의 체험을 바탕으로 생생한 입담으로 우리 사회의 소외된 이웃들에게 따뜻한 관심을 표현해온 중견작가 공선옥이 5년 만에 신작소설집을 출간했다. 공선옥 소설의 활력은 여전히 놀라운 바 있다. 이번 소설집에서 공선옥은 낯익지만 일관된 주제의식을 견지하며 냉엄한 현실을 능청스럽게 비꼬는 서사 전략을 생동감있고 활달한 입담으로 담아냈다. 작가는 그간 공선옥 작품을 수식하던 ‘모성’의 이미지를 넘어서 우리 시대 사람들 누구나 받게 마련인 상처를 솔직하게 인정하면서 그 상처에서 비롯된 삶의 의지를 타인과의 연대의식으로 확장하는 모습을 보여준다. 표제작인 ｢명랑한 밤길｣은 2006년 ‘작가가 선정한 올해의 소설’에서 최우수작품으로 선정되기도 했다. ｢명랑한 밤길｣에서 스물한살 간호조무사인 주인공은 치매에 걸린 홀어머니를 모시고 산다. 우연히 응급환자로 병원을 찾은 남자에 이끌려 잠시 꿈같은 연애를 경험하지만, 끝내 버림받는다. 외국가수 이름을 줄줄 외우고, 밤마다 감미로운 음악을 선사해주던 남자는 주인공에게 낭만적인 연애의 궁극이자, 희망도 가망도 없는 앞날을 밝혀줄 존재였다. 그러나 텃밭에서 키운 무공해채소를 받아먹던 남자는 끝내 그녀를 마다하며 철저하게 등을 돌린다. ｢도넛과 토마토｣에서 이혼하고 야쿠르트를 배달하며 생계를 꾸리던 문희는 살뜰한 신혼을 꿈꾸며 다른 무엇보다 그저 ‘장롱’ 하나만 갖기를 바랐고, ｢아무도 모르는 가을｣의 인자는 산골로 들어오는 대신 남편과 꽃과 나무를 기르며 사는 삶을 꿈꿨을 뿐이다."
