titles,authors,informs
채만식의 레디메이드 인생,채만식 저,"1934년. 인텔리 바람에 휩쓸려 공부에 열중한 판석은 자리가 없어 취직운동을 하는 중이다. 고향에 있는 9살 아들 창선이의 앞날보다 자신의 앞날도 모르는 판석에게 친구인 문홍과 한수가 찾아오는데……. 채만식의 레디메이드 인생을 보기 쉽게, 현대적 해석에 맞춰 재구성한 작품이다. 현실에 대한 지식인의 냉소를 엿볼 수 있는 작품이다."
등이 굽은 사내 - 세계 미스터리 고전문학,아서 코난 도일 저,"세계 유명 작가들의 미스터리 고전을 엄선하여 소개하는 시리즈의 서른여덟 번째 작품! 밤늦게 왓슨의 집으로 찾아온 홈즈. 아일랜드 인 연대가 주둔하고 있는 곳으로 가서 수사를 도와달라고 청한다. 사건을 증언할 사람이 없는 상황에서 돌연 등장한 등이 굽은 사내의 정체는? 《출판사서평》 추리의 세계는 언제나 흥미진진하다. 공상의 세계 역시 흥미진진하기는 하지만 그것은 현실과 상관없이 펼쳐지기도 한다. 고립된 독방에서도 너른 세상의 수많은 사람들과 다채로운 일들을 떠올리게 해주는 것이 공상이다. 물론 이것도 개인의 경험을 바탕으로 펼쳐지기는 하지만 거기에 논리성 같은 것은 필요 없어서 이 사건이 저 사건과 하나가 되기도 하고 한 사건이 전혀 연관성 없는 다른 세계로 펼쳐지기도 한다. 하지만 추리는 언제나 현실에 기반을 두고 있다. 하나의 사건 속에서 벌어진 일들은 서로가 밀접한 관계를 맺고 있으나 주의해서 잘 관찰하지 않으면 아무런 관계가 없이 벌어진 일처럼 보이기도 한다. 그렇기 때문에 추리에서는 세심한 관찰과 풍부한 지식이 무엇보다 중요한데, 관찰에서 놓치는 부분이 있으면 결론에 이르기까지의 연결고리가 끊어져 결론에 이르지 못하거나 억측을 낳아 전혀 엉뚱한 곳에 다다르게 되고, 풍부한 지식이 없으면 관찰을 통해 밝혀낸 사실들의 참된 의미를 알지 못해 결정적인 사항을 놓치거나 역시 엉뚱한 결론에 다다르게 되기 때문이다. 따라서 추리에는 관찰과 지식, 그리고 논리성이 절대적이다. 이번 시리즈에서는 세계적 명성을 얻은 작가들의 추리소설을 소개하겠다. 그들이 펼쳐 보이는 화려한 추리의 세계를 통해 재미와 함께, 정확한 추리를 위해서는 무엇을 관찰해야 하는지 또 관찰을 통해 얻은 사실은 무엇을 의미하는지 그러한 사실들을 어떻게 논리적으로 연결 지어야 하는지, 그 과정을 배워보기 바란다."
"의천도룡기, Part 3 (倚天屠龍記 3) (중국어)",JinYong (김용) 저,"Bright Peak에서의 전투가 끝난 후, Zhang Wuji는 강호에서 큰 명성을 얻는다. 명나라를 섬기는 멤버들의 존경심을 얻은 그는 그 지도자가 된다. 여섯 정통 종파 멤버들은 정부의 살수들에 의해 Wan'an 사찰에서 공격 받고 감옥에 갇히게 되고 천국의 칼은 몽골 공주 Zhao Min의 손에 들어간다. Zhang Wuji는 뛰어난 무술로 여섯 정통 종파 멤버들을 구하고 오해를 푼다. 이후 그는 Zhao Min이 있는 Lingshe 섬으로 가서 그의 대부 Xie Xun을 만난다."
흰옷 입은 여자,기 드 모파상 저,모임에 나온 노인이 50년 전의 무서운 경험담을 들려준다. 노인은 50년 전 군에 복무하고 있었다. 50년 전의 기억으로 돌아간다. 노인은 우연히 5년 동안 만나지 못했던 친구를 만났다. 5년 만에 그 친구는 백발이 성성하고 늙어서 잘 알아보지 못할 정도였다.
돌려받지 못한 하루 (세계환상문학걸작선 제1권),조반니 파피니 저,"작가는 젊음과 늙음, 인생과 시간, 육체와 정신의 갈등을 놓고 향수 어린 고뇌의 놀이, 시간과의 놀이를 벌인다. 의문의 신사에게 청춘의 1년을 빌려주고 그 대가로 평생 필요할 때 자신의 젊음을 하루나 이틀씩 돌려받아 즐겼던 노부인, 그리고 그 1년의 마지막 날이 다가온다. 그녀는 마지막 하루를 어떻게 보낼까? 미워할 수 없는 노부인을 통해 젊음과 미에 대한 인류 공통의 갈망은 희비극적 결말을 맞이한다."
[단편] 밤의 마침,편혜영 저,"한국일보문학상, 이효석문학상, 동인문학상 등을 수상하며 평단과 독자들의 열렬한 지지를 받고 있는 작가 편혜영의 네번째 소설집. 개인의 내밀한 고독을 성공적으로 형상화한 8편의 단편은 편혜영 특유의 건조하고 치밀한 문장과 밀도 높은 서사로 축조되어 점점 더 무르익어가는 작가의 필력에 깊은 신뢰를 준다. 각자의 삶을 고독하게 이고 가며 내면의 혼란이 빚어낸 현실과 망상의 경계에 위태로이 서 있는 인물들의 이야기는 깊은 여운을 남기며, 고독의 돌파구를 향해 손길을 내미는 인물들에게서는 미약하지만 멀리서 밝아오는 여명의 기운을 느낄 수 있다. 「밤의 마침」 오점 없는 삶을 단번에 파괴할 만한 비밀을 안고 살아야만 하는 중년의 남자. 안정된 직장에서 번 수입으로 단란한 가정을 꾸려오던 남자는 감당할 수 없는 비밀로 인해 영원히 끝나지 않을 밤을 맞게 된다. 낡은 호프집 건물 화장실에 술 취해 앉아 있던 여고생, 끊어진 기억, 불쾌한 충동, 번져나가는 소문. 이 모든 것의 결과는 비밀과 동조하며 고독하게 살아가야 하는 삶이다."
자살클럽,로버트 루이스 스티븐슨 저,"인간 내면의 근원과 선악의 갈등을 탐구한 작가 로버트 루이스 스티븐슨의 다양한 면모를 엿볼 수 있는 19세기의 환상적인 공포소설! 『지킬 박사와 하이드 씨』를 통해 공포스럽고 환상적인 작품 세계를 보여준 스티븐슨의 섬뜩한 이야기를 모은 선집을 오디오북으로 만나다. 비밀스러운 클럽에 관련된 진실을 쫓는 왕자와 충직한 대령의 이야기인 「자살 클럽」, 19세기의 어두운 면모를 보여주는 「시체 도둑」, 환상적인 이야기 「병 속의 악마」를 전문 성우의 생생한 연기로 만나본다."
마거릿 A의 금지된 말,L. 티멜 듀챔프 저,"“유리감옥을 깨뜨려라!” SF 소설의 페미니즘 르네상스를 이끌어온 전 세계 여성 작가들의 주옥 같은 작품을 가려 모았다. 오늘날 SF 소설계에서 가장 인정받는 편집팀으로서 여러 상을 수상하기도 한 앤 밴더미어와 제프 밴더미어 부부가 선정하고 구성한 뛰어난 페미니즘 SF 선집이다. 1960년대 작품부터 동시대 작품까지 두루 포함하는 이 선집은 페미니즘 담론의 확장을 추구하는 동시에 상상력 넘치는 풍성한 생각거리로 독자들을 이끈다. 이 걸작선은 SF와 페미니즘의 연관관계를 보여 주는 대담한 사례들을 모았다. 조안나 러스의 고전 <그들이 돌아온다 해도>에서부터 에일린 건의 <중간관리자를 위한 안정화 전략> 같은 풍자적인 작품까지, 이 영역의 작업들이 가지는 강렬한 집중도를 드러낸다. 캐서린 M. 밸런트와 같은 주목받는 작가들과 함께 반다나 싱, 히로미 고토와 같은 전 세계 작가들의 작품을 포함한 이 선집은 페미니즘의 다양한 목소리들을 담아낸다. 이 선집은 동시대 소설과 페미니즘의 두 측면에서 새로운 전선들로 사고를 확장한다. 환상적인 작품에서 미래지향적 작품으로, 신비로운 작품에서 초현실적인 작품으로 옮겨가는 이야기들은 지금 우리가 접할 수 있는 어떤 책과도 다른 페미니즘을 향한 생각들과 감정들을 불러일으킨다. “SF 소설이 가진 남다른 정치적 힘을 보여주는 꼭 필요한, 잘 가려 뽑은 선집.” - <커커스 리뷰> “여기 수록된 이야기들은 우리가 원했던 바로 그 일을 해낸다. 진부한 설정들을 찢어발기고, 젠더와 그 함의에 의문을 던지고, 풍자와 유머와 사회적 징후와 규정들에 대한 날카로운 지적 분석을 동반한 의도적 무지를 이용하여 정체성을 들여다본다.” - 마베쉬 무라드, <토르닷컴> “지난 수십 년간 여성 SF 작가들이 이룬 가장 빛나는 성과들을 엮은 다채롭고 놀라운 선집이다.” - 앤드류 앤드류스, ‘truereviewonline.com’ “저자들은 모두 페미니스트이며 SF 소설 혁명의 자매들이다. 그러므로 그들의 역할은 가능한 세계와 존재의 방식들을 탐험하는 것이며, 그려진 시나리오들로부터 각자의 교훈을 끌어내는 것은 독자들의 몫이다.” - 에리카 스미스, <피스 뉴스> “페미니스트든 아니든 SF 소설 팬이라면 누구나 반드시 읽어야 할 필독서이며, 이런저런 여성학 관련 학습과정을 짤 때 활용할 수 있는 흥미로운 텍스트가 될 것이다.” - 다이앤 칸스, ‘worldliteraturetoday.org’ “이 매혹적인 선집은 뉴웨이브 SF와 페미니즘 사변소설계의 경향들이 어떻게 여성과 페미니즘에 관한 문화와 관점의 변화들을 반영하고 있는지 보여준다.” - 바네사 부시, <북리스트> “이 책에 실린 작품들은 모두 여성들이 세계와 맺고 있는 관계의 양상들을 탐구한다. 이 작품들은 사회적 역할과 성역할, 성별, 연애 관계, 일과의 관계에 주목한다.” - 일레인 갤러퍼, <인터존> “이 책은 우리 모두가 연루돼 있는 장르와 젠더, 문화와 맥락에 관한 논의에서 빠질 수 없는 강력하고도 귀중한 선집이다.” - 캐리 스페링, <스트레인지호라이즌닷컴> “밴더미어 부부가 페미니즘 면에서든 다른 어떤 면에서든 근래 들어 최고의 SF 선집이라 할 만한 걸 엮어냈다.” - 일리저베스 핸드, <로스앤젤레스 타임즈> “주제에 맞게 배열된 작품들은 각각의 작품을 가장 선명하게 조명해내는 도발적이고 극적인 배치를 통해 서로 흘러들고 또 서로 반발한다.” - 《퍼블리셔스 위클리》 “편집자들은 이 선집을 얻기 위해 넓게 멀리까지 작품들을 뒤졌다. 다양한 SF의 향연. 장르와 정치적 성향을 떠나 이 책은 훌륭한 선집이다.” - 키스 브룩, 《가디언》 “이 ‘고도로 잘 정돈된’ 페미니즘 SF 선집에는 분명하게 밴더미어 부부의 도장이 찍혀 있다. 이 선집은 호러와 판타지를 포함한 사변소설의 모든 장르를 아우를 뿐만 아니라 이런 주제의 선집에 대한 모두의 기대를 뛰어넘으며 상당한 분량의 초현실적이고 기괴한 작품들까지 선보인다.” - 귀네스 존스, 《뉴욕 SF 리뷰》"
청솔도서관,컬툰스토리 저,"현석은 대형 미술 학원의 선생이자 결혼을 앞둔 새신랑이다. 그런데 결혼이 얼마 남지 않은 현석의 눈에 자꾸만 첫 사랑이었던 은미가 떠오른다. 와이프가 될 여자를 사랑하지만, 자꾸만 심해지는 은미의 환상. 그러던 중 은미와의 추억이 묻어 있는 도서관에서 추억 만들기라는 프로젝트를 듣게 되는데... 첫사랑에 대한 환상과 현실 사이에서 고민는 계속되고..."
대스타,심너울 외 4인 저,"MBC - wavve 공동 기획 드라마 「시네마틱 드라마 SF 8」 원작 소설 수록! 성우 계의 대스타 남도형, 이명희 낭독 「블랙미러」, 「환상특급」을 떠올리게 하는 서늘하고 매혹적인 이야기 누구나 한순간에 스타가 될 수 있는 시대, ‘안전가옥 스토리 공모전’의 키워드는 ‘대스타’였다. 유명인은 어느 시대에나 존재했지만 유명인을 둘러싼 양상은 꾸준히 달라졌다. 대스타라는 키워드는 그래서 독특하다. 인간 보편의 욕망과 특정 시대의 욕망을 함께 담을 수 있는 까닭이다. 이러한 주제의 식이 돋보이는 다섯 작품을 수록한 소설집 『대스타』는 매력적인 인물을 중심으로 흥미로운 이야기를 풀어놓음과 동시에, 우리의 세상을 향한 날카로운 질문을 던진다. 수록작 중 「대리자들」(심너울)은 인공지능이 연기자를, 그리고 스타의 자리까지 위협하게 된 근미래를 그린다. 「스타 이즈 본」(배예람)은 대스타에게 일어난 끔찍한 사건을 파헤치며 팬과 스타 사이의 유대감과 거리감을 조명한다. 「x Cred/t」(이경희)는 현재의 스타 시스템을 극단으로 밀어붙인 세계를 보여 줌으로써 대스타의 어두운 내면을 드러낸다. 「형사 3이 죽었다」(정재환)는 영화 촬영 현장에서 벌어진 사망 사건의 전말을 추리하며 진정한 스타의 자격을 묻는다. 「증강 콩깍지」(황모과)는 주변 사람에게 스타의 모습을 덧씌우는 증강현실 앱 ‘콩깍지’를 통해 스타 이미지 소비의 이면을 살펴보는 작품이다. 이야기가 진행될 수록 마치 넷플릭스의 「블랙미러」나 한 때 유행했던 TV 시리즈 「환상특급」을 보는 듯한 느낌을 주는 이 소설집 중 「증강 콩깍지」 편은 한류스타 최시원과 유이를 주연으로 한 MBC와 wavve가 공동기획한 「시네마틱드라마 SF 8」의 원작(MBC TV 2020년 8월 17일 방송 예정)이기도 하다."
[단편] 지극히 내성적인 살인의 경우,최정화 저,2012년 단편소설 「팜비치」로 창비신인소설상을 수상하며 작품활동을 시작한 최정화의 첫 소설집 『지극히 내성적인』이 출간되었다. 일상 속의 균열과 파동을 예민하게 감지하는 작가 최정화가 등단 이래 활발한 활동으로 쌓아온 열편의 소설이 묶였다. 온전해 보이는 세계 안에 스며 있는 불안의 기미를 내성적인 사람들의 민감한 시선으로 날렵하게 포착해내면서도 유머를 잃지 않는 자세가 야무지고 미덥다. “독자들이 ‘최정화’라는 이름을 특별한 소설가의 이름으로 기억하리라”는 등단 당시의 심사평이 무색하지 않을 만큼 그녀의 첫 책은 독자들에게 각별하고 매력적으로 다가올 것이다.
[역사소설] 악연을 잇다,컬툰스토리 저,"이오성은 자신의 집 노비인 석이를 몹시도 미워하고 있다. 석이가 아버지, 이 참판의 사랑을 독차지 하고 있다고 생각하기 때문이다. 옛날에는 석이를 누구보다 귀애했던 오성이었지만 석이가 이 참판의 서자라는 사실을 알게 되면서 모든 게 어그러지기 시작한다. 게다가 석이는 노비의 신분임에도 글을 배우려 하는데. 그런 석이를 혼내줄 생각으로 쫓아가던 어느 날, 오성은 비밀 장소를 발견하고 분노를 터트리게 된다. 악연이라 생각한 인연의 끝은 어디일까. 중종조 노비 신분에서 재상의 자리까지 오른 반석평의 이야기를 이오성의 눈으로 바라본다."
[단편] 언덕 너머 눈구름,공선옥 저,"진솔한 삶의 체험을 바탕으로 생생한 입담으로 우리 사회의 소외된 이웃들에게 따뜻한 관심을 표현해온 중견작가 공선옥이 5년 만에 신작소설집을 출간했다. 공선옥 소설의 활력은 여전히 놀라운 바 있다. 이번 소설집에서 공선옥은 낯익지만 일관된 주제의식을 견지하며 냉엄한 현실을 능청스럽게 비꼬는 서사 전략을 생동감있고 활달한 입담으로 담아냈다. 작가는 그간 공선옥 작품을 수식하던 ‘모성’의 이미지를 넘어서 우리 시대 사람들 누구나 받게 마련인 상처를 솔직하게 인정하면서 그 상처에서 비롯된 삶의 의지를 타인과의 연대의식으로 확장하는 모습을 보여준다. 표제작인 ｢명랑한 밤길｣은 2006년 ‘작가가 선정한 올해의 소설’에서 최우수작품으로 선정되기도 했다. ｢명랑한 밤길｣에서 스물한살 간호조무사인 주인공은 치매에 걸린 홀어머니를 모시고 산다. 우연히 응급환자로 병원을 찾은 남자에 이끌려 잠시 꿈같은 연애를 경험하지만, 끝내 버림받는다. 외국가수 이름을 줄줄 외우고, 밤마다 감미로운 음악을 선사해주던 남자는 주인공에게 낭만적인 연애의 궁극이자, 희망도 가망도 없는 앞날을 밝혀줄 존재였다. 그러나 텃밭에서 키운 무공해채소를 받아먹던 남자는 끝내 그녀를 마다하며 철저하게 등을 돌린다. ｢도넛과 토마토｣에서 이혼하고 야쿠르트를 배달하며 생계를 꾸리던 문희는 살뜰한 신혼을 꿈꾸며 다른 무엇보다 그저 ‘장롱’ 하나만 갖기를 바랐고, ｢아무도 모르는 가을｣의 인자는 산골로 들어오는 대신 남편과 꽃과 나무를 기르며 사는 삶을 꿈꿨을 뿐이다."
제인의 이상한 책,프랭크 바움 저,"그때였다. 문이 스르르 열리더니 다시 닫혔다. 제인은 노라 아줌마라고 생각하고 물망초에 수를 놓으면서 문으로 시선을 돌렸다. 그런데 이게 무슨 일인가? 제인은 깜짝 놀랐다. 이상한 남자가 우뚝 서서 자기를 쳐다보고 있는 것이었다. 그 남자는 작은 키에 뚱뚱한 편이었고, 계단을 올라오느라 숨이 찼는지 헐떡거리고 있었다."
더블린 사람들,제임스 조이스 저,"열린책들 세계문학 <더블린 사람들>이 오디오북으로 제작되었다. 작가 조이스가 태어나 자란 도시 아일랜드 더블린을 배경으로 쓴 단편 중 <가슴 아픈 사건>, <애러비>, <자매>, <죽은 사람들> 네 편을 선정하였다. 조이스는 이 작품에서 영국의 식민 지배로 혼란스럽고 암울한 상황에 처한 20세기 초 더블린을 살아가는 서민들의 방탕하고 무기력한 삶을 냉엄한 필치로 사실적으로 재현해 냈다. 가난에 찌든 삶을 벗어나려 하면서도 자신을 구원할 남자의 손을 붙잡지 못하는 여자, 런던에서 출세한 친구를 경멸하면서도 부러워하고 마는 남자, 경제력이 있는 남자를 유혹해 결혼으로 옭아매려는 모녀, 짝사랑하는 누나에게 줄 선물을 사러 동전 몇 푼을 들고 거리로 나서는 소년 등 비틀린 욕망과 가치를 잃어버린 사랑을 품고 사는 주인공들은 마비된 도시 더블린이라는 공간을 공유하고 있다. 조이스는 이 작품에서 사소해 보이는 일상을 자세하게 관찰하고 그것을 때로 천박해 보일 정도로 꼼꼼하게 묘사함으로써 일상 속에서 순간적으로 드러나는 삶의 의미를 포착하고자 한다. 이러한 '에피퍼니' 이론, 이를 위한 꼼꼼한 문체, 작품의 구조적 정교함과 통일성, 시각과 화자의 역할에 따른 문체의 변화 등 조이스 작품의 전반적 특징이 고루 담겨 있는 <더블린 사람들>은 20세기 문학사를 새롭게 쓴 조이스 문학의 시작을 알리는 작품으로서 그 의미가 더욱 깊다."
세 박공의 집 - 세계 미스터리 고전문학,아서 코난 도일 저,"세계 유명 작가들의 미스터리 고전을 엄선하여 소개하는 시리즈의 서른다섯 번째 작품! 어느 날 불쑥 홈즈를 찾아와 협박하는 흑인 프로 권투선수 그러나 홈즈는 굴하지 않고 수사에 임한다 세상에서 가장 아름다운 미망인 이사도라 클라인이 손에 넣은 물건은? 《출판사서평》 추리의 세계는 언제나 흥미진진하다. 공상의 세계 역시 흥미진진하기는 하지만 그것은 현실과 상관없이 펼쳐지기도 한다. 고립된 독방에서도 너른 세상의 수많은 사람들과 다채로운 일들을 떠올리게 해주는 것이 공상이다. 물론 이것도 개인의 경험을 바탕으로 펼쳐지기는 하지만 거기에 논리성 같은 것은 필요 없어서 이 사건이 저 사건과 하나가 되기도 하고 한 사건이 전혀 연관성 없는 다른 세계로 펼쳐지기도 한다. 하지만 추리는 언제나 현실에 기반을 두고 있다. 하나의 사건 속에서 벌어진 일들은 서로가 밀접한 관계를 맺고 있으나 주의해서 잘 관찰하지 않으면 아무런 관계가 없이 벌어진 일처럼 보이기도 한다. 그렇기 때문에 추리에서는 세심한 관찰과 풍부한 지식이 무엇보다 중요한데, 관찰에서 놓치는 부분이 있으면 결론에 이르기까지의 연결고리가 끊어져 결론에 이르지 못하거나 억측을 낳아 전혀 엉뚱한 곳에 다다르게 되고, 풍부한 지식이 없으면 관찰을 통해 밝혀낸 사실들의 참된 의미를 알지 못해 결정적인 사항을 놓치거나 역시 엉뚱한 결론에 다다르게 되기 때문이다. 따라서 추리에는 관찰과 지식, 그리고 논리성이 절대적이다. 이번 시리즈에서는 세계적 명성을 얻은 작가들의 추리소설을 소개하겠다. 그들이 펼쳐 보이는 화려한 추리의 세계를 통해 재미와 함께, 정확한 추리를 위해서는 무엇을 관찰해야 하는지 또 관찰을 통해 얻은 사실은 무엇을 의미하는지 그러한 사실들을 어떻게 논리적으로 연결 지어야 하는지, 그 과정을 배워보기 바란다."
"소오강호, Part 2 (笑傲江湖 2) (중국어)",JinYong (김용) 저,"후아산 문파와 그의 동료들을 보호하기 위해 Linghu Chong은 심각하게 부상 당한다. 비가 내리지는 것이 아니라 쏟아진다. Linghu Chong은 ""Peach Valley의 6 명의 불사신""을 만나고 그들은 자신의 이상한 방식으로 그의 상처를 치료하려고 시도하다가 실패하고 더욱 악화시킨다. Linghu Chong의 무술은 커다란 진전을 이루자 Yue Buqun은 그를 의심하게 된다. Linghu Chong는 Yue Buqun을 따라 Luoyang으로 가서 Sun Moon Holy Cult 지도자의 딸인 Ren Yingying을 만나 가장 친한 친구가 된다. Linghu Chong과 사랑에 빠진 Ren Yingying을 아는 컬트 멤버들은 그의 상처를 치유하기 위한 약을 제공하지만 효과가 없다. Yue Buqun은 Linghu Chong이 강호의 저층 및 낯선 사람들과 어울리기 때문에 그를 후아산 문파에서 추방했다고 공개적으로 발표한다. 스승에 의해 버려짐으로써, Linghu Chong은 정통파에서 추방당하는 큰 절망에 빠지게 된다."
"신조협려, Part 3 (神鵰俠侶 3) (중국어)",JinYong (김용) 저,Yang Guo는 처음에 Guo Jing과 Huang Rong이 아버지의 죽음에 책임이 있다고 의심하여 Guo Jing을 죽이기 위해 Xiangyang으로 간다. 그러나 그는 국가와 사람들을 위하는 Guo Jing의 기사 행동에 감동을 받는다. 그는 군대와 말의 떼거리에서 Guo Jing을 구하기 위해 자신을 희생하고 Wu 형제를 구하려고 할 때 중독되기도 한다. Guo Jing의 장녀 Guo Fu는 오해로 인해 Yang Guo의 오른팔을 검으로 찢어 버린다. Xiaolongnü는 마침내 그녀가 Zhen Zhibing에 강간당하고 그를 추격해 Chongyang 궁으로 온것을 깨닫는다.
