titles,authors,informs
동행,이광복 저,"이 혼탁한 시대의 한복판을 가로질러 질곡의 삶을 살아가는 군상들의 일상을 그려낸 소설 <동행>. 한때는 문전성시를 이루며 북적거렸지만 지금은 쇠락의 길을 걷고 있는 고택, 설화당. 그 곳에 저마다의 사연을 가지고 찾아 든 사람들. 엉망진창으로 상처받은 영혼을 구원해주던 산에서 맞닥뜨린 기구한 운명. 정통 소설 미학의 정수 4편의 감동이 지금 시작됩니다."
[3편 오디오드라마] 누가 더 잘 살고 있나,웬디증후군 저,"#워커홀릭이제그만 #투잡지상주의 #90년대생이온다 막장 실화를 소개하는 <소쓰있>의 오디오드라마 3편. 충무로 출판사에서 일하는 지윤님의 사연. 일을 좋아하고 또 직장에서 인정도 받고 있지만, 저한테만 일이 쏟아지는 것 같아 지쳐가요. 해보고 싶은 일이 따로 있긴 한데 창업을 하는 건 두렵고요. 이런 제 상황을 냉철하게 그려서 저를 정신차리게 해주는 드라마를 듣고 싶어요. 워커홀릭 지윤이 신입사원을 통해 정신 번쩍 드는 이야기를 감상해보세요."
[단편] 엘리,최진영 저,등단 이후 장편소설을 통해 박력있는 서사를 선보이며 독자를 사로잡아온 소설가 최진영의 첫 번째 소설집. 10편의 수록작은 각각 서로 다른 이야기와 분위기를 구축하면서 폭력과 착취가 상존하고 욕망과 불확실성이 넘실거리는 이 세계 속에서 살아가는 약자들에게 정면으로 시선을 던진다. 주제의식이 투철하고 강렬한 인상을 갖추었으면서도 하나같이 탄탄한 구성과 밀도있는 문장이 뒷받침된 빼어난 작품들이다. 「엘리」 ‘나’는 가진 것도 없고 능력도 없고 가족들로부터도 떨어져 나와 남들 몰래 코끼리 엘리를 키우며 산다. 연애에도 실패하고 꿈도 없는 자신의 신세와 똥만 싸는 엘리에 대해 한탄하던 ‘나’는 엘리의 등에 올라타 아프리카로 떠난다.
[단편] 구두,최정화 저,2012년 단편소설 「팜비치」로 창비신인소설상을 수상하며 작품활동을 시작한 최정화의 첫 소설집 『지극히 내성적인』이 출간되었다. 일상 속의 균열과 파동을 예민하게 감지하는 작가 최정화가 등단 이래 활발한 활동으로 쌓아온 열편의 소설이 묶였다. 온전해 보이는 세계 안에 스며 있는 불안의 기미를 내성적인 사람들의 민감한 시선으로 날렵하게 포착해내면서도 유머를 잃지 않는 자세가 야무지고 미덥다. “독자들이 ‘최정화’라는 이름을 특별한 소설가의 이름으로 기억하리라”는 등단 당시의 심사평이 무색하지 않을 만큼 그녀의 첫 책은 독자들에게 각별하고 매력적으로 다가올 것이다.
옛날 옛적에,윤채원 저,"옛날 옛적에, 마녀가 있었습니다... 마녀 루시와 그녀의 고양이 조, 그리고 꼬마 인간 델라의 아름다운 판타지 동화 이야기. 원작 『환상소필집』 수록 「옛날 옛적에」 저자 윤채원 / 출연자 박예은, 박주호, 김지수 / 기획 최경철 / 연출 김송이"
[1편 오디오드라마] 이제 속이 시원하겠냐,상강 저,"#패스트푸드점갑질 #극한알바 #소심녀폭발사연 막장 실화를 소개하는 <소쓰있>의 오디오드라마 1편. 부산 미영님의 사연. 햄버거 패스트푸드점에서 아르바이트를 했는데, 텃세가 심해서 한달만에 퇴사했어요. 이미 기존 아르바이트생끼리 친해서 새로 온 저는 잘 끼워주지 않더라구요. 점장님은 더 심했는데, 예를 들면 폭염주의보가 내린 날인데 길거리에 나가 전단지를 돌리라는 식이었어요. 제가 좀 소심해서 더 만만해 보였나 싶기도 하고, 지금 와서 생각하면 나올 때 하고 싶은 말 다하고 점장님 면전에 멋지게 사표 던지고 나올 껄 그랬어요. 이런 제 사연을 점장님에게 멋지게 복수하는 드라마로 들려주세요. 스트레스가 쌓이고 쌓여 마침내 소심녀에서 걸크러시로 돌변한 미영의 모습을 기대해주세요!"
(요약) 들,원작 : 이효석 / 요약 : 북코스모스 저,이효석이 지은 단편소설로 주인공 ‘나’는 인위적 세계를 벗어난 자연환경 속에서 본능적인 생활에 희열을 느낀다. 그러던 중에 들녘에서 개 한 쌍이 벌이는 교미 장면을 우연히 함께 보게 된 나와 옥분은 달빛이 쏟아지는 딸기밭에서 자신들도 마치 자연의 일부분이 된 것으로 생각하면서 정사를 벌이게 된다.
김명곤이 읽는 헨리크 시엔키에비치의 등대지기,헨리크 시엔키에비치 저,"등대지기 (Latarnik) 폴란드의 국정 교과서에 실릴 정도로 폴란드인들이 사랑하는 단편이며, 헤밍웨이의 대표작 ＜노인과 바다＞에도 영향을 준 것으로 알려져 있다. 노인은 오랜 방랑 생활을 끝내고 그저 편안히 쉬고 싶은 마음에 외딴 섬의 등대지기 일을 선택한다. 그러던 어느 날 그에게 폴란드이민자협회에서 모국어로 된 시집을 보내온다. 시집을 펼쳐 든 그의 심장이 다시 요란하게 고동치기 시작한다."
사랑을 위하여 - 세계 미스터리 고전문학,고가 사부로 저,세계 유명 작가들의 미스터리 고전을 엄선하여 소개하는 시리즈의 스물여덟 번째 작품! 남편과 아내와 탐정이 각자의 시점에서 기술한 독특한 형식의 작품 정류장에서 우연히 마주치게 된 젊은 부인과 갓난아기 품위 있어 보이는 그 부인은 자신의 아기를 버린 것일까?
