titles,authors,informs
거기서 도란도란,이상섭 저,"부산을 발견하는 새로운 글쓰기, 이상섭 팩션집 소설은 허구라는 상식은 여전히 유효할까? 최근 독특한 글쓰기로 부산의 장소를 다루기 시작한 작가 이상섭의 작업들은 소설의 정의를 확장시킨다. 이번에 출간되는 『거기서 도란도란』은 부산의 장소성을 ‘팩션’이라는 장르로 녹여냈다. 해운대, 사직종합운동장, 대저 적산가옥, 정과정공원 등 부산의 역사가 깃든 몇몇 장소들은 작가가 그려낸 ‘허구’의 서사를 통해 16편의 이야기 속에서 재탄생했다. “부산의 역사나 장소성을 담아내는 스토리텔링 작업”(「작가의 말」중에서)의 일환으로 창작된 ‘팩션집’의 출간에서 주목할 점은, 부산에서 살아가는 한 개인의 가감 없는 경험과 안목의 기록에서 한 발짝 더 나아가 ‘이야기’를 통해 부산을 발견하는 창작행위로 이동했다는 것이다. 지속적으로 ‘부산’이라는 장소에 천착하며 본격 소설로 편입되지 않은 새로운 장르를 통해 ‘허구’의 글쓰기를 시도하는 작가의 작업은 역사적 실체이자 삶의 장소인 부산을 발견하는 다채로운 시선을 보여준다."
노스모어 가의 굴욕 (세계환상문학걸작선 제1권),헨리 제임스 저,"거물 정치인 노스모어 경의 유족들은 고인을 기리는 유고 서한집을 발간하기 위해 호프 부인에게 작고한 남편과 노스모어 경이 주고받은 서한 기증을 요청한다. 노스모어 경과 남편, 두 사람은 절친한 친구 사이였고, 실제 노스모어 경을 거물로 만든 인물은 그녀의 남편이었다. 사실은 밝혀질까? 끈질긴 복수의 이야기다. 마지막에 가서야 그것이 복수임이 드러나기에 훨씬 더 잔인한 복수로 다가온다."
보존법칙,반다나 싱 저,"“이제 알았어, 난 행성이야. 여자, 아내, 어머니 그런 거 말고.” 어슐러 K. 르 귄이 극찬한 인도 출신의 페미니즘 SF 작가, 더 이상 아내이기를, 어머니이기를, 여자이기를 거부한 바로 당신의 이야기! 아내가 선언했다. “마침내 내가 무엇인지 알았어. 나는 행성이야. 나는 인간이었고, 여자였고, 아내이자 어머니였지. 나는 내게 그런 거 말고 뭔가 다른 건 없을까 늘 궁금했어. 이제 알았어. 난 행성이야.” 어리석은 남편은 대답한다. “당신은 행성이 아니야, 미친 거지.” 어느 아침 잠에서 깬 여자들은 발견한다. 낯선 침대 위 낯선 짐승이 옆에 누워 있는 것을. 그리고 그 짐승이 한때 사랑했던, 혹은 거의 사랑한다고 생각할 뻔했던 남편이라는 것을. 그리고 그녀들은 여행을 준비한다. 신화와 설화가 잉태한 꿈이 있고, 수학과 물리가 힘겹게 밝혀가고 있는 비밀스러운 우주의 신비가 있는 미지의 세계로. 어리석은 남편들은 아내의 마지막 경고를 새겨 들었어야 했다. “아직, 나는 당신을 떠나고 싶지 않아, 아직은.” 어느 날 자신이 사랑하는 소설 외에는 아무것도 만날 수 없을 때(혹은 만나고 싶지 않을 때), 그때 ‘우주 저 너머로’ 가는 이야기를 집어 들고 마는 외로운 SF 독자의 친구들이 가득한 책, ‘가장 덜 SF다운 SF’의 경계에서 부드럽게 당신을 위로해 줄 어느 여름밤 꿈 같은 이야기들. 어서 오세요. 반다나 싱의 따뜻한 우주입니다. “가장 유망하고 독창적인 젊은 작가” - 어슐러 K. 르 귄 “끝이 보이지 않는다. 계속 새로운 시작이다.” - <워싱턴 포스트>"
백치 아다다,계용묵 저,"1935년 5월 ""조선문단""에 발표된 단편소설로, 백치이자 벙어리인 '아다다'란 인물을 통해 황금만능 세태를 비판한 작품"
길해연이 읽는 알렉산드르 푸시킨의 스페이드 여왕,알레산드르 푸시킨 저,"스페이드 여왕(Пиковая дама) 푸시킨의 산문 중에서 가장 완벽한 균형미를 지녔다는 평가를 받는 작품이다. 도박을 통해 일확천금을 노리는 한 청년 장교의 허황된 욕망과 그에 따른 파멸 과정을 쫓는다. 절제된 문장, 균형 잡힌 구성, 냉정한 내레이션 등은 이 단편을 산문 문학의 모범으로 돋보이게 한다. 차이콥스키에 의해 3막 오페라로도 작곡되었다."
그 여자는 투우사를 닮았다?,전지아 저,"[원나잇 스탠드, 미혼모, 그 모든 불명예를 경쾌하게 엎어버리는 그녀! 그녀는 투우사를 닮았다!!] 7년 전, 투우사처럼 열정적인 그녀는 인기 탤런트 반지야를 유혹해 그의 정자를 쏙쏙!! 뽑아가버리는 어이없는 일을 벌인다. 7년 후, 어딘가 자신의 아이가 자라고 있을지도 모른다는 불안감에 노심초사 살고 있던 반지야 앞에 작가로 다시 나타난 그녀! 반지야와 투우사 그녀의 유쾌한 드라마가 다시 시작된다."
결혼하지 말걸 그랬어 3,유춘강 저,"KBS 슈퍼탤런트 1기 배우 김시연 낭독, 소리로 듣는 한편의 드라마! ‘가족설명서가 필요해’ 사십이 넘어서부터 ‘나’는 모든 사물과 대화를 하는 버릇이 생겼다. 심지어 생선의 머리를 자르고 토막을 치면서도 말한다. ‘미안해, 정말 미안해. 내 본의는 아니다. 다음엔 생선으로 태어나지 말고 생선가게 주인으로 태어나라.’ 세탁기와 냉장고에게도 말한다. ‘ 너무 부려먹어서 미안해’ 라고. ‘너는 예뻐서 좋겠다. 하지만 잊지 마. 화무십일홍’이라고 꽃에게도 말을 걸고, ‘너는 남의 옷만 걸치고 있어서 어쩌니’ 라며 옷걸이에게도 말을 건다. 그렇지 않으면 나는 하루 종일 입도 뻥끗 못하니 말이다. 그야말로 인생 후반기에 묵언수행의 나날이다. 그런 나에게 갑작스런 암 선고와 시어머니의 치매로도 모자라 수련의 과정을 하고 있는 큰 딸 가을은 날라리 뽕짝 록 가수와 결혼을 전제로 사귄다. 그야말로 ‘나’의 인생에 쓰나미가 덮친 셈이다. 드디어 그 어느 때 보다도 인생의 매뉴얼, 가족관계설명서가 필요한 시점이 된 것이다."
너희들의 등 뒤에서 1 (전3권),나카니시 이노스케 저,"소리로 듣는 한편의 드라마! 우리나라 최초로 여성 독립운동가를 다룬 소설은 아이러니하게도 일본인에 의해 집필되었다- 영화 《박열》 속 등장인물로 일본인 소설가인 나카니시 이노스케의 조선을 배경으로 한 작품- 《붉은 흙에 싹트는 것》에 이어, 여성 독립투사의 모습을 그린 나카니시 이노스케의 역작- 국경을 넘어 식민지 조선으로 들어온 여성 독립투사 권주영은 일본 순사를 총으로 쏘아 죽이는데--"
설탕처럼 달콤하게,이예인 저,"작은 강아지를 꼭 껴안고 느닷없이 대문을 두드리더니 기껏 한다는 소리가 강아지의 주인을 같이 찾으러 가자고? 잘생기기만 한 게 아니라 뻔뻔하기까지 한 남자. 이웃집에 사는 그 남자 강지후. 독특한 성격에 꽤 이기적인 것 같은데 자꾸 끌리는 이유는 뭐지 ? 수이는 주체할 수 없을 만큼 콩닥거리는 자신의 가슴이 원망스럽기만 하다. 하지만 이 남자, 그냥 놓아 버리면 평생 후회할 것 같은 이 느낌은 뭘까? 스물일곱 순수녀 수이에게 불쑥 찾아온 설탕처럼 달콤한 사랑! 그 사랑의 결말은 ?"
[요약] 임진록,작자미상 저,"임진왜란에서 우리가 승리했다면?영웅을 그리는 마음은 예전이나 지금이나 다를 바가 없다. 인간이 할 수 없는 일을 할 수 있는 존재는 다 영웅이다. 임진왜란 이후엔 어떤 사람이 과연 영웅이었을까? 전쟁으로 황폐해질 대로 황폐해진 이 땅에 과연 어떤 사람이 영웅의 마지막 권좌에 있었을까? 《임진록》은 바로 그런 영웅들의 이야기이다. 사실 임진왜란은 우리 역사의 오점인 동시에 민족사적인 수치였다. 왜란은 수많은 백성들의 목숨을 앗아간 전쟁이며, 왕실의 권위를 바닥으로 떨어뜨렸다. 왜란 이후 많은 사람들은 전쟁의 폐허 위에서 국가를 재건해야 했지만, 전쟁의 상처는 백성들을 무기력의 함정에 빠뜨렸고, 생활은 말할 수 없을 정도로 어려워졌다. 민심은 흉흉하고 피폐해졌다.《임진록》은 전쟁이란 역사적 사실을 기초로 해서 씌어진 역사소설이며 군담소설이다. 그러나《임진록》속의 전쟁사는 사실에 바탕을 둔 것이 아니라 다분히 허구적인 요소를 가미한 작품이다.《임진록》은 임진왜란을 통하여 체험하게 된 반일의식이 기초가 되어 여러 전쟁설화가 오랜 구전의 과정을 거치면서 문자로 정착된 것이다. 그것이 다시 전사과정을 거듭하면서 여러 이본들을 낳아 마치 중국의《홍루몽》처럼 커다란 임진록군(任辰錄群)을 형성하기에 이르렀다. 《임진록》은 우리의 영웅들이 일본군을 무찌른다는 내용이다. 그래서 일제치하에서는 금서였다. 그렇다고 이 책이 이순신을 중심으로 한 전쟁소설도 아니다. 이순신이 비교적 큰 역할을 맡지만, 여기에는 곽재우, 김덕령, 정문부, 조헌, 영규, 김응서, 논개, 계월향, 그리고 사명대사, 유성룡 등 모든 인물이 영웅으로 그려진다. 이 작품은 최위공의 부인이 남방으로 큰 별이 떨어져 광채를 발하는 태몽을 얻고 관운장의 꿈으로 일영을 낳는 데서 비롯해서, 나중 선조의 꿈을 최일영이 해몽하다가 동래로 귀양가면서 임진왜란이 발발하는 것으로 연결된다. 그 뒤 이순신이 왜장 마홍에게 죽고, 마홍이 강홍립에게 죽고, 천동이 정충남에게 죽고, 충남은 가토에게 죽고, 가토는 이여송에게 죽는다. 그러니까 마지막 영웅은 이여송이 되어야 한다. 하지만 이여송은 조선산천의 맥을 끊으려다 노인의 인도로 태백산에 들어가 청의동자를 만나고 크게 질책을 당하고는 명나라로 도망간다. 그러니까 영웅은 그 작은 청의동자인 거다. 만화 같지만 우리 선조들도 이런 황당무계한 이야기를 좋아했다."
김뢰하가 읽는 로버트 루이스 스티븐슨의 마크하임,로버트 루이스 스티븐슨 저,"마크하임(Markheim) ‘살인자의 심리학’이라고 불릴 만한 단편으로, 작가가 평생 주목했던 인간의 악마성, 선과 악의 문제를 다루고 있다. 크리스마스 날 마크하임은 단골 골동품 가게를 찾아가 준비해둔 단검으로 가게 주인을 살해한다. 그는 혼자 남게 되자 큰 두려움과 함께 자기 속의 악마 또는 양심의 목소리와 마주한다. 영문학에서 주옥같은 명문으로도 유명한 작품이다."
"신조협려, Part 2 (神鵰俠侶 2) (중국어)",JinYong (김용) 저,중원 우림 총회에서 몽골 제국의 고문인 Jinlun Fawang은 수장으로서의 지위를 원한다. Yang Guo와 Xiaolongnü는 놀라운 전술로 Jinlun Fawang와 다른 적을 격파한다. 그러나 그들의 로맨스는 금기시된다. 그들은 다른 무술인에 의해 추방된다. Yang Guo를 보호하기 위해 Xiaolongnü는 그를 떠나지만 Yang Guo는 Passionless Valley에서 Xiaolongnü를 찾아낸다. 그들은 공기를 맑게 하려다가 Yang Guo가 독성이 있는 꽃에 당하게 된다.
황성현이 읽는 궈모뤄의 늦봄,궈모뤄 저,늦봄 (殘春) 작가 자신의 유학 경험을 바탕으로 한 사소설적 성격의 작품이다. 작가 궈모뤄를 연상시키는 주인공 ‘나’ 외에도 일본인 아내와 친구 허 군과 같은 실제 인물들이 등장한다. 아내와 두 아들이 있는 일본 유학생인 주인공은 자살을 시도했다는 친구의 소식을 듣고 그에게 병문안을 간다. 처음으로 집을 떠나 아내와 헤어지는 경험을 하게 된 그는 그곳에서 마주친 간호사와 위험한 관계를 상상한다.
이반 일리치의 죽음,레프 톨스토이 저,죽음 앞에 선 인간 실존에 대한 정교한 해부 러시아의 대문호 똘스또이의 삶과 죽음에 대한 통찰이 담긴 걸작 러시아의 대문호 레프 톨스토이의 『이반 일리치의 죽음』가 전문 성우의 낭독으로 오디오북으로 제작되었다. 주인공 이반 일리치는 성공한 판사로서 출세 가도를 달리며 평탄한 인생을 살아가다가 어느 날 갑자기 찾아온 원인 모를 병으로 서서히 죽어 가는데 그 과정을 담고 있는 이 작품은 죽음 앞에서 자신의 인생 전체를 돌아보는 한 인간의 의식과 심리적인 과정을 매우 예리하고 생생한 필치로 전달하고 있다. 오디오북에서는 때로는 괴로워하고 슬퍼하고 또한 후회하기도 하는 이반 일리치의 심리적 변화를 더욱 생생하게 전달하여 깊은 울림의 감동을 줄 것이다.
우선권은 밤에게,이신조 저,"온밤 내내 자게 하는 밤의 모성, 나이트룸! 스물두 살 어린 여자의 성장 이야기를 그린 이신조의 소설 『우선권은 밤에게』. 한국 문단을 이끌어가는 대표 작가들의 신작 경장편을 소개하며 소설 읽기의 즐거움을 선사하는 「소설락」 시리즈의 세 번째 책이다. 계부가 운영하는 작은 부동산중개사무소에서 일하는 여자. 아직 많은 것들이 낯설고 서툴지만, 그녀는 집을 남다르게 느낄 수 있는 재능을 지녔다. 어느 날, 그녀는 자신만의 방 한 칸을 찾고 있는 남학생을 만난다. 또 어느 날은 ‘나이트룸’과 함께 집을 옮겨 다니며 아름다운 옷을 만드는 쌍둥이 여사님들을 만난다. 그녀는 어두운 나이트룸 속으로 들어가 온전한 밤을 경험하게 되는데…. 스물두 살, 성년도 미성년도 아닌, 인큐베이터 속 미숙아 같은 어린 여자. 차가운 도시 속에서 결핍된 모성을 채우고, 상처를 치유하고, 안식을 갈구하는 그녀의 성장 이야기를 섬세한 묘사와 감각적인 문체로 그려냈다."
미다스의 노예들 (세계환상문학걸작선 제1권),잭 런던 저,"런던의 유명 부자에게 한 통의 편지가 도착한다. ‘미다스의 노예들’이라는 집단이 보낸 편지다. 자본주의 사회의 노동자라고 밝힌 그들은 자본가 계급과의 전쟁을 선포하고 2천만 달러를 요구한다. 그리고 요구가 관철될 때까지 서로 알지 못하는 사람을 한 명씩 계속 죽이겠다고 협박한다. 부자는 요구를 무시하고, 사람들이 한 명씩 계속 죽어간다. 부자는 어떤 선택을 할까? 죽어간 이들은 누구 또는 무엇 때문에 죽은 것일까?"
서태화가 읽는 기쿠치 간의 무명작가의 일기,기쿠치 간 저,무명작가의 일기 (無名作家の日記) 문단에서 유명해지는 것을 목표로 서로 경쟁하는 동료 사이의 인간관계를 그렸다. 주인공은 재능이 넘치는 동료와의 경쟁에서 벗어나 새 활로를 찾기 위해 도쿄를 떠나 교토로 이주한다. 하지만 도쿄에서 활약하는 동료들의 소식이 들려와 초조하기만 하다.
공포의 산장,기 드 모파상 저,얼마나 잤을까 자신의 이름을 부르는 소리에 놀라 눈을 떴다. 그 소리는 희미하지만 확실하게 들렸다. 가스팔의 목소리였다. 우르리히는 공포에 얼어붙어 버렸다. 그 소리는 매일 반복되었고 우르리히는 술에 취해 그 공포를 잊으려고 했다.
마검패검,용대운 저,"칼의 달인, 검의 초인이 나타날 것이다! 그리하여 검의 신화가 이룩되리라! 검의 전설, 검의 신화! 마! 검! 패! 검! 고아인 전옥심과 황연화는 연인이 되어 사랑의 도피를 감행하지만 연화의 약혼녀, 위종산에게 발각되고 옥심은 그에게 두 눈을 잃는다. 주자앙과 엽소천의 도움으로 그들의 제자가 된 전옥심. 엽소천은 ‘천불상'을 조각시키고 주자앙은 ‘감각도'를 가르친다. 엽소천은 자신의 원수를 갚아달라며 자신의 눈을 옥심에게 주고 죽게 되는데… 과연 전옥심은 칼의 달인이 되어 스승의 원수를 갚는데 성공할 수 있을까?"
가족이 되어줘,김성연 저,"29살 가족을 잃어버린 지윤과 21살 사랑을 알아가는 재준. 지독한 상실감에 공허해진 지윤의 시간을 ‘그 남자’가 채우고, 첫사랑에 설레는 재준의 가슴속을 ‘그녀’가 채운다. 21살 의대생 재준은 아르바이트를 하는 빵집의 손님, 지윤을 만나 첫눈에 사랑을 느낀다. 교통사고로 가족들을 모두 잃고 폐쇄적인 생활을 하는 지윤은 쉽게 재준을 받아들이지 못하지만 재준의 순수한 사랑은 상처 받은 지윤의 마음을 녹이고… 결국 함께 살기에 이른다. “우리 알게 된지 겨우 두 달밖에 안 됐어. 아직 서로에 대해 제대로 알지도 못 하잖아. 꼭 남녀 관계가 아니더라도 좋은 사이로 지낼 수 있는데 괜히 섣부르게 연애 같은 걸 하다가 좋은 관계마저도 망칠 수 있어.” “누나는 내 마음을 어떻게 생각할 지 모르지만 나는 절실해요. 이렇게 좋아하게 될 줄 알았으면 처음부터 누나한테 말도 걸지 않았을 거예요. 좋아하면서 안 그런 척 하는 거, 이제 하고 싶지 않아요. 누나는 아직 날 좋아하지 않아도 괜찮으니까 내가 누나를 좋아하는 것만 허락해 주세요.” 다른 무엇 때문이 아닌 단지 ‘그 사람’이라는 이유만으로 사랑에 빠졌던 당신에게, 이 가을! 따뜻한 사랑 한 스푼, 달콤 쌉싸름한 당신의 추억 속으로 스며듭니다."
똑바로 좀 하시오!,오해두 저,"수혁은 고등학교 동창 병만으로부터 급히 군산터미널로 와달라는 전화를 받는다. 수혁은 군산터미널로 향하고, 그곳에서 병만의 승용차 뒷자석에서 항공포를 턱까지 덮고 떨고 있는 젊은 여자를 본다. 그 여자는 병만의 병원에서 근무하는 피부관리사. 그리고 병만은 수혁에게 들려주는 믿을 수 없는 이야기를 시작한다. 평범한 한 남자의 삶을 송두리째 뒤흔들어 놓는 충격적인 이야기."
아가씨와 유령 신랑,워싱턴 어빙 저,"란드쇼트 남작의 성에서 연회를 준비합니다. 외동딸과 결혼을 하려고 찾아오는 신랑을 기다리는 거였죠. 하지만 밤이 되어도 신랑이 모습을 드러내지 않습니다. 무슨 일이 일어난 걸까요? 목 없는 말 탄 기사와 같은 전설이 떠오르는, 워싱턴 어빙의 [아가씨와 유령 신랑]입니다."
최서해의 기아와 살육,최서해 저,"20대 중반의 경수는 어머니와 아내, 그리고 어린 딸, 학실이를 데리고 간도로 넘어왔다. 산 임자에게 들키지 않게 나뭇짐을 해오며 어렵사리 살아가는 와중에 아내가 중풍에 걸려버리며 경수의 집안을 불행의 구렁텅이로 밀어넣는데...... 최서해의 단편소설 <기아와 살육>을 현대적으로 재해석한 작품이다."
내일은 내일에게,김선영 저,"윌라 베스트셀러 『시간을 파는 상점』 김선영 작가가 모든 이들에게 진정으로 들려주고 싶은 응원의 이야기! 특별한서재 청소년 문학 시리즈의 네 번째 오디오북 『내일은 내일에게』는 우리나라 청소년문학을 한 단계 끌어올린 디딤돌 같은 역할을 한 김선영 작가의 작품이다. 이 소설은 어른이 된 그가 십대의 ‘나’를 위로해주고 싶은 마음에서 시작되었다. 그는 살아오면서 품었던 이야기를 오랫동안 사유해서 토해낸 탄탄한 문장과 읽을수록 감칠맛 나는 표현으로 청소년 독자는 물론, 하루하루 일상을 버텨내며 살아가는 모든 '우리들'을 위한 애정을 담은 이야기를 선보인다. 주인공 연두는 십대 시절 김선영 작가와 많이 닮았다. 스무 살이 되기 전에 몸속 눈물을 말려버리는 것이 목표인 것도 실제 김선영 작가가 십대 시절 늘 가졌던 생각이다. 할 수 있는 일이라곤 연두처럼 툭하면 우는 일밖에 없었고, 나는 무사히 어른으로 자랄 수 있을까, 라는 불안한 마음으로 하루하루를 보냈다. 아버지라는 단어만 언급되어도 눈물이 흐르는 것도, 이야기 장면마다 생생한 현실과 느꼈던 감정이 고스란히 대입되어 읽는 이를 전율케 한다. 이 소설을 쓰는 동안 작가는 밥을 먹을 수 없을 만큼 힘들고 아팠지만, 독자는 김선영 작가가 베스트셀러 『시간을 파는 상점』 너머, 진정으로 들려주고 싶은 이야기를 단숨에 읽고 공감할 수 있을 것이다."
[단편] 월드빌 401호,최진영 저,"등단 이후 장편소설을 통해 박력있는 서사를 선보이며 독자를 사로잡아온 소설가 최진영의 첫 번째 소설집. 10편의 수록작은 각각 서로 다른 이야기와 분위기를 구축하면서 폭력과 착취가 상존하고 욕망과 불확실성이 넘실거리는 이 세계 속에서 살아가는 약자들에게 정면으로 시선을 던진다. 주제의식이 투철하고 강렬한 인상을 갖추었으면서도 하나같이 탄탄한 구성과 밀도있는 문장이 뒷받침된 빼어난 작품들이다. 「월드빌 401호」 ‘종철’은 어머니의 유일한 유산인 좁은 집 안에서 창문과 문틈마저 봉한 채 두문불출한다. 그는 자신을 학대한 ‘괴물’이 살인죄로 복역 중이지만 언제 다시 찾아올지 모른다는 불안감에 시달리며, 유일하게 애틋한 기억으로 남은 소녀와의 한때를 추억하며 하루하루를 지낸다. 먹을 것이 없어 머리카락을 태워 먹고 벌레를 구워 먹으며 지내는 그는 자신의 이름을 붙인 떠돌이 개 ‘종철’에게 세상으로부터 받은 끔찍한 폭력을 고스란히 전가한다."
[단편] 파충류의 밤,천명관 저,"천명관은 그 이름 자체로서 힘이 넘치고 독자를 유쾌하게 만드는 작가이다. ‘희대의 이야기꾼’으로서 등단 이후 꾸준히 ‘폭발하는 이야기의 힘’을 선보여온 작가 천명관이 7년 만에 두번째 소설집 『칠면조와 달리는 육체노동자』를 선보인다. 풀리지 않는 인생, 고단한 밑바닥의 삶이 천명관 특유의 재치와 필치로 살아나는 여덟편의 이야기를 읽다보면 여전히 웃음이 나면서도 어느 순간 가슴 한구석이 턱, 막히는 먹먹한 감동을 얻게 되고 그 여운은 진하게 오래 남는다. 그사이 천명관의 유머에는 따뜻한 서정과 서글픈 인생에 대한 뜨거운 위로가 더해졌고, 통쾌한 문학적 ‘한방’은 더욱 강렬해졌다. 「파충류의 밤」 이십년 이상 출판사에서 일하며 편집장까지 지낸 수경은 회사를 그만두고 아파트를 팔아 해외여행을 다녀온 뒤 연립주택으로 이사한다. 지독한 불면증에 시달리며 밤새 잠들지 못하고 길고 외로운 시간을 견뎌내던 어느날, 옥상에서 담배를 피우다 만난 옆집 중학생이 밤마다 들리던 이상한 소리의 진원지임을 알게 된다. 그러다 어느 불면의 새벽, 옆집 중학생이 옥상 난간에 걸터앉아 있는 모습을 목격하는데……"
[단편] 삼인행,권여선 저,"소설가 권여선의 다섯번째 소설집이자 2016 동인문학상 수상작. 이해되지 않는, 그러면서도 쉽사리 잊히지 않는 지난 삶의 불가해한 장면을 잡아채는 선명하고도 서늘한 문장으로 삶의 비의를 그려낸다. 인생이 던지는 지독한 농담이 인간을 벼랑 끝까지 밀어뜨릴 때, 인간은 어떠한 방식으로 그 불행을 견뎌낼 수 있을까. 미세한 균열로도 생은 완전히 부서질 수 있다는 것을 보여주는 데 탁월한 감각을 발휘해온 권여선은 그럼에도 그 비극을 견뎌내는 자들의 숭고함을 가슴 먹먹하게 그려낸다. 「삼인행」 규와 주란 부부의 하룻밤 이별여행에 친구 훈이 가세한다. 소설은 그들이 맞닥뜨리는 에피소드와 일견 무의미해 보이는 세 사람의 언쟁을 고스란히 중계한다. 맛있는 밥을 먹는 것만이 지상목표라는 듯 먼 길을 돌고 돌며 끝을 유예하는 듯한 그들 여행을 초점화자 훈을 통해 들여다보게 되는데……"
천사를 만나본 적 있나요?,임은희 저,"정치인이나 기업가 등 거물급들만 상대하는 고급 요정 킹덤! 그 곳에서 에이스 중의 에이스로 불리는 호스티스, 이원영. 아직 세상을 너무 많이 몰라서 그저 세상이 아름답다고 믿는 남자, 유태인. 그들이 만나 운명적인 사랑을 나눈다. 과연 사랑이란 무엇인지, 사랑이라는 이름으로 나이와 신분을 뛰어넘을 수 있는지. 그리고 사랑 뒤에 오는 이별은 얼마나 아픈 것인지 보여주는 최루성 드라마! 호스티스 여성과 십대 청소년의 사랑이야기 <당신은 천사를 만나본 적이 있나요>"
