titles,authors,informs
"사조영웅전, Part 4 (射鵰英雄傳 4) (중국어)",JinYong (김용) 저,"Yideng 덕분에 Huang Rong은 완전히 회복된다. Yang Kang과 어울리면서, Ouyang Feng은 Peach Blossom Island로 들어가고 그곳에 손님으로 있는 Jiangnan의 Seven Freaks 중 다섯을 죽인다. 그들은 Guo Jing과 Huang Rong을 헤어지게 하여 암살을 위한 Huang Yaoshi를 구성한다. Huong Rong은 그녀의 지혜와 지혜를 사용하여 실제 살인자가 Ouyang Feng과 Yang Kang임을 밝힌다. 그러나 그녀는 Ouyang Feng에게 붙잡힌다. Huong Rong을 찾기 위해 Guo Jing은 몽골로 와서 Khwarezmid 제국에 대항하는 몽골 캠페인에서 징기스칸을 돕는다. 그러나 그는 징기스칸이 Song제국을 침략하는 것을 돕기를 거절한다. 그의 어머니는 아들의 충성을 보장하기 위해 자결한다. 후아산의 결투가 시작되고 Eastern Heretic, Western Venom, Southern Emperor, Northern Beggar, Guo Jing 및 다른 영웅들이 모두 후아산에 모인다. Guo Jing과 Huang Rong은 마침내 결혼하여 서로를 보완해 간다."
수레바퀴 아래서,헤르만 헤세 저,"독일의 노벨 문학상 수상 작가, 헤르만 헤세의 자전적 소설! 자유를 억압하는 교육 제도와 어른들의 그릇된 애정을 향한 날 선 비판 적당한 주변의 기대와 관심은 삶을 꾸려 나가는 원동력이 된다. 하지만 그릇된 욕망에서 비롯된 정도 이상의 기대와 관심은 삶을 궁지로 몰아넣을 뿐이다. 《수레바퀴 아래서》는 독일의 노벨 문학상 수상 작가인 헤르만 헤세가 자신의 어린 시절을 돌아보며 쓴 자전적 소설이다. 어른들의 삐뚤어진 기대 속에서 순수한 본성을 억누른 채 공부만을 해야 했던 영리하고 감수성 예민한 주인공 한스가 기대와 다르게 흘러가는 삶 앞에서 방황하고 좌절하다가 비극적으로 생을 마감하는 내용을 담고 있다. 한스는 특별할 것 없는 독일의 작은 마을에서 남달리 뛰어난 아이로 태어난다. 주변의 어른들은 이 특별한 아이에게 자신들의 욕망을 모두 쏟아 붓는다. 얼핏 보기에 어른들은 모두 한스를 위해 노력하는 듯 보인다. 하지만 한스가 진정으로 원하는 것에 귀 기울여 주는 이는 아무도 없다. 한스는 어른들의 기대에 따라 공부를 최우선의 가치로 여기며 살아가고, 마침내 주(州) 시험에 2등으로 합격하며 주변의 기대에 부응한다. 하지만 언제까지나 어른들의 뜻을 좇아 살아갈 수는 없는 노릇이다. 한스는 신학교에서 하일너라는 친구와 우정을 쌓으며 삶의 다른 가치들과 마주하고 학업에 흥미를 잃는다. 그러나 하일너가 학교를 떠나면서 둘의 우정은 짧게 끝이 나고, 홀로 남은 한스는 학교에 적응하지 못해 집으로 돌아온다. 아무것도 이루지 못한 채 돌아온 한스에게 남은 것은 주변 사람들의 비웃음뿐이다. 한스는 다시 세상에 속하려 노력하지만 한때 수재로 불렸던 소년에게 평범한 삶은 결코 평범하지 않게 다가온다. 헤르만 헤세는 주인공 한스와 거의 비슷한 삶을 살았다. 열네 살 때 어려운 입학시험에 합격하여 신학교에 들어갔고, 틀에 박힌 신학교 생활을 견디지 못해 6개월 만에 뛰쳐나오고 만다. 그 후 세상 사람들의 비웃음을 견디며 공장과 서점에서 오랫동안 일해야 했다. 어른들의 그릇된 기대와 애정이 얼마나 버거운 것인지를 너무나도 잘 알고 있었던 헤세는 그것을 ‘수레바퀴’로 형상화하여 그 아래서 신음하는 어린 청춘들의 모습을 작품 속에 담았다. 그리고 재능을 가지고 태어났지만 어른들의 잘못으로 순수한 본성을 잃어버리고 결국에는 비극적으로 생을 마감하고야 마는 한스라는 소년을 통해 자유를 억압하는 교육 제도와 어른들의 그릇된 애정 그리고 위선을 사실적으로 드러냈다."
[단편] Q,윤고은 저,"대산대학문학상, 한겨레문학상을 수상하며 차세대 주목받는 젊은 작가로 떠오른 윤고은의 두번째 소설집 『알로하』가 출간되었다. 제12회 이효석문학상 수상작인 「해마, 날다」를 비롯, 윤고은의 재기발랄한 상상력과 절박한 세계인식이 절묘하게 어우러진 아홉편의 작품을 실었다. 인성에 대한 자본의 공격이 첨예화된 사회, 그 안에서 소멸되지 않기 위해 고투하는 인물에 대한 묘사는 한층 세련되고 깊어진 윤고은의 통찰력에 전적인 신뢰감을 안겨준다."
이대연이 읽는 안회남의 불,안회남 저,"[100인의 배우, 우리 문학을 읽다] 오디오북 시리즈는, 최민식 문소리 정진영 강부자 등 우리 시대를 대표하는 배우 103명이 한국 근현대문학의 주요 중단편소설 100편을 낭독한 프로젝트입니다. ≪불≫은 1946년 8월 조선문학가동맹 기관지 ≪문학≫ 창간호에 실린 안회남의 소설이다. 작가 자신의 징용 체험을 바탕으로 했다. 징용에서 돌아온 두 사내의 만남과 대화를 통해 해방 조국에서 새로운 삶의 자세를 모색한다. ‘불’은 일제가 남긴 아픈 상처를 청산하고 새 나라를 건설하기 위해 나선 지식인의 열정과 각성을 상징한다."
"우리들, 킴_해변의 여인",황은덕 저,"소설 「해변의 여인」과 「열한 번째 아이」는 흔들리고 불안한 상황 속에 놓인 여자들을 주인공으로 하고 있다. 남편의 외도로 생긴 아이를 입양 보낸 적 있는 노점상 할머니, 사라진 손자며느리 대신 아이를 돌보는 할머니를 등장시켜 그들의 고단한 일상을 따라간다."
[단편] 사북(舍北),김금희 저,"앞이 잘 보이지 않아도, 한걸음씩 찬찬히 김금희의 소설은 어느덧 우리 시대의 보편이 되어버린 막막한 현실을 정직하게 응시하는 데서 출발한다. 아버지는 사업에 실패하고 집을 나가 자취를 감추었거나(「너의 도큐먼트」), 허울뿐인 베트남 참전 경험만 믿고 허황하게 사업을 벌이다 IMF에 떠밀려 좌초되거나(「장글숲을 헤쳐서 가면」), 일평생을 몸 바쳐 일했지만 정년을 채우지 못하고 회사에서 밀려나 병원 중환자실에 누워 있다(「아이들」). 그다음 세대에게도 현실은 크게 다르지 않아, 소설의 주인공들은 갓 상경해 입사한 회사를 수습기간도 채 채우지 못하고 그만두게 되거나(「우리 집에 왜 왔니」), 다단계 회사에 들어가 몇달씩 헛된 꿈을 쫓기도 하고(「아이들」), 서울의 변두리를 전전하다 회사 사무실에 임시 거처를 마련하거나(「릴리」), 고단한 일상을 견디며 철거 중인 오래된 판자촌을 지키고 있다(「집으로 돌아오는 밤」). 개인의 삶을 짓누르는 현실의 무게야 새삼스러운 것이 아니지만, 김금희의 소설이 돋보이는 점은 자신이 처한 곤경에 유난 떨지 않고 손쉽게 환상에 기대지도 않으며, 그렇다고 어정쩡하게 타협하지도 않는 차분한 균형감각이다. 「너의 도큐먼트」의 주인공은 어머니의 제안에 따라 집 나간 아버지를 찾으러 지도를 들고 시내 곳곳을 돌아다니는데, 거리거리를 계획 없이 어슬렁거리는 그 하릴없는 여정의 사이에, 옛 친구의 죽음을 전해듣고 해묵은 부채감에 친구의 집을 찾아 나서는 이야기가 나란히 놓인다. 이 탐색은 결국 아버지의 현재와 친구의 죽음 양쪽 모두와 지금의 자신 사이에 가로놓인 현실적인 거리감을 확인하는 데서 그치게 되어 있지만, 소설은 그 공백의 자리로부터 자신만의 길을 어렴풋하게 열어나가는 주인공의 성장을 담담하게 그려 보인다."
이순신 외전: 적은 아직 오지 않습니다,은승완 저,"'이순신이 만일 노량해전에서 죽지 않고 살아 있었더라면' 이라는 가정을 통해 인간 이순신의 다면적인 모습과 최후를 마치 곁에서 지켜보듯 담담히 그리고 있다. 대체역사극이라는 새로운 형식과 이순신의 또 다른 초상, 이 두가지 면을 보여주는 작품."
설산비호 (雪山飛狐) (중국어),JinYong (김용) 저,"""Dashing King Li Zicheng의 귀중한 검이 세계에 다시 등장한다. 검을 얻는자는 Dashing King의 보물을 찾을 수 있다고 전해지고 무술가 그룹들이 이를 위해 싸우기 시작한다. 미션 중반에는 무술가들이 고도로 숙련된 승려 Baoshu에게 Jade Brush Peak 꼭대기의 장원으로 가도록 압도당하고 강요당한다. 저택에서 그들은 Dashing King의 보디가드였던 4명의 조상인 Hu, Miao, Fan 및 Tian 가족 사이의 불화와 같은 과거에 대해 이야기를 시작한다. Hu Yidao와 Miao Renfeng 사이의 충격적인 결투, Hu Yidao의 의심스러운 죽음, 이 모든 사건들은 인간의 배신을 보여준다. """"스노우 마운틴의 여우 볼란트 (Fox Volant of the Snowy Mountain)""""라는 별명을 가진 Hu Fei의 귀환은 진실의 공개를 가속시킨다."""
