titles,authors,informs
아빠의 별,최문정 저,"<바보 엄마>로 헌신적인 엄마의 모습을 그려냈던 최문정 작가의 후속작! 이번에는 너무 우직해서 오히려 바보 같아 보이는 아빠의 사랑을 오디오 드라마로 만나보자. 세계적인 발레리나 수민! 세계가 그녀를 주목하고 있지만 그녀는 군인 신분의 아버지 때문에 평생 콤플렉스에 시달려왔고, 무대가 아닌 현실에서는 남들의 시선조차 달가워하지 않는다. 천재적인 안무가 제이슨의 따가운 시선에도 불구하고 재벌 2세인 태훈과의 사랑을 키워가던 그녀는 어느 날 임신 사실을 알게 되고 고민 끝에 아이를 낳을 것을 결심한다. 한국으로 돌아온 수민. 수민과 오랜 세월 어색한 관계를 유지하던 수민의 아버지는 수민의 귀국이 반갑기만 하다. 한편, 태훈의 어머니는 수민과 태훈의 관계를 알고 결혼을 반대하기 시작하는데…"
굿바이 동물원,강태식 저,"도시의 삶에 지친 우리에게 필요한 흥미로운 탈출 안내서 “울고 싶은 날에는 마늘을 깐다” 능숙하게 사람을 울리고, 능숙하게 사람을 웃긴다. 그러나 마침내 아프다! 2012년 제17회 한겨레문학상 수상작 《굿바이 동물원》은 심사 위원들에게 ‘슬프고 우습고 재밌다. 감수성 있는 문체는 문학적 재능의 번뜩임을 증명하고, 슬프지만 우습게 말하는 소설문법은 삶을 보는 통찰력의 내공을 입증한다’, ‘이 작가는 능숙하게 사람을 울리고, 능숙하게 사람을 웃긴다. 그러나 마침내 아프다’, ‘우울한 소재를 다루고 있음에도, 곳곳에 기발한 유머가 배어 있는 이 소설을 읽는 내내, 나는 밥벌이의 위대함과 비애에 대해 생각했다. ‘시대의 슬픔’을 묘사할 줄 아는 작가’ 라는 평을 들으며, 250편의 경쟁작을 물리치고 당선되었다. 《굿바이 동물원》은 처절한 경쟁 사회에서 밀려난 주인공이 동물원의 동물로 취직하면서, 고릴라의 탈을 쓰고 가슴을 탕탕 두드리고 12미터에 달하는 철제 구조물 엠파이어스테이트빌딩을 오르내리면서 살아가는 이야기다. 구조조정으로 정리해고를 당했을 때 화장실에 빈 칸이 없어서 울지 못하고 눈만 벌게졌던 주인공 김영수. 그는 회사에서 해고되고 집에서 부업으로 마늘을 까면서 주마등처럼 스쳐 지나가는 삶을 떠올리고, 어쩌면 마늘을 까기 위해 태어난 것인지도 모른다고 생각한다. “인생은 뭘까?”라며 끊임없이 질문하던 그 시절, 그는 인형 눈깔을 붙이다가 본드를 불고, 종이학과 공룡 알을 접다가, 부업 브로커 돼지엄마에게 소개를 받아 ‘세렝게티 동물원’에 고릴라로 취직한다. 같은 고릴라사에서 일하는 앤 대리, 조풍년 과장, 대장 만딩고를 만나 그들과 함께 지내면서 그들의 사연을 하나씩 듣게 된다. “사람답게 살고 싶다”며 공무원 공부를 하는 앤과 역시 “사람답게 살고 싶”어 과거의 일을 버리고 동물원에 온 조풍년, 그리고 누군가에게 쫓기고 있는 만딩고의 이야기까지. 작가는 그들을 통해 현대 경쟁 사회의 현실을 꼬집고, 그 속에서 사람이지만 사람으로 살 수 없는 사람들의 이야기, 동물원에서 사람이 아니라 동물로 살아가는 이야기를, 리얼하게 때론 정감 있게 그리고 울컥하게 담아내면서, 경쾌하면서 슬픈 블랙코미디를 보여준다. <추천평 일부> 《굿바이 동물원》은 주류 사회에서 밀려난 인간 군상이 마침내 동물원의 동물에까지 추락하는 열외의 이야기다. 슬프고 우습고 재밌다. 감수성 있는 문체는 문학적 재능의 번뜩임을 증명하고, 슬프지만 우습게 말하는 소설 문법은 삶을 보는 통찰력의 내공을 입증한다. 오랜만에 심사 위원 전원 일치의 지지를 받은 작품으로서 가히 그 값을 해낼 작가라고 믿는다. - 박범신 (소설가) 동물학자 데즈먼드 모리스(Desmond Morris)는 도시에 사는 사람을 동물원에 갇혀 있는 동물과 같다고 말했다. 맞는 말이다. 야성을 포기하는 대신 동물원의 세계로부터 먹을 것과 마실 것 그리고 의료를 제공받는다. 동물원은 포식자로부터 동물을 보호해주며 안락함과 무료함의 세계를 제공한다. 야성의 삶을 포기하는 대신 동물들은 입장료를 지불한 관람객들을 위해 자신의 몸을 제공해야 한다. 동물원과 도시는 결국 같은 것이다. 《굿바이 동물원》은 삶을 위해 동물원에 들어가 가짜 동물 행세를 하는 가장의 이야기다. 이 같은 비극을 비극으로 전달하는 것이 아니라 풍자와 유머로 전달하는 것이 압권이다. 동물원 같은 도시의 삶에 지친 우리에게 이 책은 흥미로운 탈출 안내서다. - 박성원 (소설가)"
조선의 마지막 황태자 이은,김근배 저,"“나, 이은…… 11살에 죽었다!” 가장 높은 곳에서 가장 큰 죄인으로 살아야만 했던 황태자 죽음조차 허락되지 않은 한 남자의 침묵의 고백! 이름마저 잊혀진 조선의 마지막 황태자, 영친왕 이은. 고종황제가 그토록 사랑했던 막내 아들이자 일본 황녀와 정략결혼한 이후 아무 힘없이 가족들을 떠나보내야했던 비운의 황태자. 평생을 일본에 볼모로 지내야 했던 영친왕의 기구한 삶을 들여다본다."
[단편] 어디쯤,최진영 저,"등단 이후 장편소설을 통해 박력있는 서사를 선보이며 독자를 사로잡아온 소설가 최진영의 첫 번째 소설집. 10편의 수록작은 각각 서로 다른 이야기와 분위기를 구축하면서 폭력과 착취가 상존하고 욕망과 불확실성이 넘실거리는 이 세계 속에서 살아가는 약자들에게 정면으로 시선을 던진다. 주제의식이 투철하고 강렬한 인상을 갖추었으면서도 하나같이 탄탄한 구성과 밀도있는 문장이 뒷받침된 빼어난 작품들이다. 「어디쯤」 주인공 ‘나’는 아버지가 그려준 엉성한 약도 하나를 들고 어딘가로 향한다. 아버지가 설명 없이 무조건 가보라고 한 곳에서 어느 순간 나는 길을 잃는다. 코앞에 있는 것 같았던 지하철역은 어딘가로 사라지고, 사람들의 길 설명은 알아들을 수 없다. 택시도 잡히지 않고 심지어 지갑과 지갑을 넣어둔 속주머니까지 사라졌다. 사고가 났다며 와달라는 여자친구에게도 갈 수없다. 그 와중에 같은 목적지를 찾아 헤매는 남자를 만나 무작정 뒤따라간다."
[단편] 당신의 바다,천운영 저,"이 소설집은 등단작 [바늘]을 비롯하여 2000년 1월부터 2001년 10월까지 약 2년간 발표된 아홉 편의 단편소설들로 구성되어 있다. 천운영의 신예답지 않은 만만찮은 저력은 “독자를위태로운 공격성과 관능과 탐미의 벼랑끝으로 밀고가는 발군의 역량”(신춘문예 심사평)이 돋보인다고 평가된 바 있는데, 수록작품 모두 편차 없이 고른 성취를 보이고 있다. 천운영 소설의 인물들은 90년대 (여성)소설에 자주 등장하는 도시적 감각의 전문직 중산층 여성이나 소설의 단골 소재였던 애정과 불륜관계와도 차별성이 있다. 문학평론가 이광호는 권말의 해설에서 등장인물들이 “제도화된 여성적 자아의 내부에 머물지 않는다. 그 제도적인 영역의 바깥으로 질주하는 원초적이고 본능적인 여성적 에너지를 드러낸다”고 하며, 바로 그 지점에서 “식물적인 여성성으로부터 동물적인 여성성으로의, 혹은 타자로서의 여성성으로부터 창조적인 부재와 이질적인 복수항(複數項)로서의 여성성으로의 탈주라는 존재론적 전환의 사건이 벌어진다”고 평한다. 그런 의미에서 “천운영의 미학적 위반은 문화적인 이탈의 의미를 얻고, 천운영을 통해 한국의 여성소설은 독특한 야생의 미학을 자기 목록에 추가할 수 있게 되었다”고 한다."
아버지는 누구일까,김종윤 저,"“너더러 부모한테 효도하라고 하는 건 네 효도를 받고 싶어서가 아니다. 그렇게 불효만 하다 부모가 덜컥 죽고 나면 어떻게 살려고 그래? 미안하고 죄스러워서 어쩌려고? 두고두고 불효를 후회하면서 살고 있는 자식을 보면서 부모 넋인들 편할 거 같으냐?” - 아버지는 누구일까 中 - 세상에서 가장 대답하기 힘든 질문 중 하나. ""엄마가 좋아? 아빠가 좋아?"" 여러분에게 어려운 일이 생기거나 힘든 일이 생길 때 가장 먼저 입에서 맴도는 말은 “엄마”일 것 입니다. “엄마가 좋아? 아빠가 좋아?” 라는 질문에는 쉽게 대답하지 못하지만, 힘들 때 가장 먼저 입에 맴도는 말이 “엄마” 라는 것은 아마도 무의식 중에 아버지 보다는 어머니를 더 가깝게 생각한다는 것일 겁니다. 그렇다면, 아버지는 왜 우리가 힘들 때 가장 먼저 떠오르지 못하는 것일까요? 그것은 아마도 아버지의 부재 시대이기 때문일 것입니다. '아버지는 누구일까'는 이 시대 아버지들의 의미를 되짚어 볼 기회를 갖고자 합니다. 나의 아버지, 당신의 아버지, 그리고 우리들의 아버지. 곁에 계시지만, 어느샌가 멀어져 버린 아버지의 손을 지금 붙잡아 보시길 바랍니다."
[단편] 배회,손홍규 저,"인간 존재에 대한 치열한 탐구와 유쾌하면서도 탄탄한 서사로 자신만의 독특한 영역을 개척해온 작가 손홍규의 새 소설집 『그 남자의 가출』이 출간되었다. 2001년 『작가세계』 등단 이후 소설가로 살아온 지 십오년, 장편 『귀신의 시대』(2006) 『이슬람 정육점』(2010) 『청년의사 장기려』(2008) 『서울』(2014)과 소설집 『사람의 신화』(2005) 『봉섭이 가라사대』(2008) 『톰은 톰과 잤다』(2012)를 펴내며 성실하게 ‘쓰기’ 에 전념해온 작가의 네번째 소설집이다. 이번 소설집에 수록된 아홉편의 작품들은 ‘사람’이라는 공동의 목적지를 향해간다는 점에서 여럿인 채로 하나이다. 이번 손홍규의 소설집만큼 ‘사람’에 천착하는 소설은 흔치 않아 보인다. 작가는 ‘사람’에 배수진을 치고 깊은 응시와 모색을 통해 주제가 주는 진부함과 일상성을 넘어선다. 아울러 사람다운 삶의 기율에 대해 묻고 그것을 방해하는 현실의 부정함을 드러낸다. 결국 작가는 날로 가팔라지고 있는 세계의 경사진 현실을 형형한 눈으로 바라보며 ‘사람’에 대한 애정으로 소설과 소설을 둘러싼 현실에 따듯한 온기를 돌게 한다."
오 마미 블루,임운산 저,"6.25 전쟁에서 공산주의자로 빨치산 활동을 하다 월북한 아버지를 둔 주인공에게는 자신을 정성들여 키운 어머니가 있다. 그 어머니가 가출을 해서 종적이 묘연한지 상당한 시간이 지나자, 주인공과 그의 형제와 질녀는 어머니의 행방을 찾기에 골몰한다. 그러는 중에 월북한 아버지가 다시 어머니에게 접촉을 해온 것이 아닌가 하는 정황이 포착된다. 급기야 경찰도 어머니의 실종과 관련해서 내사를 시작하고 주인공은 자신의 부인이 미국 이민을 추진하는 와중에도 어머니의 행보를 찾기 위해 골몰하고, 결국 어머니와 여동생 월하의 출생의 비밀과 왜 어머니가 아버지를 따라 월북할 기회를 포기했는지를 모두 다 알아내고 회한에 잠긴다."
책쾌,김영주 저,"""기다리고 기다리던 책쾌 조생 등장이요!"" 세월이 어떻게 흘렀는지 모른다. 영산홍 꽃비가 두 눈을 파고들어도, 그믐달이 내 그림자를 따라잡느라 헉헉거릴 만큼 발품을 팔았다. 부지런히 궁궐 담장도 쉬어 뛰어넘었듯 시간의 경계조차 훌쩍 뛰어넘었다. 일 년이 한 달 같고, 백 년이 일 년 같았다. 소매를 털어 한 수레 책을 쏟아내곤 했다. 그래도 헛헛한 가슴은 어쩔 수 없었다. 모름지기 책을 찾는 이만 있으면 어디든 아니 다닌 곳이 없었다. 내처 그렇게 달리다 보면가슴에 품은 서책들이 아우성을 쳤다. 책 속에 그리운 이들의 얼굴이 삼삼했다. 박지원, 정약용, 이덕무, 이승훈, 박제가. 그리고 뒤주 안에서 생을 마감한 분 까지. 하지만 백 년도 넘는 세월, 그토록 부지런히 다닌 보람은 대체 무엇이란 말인가?"
세상에 없는 나의 집,금희 저,"중국 장춘에 머물며 한국과 중국에서 작품을 발표하고 있는 조선족 작가 금희(본명 김금희)가 한국에서 처음으로 소설집 『세상에 없는 나의 집』을 선보인다. 금희는 2013년 소설집 『슈뢰딩거의 상자』(료녕민족출판사)를 중국에서 출간한 뒤 2014년 봄, 계간 『창작과비평』에 조선족 사회의 탈북 여성 이야기를 다룬 단편 「옥화」를 발표하며 한국 문단에 신선한 활력을 불러일으켰다. 현실을 뚫고 나가는 박력있는 서사와 섬세한 심리묘사로 조선족 사회에서 바라보는 탈북자 문제, 중국의 소수민족으로서 체감하는 정체성의 갈등 과정 등을 핍진하게 그려낸 일곱편의 이야기를 읽다보면 한국문학의 시야가 금희 이후 또 한번 넓어졌음을 절로 느낄 수 있다. 결코 우회하지 않는 금희 소설의 다채롭고도 선명한 이야기는 새롭고 의미있는 징표이자 신선한 질문으로 다가올 것이다."
윤여성이 읽는 미겔 데 세르반테스의 사기 결혼,미겔 데 세르반테스 저,사기 결혼 (El Casamiento engañoso) 세르반테스의 단편소설집 ≪모범 소설≫에 수록된 작품이다. 이 작품은 주인공 캄푸사노 소위와 그의 친구인 페랄타 학사의 대화로 진행된다. 캄푸사노 소위는 우연히 만나게 된 부유한 여성과 사랑에 빠져 결혼을 하게 되지만 곧 그녀의 재산이 모두 거짓이었다는 것을 알게 된다. 그녀가 남긴 성병 때문에 병원에 입원해 장기간에 걸친 힘든 치료를 받는 신세가 된다. 하지만 캄푸사노 소위는 그런 자신을 위로하는 페랄타 학사에게 뜻밖의 말을 털어놓는다.
이정구,이영탁 저,재벌이 족벌경영을 하지 않는다면? 재벌이 모든 재산을 사회에 환원한다면? 이 이야기는 총리실 국무조정실장(장관급)과 한국거래소 초대 이사장을 지낸 정통 경제관료 출신인 저자의 문제의식에서 시작되었다. 사회의 기득권을 독점해온 1%의 벌족들이 변해야 세상이 변한다. 기득권을 유지 하려는 자와 모든 것을 돌려주고 놓아주려는 자의 이야기를 통해 우리가 진정으로 원하는 것이 무엇인가를 생각해보게 한다.
"소오강호, Part 4 (笑傲江湖 4) (중국어)",JinYong (김용) 저,"Linghu Chong은 Ren Woxing이 Dongfang Bubai를 물리치고 컬트의 지배력을 회복하도록 돕는다. Zuo Lengshan은 다른 4개의 문파를 완전히 복종시키려고 회의를 연다. 그 동안 Yue Buqun은 Bixie Swordplay를 성공적으로 마스터하고 5개 문파의 리더가 되려고 계획한다. 회의 도중 Yue Buqun는 음모를 꾸준히 반복하고, 결국 Zuo Lengshan을 장님으로 만들어 그가 원하는대로 동맹의 새로운 지도자가 된다. 강호를 지배하기 위해 Ren Woxing는 그가 얻는 모두에 대하여 싸운다. 그는 Linghu Chong을 그의 컬트에 가담하도록 협박하지만 실패한다. 5개의 문파가 서로 죽이면서 연속적으로 산산조각이 난다. Ren Woxing은 정신적 육체적으로 소진되어 결국 죽음에 이른다. Linghu Chong과 Ling Yingying은 함께 은둔자의 삶을 살아간다."
슈퍼맨이었던 사나이,유일한 저,"당신은 슈퍼맨의 존재를 믿는가? 아니면 이 세상에 슈퍼맨과 같은 슈퍼 히어로가 나타나길 기대하고 있는가? * 슈퍼맨 그의 과거는? 불의의 사고로 가족을 잃게 되고 그 충격으로 자신을 슈퍼맨이라 믿고 살아감 *현재의 슈퍼맨? 나 이외의 다른 일에는 전혀 관심이 없는 각박한 현 사회에 민철은 그의 평범한 이웃에게 슈퍼맨이 되려고 한다. 하지만 슈퍼맨의 엉뚱한 사건, 사고는 하루도 빠짐없이 일어나기만 한다. *슈퍼맨의 주문은? 이 혼란한 지구를 지키는 것은 슈퍼맨의 숙명! 그 숙명을 거역할 수는 없다! 그럼 이만~! 당신의 가슴을 따뜻하게 만들어 줄 단 하나의 이야기. 황정민, 전지현의 열연으로 화제가 되었던 영화 <슈퍼맨이었던 사나이>가 오디언에서 새롭게 태어납니다. 자, 이제 본격적으로 슈퍼맨을 만나러 떠나볼까요?"
"천룡팔부, Part 5 (天龍八部 5) (중국어)",JinYong (김용) 저,"Xuzhu가 Shaolin 사원으로 돌아오고 강호의 모든 영웅들 앞에서 Duan Yu와 Qiao Feng와 의형제를 맹세한다. Shaolin 전투 도중, Qiao Feng와 Xuzhu의 출생의 진실은 밝혀진다. Liao 황제는 Song을 침략할 계획이지만 Qiao는 유혈 사태를 막기 위해 이를 거부하고 침략하지 않도록 설득하자 Liao 황제는 Qiao Feng을 감옥에 가둔다. Qiao Feng의 의로움에 감명을 받은 본토의 영웅들은 Liao 황제에게서 Qiao Feng을 구출한다. Qiao Feng과 Duan Yu는 Liao 황제를 붙잡아 그의 생동안 Song과 Liao 사이에 전쟁이 없을 것을 약속하도록 강요한다."
[단편] 노마드,금희 저,"중국 장춘에 머물며 한국과 중국에서 작품을 발표하고 있는 조선족 작가 금희(본명 김금희)가 한국에서 처음으로 소설집 『세상에 없는 나의 집』을 선보인다. 금희는 2013년 소설집 『슈뢰딩거의 상자』(료녕민족출판사)를 중국에서 출간한 뒤 2014년 봄, 계간 『창작과비평』에 조선족 사회의 탈북 여성 이야기를 다룬 단편 「옥화」를 발표하며 한국 문단에 신선한 활력을 불러일으켰다. 현실을 뚫고 나가는 박력있는 서사와 섬세한 심리묘사로 조선족 사회에서 바라보는 탈북자 문제, 중국의 소수민족으로서 체감하는 정체성의 갈등 과정 등을 핍진하게 그려낸 일곱편의 이야기를 읽다보면 한국문학의 시야가 금희 이후 또 한번 넓어졌음을 절로 느낄 수 있다. 결코 우회하지 않는 금희 소설의 다채롭고도 선명한 이야기는 새롭고 의미있는 징표이자 신선한 질문으로 다가올 것이다."
[단편] 유령의 집,천운영 저,"이 소설집은 등단작 [바늘]을 비롯하여 2000년 1월부터 2001년 10월까지 약 2년간 발표된 아홉 편의 단편소설들로 구성되어 있다. 천운영의 신예답지 않은 만만찮은 저력은 “독자를위태로운 공격성과 관능과 탐미의 벼랑끝으로 밀고가는 발군의 역량”(신춘문예 심사평)이 돋보인다고 평가된 바 있는데, 수록작품 모두 편차 없이 고른 성취를 보이고 있다. 천운영 소설의 인물들은 90년대 (여성)소설에 자주 등장하는 도시적 감각의 전문직 중산층 여성이나 소설의 단골 소재였던 애정과 불륜관계와도 차별성이 있다. 문학평론가 이광호는 권말의 해설에서 등장인물들이 “제도화된 여성적 자아의 내부에 머물지 않는다. 그 제도적인 영역의 바깥으로 질주하는 원초적이고 본능적인 여성적 에너지를 드러낸다”고 하며, 바로 그 지점에서 “식물적인 여성성으로부터 동물적인 여성성으로의, 혹은 타자로서의 여성성으로부터 창조적인 부재와 이질적인 복수항(複數項)로서의 여성성으로의 탈주라는 존재론적 전환의 사건이 벌어진다”고 평한다. 그런 의미에서 “천운영의 미학적 위반은 문화적인 이탈의 의미를 얻고, 천운영을 통해 한국의 여성소설은 독특한 야생의 미학을 자기 목록에 추가할 수 있게 되었다”고 한다."
[단편] 쓰레기통 위의 쥐,금희 저,"중국 장춘에 머물며 한국과 중국에서 작품을 발표하고 있는 조선족 작가 금희(본명 김금희)가 한국에서 처음으로 소설집 『세상에 없는 나의 집』을 선보인다. 금희는 2013년 소설집 『슈뢰딩거의 상자』(료녕민족출판사)를 중국에서 출간한 뒤 2014년 봄, 계간 『창작과비평』에 조선족 사회의 탈북 여성 이야기를 다룬 단편 「옥화」를 발표하며 한국 문단에 신선한 활력을 불러일으켰다. 현실을 뚫고 나가는 박력있는 서사와 섬세한 심리묘사로 조선족 사회에서 바라보는 탈북자 문제, 중국의 소수민족으로서 체감하는 정체성의 갈등 과정 등을 핍진하게 그려낸 일곱편의 이야기를 읽다보면 한국문학의 시야가 금희 이후 또 한번 넓어졌음을 절로 느낄 수 있다. 결코 우회하지 않는 금희 소설의 다채롭고도 선명한 이야기는 새롭고 의미있는 징표이자 신선한 질문으로 다가올 것이다."
이호재가 읽는 이북명의 답싸리,이북명 저,"[100인의 배우, 우리 문학을 읽다] 오디오북 시리즈는, 최민식 문소리 정진영 강부자 등 우리 시대를 대표하는 배우 103명이 한국 근현대문학의 주요 중단편소설 100편을 낭독한 프로젝트입니다. ≪답싸리≫는 노동자 출신 작가 이북명이 1937년 1월 ≪조선문학≫ 속간본에 발표한 단편이다. 체험에서 우러나는 공장 이야기를 주로 다뤘던 전기 창작 경향에서 벗어나 공장 밖의 공간과 인간학에도 관심을 기울이는 후기로 나가는 중간에 위치한 작품이다. 1930년대 후반기 시점에서 거대공장 노동자의 시선으로 도시빈민의 삶을 포착한다."
[단편] 별의 동굴,은희경 저,"막막한 오늘을 살아가는 우리에게 밤하늘의 길잡이별처럼 든든한 버팀목이 되어준 작가 은희경의 여섯번째 소설집 『중국식 룰렛』이 출간되었다. 그 이름만으로 하나의 브랜드라 이를 정도로 이십년이 넘는 세월 동안 꾸준히 세련된 감각을 유지하며 작품활동을 이어온 은희경은 언제나 빛나는 문장들로 독자들의 외롭고 지친 마음을 보듬어주었다. 이번 소설집에 실린 여섯편의 소설 역시 각기 다른 성광과 매력을 뽐내며 일상의 우연들이 얼마나 소중하게 연결되어 있는지를, 행운과 불운이 교차하는 날들이 얼마나 공교롭게 우리를 이끄는지를 은희경 특유의 섬세하고 정련된 필치로 펼쳐 보인다. 「별의 동굴」 시간강사로 일하며 9년째 박사논물을 붙잡고 있는 남자는 원룸 오피스텔에 혼자 산다. 오피스텔은 작은 평수이지만 그가 살아오면서 가져본 공간 중 가장 넓었고, 집은 거의 모든 벽이 책으로 채워져 있다. 어느날 만일을 대비해 시세를 알아보기 위해 남자는 부동산에 들르게 되고 그곳에서 자신에게 호감을 갖는 한 여자를 만나게 된다. 하지만 그는 신변에 이상을 느끼고 집 안 가득한 책들을 정리하는데……"
박옥출이 읽는 한설야의 이녕,한설야 저,"[100인의 배우, 우리 문학을 읽다] 오디오북 시리즈는, 최민식 문소리 정진영 강부자 등 우리 시대를 대표하는 배우 103명이 한국 근현대문학의 주요 중단편소설 100편을 낭독한 프로젝트입니다. ≪이녕≫은 카프의 대표적 소설가였던 한설야가 1939년 ≪문장≫ 5월호에 발표한 ‘전향소설’이다. 전향소설은 일제가 군국주의로 치닫던 1930년대 후반, 지식인이 자신의 사회주의 이념을 버리고 일상으로 복귀하는 내용을 담은 소설 양식을 일컫는다. ‘땅이 질어서 질퍽한 진창’이란 뜻의 ‘이녕(泥?)’이란 제목에서 그 시대를 바라보는 작가의 태도를 짐작할 수 있다."
바늘,천운영 저,"이 소설집은 등단작 [바늘]을 비롯하여 2000년 1월부터 2001년 10월까지 약 2년간 발표된 아홉 편의 단편소설들로 구성되어 있다. 천운영의 신예답지 않은 만만찮은 저력은 “독자를위태로운 공격성과 관능과 탐미의 벼랑끝으로 밀고가는 발군의 역량”(신춘문예 심사평)이 돋보인다고 평가된 바 있는데, 수록작품 모두 편차 없이 고른 성취를 보이고 있다. 천운영 소설의 인물들은 90년대 (여성)소설에 자주 등장하는 도시적 감각의 전문직 중산층 여성이나 소설의 단골 소재였던 애정과 불륜관계와도 차별성이 있다. 문학평론가 이광호는 권말의 해설에서 등장인물들이 “제도화된 여성적 자아의 내부에 머물지 않는다. 그 제도적인 영역의 바깥으로 질주하는 원초적이고 본능적인 여성적 에너지를 드러낸다”고 하며, 바로 그 지점에서 “식물적인 여성성으로부터 동물적인 여성성으로의, 혹은 타자로서의 여성성으로부터 창조적인 부재와 이질적인 복수항(複數項)로서의 여성성으로의 탈주라는 존재론적 전환의 사건이 벌어진다”고 평한다. 그런 의미에서 “천운영의 미학적 위반은 문화적인 이탈의 의미를 얻고, 천운영을 통해 한국의 여성소설은 독특한 야생의 미학을 자기 목록에 추가할 수 있게 되었다”고 한다."
박웅이 읽는 유진오의 창랑정기,유진오 저,"[100인의 배우, 우리 문학을 읽다] 오디오북 시리즈는, 최민식 문소리 정진영 강부자 등 우리 시대를 대표하는 배우 103명이 한국 근현대문학의 주요 중단편소설 100편을 낭독한 프로젝트입니다. ≪창랑정기≫는 1938년 ≪동아일보≫에 연재된 단편으로 ‘창랑정’에 얽힌 유년 시절의 추억과 향수를 회고하는 유진오의 자전적 소설이다. 근대화의 물결이 휩쓸고 지나간 자리에서 상실한 옛것에 대한 향수와 회고는 현재에 대한 불만과 비판의 다른 면이기도 하다."
[단편] 야행,편혜영 저,"한국일보문학상, 이효석문학상, 동인문학상 등을 수상하며 평단과 독자들의 열렬한 지지를 받고 있는 작가 편혜영의 네번째 소설집. 개인의 내밀한 고독을 성공적으로 형상화한 8편의 단편은 편혜영 특유의 건조하고 치밀한 문장과 밀도 높은 서사로 축조되어 점점 더 무르익어가는 작가의 필력에 깊은 신뢰를 준다. 각자의 삶을 고독하게 이고 가며 내면의 혼란이 빚어낸 현실과 망상의 경계에 위태로이 서 있는 인물들의 이야기는 깊은 여운을 남기며, 고독의 돌파구를 향해 손길을 내미는 인물들에게서는 미약하지만 멀리서 밝아오는 여명의 기운을 느낄 수 있다. 「야행(夜行)」 재산을 모두 축낸 아들 탓에 철거를 앞둔 아파트에서 불편한 몸으로 외로이 삶을 연명하는 노년의 여인. 큰 결핍 없이 살아온 여자는 다 큰 아들의 반복된 실패를 수습하며 살던 집을 점차 줄여나가야만 했고 이제 그마저도 쫓겨날 판이다. 그녀는 주기적으로 찾아와 몸을 뒤틀리게 하는 통증으로만 살아 있음을 확인할 뿐이다. 짐을 정리하던 중 십년도 더 전에 세상을 뜬 남편의 수첩을 기대와 죄책감 속에서 훔쳐보다 어떤 비밀도 발견하지 못했다는 데 분노하는데……"
알라딘과 요술램프 (세계환상문학걸작선 제1권),앙투안 갈랑 저,"갈랑이 번역 소개한 ≪천일야화≫ 이야기 중 한 편이다. 그러나 정작 아랍어 원전에는 없고, 갈랑의 창작품으로 여겨진다. 가난한 재단사의 아들 알라딘이 우연히 요술램프를 손에 넣으면서 겪게 되는 모험 이야기다. 디즈니에 의해 애니메이션과 실사 영화로 제작되었을 만큼 ≪천일야화≫ 중 가장 유명하고 친숙한 작품이다. 단순 동화가 아니라 인간의 의식과 무의식의 갈등, 본능과 윤리의 실존적 관계를 깊이 다룬 불후의 고전이다."
쿠오바디스,헨리크 시엔키에비치 저,"폴란드의 노벨 문학상 수상 작가 헨릭 시엔키에비츠의 역사 소설 향락에 물든 고대 로마를 배경으로 펼쳐지는 참된 신앙과 순수한 사랑 로마의 젊고 잘생긴 호민관 비니키우스는 멸망한 리기 족의 공주 리기아를 우연히 만나 사랑에 빠진다. 비니키우스는 네로 황제의 총애를 받는 외삼촌 페트로니우스에게 리기아와 맺어질 수 있도록 도와 달라고 청하고 페트로니우스는 둘의 사랑을 지켜 주려고 애쓴다. 하지만 네로의 만행은 계속되고, 마침내 그리스도교 신자인 리기아에게도 위기가 찾아오는데…. 《쿠오 바디스》는 폴란드 작가 헨릭 시엔키에비츠가 고대 로마에서 네로 황제에게 박해받는 그리스도교의 모습을 아름답고 순수한 사랑 이야기와 함께 엮은 소설이다. 고대 로마의 궁정 생활을 사실적으로 묘사하여 역사 소설로서의 가치를 지녔다는 평가를 받으며 그와 함께 엮인 두 주인공의 사랑 이야기로 문학성을 인정받아 1905년에는 마침내 작가가 노벨 문학상을 받기도 했다. 작품이 출간되던 당시 폴란드는 러시아에게 침략당하고 박해받던 상황이었다. 《쿠오 바디스》는 이러한 시대적 상황과 맞물려 고난에 처한 폴란드 국민들의 모습과 저항 정신을 형상화한 것이기도 해 국민적인 사랑은 물론 전 세계적인 큰 호응을 얻었다. 《쿠오 바디스》의 주인공은 로마의 젊고 잘생긴 호민관 비니키우스와 로마에 볼모로 잡혀 와 있는 그리스도교 신자이자 리기 족의 공주 리기아다. 우연한 기회에 리기아를 만나 사랑에 빠진 비니키우스는 리기아와의 사랑을 이루고자 네로 황제의 총애를 받는 외삼촌 페트로니우스에게 도움을 청한다. 페트로니우스는 네로 황제를 움직여 리기아를 비니키우스에게 보내도록 하지만 리기아의 미모를 질투한 황후의 계략으로 리기아는 위기에 빠지고 만다. 감정이 앞서 그릇된 방법으로 사랑을 이루려 한 비니키우스는 뒤늦게 자신의 방법이 잘못되었음을 깨닫고 그리스도교 신자인 리기아의 영향을 받아 참된 신앙과 사랑에 눈뜨게 된다. 앞서 말한 것과 같이 작품의 배경은 고대 로마 말기다. 시를 짓고 싶다는 욕망에 로마를 불태우기까지 하는 폭군 네로 황제와 그에 잘 보이는 데 급급한 부패한 신하들, 향락에 물든 로마 시민들의 모습은 거대한 제국을 이루며 화려하게 꽃 피웠던 고대 로마 문명이 어떻게 몰락의 길을 가게 되었는지를 생생하게 보여 준다. 이와 대조적으로 끔찍한 박해에도 굴하지 않고 믿음을 지켜 가는 초기 그리스도교 신자들의 모습과 사도 베드로와 바오로의 성스러운 죽음 등은 교만하고, 죄악에 물들었으며, 폭력이 난무하는 곳에서도 마침내 승리하는 것은 사랑과 정의라는 빛나는 교훈을 남긴다. 작품의 제목인 ‘쿠오 바디스’는 라틴 어로 ‘어디로 가십니까?’라는 뜻이다. 베드로가 박해를 피해 로마를 떠나려 할 때 갑자기 나타난 예수 그리스도에게 한 질문이다. 이에 그리스도는 “그대가 나의 어린양을 저버렸으니 내가 또다시 십자가에 못 박히러 로마로 가는 길이다.”라고 대답하며 어떠한 상황에서도 약한 이들을 저버리지 말아야 함을 이야기한다."
[단편] 돈가방,최진영 저,등단 이후 장편소설을 통해 박력있는 서사를 선보이며 독자를 사로잡아온 소설가 최진영의 첫 번째 소설집. 10편의 수록작은 각각 서로 다른 이야기와 분위기를 구축하면서 폭력과 착취가 상존하고 욕망과 불확실성이 넘실거리는 이 세계 속에서 살아가는 약자들에게 정면으로 시선을 던진다. 주제의식이 투철하고 강렬한 인상을 갖추었으면서도 하나같이 탄탄한 구성과 밀도있는 문장이 뒷받침된 빼어난 작품들이다. 「돈가방」 평범한 서민인 두수 부부는 부모님 성묘에 갔다가 3억이 든 돈가방을 발견하고 함께 간 형 장수 부부와 돈의 분배 문제를 두고 승강이한다. 순박한 두수는 죽어라 돈에 매달리는 아내의 말 대신 사업상 급히 필요해 열흘 후에 절반을 준다는 말을 믿고 형에게 돈을 보내지만 며칠 뒤 형은 가방을 잃어버렸다는 연락을 해오는데……
"우리들, 킴_엄마들",황은덕 저,"소설 「엄마들」은 2017년 현재, 입양을 보내야 하는 어린 엄마들의 이야기들 담고 있다. 미혼모는 많지만, 왜 미혼부는 없을까? 미혼모는 왜 아이를 보내야 할까? 미혼모 가정은 정상적인 가정이 아닌가? 소설 「엄마들」에 나오는 미혼모들의 다양한 사연들을 통해 아이를 버리기 전, 남자와 사회, 그리고 그 외 모든 환경으로부터 버림받은 엄마들을 만날 수 있다. 사람들의 손가락질과 수근거림을 견딜 수 없어 미혼모가 된 딸의 엄마가 가출해버린 경우에서도 잘 알 수 있듯이 남자로부터 외면당한 여성은 자신과 남자의 가족으로부터 한 번 더 외면당한다. 또한 미혼모 가정이 사회의 문제처럼 치부되는 오늘날, 이 소설은 뾰족한 답이 없는 사회 문제들에 대해 생각하게 한다."
야구소녀,최윤태 외 1인 저,"""파랑새 영어덜트 시리즈 첫 번째 소설, <야구소녀>는 2020년 6월 18일에 개봉한 영화 '야구소녀'를 원작으로 창작한 소설이다. 최윤태 감독의 데뷔작인 '야구소녀'는 2019년 부산영화제, 서울영화제 관객들 사이에서 가장 많이 회자되는 영화였다. “여자는 야구 선수가 될 수 없다.”는 거대한 편견에 맞서는 야구소녀 주수인을 통해 꿈을 꾸는 모든 이들에게 응원을 메시지를 전한다. 제한된 상영 시간 때문에 영화에 미처 다 담지 못했던 이야기들이 담겨 있어 편집된 이야기들도 함께 즐길 수 있다. “안 되는 거면 빨리 포기해. 그거 부끄러운 거 아니야.” “저는 해보지도 않고 포기 안 해요.” 한국 프로야구 출범 당시 ‘의학적으로 남성이 아닌 자’는 부적격 선수로 분류됐다. 1996년, 규약에서 이 문구가 사라지면서 여자도 프로야구 선수로 뛸 수 있게 되었다. 안향미, 김라경 등 두각을 나타낸 여자 야구 선수들은 있었지만 이들에게 프로 선수로 도전할 기회는 주어지지 않았다. “여자는 야구 선수가 될 수 없다.”는 부정적인 언어들은 그들을 잠식시켰고 ‘야구선수’는 당연히 남자들만의 호칭으로 만들었다. 그들은 ‘여자 야구 선수’로 만족해야 했다. 하지만 이에 굴하지 않고 당당히 도전한 소녀가 있다. 바로 주수인이다. 한해가 다르게 벌어져 가는 남학생들과의 물리적 힘의 격차는 주수인을 좌절하게 만들기도 하지만 주수인은 남들의 시선에 휘둘리지 않고 자신의 꿈을 놓지 않는다. 그의 열정은 냉소적으로 바라봤던 주변 사람들을 변화시키고 주수인은 결국 방법을 찾아낸다. 《야구소녀》는 묵직한 쾌감을 안겨주는 스포츠 드라마이자 경쾌한 청춘물이자 이 시대에 꼭 필요한 여성 성장담이다. “사람들이 내 미래를 어떻게 알아요? 나도 모르는데…….” 아무도 응원해주지 않는 길을 걸어온 모두에게 보내는 응원가 주수인은 리틀 야구 시절부터 두각을 드러낸 야구 선수였다. 하지만 모두가 주수인은 프로야구 선수가 될 수 없다고 생각했다. 심지어 가족까지도. 여자 야구 선수라는 이유만으로 주수인은 끊임없이 포기를 종용받았다. 하지만 주수인은 단 한 번도 포기한 적이 없다. 자신의 재능을 확신해서가 아니라 가고 싶은 길이 단 하나뿐이기 때문이다. 《야구소녀》는 “넌 안 돼.”라며 수없이 꿈을 부정당하면서도 묵묵히 걸어온 모두에게 보내는 응원가이다. *이 오디오북은 한국출판문화산업진흥원 (KPIPA) 의 ‘2020년 오디오북 제작 지원’ 사업 선정작입니다."
