titles,authors,informs
황금 뇌를 가진 남자,알퐁스 도데 저,"그 남자에겐 황금보다 더 소중한 게 있었죠. 
황금으로 된 뇌를 가지고 태어난 아이, 알퐁스 도데의 걸작 단편입니다."
방정환 단편문학,방정환 저,"방정환 단편문학 - 「20세기 한국 단편문학 읽다」 20세기 한국 문학을 대표하는 작가들의 단편 소설 작품들을 엄선한 소설 선집 「20세기 한국 단편문학 읽다」 는 문학의 고전을 살아 있는 동시대의 문학으로 읽을 수 있도록 구성한 시리즈이다. 한국인이 꼭 읽어야 할 대표 작가들의 주요 작품을 고전부터 근ㆍ현대 작품에 이르기까지 우리나라 대표 작가들의 다양한 작품을 만날 수 있다. 새와 같이 꽃과 같이 앵두 같은 어린 입술로 천진 난만하게 부르는 노래, 그것은 그대로 자연의 소리이며, 하늘의 소리입니다. 죄 없고 허물 없는 평화롭고 자유로운 하늘 나라! 그것은 우리 어린이의 나라입니다. 우리는 어느 때까지든지 이 하늘 나라를 더럽히지 말아야 할 것이며, 이 세상에 사는 사람 사람이 모두 깨끗한 나라에서 살게 되도록 우리의 나라를 넓혀가야 할 것입니다. - [어린이]지 창간호 첫머리 -"
볼리비아 우표,강이라 저,"소설집 『볼리비아 우표』, 삶의 곤고함과 상처를 말하다. 그리고 그 곤고함과 상처를 치유하는 언어의 능력을 선보인다. 2016년 국제신문 신춘문예 당선작「쥐」가 수록된 강이라 작가의 첫 번째 소설집이다. 인생의 크고 작은 상처와 그 상처를 안고 살아가는 사람들의 이야기 여덟 편을 담았다. 가장 가까운 사람의 죽음, 혹은 오랫동안 알지 못했던 비밀이 인생에 생채기를 내고 지금을 살아가는 현재를 뒤흔든다. 상처는 닦고 또 닦아도 지워지지 않는 장판의 옹이 무늬처럼 남아 인생을 곤고하게 만들지만 그런 인생에 위로를 주는 것 또한 사람이다. 소설집『볼리비아 우표』는 가족의 관계를 주요한 소재로 이야기를 풀어간다. 가장 가깝고도 먼 관계가 가족이라고 했던가. 강이라 작가는 차마 말할 수 없는 가족 간의 상처와 아픔을 작품에서 다룬다."
[요약] 사씨남정기,김만중 저,"김만중이 지은 고전소설. 숙종이 인현왕후를 쫓아내고 장희빈을 왕비로 맞아들인 것을 비판하고 숙종의 마음을 돌려 민비를 원상회복시키기 위해 권선징악의 수법을 고도로 이용한 소설로 알려져 있다. 명나라 때 한림 유연수가 후처인 교씨의 간계에 넘어가 학문과 덕, 미모를 겸비한 본처인 사씨를 내쫓고 교씨를 부인으로 맞아들였다가 후에 잘못을 뉘우치고 교씨를 처형하고 사씨를 다시 정실로 맞아들인다는 내용이다. 여기에서 유한림은 숙종, 사씨는 인현왕후, 교씨는 장희빈을 빗댄 것이다. 인간의 덕업을 강조함으로써 민비 폐출의 부당성을 나타내고 있다."
납치된 그리스인,아서 코난도일 저,형의 연락을 받고 나간 홈즈는 그리스어 통역관 밀러스를 만납니다. 그는 납치된 그리스인 남매에 관한 얘기를 꺼냅니다. 추리 문학의 고전이며 지금까지 변함없는 사랑을 받는 셜록 홈즈 시리즈! 
[삼사라] 망령전쟁,김창규 저,"우리가 사는 세계를 범례에 따라 다양한 분포도로 머릿속에 그려보자. 물리에서 말하는 힘의 흐름만 볼 수 있는 분포도를 그릴 수 있을 테고, 온도가 같은 지점을 동일한 색으로 표기한 분포도도 상상할 수 있을 것이다. 그 그림에선 나도, 여러분도, 기타 사물도 모양새를 잃고 힘이나 온도로 존재할 뿐이다. 어차피 상상 속 그림이니 더 추상적인 건 어떨까. 내게 영감과 암시를 주는 사물과 의미의 지도도 떠올릴 수 있을 것이다. 그 ‘영감도’를 조금 뒤로 물러서서 바라보면 세상은 조금 독특한 우주다. 의미와 이미지들이 별처럼 빛나고 거기서 파생된 상상이 안개처럼, 은하처럼 존재한다. 그 모든 것들이 은색 실로 마구 이어져 관계를 맺는다. 이 우주는 한시도 멈추지 않고 변화한다. <뇌수>의 후기에서 언급한 ‘가상현실 프로젝트’를 진행할 때마다 가져온 별무리 가운데 하나가 <망령전쟁>이다. 발상은 간단했다. 두 가상현실 세계가 전쟁을 벌일 수 있을까? 있다면 어떻게? 왜? 차이점과 공통점은? 선택과 집중은 창작하는 사람이라면 무의식적으로 행하는 작업이지만 이야기에 따라 난이도에 차이가 있다. 전쟁과 가상현실은 그런 면에서 최악의 조합이다. 전쟁은 인간이 저지를 수 있는 비극의 총합이고 가상현실은 포기와 새 시작을 동시에 품기 때문이다. 그 일부만을 확대하면 자칫 전쟁의 의미를 희석하는 우를 범할 수 있고, 적어도 그런 실수는 저지르고 싶지 않았다. 그래서 버거울 만큼 덩치가 큰 별무리를 오려내고 이야기 하나로 남기는 작업이 아주 오래 걸렸다. <망령전쟁>에서 참상과 모순은 글이 시작하기 전부터 존재하고 있다. 누가 이기든 모두가 살 순 없다. 가혹한 환경 속에서 두 서버 국가는 똑같이 약자다. 주인공의 고민도 바로 그 지점에 자리한다. 지도자이긴 하나 그는 도망칠 수도 없기 때문에, 사실 그를 약자로 만드는 것은 책무와 같은 나라 국민의 생명들이다. 설사 그 사람들이 전자정보로 존재할 뿐이어도 생명임에는 틀림없다. 물리적인 충돌에서 사라지는 건 살아 있는 병사가 아니라 드론이어서 다행이지만, 그 대신 패배는 곧 전멸을 의미한다. 양상이 바뀌어도 전쟁은 여전히 거대한 비극이다. 역사 속 모든 전쟁이 그랬듯이 미래 전쟁이 끝난 뒤에도 재건이 필요하다. 주인공은 홀로 그 커다란 짐을 짊어졌고 성공할 가능성은 아주 희박하다. 나는 뒷이야기를 더 잇지 않을 테지만 그에게 바라는 점은 있다. 재건에 성공하고 먼 훗날 서버 국가의 영웅이 되더라도 그게 자랑거리는 아니라는 점을 잊지 말기를. 현실에서 혹독한 전후 시절을 겪었다는 점만으로 특권이라도 가진 양 목소리를 키우는 어떤 사람들과는 다르기를."
[야자나무 도적] 무로 가는 길의 우회로,레이첼 스워스키 저,"전 세계 페미니즘 SF의 작은 박물관, 28편의 중단편을 엮은 《혁명하는 여자들》 완역판! 오늘날 SF 소설계에서 가장 인정받는 편집팀으로서 여러 상을 수상하기도 한 앤 밴더미어와 제프 밴더미어 부부가 선정하고 구성한 뛰어난 페미니즘 SF 선집이다. 1960년대 작품부터 동시대 작품까지 두루 포함하는 이 선집은 페미니즘 담론의 확장을 추구하는 동시에 상상력 넘치는 풍성한 생각거리로 독자들을 이끈다. 제임스 팁트리 주니어에서 은네디 오코라포르까지 새로운 전선으로 사고를 확장하라. 이 책은 SF와 페미니즘의 연관관계를 보여 주는 대담한 사례들을 모았다. 제임스 팁트리 주니어의 <나사파리 구제법>에서, 어슐러 K. 르귄, 조안나 러스, 옥타비어 버틀러로 이어지는 고전부터 은네디 오코라포르의 <야자나무 도적> 같은 풍자적인 작품까지, 이 영역의 작업들이 가지는 강렬한 집중도를 드러낸다. 캐서린 M. 밸런트와 같은 주목받는 작가들과 함께 반다나 싱, 히로미 고토 등 전 세계 작가들의 작품을 포함한 이 선집은 페미니즘의 다양한 목소리들을 담아낸다. 이 책은 동시대 소설과 페미니즘의 두 측면에서 새로운 전선들로 사고를 확장한다. 환상적인 작품에서 미래지향적 작품으로, 신비로운 작품에서 초현실적인 작품으로 옮겨가는 이야기들은 지금 우리가 접할 수 있는 어떤 책과도 다른 페미니즘을 향한 생각들과 감정들을 불러일으킨다. “이 책에 수록된 이야기들은 우리가 원했던 바로 그 일을 해낸다. 진부한 설정들을 찢어발기고, 젠더와 그 함의에 의문을 던지고, 풍자와 유머와 사회적 징후와 규정들에 대한 날카로운 지적 분석을 동반한 의도적 무지를 이용하여 정체성을 들여다본다.” - 마베쉬 무라드, <토르닷컴>"
어느 여인 이야기,안톤 체호프 저,나탈리아와 지방 판사 표트르는 서로를 사랑하게 됩니다. 하지만 그들에겐 계층이라는 장벽이 가로막고 있었습니다. 안톤 체호프의 단편소설
