titles,authors,informs
환희,나도향 저,1922년 11월 21일부터 이듬해 3월 21일까지 『동아일보』에 발표된 나도향의 첫번째 장편소설. 이 작품은 애정에 얽힌 인간의 욕망과 상황의 교차 속에서 낭만적인 삶의 비극이 그려지고 있다. 약관 21세 때에 써서 문단에 일대 파문을 일으킨 작품이기도 하다. 1923년 8월 조선도서주식회사에서 단행본으로 발간하였다.
[단편] 홍로,최정화 저,2012년 단편소설 「팜비치」로 창비신인소설상을 수상하며 작품활동을 시작한 최정화의 첫 소설집 『지극히 내성적인』이 출간되었다. 일상 속의 균열과 파동을 예민하게 감지하는 작가 최정화가 등단 이래 활발한 활동으로 쌓아온 열편의 소설이 묶였다. 온전해 보이는 세계 안에 스며 있는 불안의 기미를 내성적인 사람들의 민감한 시선으로 날렵하게 포착해내면서도 유머를 잃지 않는 자세가 야무지고 미덥다. “독자들이 ‘최정화’라는 이름을 특별한 소설가의 이름으로 기억하리라”는 등단 당시의 심사평이 무색하지 않을 만큼 그녀의 첫 책은 독자들에게 각별하고 매력적으로 다가올 것이다.
[단편] 영희는 언제 우는가,공선옥 저,"진솔한 삶의 체험을 바탕으로 생생한 입담으로 우리 사회의 소외된 이웃들에게 따뜻한 관심을 표현해온 중견작가 공선옥이 5년 만에 신작소설집을 출간했다. 공선옥 소설의 활력은 여전히 놀라운 바 있다. 이번 소설집에서 공선옥은 낯익지만 일관된 주제의식을 견지하며 냉엄한 현실을 능청스럽게 비꼬는 서사 전략을 생동감있고 활달한 입담으로 담아냈다. 작가는 그간 공선옥 작품을 수식하던 ‘모성’의 이미지를 넘어서 우리 시대 사람들 누구나 받게 마련인 상처를 솔직하게 인정하면서 그 상처에서 비롯된 삶의 의지를 타인과의 연대의식으로 확장하는 모습을 보여준다. 표제작인 ｢명랑한 밤길｣은 2006년 ‘작가가 선정한 올해의 소설’에서 최우수작품으로 선정되기도 했다. ｢명랑한 밤길｣에서 스물한살 간호조무사인 주인공은 치매에 걸린 홀어머니를 모시고 산다. 우연히 응급환자로 병원을 찾은 남자에 이끌려 잠시 꿈같은 연애를 경험하지만, 끝내 버림받는다. 외국가수 이름을 줄줄 외우고, 밤마다 감미로운 음악을 선사해주던 남자는 주인공에게 낭만적인 연애의 궁극이자, 희망도 가망도 없는 앞날을 밝혀줄 존재였다. 그러나 텃밭에서 키운 무공해채소를 받아먹던 남자는 끝내 그녀를 마다하며 철저하게 등을 돌린다. ｢도넛과 토마토｣에서 이혼하고 야쿠르트를 배달하며 생계를 꾸리던 문희는 살뜰한 신혼을 꿈꾸며 다른 무엇보다 그저 ‘장롱’ 하나만 갖기를 바랐고, ｢아무도 모르는 가을｣의 인자는 산골로 들어오는 대신 남편과 꽃과 나무를 기르며 사는 삶을 꿈꿨을 뿐이다."
후지산은 태양이 뜨지 않는다,박철주 저,"1991년 8월 21일 새벽 4시. 비밀리에 개발된 러시아의 핵미사일이 카운트 다운을 시작한다. 암호를 풀 수 있는 유일한 자, 푸고 내무장관은 자신의 머리에 총구를 겨누는데… 7년 뒤, 핵미사일을 관리하는데 한계를 느낀 러시아는 UN에 미사일 암호를 풀어주길 요청하고, 해당 국가에 미사일 정보를 공개하겠다고 한다. 미사일의 폭주를 잠재울 수 있는 시간은 단 열흘. 한국과 북한, 러시아와 미국, 그리고 일본까지 미사일을 둔 숨막히는 첩보전이 시작된다."
무명,이광수 저,"1939년 1월 『문장』 창간호에 발표된 이광수의 단편소설. 동우회 사건으로 옥고를 치렀던 이광수의 경험이 담담하게 서술되어 있다. 소설의 배경은 미결수들의 병감이다. 인장 위조죄로 투옥된 폐병 3기 환자와 방화 혐의로 수감된 노인, 사기 혐의의과 공갈취재 혐의의 지식인 등이 주요 등장 인물이다. 이광수는 소설의 일인칭 화자로 등장하여 병감 내부의 비참한 생활과 수감자들 사이의 사소한 갈등을 별다른 장치 없이 진솔하게 묘사하고 있다. 수감자들은 대부분이 옥고와 병고라는 이중의 괴로움에 시달리고 있으며, 그 와중에서도 음식과 자리를 가지고 갈등을 일으킨다. 회복하기 어려운 병에 걸려 있으면서도 사소한 이익에 다툼을 벌이는 인물들을 향해 작가는 연민의 시선을 던진다. 이러한 시선의 근저에는 인생이 결국 괴로움의 바다이자 불붙은 집이라는 불교적 인식과, 정신의 평화는 종교적 신념에 의지할 수밖에 없다는 사고가 깔려 있다."
세계 민담집 1,작자미상 저,"전래 문학과 민담에는 그 시대와 지역의 문화와 전통, 희노애락이 담겨 있습니다.
세계 각 나라와 지역에서 전해져온 전래문학, 민담집 "
진실한 고백 - 끼끗한 여자,조두진 저,"「도모유키」로 제10회 한겨레문학상을 수상한 이후, 『능소화』『유이화』『아버지의 오토바이』『몽혼』『북성로의 밤』등의 장편 소설을 꾸준히 발표하며 주목 받아온 작가 조두진. 그가 우리의 기억 저편, 그 어두운 이면을 서늘하게 그린 소설집 『진실한 고백』을 펴냈다. 『진실한 고백』의 '기억' 에 관한 슬프고 섬뜩하고, 기막히고, 황당하고, 안타까운 이야기 <끼끗한 여자>를 소개한다 소문 때문에 강박증에 걸려 자살한 아이돌 스타. 그녀의 죽음에 얽힌 진실은? 가요계에 해성처럼 등장한 걸그룹 마녀. 맴버 중 가장 주목을 받았던 윤희주가 어느 날 소리 소문 없이 잠적했다. 그녀의 잠적 이후 여러 가지 소문이 나돌았다. 마약에 중독됐다, 에이즈에 걸렸다, 신내림을 받았다. 심지어 잠적하기 얼마 전 한국을 방문했던 아프리카 국가의 대통령을 접대한 후 흑인 아이를 출산했다는 낭설도 퍼졌다. 괴상한 소문이 일파만파로 퍼졌지만 윤희주는 그 어떤 해명이나 변명도 없었고, 그럭저럭 세월이 흘러 잊힌 존재가 되었다. 그렇게 7년이 지난 어느 날 그녀가 주검으로 발견됐다. 사고도 지병도 타살도 아니었다. 경찰은 ‘타살로 볼 근거가 조금도 없다’며 자살로 결론짓고 수사를 종결했다. 하지만 경찰이 서둘러 수사를 종결한 데는 다른 이유가 있는 건 아닐까?"
용의 아이 3,박은우 저,"'칼의 시대'를 뒤흔든 삼별초의 신화적 인물 김통정의 혁명! 대륙의 제왕인 몽골이 유일하게 정복하지 못한 강한 나라, 고려. 칼 하나로 왕도 될 수 있는, 천민인 무인들이 무력으로 왕실을 100여년간 지배한 시대, 무신정권기. '용의 아이' 김통정은 최후의 최후까지 나라로부터 버림받은 백성을 지키기 위해 싸운다. 그는 죽는 순간까지 소외된 자들을 지킨 영웅으로 후세에 신화처럼 남았다. ""우리가 반란군인가! 우리는 아무도 우리를 지켜주지 않는 이 세상에서 살기 위해 처절하게 싸운 영웅들이다. 그러니 나는 너희들 모두를 지킬 것이다……."" 무협액션 장르와 판타지 세계관이 결합된 장대한 서사 <용의 아이>"
초식립정아애니 3,둥린창작 외 2인 저,"“대만배우 증지교와 구승익 주연, 로맨스드라마소설” “2018년도 제13회 숨피어워즈, 최우수 해외드라마 선정!” “공식 페이스북 팔로우 13만명, LINE TV 회차당 평균 50만 뷰”  줄거리 옌리정과 중샤오시는 현조부의 108세 생일 소원으로 태어나기도 전에 서로 정혼한 사이이다. 어려서부터 정혼자의 존재를 듣고 자란 중샤오시는 운동을 잘 하는 의리파 왈가닥으로 성장한다. 일본에서 자란 옌리정은 대만으로 돌아와 중샤오시의 집에서 지내게 되고, 샤오시는 리정에게 첫눈에 반한다. 모범생 리정과 왈가닥인 샤오시는 투닥투닥 부딪치며 가까워진다. 샤오시는 리정에게 자신의 마음을 고백하지만, 상처가 많은 리정은 자신의 마음을 깨닫지 못하고 샤오시를 거절한다. 샤오시는 친구를 따라 나간 미팅 자리에서 대학생 왕진리를 만나는데, 털털한 샤오시의 모습에 흥미를 느낀 진리가 샤오시를 쫒아다니며 든든한 오빠 역할을 하자 리정은 질투심을 느끼는데.. 태어나기 전부터 짝지워진 두 사람은 과연 인연을 이어갈 수 있을까?"
원앙도 (鴛鴦刀) (중국어),JinYong (김용) 저,"무술에 능숙하지는 않지만 항상 자신에 대한 높은 견해를 가진 ""Taiyue의 4명의 영웅""은 Xiao Banhe에게 생일 축하 인사를 전하고 싶다. 그래서 그들은 ""Mandarin Duck Blades""의 자금성으로 호송을 방해하고 이를 탈취하려 시도한다. 다른 문파의 무술가들 또한 힘을 결합한다. 모든 종류의 조건이 과정에서 발생하고 이로 인해 유머 가득한 강호의 그림이 등장하게 된다. 모두 칼날의 비밀만을 위해 오지만 실제로 칼날의 ""무적""이라는 비밀은 ""자비로운 자가 무적이다""라는 것이다."
어떤 결혼식,표도르 도스토옙스키 저,교회 앞을 지나가다가 목격하게 된 결혼식을 통해 5년 전 참석했던 크리스마스파티의 기억을 떠올립니다. 도스토옙스키의 단편소설
피에로,기 드 모파상 저,르페브르 부인의 정원에 도둑이 들어 기르던 양파를 훔쳐가는 일이 일어납니다. 도둑을 지키려고 강아지를 한 마리 기르게 되는 데... 기 드 모파상의 단편소설
미인은 과속하지 않는다 - 미인은 과속하지 않는다,이춘해 저,"""마다가스카르에 다녀온 지가 언제지? 오늘따라 바오밥이 몹시 그리운 건 그 사람 때문인지도 몰라."" 유려한 묘사와 굵직한 풍자가 돋보이는 작가 이춘해! 상류층 남녀의 사랑을 담담한 필체로 그려내고, 일부 무분별한 상류층의 허세와 교만을 마음껏 비웃는 한편, 이야기의 마지막은 먹먹한 감동을 준다."
[단편] 대용품,은희경 저,"막막한 오늘을 살아가는 우리에게 밤하늘의 길잡이별처럼 든든한 버팀목이 되어준 작가 은희경의 여섯번째 소설집 『중국식 룰렛』이 출간되었다. 그 이름만으로 하나의 브랜드라 이를 정도로 이십년이 넘는 세월 동안 꾸준히 세련된 감각을 유지하며 작품활동을 이어온 은희경은 언제나 빛나는 문장들로 독자들의 외롭고 지친 마음을 보듬어주었다. 이번 소설집에 실린 여섯편의 소설 역시 각기 다른 성광과 매력을 뽐내며 일상의 우연들이 얼마나 소중하게 연결되어 있는지를, 행운과 불운이 교차하는 날들이 얼마나 공교롭게 우리를 이끄는지를 은희경 특유의 섬세하고 정련된 필치로 펼쳐 보인다. 「대용품」 한 결혼식장에서 여자는 19년 만에 친구 J와 재회한다. 어릴 적 키가 큰 소년이었던 J는 키가 작은 한 소년과 단짝이었다. 두 소년은 소녀의 집 앞 골목에서 장난을 치며 지나다녔고, 집 안에 있는 소녀도 그 기척이 싫지 않았다. 결혼식장을 빠져나와 J의 차를 타고 여자를 바래다주러 가며, 이제는 30대가 된 두 사람은 서로의 지난 시간들을 묻는다. “넌 어른이 뭐라고 생각했어?”"
"녹정기, Part 4 (鹿鼎記 4) (중국어)",JinYong (김용) 저,Jianning 공주는 인내심을 잃고 결혼 생활은 파탄에 이른다. Wei Xiaobao는 Wu Sangui와 Mystic Dragon Cult과 맞서 싸울 것을 명받는다. Snake 섬에 도착하기 전에 그는 Hong Antong에게 잡혀 있었지만 다행스럽게도 Shuang'er에 의해 구출된다. 그들은 Deer Cauldrom 산에 목숨을 걸고 우연히 러시아 군대 진영에 침입한다. 다시 Wei Xiaobao는 그의 재능을 잘 활용하고 러시아 왕실 Sophia 공주에게 자신의 나라에서 쿠데타를 일으키도록 촉구한다. Sophia 공주는 또한 Qing 정부와 평화 조약에 서명할 것을 약속한다. 나중에 Kangxi는 Wei Xiaobao에게 고향으로 돌아가서 순교자 성전을 짓도록 명령한다. 모든 것의 발전에 Wei Xiaobao는 너무 기뻐한다.
"이방인, 전락",A. 카뮈 저,"<페스트>, <이방인> 등으로 유명한 프랑스의 소설가이자 극작가인 알버트 카뮈의 작품집. 평범한 사무원 뫼르소가 어머니의 사망 전보를 받고, 사형수가 되기까지의 과정을 통해 허무에 대한 철학적 해석을 시도한 <이방인>과 주인공 클라망스를 통해 부조리와 모순에 사로잡힌 현대인의 초상화를 그린 <전락>을 함께 수록했다."
바닷가의 피크닉 - 김지원 소설집,김지원 저,"이런저런 마음의 움직임들로 빚어내는 나른하고 아스라한 풍경, 그 속에 싱싱하게 솟아오르는 삶의 생기 김지원의 작품은 넘칠 듯 넘치지 않는 낭만적 시선과 화려하고 아름답지만 절제된 문체를 통해 인간 의식의 심연을 탐구하는 독자적인 문학 세계를 가지고 있다. 우리는 김지원의 소설에서 드라마틱하고 박진감 넘치는 서사보다는 인물들의 내면에서 일어나는 미세한 심리적 갈등이나 균열, 혹은 인물들의 내면이 투영된 신비롭고 아스라한 풍경들을 자주 접하게 된다. 그녀의 소설은 현재 시제와 과거 시제, 또는 현실과 환상을 어지럽게 뒤섞거나, 서로 다른 시공간을 넘나들며 어찌 보면 자질구레하고 소소해 보이기까지 하는 이런저런 마음의 움직임들을 느슨하게 엮어나간다. 이것은 현실 혹은 사건과 인물들 내면 사이의 경계가 모호하게 지워져버리는 그녀 소설 특유의 나른하고도 흐릿한 분위기와 연관된다. 뚜렷한 서사보다는 분위기가 작품의 전체적인 인상을 좌우하는 그녀의 소설들은 부부 혹은 연인들이 일상에서 겪는 내밀한 갈등이나, 이국 생활에서 작가가 경험하거나 관찰한 크고 작은 심리적 균열들을 작품의 소재로 주로 다루고 있다. 또한, 담담하고 객관적인 묘사와 군더더기 없이 물 흐르듯 읽히는 유연한 문체는 소외와 좌절, 갈등으로 점철된 소설 속 분위기에도 그의 소설이 언제나 맑고 투명한 느낌을 준다. 그녀의 소설 속에 등장하는 인물들은 방황하지만 절망하지 않고, 사막같이 건조한 일상을 살아가지만 생명과 사랑에 대한 믿음을 포기하지 않는다."
백신애의 꺼래이,백신애 저,"순이와 그 가족들은 이국에서 죽은 아버지의 유골을 찾기 위해 국경을 넘어 추운 북쪽으로 향했다. 그 와중에 군인에게 붙들렸고, 같이 붙들린 청년들, 노동자들과 함께 계속 어딘가로 보내어진다. 그런 와중에 조선말을 쓰는 익숙한 군인들이 있는 곳에 도착하는데..... 백신애의 <꺼래이>를 현대적으로 재해석한 작품이다."
