titles,authors,informs
귀머거리 삼년 벙어리 삼년-삼천리 극장,편집부편 저,"삼천리 방방곡곡 전해오는 이야기를 모아 새롭게 구성한 삼천리 극장! 시집간 첫날부터 시댁엔 난리가 났다. 시집온 새색시가, 불러도 모른척하고 뭘 물어봐도 대답이 없는 것이었다. “어떻게 된 거냐? 말을 못하지 않느냐?” 시아버지는 며느리를 잘못 들였다고 노발대발했다. “새아기 좀 들어오라고 해라.” 안방으로 불려온 며느리에게 시아버지가 물었다. “얘 아가야! 너 내 말 알아듣느냐?” 그러자 딸은 입을 꼭 다물고 고개만 끄덕끄덕했다."
[단편] 포옹,천운영 저,"이 소설집은 등단작 [바늘]을 비롯하여 2000년 1월부터 2001년 10월까지 약 2년간 발표된 아홉 편의 단편소설들로 구성되어 있다. 천운영의 신예답지 않은 만만찮은 저력은 “독자를위태로운 공격성과 관능과 탐미의 벼랑끝으로 밀고가는 발군의 역량”(신춘문예 심사평)이 돋보인다고 평가된 바 있는데, 수록작품 모두 편차 없이 고른 성취를 보이고 있다. 천운영 소설의 인물들은 90년대 (여성)소설에 자주 등장하는 도시적 감각의 전문직 중산층 여성이나 소설의 단골 소재였던 애정과 불륜관계와도 차별성이 있다. 문학평론가 이광호는 권말의 해설에서 등장인물들이 “제도화된 여성적 자아의 내부에 머물지 않는다. 그 제도적인 영역의 바깥으로 질주하는 원초적이고 본능적인 여성적 에너지를 드러낸다”고 하며, 바로 그 지점에서 “식물적인 여성성으로부터 동물적인 여성성으로의, 혹은 타자로서의 여성성으로부터 창조적인 부재와 이질적인 복수항(複數項)로서의 여성성으로의 탈주라는 존재론적 전환의 사건이 벌어진다”고 평한다. 그런 의미에서 “천운영의 미학적 위반은 문화적인 이탈의 의미를 얻고, 천운영을 통해 한국의 여성소설은 독특한 야생의 미학을 자기 목록에 추가할 수 있게 되었다”고 한다."
카프카 우화집(상),프란츠 카프카 저,"20세기의 중요한 작가 중 한 명으로 꼽히는 프란츠 카프카의 우화성 가득한 단편을 모은 책.
생전에 발표했던 작품은 물론, 유고 및 그의 일기에서 발췌한 작품 등도 수록해 카프카 문학을 다양하게 맛볼 수 있다."
스물네 개의 눈동자 (하),쓰보이 사카에 저,※ 선생님과 함께 읽어야 할 필독서 ※ 잔잔한 감동으로 다가오는 반전(反戰) 소설의 걸작. 가난하지만 아름다운 바닷가 마을을 배경으로 펼쳐지는 젊은 여선생님과 어린 열두 제자들의 성장기. 전쟁의 광풍(狂風) 속에서도 참된 인간의 모습과 생명을 꿋꿋하게 지켜나가는 사람들의 이야기. 사후 50주년을 맞아 새롭게 번역한 쓰보이 사카에의 대표작.
유리병 마술,네일로 홉킨슨 저,"“유리감옥을 깨뜨려라!” SF 소설의 페미니즘 르네상스를 이끌어온 전 세계 여성 작가들의 주옥 같은 작품을 가려 모았다. 오늘날 SF 소설계에서 가장 인정받는 편집팀으로서 여러 상을 수상하기도 한 앤 밴더미어와 제프 밴더미어 부부가 선정하고 구성한 뛰어난 페미니즘 SF 선집이다. 1960년대 작품부터 동시대 작품까지 두루 포함하는 이 선집은 페미니즘 담론의 확장을 추구하는 동시에 상상력 넘치는 풍성한 생각거리로 독자들을 이끈다. 이 걸작선은 SF와 페미니즘의 연관관계를 보여 주는 대담한 사례들을 모았다. 조안나 러스의 고전 <그들이 돌아온다 해도>에서부터 에일린 건의 <중간관리자를 위한 안정화 전략> 같은 풍자적인 작품까지, 이 영역의 작업들이 가지는 강렬한 집중도를 드러낸다. 캐서린 M. 밸런트와 같은 주목받는 작가들과 함께 반다나 싱, 히로미 고토와 같은 전 세계 작가들의 작품을 포함한 이 선집은 페미니즘의 다양한 목소리들을 담아낸다. 이 선집은 동시대 소설과 페미니즘의 두 측면에서 새로운 전선들로 사고를 확장한다. 환상적인 작품에서 미래지향적 작품으로, 신비로운 작품에서 초현실적인 작품으로 옮겨가는 이야기들은 지금 우리가 접할 수 있는 어떤 책과도 다른 페미니즘을 향한 생각들과 감정들을 불러일으킨다. “SF 소설이 가진 남다른 정치적 힘을 보여주는 꼭 필요한, 잘 가려 뽑은 선집.” - <커커스 리뷰> “여기 수록된 이야기들은 우리가 원했던 바로 그 일을 해낸다. 진부한 설정들을 찢어발기고, 젠더와 그 함의에 의문을 던지고, 풍자와 유머와 사회적 징후와 규정들에 대한 날카로운 지적 분석을 동반한 의도적 무지를 이용하여 정체성을 들여다본다.” - 마베쉬 무라드, <토르닷컴> “지난 수십 년간 여성 SF 작가들이 이룬 가장 빛나는 성과들을 엮은 다채롭고 놀라운 선집이다.” - 앤드류 앤드류스, ‘truereviewonline.com’ “저자들은 모두 페미니스트이며 SF 소설 혁명의 자매들이다. 그러므로 그들의 역할은 가능한 세계와 존재의 방식들을 탐험하는 것이며, 그려진 시나리오들로부터 각자의 교훈을 끌어내는 것은 독자들의 몫이다.” - 에리카 스미스, <피스 뉴스> “페미니스트든 아니든 SF 소설 팬이라면 누구나 반드시 읽어야 할 필독서이며, 이런저런 여성학 관련 학습과정을 짤 때 활용할 수 있는 흥미로운 텍스트가 될 것이다.” - 다이앤 칸스, ‘worldliteraturetoday.org’ “이 매혹적인 선집은 뉴웨이브 SF와 페미니즘 사변소설계의 경향들이 어떻게 여성과 페미니즘에 관한 문화와 관점의 변화들을 반영하고 있는지 보여준다.” - 바네사 부시, <북리스트> “이 책에 실린 작품들은 모두 여성들이 세계와 맺고 있는 관계의 양상들을 탐구한다. 이 작품들은 사회적 역할과 성역할, 성별, 연애 관계, 일과의 관계에 주목한다.” - 일레인 갤러퍼, <인터존> “이 책은 우리 모두가 연루돼 있는 장르와 젠더, 문화와 맥락에 관한 논의에서 빠질 수 없는 강력하고도 귀중한 선집이다.” - 캐리 스페링, <스트레인지호라이즌닷컴> “밴더미어 부부가 페미니즘 면에서든 다른 어떤 면에서든 근래 들어 최고의 SF 선집이라 할 만한 걸 엮어냈다.” - 일리저베스 핸드, <로스앤젤레스 타임즈> “주제에 맞게 배열된 작품들은 각각의 작품을 가장 선명하게 조명해내는 도발적이고 극적인 배치를 통해 서로 흘러들고 또 서로 반발한다.” - 《퍼블리셔스 위클리》 “편집자들은 이 선집을 얻기 위해 넓게 멀리까지 작품들을 뒤졌다. 다양한 SF의 향연. 장르와 정치적 성향을 떠나 이 책은 훌륭한 선집이다.” - 키스 브룩, 《가디언》 “이 ‘고도로 잘 정돈된’ 페미니즘 SF 선집에는 분명하게 밴더미어 부부의 도장이 찍혀 있다. 이 선집은 호러와 판타지를 포함한 사변소설의 모든 장르를 아우를 뿐만 아니라 이런 주제의 선집에 대한 모두의 기대를 뛰어넘으며 상당한 분량의 초현실적이고 기괴한 작품들까지 선보인다.” - 귀네스 존스, 《뉴욕 SF 리뷰》"
사면체,반다나 싱 저,"“이제 알았어, 난 행성이야. 여자, 아내, 어머니 그런 거 말고.” 어슐러 K. 르 귄이 극찬한 인도 출신의 페미니즘 SF 작가, 더 이상 아내이기를, 어머니이기를, 여자이기를 거부한 바로 당신의 이야기! 아내가 선언했다. “마침내 내가 무엇인지 알았어. 나는 행성이야. 나는 인간이었고, 여자였고, 아내이자 어머니였지. 나는 내게 그런 거 말고 뭔가 다른 건 없을까 늘 궁금했어. 이제 알았어. 난 행성이야.” 어리석은 남편은 대답한다. “당신은 행성이 아니야, 미친 거지.” 어느 아침 잠에서 깬 여자들은 발견한다. 낯선 침대 위 낯선 짐승이 옆에 누워 있는 것을. 그리고 그 짐승이 한때 사랑했던, 혹은 거의 사랑한다고 생각할 뻔했던 남편이라는 것을. 그리고 그녀들은 여행을 준비한다. 신화와 설화가 잉태한 꿈이 있고, 수학과 물리가 힘겹게 밝혀가고 있는 비밀스러운 우주의 신비가 있는 미지의 세계로. 어리석은 남편들은 아내의 마지막 경고를 새겨 들었어야 했다. “아직, 나는 당신을 떠나고 싶지 않아, 아직은.” 어느 날 자신이 사랑하는 소설 외에는 아무것도 만날 수 없을 때(혹은 만나고 싶지 않을 때), 그때 ‘우주 저 너머로’ 가는 이야기를 집어 들고 마는 외로운 SF 독자의 친구들이 가득한 책, ‘가장 덜 SF다운 SF’의 경계에서 부드럽게 당신을 위로해 줄 어느 여름밤 꿈 같은 이야기들. 어서 오세요. 반다나 싱의 따뜻한 우주입니다. “가장 유망하고 독창적인 젊은 작가” - 어슐러 K. 르 귄 “끝이 보이지 않는다. 계속 새로운 시작이다.” - <워싱턴 포스트>"
놀러 가자고요 <봇도랑치기>,김종광 저,"“사는 날 동안 얼굴 붉히면서 살 거 뭐 있나. 같이 놀러나 댕기자” 거침없이 콸콸 쏟아지는 ‘썰’의 향연! 8년 만에 선보이는 김종광의 다섯 번째 소설집 소싯적 놀 만큼 놀아본 범골 어르신들이 건네는 노는 법의 진수 나들이하듯 가벼이 세상을 활보하는 그들이 ‘한 수’ 가르쳐주러 때 빼고 광 내고 행차하셨다! 김유정의 반어, 채만식의 풍자, 이문구의 능청스런 입담을 갖춘 작가로 평가받는 김종광의 『놀러 가자고요』가 작가정신에서 출간되었다. 『경찰서여, 안녕』, 『모내기 블루스』, 『짬뽕과 소주의 힘』 등의 소설을 발표하고, 청소년 및 역사 소설을 아우르는 등 폭넓은 행보를 이어온 그가 8년 만에 선보이는 소설집이다. 2011년에서 2017년까지 잡지 지면에 발표했던 소설들 가운데 9편을 수록한 이 책은농촌 소도시를 배경으로 세련된 삶의 뒷전으로 밀려난 정답고 순박한 마음과 풍경들을 그려낸다. 특유의 걸출한 입담과 페이소스는 더 깊어졌고, 도시와 농촌, 노인과 아이, 표준어와 방언, 구술과 서술, 전설과 역사 등 대극점에 위치한 요소를 하나로 눙쳐 세계를 조형하는 기술은 더 노련해졌다. 어쩌면 김종광에게는 소설가라기보다 ‘썰’을 풀어내는 재담꾼 또는 만담가가 더 어울릴지도 모른다. 분명한 사실은 그가 눈물을 쏙 빼도록 웃기고 울리는 천상 이야기꾼이라는 것이다. 이번 소설집 또한 역시 김종광이고, 참으로 김종광답다."
황금의 신과 사랑의 신,오 헨리 저,황금의 신을 믿는 아버지가 아들 리처드의 사랑을 이루어주기 위해 사랑의 신 큐피드 역할을 자청하고 나섭니다.
[요약] 인형의 집,헨리크 입센 저,"Short Summary 노라는 8년간의 결혼생활을 해오면서 아내로서 엄마로서 행복한 삶을 살고 있다. 남편 헬머는 밝고 명랑한 아내, 노라를 '내 다람쥐, 내 종달새'라 부르며 사랑스런 어린애 취급을 한다. 헬머는 새해에 은행장 취임을 앞두고 있다. 그런데 크리스마스 무렵, 쿠로구스타가 찾아오면서 극은 급류를 탄다. 신혼 시절, 중병을 앓던 남편을 요양 보내기 위해 돈이 필요했던 노라는 아버지의 서명을 위조해 쿠로구스타에게 돈을 빌렸고 이 사실을 비밀로 한 채 이자를 갚아 나가고 있었다. 은행에 근무하면서 평판이 좋지 않아 해고의 위기에 처한 쿠로구스타는 노라에게 자신의 유임을 청탁하며, 이를 거절하면 문서위조 사실을 폭로하겠다고 위협한다. 노라는 그를 도울 수 없었고, 헬머는 결국 쿠로구스타를 해고시킨다. 그러자 쿠로구스타는 노라의 채무 관계와 위조 사실을 담은 편지를 헬머에게 보내 보복하려 한다. 복잡한 심경에 처한 노라는 전전긍긍하다가 친구인 크리스티네에게 위조 서명으로 쿠로구스타에게 돈을 빌렸음을 밝힌다. 이에 크리스티네는 노라에게 도움을 주려한다. 그녀는 자신의 옛 연인이었던 쿠로구스타를 만나 노라의 문제를 덮어 두고 함께 새출발을 하자고 설득한다. 이런 일이 벌어지는 사이, 헬머는 쿠로구스타의 편지를 읽게 되고 노라의 비밀을 알게 되면서 극도로 흥분한다. 아내에게 배신당했다며 형식상의 부부 관계는 유지하되 어머니와 아내로서의 모든 자격을 박탈하겠다고 한다. 그때 마침 쿠로구스타의 새로운 편지가 도착한다. 차용 증서를 보내며 모든 일을 없었던 일로 돌리자는 내용이었다. 헬머는 사건이 뜻밖에도 쉽게 해결되자 노라를 바로 용서하며 재결합을 원한다. 하지만 노라는 거절하고 단호히 집을 나온다. 이는 자신의 정체성을 찾기 위한 선택이었다. 그녀는 이 사건을 통해 남편의 태도에 회의를 느끼며, 어려서는 아버지의 인형이었고 결혼해서는 남편의 인형으로 살았던 자신의 삶을 자각하게 된 것이다. 새로운 흐름을 주도하는 모든 작품들이 그렇듯이 『인형의 집』도 당시의 사회적 관념으로는 용납되지 않아 격렬한 찬반양론을 불러일으켰다. 상호 존경심이 없는 결혼생활, 서로를 속이는 결혼생활을 하기보다는 집을 나가는 편이 낫다는 노라의 생각은 당시 사회에 큰 충격으로 받아들여져, 남편과 아이들을 버려둔 채 가출하는 노라의 행위에 대해 열띤 토론이 이어졌다. 당시의 갈채나 비난의 도는 상상할 수 없을 정도였다고 한다. 『인형의 집』은 각처에서 여성해방운동을 전개시킨 계기가 되었는데, 이 작품의 본질적인 주제를 가늠해 볼 수 있는 것은 입센이 그의 70회 생일날 남긴 다음과 같은 말을 통해서다. ""나는 여성해방운동을 한 것이 아니다. 나는 시인이지 사회 철학자가 아니며 내 작품을 주의 깊게 읽어 본다면 폭넓은 인생의 묘사에 주력했음을 이해하게 될 것이다."" 이로 미루어 볼 때 『인형의 집』은 개혁적인 모랄을 염두에 둔 극이라기보다는 오히려 인간의 위선 속에 감춰진 본성을 탐구하고 진실을 확립하려 했다고 보는 것이 적절할 것이다. 이 작품의 본질적인 주제는 여권신장이기 이전에 참다운 사랑과 부부관계, 그리고 가정의 회복을 위한 길을 묻고 있는 것이다. 입센이 제시한 것은 무엇보다도 자신이 어떤 존재인가를 우선 확인하는 것이 인간의 의무이며 그러한 인간이 되어야 한다는 것이다. 그러한 면에 어둡기 때문에 사랑이나 결혼의 진실이 보이지 않는 것임을 입센은 매우 일상적인 방식으로 전개하고 있는 것이다. 노라는 독립적이고 주체적인 자아에 눈을 뜬 신여성의 대명사가 되었고, 100여 년이 흐른 지금도 여전히 유효한 문화적 코드로 자리잡고 있다. 그녀는 묻는다. 사랑한다는 이유로 그 일을 하지 마라, 그 길로 가지마라, 시키는 대로만 하라고 한다면 그것이 사랑일까. 사랑하는 사람을 위해서라면 자신이 창피한 것쯤은 아무렇지도 않게 생각해줄 수 있어야 하지 않을까. 사랑하는 사람을 위해서라면 내 모든 것을 내놓아도 좋은 것이 아닐까. 사랑은 완벽한 한편이 되어 한 발 한 발 함께 가는 것이 아닐까."
지새는 안개,현진건 저,낭만성과 현실성이라는 서로 다른 세계 인식 태도가 상호 작용하면서 빚어낸 독특한 풍경이 존재하는 『지새는 안개』에서 낭만적 정체성은 현실감각과 성찰적 시선에 의해 낭만적 아이러니를 발생시키면서 형성되고 있다. 『지새는 안개』는 구애(求愛)－이별－재회의 과정을 중심으로 전개되는 연애서사로서 이 같은 플롯은 주인공이 세계와 합일하고 타락하고 회복되는 구성을 취하는 낭만주의적 서사구조에 대응한다. 『지새는 안개』에서 연애는 열정의 순수성만을 무한 복제하기보다 자기 성찰의 시선으로 그 열정을 통제함으로써 나르시시즘적인 환상과 자기 비탄에 함몰되는 것을 경계하는 윤리적 방식으로 정당성을 획득한다.
루슬란과 류드밀라,알렉산드르 푸시킨 저,"러시아 문학 대가들이 들려주는 러시아 민화의 진수 지혜와 용기가 가득한 환상의 세계와 러시아 특유의 민족적 색채 러시아 키예프를 다스리는 블라디미르 왕은 막내 류드밀라 공주를 키예프에서 제일가는 기사 루슬란에게 시집을 보낸다. 결혼 첫날 밤, 난쟁이 마법사에게 공주 류드밀라를 빼앗긴 루슬란은 류드밀라 공주를 놓고 세 기사와 경쟁하는데……. 러시아 근대 문학의 아버지인 푸시킨은 시, 소설, 동화 등 여러 장르의 작품을 창작하였는데 간결하며 아름다운 문체로 작품 속에 러시아의 역사와 자연경관, 러시아 특유의 민족적 색채를 담고 있는 것으로 이름나 있다. 루슬란과 류드밀라는 푸시킨의 위대한 서사시로, 이 책에 실린 루슬란과 류드밀라는 흥미진진한 서사시를 이야기로 꾸민 것이다. 러시아 키예프를 다스리는 블라디미르 왕은 막내 류드밀라 공주를 키예프에서 제일가는 기사 루슬란에게 시집을 보낸다. 그러다 결혼 첫날밤, 난쟁이 마법사 체르노모르에게 아내 류드밀라를 빼앗긴 루슬란은 류드밀라 공주를 놓고 세 기사와 경쟁을 하게 된다. 루슬란은 모험 도중에 동굴에서 은둔자로 살아가는 흰 수염이 무성한 노인을 조력자로 만나기도 하며, 뜻밖의 방해꾼 마녀 나이나와 괴물 머리통 등을 만나 위기를 맞기도 한다. 이렇게 예상치 못했던 기상천외한 인물들과 흥미진진한 사건들을 창조해 낸 푸시킨은 환상적인 영웅 이야기의 고전 형식을 잘 보여 주고 있다.또한 모험을 하는 과정에서 마법을 지혜롭게 사용하여 자신의 운명을 주도적으로 이끌어 가는 루슬란을 통해 진정한 용기와 사랑에 대한 메시지를 전한다."
[단편] 너의 도큐먼트,김금희 저,"앞이 잘 보이지 않아도, 한걸음씩 찬찬히 김금희의 소설은 어느덧 우리 시대의 보편이 되어버린 막막한 현실을 정직하게 응시하는 데서 출발한다. 아버지는 사업에 실패하고 집을 나가 자취를 감추었거나(「너의 도큐먼트」), 허울뿐인 베트남 참전 경험만 믿고 허황하게 사업을 벌이다 IMF에 떠밀려 좌초되거나(「장글숲을 헤쳐서 가면」), 일평생을 몸 바쳐 일했지만 정년을 채우지 못하고 회사에서 밀려나 병원 중환자실에 누워 있다(「아이들」). 그다음 세대에게도 현실은 크게 다르지 않아, 소설의 주인공들은 갓 상경해 입사한 회사를 수습기간도 채 채우지 못하고 그만두게 되거나(「우리 집에 왜 왔니」), 다단계 회사에 들어가 몇달씩 헛된 꿈을 쫓기도 하고(「아이들」), 서울의 변두리를 전전하다 회사 사무실에 임시 거처를 마련하거나(「릴리」), 고단한 일상을 견디며 철거 중인 오래된 판자촌을 지키고 있다(「집으로 돌아오는 밤」). 개인의 삶을 짓누르는 현실의 무게야 새삼스러운 것이 아니지만, 김금희의 소설이 돋보이는 점은 자신이 처한 곤경에 유난 떨지 않고 손쉽게 환상에 기대지도 않으며, 그렇다고 어정쩡하게 타협하지도 않는 차분한 균형감각이다. 「너의 도큐먼트」의 주인공은 어머니의 제안에 따라 집 나간 아버지를 찾으러 지도를 들고 시내 곳곳을 돌아다니는데, 거리거리를 계획 없이 어슬렁거리는 그 하릴없는 여정의 사이에, 옛 친구의 죽음을 전해듣고 해묵은 부채감에 친구의 집을 찾아 나서는 이야기가 나란히 놓인다. 이 탐색은 결국 아버지의 현재와 친구의 죽음 양쪽 모두와 지금의 자신 사이에 가로놓인 현실적인 거리감을 확인하는 데서 그치게 되어 있지만, 소설은 그 공백의 자리로부터 자신만의 길을 어렴풋하게 열어나가는 주인공의 성장을 담담하게 그려 보인다."
올리버 트위스트,찰스 디킨스 저,"19세기 영국 사회의 모순을 비판한 찰스 디킨스의 대표작! 고아로 태어나 암울한 현실 속에서도 순수한 영혼을 간직한 소년의 행복 찾기 19세기 영국을 대표하는 작가, 찰스 디킨스가 쓴 《올리버 트위스트》는 수없이 많은 아이들에게 감동적으로 읽히고 있다. 고아가 자신에게 닥친 모든 역경을 이겨 내고 행복한 삶을 살게 된다는 전형적인 소공녀 이야기로, 고난을 넘어서는 희망의 메시지를 전한다. 그러나 그것만으로 이 작품이 출간 이후 고전으로 불리며 인기를 얻고 있는 이유를 설명하기 어렵다. 《올리버 트위스트》는 산업 혁명에 성공하고, 대량생산으로 인한 부를 축적하며 자본주의의 안락을 누리기 시작한 19세기 영국 런던을 배경으로 한다. 찰스 디킨스는 구빈원에서 태어나고 자란 고아 소년 올리버를 통해 비참하고, 허영과 허식에 가득 차 있는 영국의 어두운 면을 신랄하게 꼬집어 말한다. 가난하고 어린 소년을 책임지고 돌봐 줘야 하는 구빈원 감독관과 빈민양육위원회 위원들, 장의사 주인 등은 자신들의 이해만 따질 뿐 불쌍한 소년에게 인간적인 배려는커녕 노동력을 착취하려고만 한다. 결국 올리버가 이들의 가혹한 학대를 견디지 못하고 탈출한 세상은 도둑과 강도, 살인이 득실거리는 런던 뒷골목의 범죄 소굴이었다. 범죄의 세계에 빠져들어 감옥에 가거나 병들어 죽어야 하는 운명 앞에서, 올리버는 제발 자신은 그런 끔찍한 일을 저지르지 않게 해달라고 기도하며 굳은 의지로 살아간다. 찰스 디킨스는 이처럼 당시 영국 사회의 어두운 면을 작품에 사실적으로 묘사함으로써 사회의 문제점을 고발하였다.또한 유혹과 음모를 뿌리치며 순수한 영혼을 지켜 내는 올리버를 통해 소외당한 많은 아이들에게 마음의 위안을 주며, 도덕적 가치의 중요성을 전하고 있다."
잿빛 기억 - 일본 중단편 고전문학,구사카 요코 저,엄선한 일본 근현대 중단편 문학의 정수! ― 열두 번째 이야기 유년기와 소녀기를 거쳐 성장해 나가는 한 여성의 모습 환상의 작가 구사카 요코 자신의 자전적 작품 그녀가 그토록 갈구했던 것은 무엇이었을까?
"우리들, 킴",황은덕 저,"""혜자야, 정식아, 수진아, 자, 여기 보세요. 하나, 둘, 셋."" 비정한 지구에 내던져진 유기된 생명체 그들이 찾아 헤맨 인생의 어떤 단서 이 세상의 습속에서 우리는 무엇을 잘못한 걸까? 한국사회의 사각지대에 놓인 아이와 엄마들의 이야기를 들여다보다 제10회 부산작가상, 제17회 부산소설문학상을 수상한 황은덕 작가의 소설집 『우리들, 킴』이 출간됐다. 황은덕 작가는 2009년에 출간된 『한국어 수업』을 통해 입양, 이민자, 소수자의 이야기를 전하며 문단의 주목을 받았다. 이번 소설집에서는 입양의 상처를 초점화한 전작과는 달리 입양을 결과하는 사회구조와 남성권력을 겨냥하는 동시에 당사자들의 능동성과 연대성을 부각시킨다. 인구가 줄어든다며 출산을 장려하면서도 입양은 가장 많이 보내는 나라. 소설집 『우리들, 킴』은 총 일곱 편의 작품 중 네 편이 입양에 할애되어 있고 나머지 세 편은 불륜과 미혼모 등의 치정문제를 다루고 있지만, 이 또한 입양서사와 포함관계를 이룬다. 표제작 「우리들, 킴」을 비롯해 「엄마들」, 「해변의 여인」 등의 작품을 통해서 입양 문제를 정면으로 마주하며 끊어진 관계를 둘러싼 복잡 미묘한 감정들을 만날 수 있다. 또한 2006년 미 플로리다 주에서 발생한 실화를 바탕으로 재구성된 「글로리아」, 흐트러져 버린 가족 관계의 조각들을 수습하는 덕순의 이야기 「열한 번째 아이」, 불안한 사회적 위치와 불완전한 관계를 통해 오늘날의 고독을 엿볼 수 있는 「불안은 영혼을,」, 사는 게 힘들었던 어느 청춘의 아픈 고백 「환대」 등 여성과 사회, 불안과 고독, 삶과 고통에 대한 가녀린 이야기들이 자리한다."
"[출근은 했는데, 퇴근을 안 했대] 사쿠라코 이야기",남세오 저,"『중력의 노래를 들어라』 남세오 작가가 선보이는 색다른 괴담 생동감 넘치는 성우들의 연기와 다채로운 음향 효과가 어우러진 공포 단편 드라마 오디오북! ""교토 근교 이와쿠라초에는 여자 아이 인형에 대한 이야기가 전해진다."" 아내의 독촉에 못 이겨 벚꽃 시즌에 일본 교토로 여행을 오게 된 철호네 가족. 뭘 해도 비싼 성수기 물가를 피할 수 없었지만 철호는 그나마 저렴한 숙소를 미리 예약해 둔 덕분에 조금 마음이 놓인다. 벚꽃 구경을 마친 뒤 어둑해진 밤이 다 되어서야 외곽에 위치한 숙소에 겨우 도착했는데, 그들을 맞이한 것은 다름 아닌 기모노 인형들이 가득 줄지어 선 기괴한 자판기였는데……. - 📌 성우들의 열연, 환상적인 BGM과 연출! 황금가지의 드라마형 오디오북 목록"
서혜정이 읽어주는 나관중의 삼국지 (중),나관중 저,"동양인의 원초적 사고와 처세의 기본이 담겨있는 삼국지. 후한 말기 조정이외척과 간신들에 의해 좌우되어 민심이 흉흉한 가운데 나라를 구하려는 지사와 호걸들이 방방곡곡에서 떨쳐 일어났다. 그중 천하를 평정하려는 세 호걸이 있었으니 바로 유비, 관우, 장비였다. 이들은 난세의간웅 조조와 강남의 손책과 더불어 천하를 쟁팽하려는 뜻을 품고 간신배의 우두머리 동탁을 타도하기에 이른다. 유비는 조조와 손책, 원술 등의 강대한 세력들의 틈바구니에서 한편으로는 의병을 규합하고 다른 한편으로는 뛰어난 자략가인 제갈량을 끌어들이려고 노력하는데... [전3권]"
싯다르타,헤르만 헤세 저,인생이라는 학교에서 젊은 싯다르타는 재산과 행복을 얻는다. 사랑의 기술을 터득하며 쾌락에 도취하기도 한다. 그러나 싯다르타는 세인들의 관심이 오직 탄생과 죽음과 재탄생의 영원한 윤회 가운데 언제나 되풀이되는 현세에 집중되어 있음을 깨닫는다. 그는 어떤 뱃사공의 제자가 되고 영원한 존재자요 생성자의 상장인 강물을 통해서 진리의 길을 발견하는데... 헤르만 헤세는 <싯다르타>에서 기독교와 불교를 융합한 신적 총체성의 귀의라는 인생의 해결책을 우리에게 제시한다.
