titles,authors,informs
시공간을 보는 열세 가지 방법,캐서린 M. 밸런트 저,"“유리감옥을 깨뜨려라!” SF 소설의 페미니즘 르네상스를 이끌어온 전 세계 여성 작가들의 주옥 같은 작품을 가려 모았다. 오늘날 SF 소설계에서 가장 인정받는 편집팀으로서 여러 상을 수상하기도 한 앤 밴더미어와 제프 밴더미어 부부가 선정하고 구성한 뛰어난 페미니즘 SF 선집이다. 1960년대 작품부터 동시대 작품까지 두루 포함하는 이 선집은 페미니즘 담론의 확장을 추구하는 동시에 상상력 넘치는 풍성한 생각거리로 독자들을 이끈다. 이 걸작선은 SF와 페미니즘의 연관관계를 보여 주는 대담한 사례들을 모았다. 조안나 러스의 고전 <그들이 돌아온다 해도>에서부터 에일린 건의 <중간관리자를 위한 안정화 전략> 같은 풍자적인 작품까지, 이 영역의 작업들이 가지는 강렬한 집중도를 드러낸다. 캐서린 M. 밸런트와 같은 주목받는 작가들과 함께 반다나 싱, 히로미 고토와 같은 전 세계 작가들의 작품을 포함한 이 선집은 페미니즘의 다양한 목소리들을 담아낸다. 이 선집은 동시대 소설과 페미니즘의 두 측면에서 새로운 전선들로 사고를 확장한다. 환상적인 작품에서 미래지향적 작품으로, 신비로운 작품에서 초현실적인 작품으로 옮겨가는 이야기들은 지금 우리가 접할 수 있는 어떤 책과도 다른 페미니즘을 향한 생각들과 감정들을 불러일으킨다. “SF 소설이 가진 남다른 정치적 힘을 보여주는 꼭 필요한, 잘 가려 뽑은 선집.” - <커커스 리뷰> “여기 수록된 이야기들은 우리가 원했던 바로 그 일을 해낸다. 진부한 설정들을 찢어발기고, 젠더와 그 함의에 의문을 던지고, 풍자와 유머와 사회적 징후와 규정들에 대한 날카로운 지적 분석을 동반한 의도적 무지를 이용하여 정체성을 들여다본다.” - 마베쉬 무라드, <토르닷컴> “지난 수십 년간 여성 SF 작가들이 이룬 가장 빛나는 성과들을 엮은 다채롭고 놀라운 선집이다.” - 앤드류 앤드류스, ‘truereviewonline.com’ “저자들은 모두 페미니스트이며 SF 소설 혁명의 자매들이다. 그러므로 그들의 역할은 가능한 세계와 존재의 방식들을 탐험하는 것이며, 그려진 시나리오들로부터 각자의 교훈을 끌어내는 것은 독자들의 몫이다.” - 에리카 스미스, <피스 뉴스> “페미니스트든 아니든 SF 소설 팬이라면 누구나 반드시 읽어야 할 필독서이며, 이런저런 여성학 관련 학습과정을 짤 때 활용할 수 있는 흥미로운 텍스트가 될 것이다.” - 다이앤 칸스, ‘worldliteraturetoday.org’ “이 매혹적인 선집은 뉴웨이브 SF와 페미니즘 사변소설계의 경향들이 어떻게 여성과 페미니즘에 관한 문화와 관점의 변화들을 반영하고 있는지 보여준다.” - 바네사 부시, <북리스트> “이 책에 실린 작품들은 모두 여성들이 세계와 맺고 있는 관계의 양상들을 탐구한다. 이 작품들은 사회적 역할과 성역할, 성별, 연애 관계, 일과의 관계에 주목한다.” - 일레인 갤러퍼, <인터존> “이 책은 우리 모두가 연루돼 있는 장르와 젠더, 문화와 맥락에 관한 논의에서 빠질 수 없는 강력하고도 귀중한 선집이다.” - 캐리 스페링, <스트레인지호라이즌닷컴> “밴더미어 부부가 페미니즘 면에서든 다른 어떤 면에서든 근래 들어 최고의 SF 선집이라 할 만한 걸 엮어냈다.” - 일리저베스 핸드, <로스앤젤레스 타임즈> “주제에 맞게 배열된 작품들은 각각의 작품을 가장 선명하게 조명해내는 도발적이고 극적인 배치를 통해 서로 흘러들고 또 서로 반발한다.” - 《퍼블리셔스 위클리》 “편집자들은 이 선집을 얻기 위해 넓게 멀리까지 작품들을 뒤졌다. 다양한 SF의 향연. 장르와 정치적 성향을 떠나 이 책은 훌륭한 선집이다.” - 키스 브룩, 《가디언》 “이 ‘고도로 잘 정돈된’ 페미니즘 SF 선집에는 분명하게 밴더미어 부부의 도장이 찍혀 있다. 이 선집은 호러와 판타지를 포함한 사변소설의 모든 장르를 아우를 뿐만 아니라 이런 주제의 선집에 대한 모두의 기대를 뛰어넘으며 상당한 분량의 초현실적이고 기괴한 작품들까지 선보인다.” - 귀네스 존스, 《뉴욕 SF 리뷰》"
[요약] 안나 카레니나,레프 톨스토이 저,"〈전쟁과 평화〉, 〈부활〉과 함께 톨스토이의 3대 걸작 가운데 하나로 손꼽힌다. 1870년대 러시아 귀족사회의 양상을 묘사한 일종의 사회소설적 성격을 띤 작품이다. 개인의 행복보다 가문의 명예를 더 중시하는 귀족사회의 위선적인 모습을 그린 이야기다. 톨스토이는 19세기 러시아 귀족계급의 여러 형태의 결혼생활을 통해 결혼과 가족의 문제, 귀족 계급의 도덕문제, 신흥 부르주아의 대두에 따른 귀족의 몰락, 형식에만 사로잡혀 있는 교회, 세르비아 전쟁을 둘러싼 이웃 사랑과 애국심의 문제의 심각성을 폭로한다."
내 플란넬 속옷,레오노라 캐링턴 저,"“유리감옥을 깨뜨려라!” SF 소설의 페미니즘 르네상스를 이끌어온 전 세계 여성 작가들의 주옥 같은 작품을 가려 모았다. 오늘날 SF 소설계에서 가장 인정받는 편집팀으로서 여러 상을 수상하기도 한 앤 밴더미어와 제프 밴더미어 부부가 선정하고 구성한 뛰어난 페미니즘 SF 선집이다. 1960년대 작품부터 동시대 작품까지 두루 포함하는 이 선집은 페미니즘 담론의 확장을 추구하는 동시에 상상력 넘치는 풍성한 생각거리로 독자들을 이끈다. 이 걸작선은 SF와 페미니즘의 연관관계를 보여 주는 대담한 사례들을 모았다. 조안나 러스의 고전 <그들이 돌아온다 해도>에서부터 에일린 건의 <중간관리자를 위한 안정화 전략> 같은 풍자적인 작품까지, 이 영역의 작업들이 가지는 강렬한 집중도를 드러낸다. 캐서린 M. 밸런트와 같은 주목받는 작가들과 함께 반다나 싱, 히로미 고토와 같은 전 세계 작가들의 작품을 포함한 이 선집은 페미니즘의 다양한 목소리들을 담아낸다. 이 선집은 동시대 소설과 페미니즘의 두 측면에서 새로운 전선들로 사고를 확장한다. 환상적인 작품에서 미래지향적 작품으로, 신비로운 작품에서 초현실적인 작품으로 옮겨가는 이야기들은 지금 우리가 접할 수 있는 어떤 책과도 다른 페미니즘을 향한 생각들과 감정들을 불러일으킨다. “SF 소설이 가진 남다른 정치적 힘을 보여주는 꼭 필요한, 잘 가려 뽑은 선집.” - <커커스 리뷰> “여기 수록된 이야기들은 우리가 원했던 바로 그 일을 해낸다. 진부한 설정들을 찢어발기고, 젠더와 그 함의에 의문을 던지고, 풍자와 유머와 사회적 징후와 규정들에 대한 날카로운 지적 분석을 동반한 의도적 무지를 이용하여 정체성을 들여다본다.” - 마베쉬 무라드, <토르닷컴> “지난 수십 년간 여성 SF 작가들이 이룬 가장 빛나는 성과들을 엮은 다채롭고 놀라운 선집이다.” - 앤드류 앤드류스, ‘truereviewonline.com’ “저자들은 모두 페미니스트이며 SF 소설 혁명의 자매들이다. 그러므로 그들의 역할은 가능한 세계와 존재의 방식들을 탐험하는 것이며, 그려진 시나리오들로부터 각자의 교훈을 끌어내는 것은 독자들의 몫이다.” - 에리카 스미스, <피스 뉴스> “페미니스트든 아니든 SF 소설 팬이라면 누구나 반드시 읽어야 할 필독서이며, 이런저런 여성학 관련 학습과정을 짤 때 활용할 수 있는 흥미로운 텍스트가 될 것이다.” - 다이앤 칸스, ‘worldliteraturetoday.org’ “이 매혹적인 선집은 뉴웨이브 SF와 페미니즘 사변소설계의 경향들이 어떻게 여성과 페미니즘에 관한 문화와 관점의 변화들을 반영하고 있는지 보여준다.” - 바네사 부시, <북리스트> “이 책에 실린 작품들은 모두 여성들이 세계와 맺고 있는 관계의 양상들을 탐구한다. 이 작품들은 사회적 역할과 성역할, 성별, 연애 관계, 일과의 관계에 주목한다.” - 일레인 갤러퍼, <인터존> “이 책은 우리 모두가 연루돼 있는 장르와 젠더, 문화와 맥락에 관한 논의에서 빠질 수 없는 강력하고도 귀중한 선집이다.” - 캐리 스페링, <스트레인지호라이즌닷컴> “밴더미어 부부가 페미니즘 면에서든 다른 어떤 면에서든 근래 들어 최고의 SF 선집이라 할 만한 걸 엮어냈다.” - 일리저베스 핸드, <로스앤젤레스 타임즈> “주제에 맞게 배열된 작품들은 각각의 작품을 가장 선명하게 조명해내는 도발적이고 극적인 배치를 통해 서로 흘러들고 또 서로 반발한다.” - 《퍼블리셔스 위클리》 “편집자들은 이 선집을 얻기 위해 넓게 멀리까지 작품들을 뒤졌다. 다양한 SF의 향연. 장르와 정치적 성향을 떠나 이 책은 훌륭한 선집이다.” - 키스 브룩, 《가디언》 “이 ‘고도로 잘 정돈된’ 페미니즘 SF 선집에는 분명하게 밴더미어 부부의 도장이 찍혀 있다. 이 선집은 호러와 판타지를 포함한 사변소설의 모든 장르를 아우를 뿐만 아니라 이런 주제의 선집에 대한 모두의 기대를 뛰어넘으며 상당한 분량의 초현실적이고 기괴한 작품들까지 선보인다.” - 귀네스 존스, 《뉴욕 SF 리뷰》"
마술 가게 (세계환상문학걸작선 제1권),허버트 조지 웰스 저,"사랑스러운 아들과 함께 들어간 마술 가게에서 벌어지는 환상적인 사건을 다룬다. 평소라면 가지 않았을 가게였다. 그날은 창가의 장난감들이 아들의 관심을 끌었고 함께 안으로 들어간다. 그곳은 보통의 가게가 아니었다. ‘진짜 마술 가게’. 아들이 마술로 사라지고, 아버지는 악몽을 꾸다가 다시 깨어나는 신비한 경험을 하게 된다. 마술을 대하는 아들과 아버지의 서로 다른 반응이 흥미롭다."
북극 허풍담 1,요른 릴 저,"* 이 오디오북은 한국출판문화산업진흥원(KPIPA)의 ‘2022년 오디오북 제작 지원’ 사업 선정작입니다. “그런데 이 이야기는, 처음부터 끝까지 전부 사실이야” 어른들의 안데르센, 요른 릴 대표 소설 『북극 허풍담』 북극의 괴짜들이 ‘아랫것들’에게 전하는 혹독한 위트! 전화기는 꿈도 꿀 수 없고, 이웃집에 가려면 개 썰매를 몰고 며칠을 이동해야 하는 고립의 공간, 북극. 겨울이면 해가 뜨지 않는 긴 밤이 시작되고, 눈보라와 혹독한 추위를 일상처럼 겪어야 한다. 스마트폰과 와이파이, 안온한 도시 생활에 익숙한 독자들에게는 영 생경한 공간이다. 그러나 『북극 허풍담』 시리즈는 북극이라는 공간을 선명하게 상상하도록 하고, 북극 사냥꾼들의 자유로운 일상을 꿈꾸도록 만든다. 이것이야말로 문학이 할 수 있는 가장 근사한 일이리라. 경이로운 대자연과 홀가분한 생활을 찾아 북극에 온 사냥꾼들은 거친 기후와 고립감을 유쾌하게 격파하며 매일매일을 비범한 에피소드로 채워간다. 『북극 허풍담』 속 삶을 진정으로 즐기는 사냥꾼들 이야기는, 문명 세계에서 온갖 기계와 콘크리트 건물에 둘러싸여 살아가는 우리에게 일상의 해독제이자 활력소가 되어줄 것이다."
실종 전문 탐정 전일도 시리즈 합본(전 5편),한켠 저,"""누구든 무엇이든 찾아 드리는 실종 전문 탐정 전일도입니다!"" 무엇이든 누구든 찾아주는 20대 생계형 여성 탐정 전일도의 대표 활약이 담긴 오디오북을 한꺼번에 만나다! 서다혜, 김가령, 석승훈, 윤은서, 류승곤, 이다은, 이은조 성우의 생동감 넘치는 연기와 다채로운 음향 효과가 어우러진 드라마형 오디오북 5종 합본 출시! 1. 스파게티의 이름으로, 라멘 ""자긴 사실 스파게티교도래요. 그 종교에서는 신도를 '파스타파리안'이라고 한대요."" 결혼하라는 주변의 압박과 경제적 사정으로 계약결혼이란 황당한 아이디어를 떠올린 남자의 앞에 나타난 교포2세 스테파니 황. 그녀가 내건 계약결혼의 조건은 '날아다니는 스파게티 괴물교' 교도인 자신의 종교를 존중해 달라는 것이었다. 기묘하고도 행복한 신혼 생활이 이어지던 어느 날 스테파니 황이 갑자기 종적을 감추고, 남자는 가업을 물려받은 20대 초반의 고졸 비혼 여성 탐정 전일도에게 아내의 실종 사건을 의뢰한다. 2. 나의 비혼식 ""갑자기 그동안 냈던 축의금이 아까운 거예요."" 비혼을 결심하고 축의금을 돌려받으러 다니는 의뢰인이 탐정 전일도에게 동행을 요청한다. 탐정의 자존심에 이런 심부름센터 같은 일은 맡고 싶지 않았지만, 돈이 궁해서 어쩔 수 없다. 유능한 탐정에게 조수가 필요하다는 건 탐정소설의 진리이기에, 이번 여정에는 특별히 전일도의 쌍둥이 오빠 '전가정'이 그녀의 조수로 동행하기로 한다. 그런데 이 오빠, 어째 업무보다 의뢰인에게 더 관심이 있는 것 같다. 3. 하나 안 하나 ""좋은 대학 가는 나는 엄마 아빠가 좋아하는 나고, 웹소설 쓰는 나는 내가 좋아하는 나야."" 전일도는 어느 고3 학부모로부터 돈만 받고 잠적해 버린 대입 컨설턴트를 찾아 달라는 의뢰를 받는다. 그러나 정작 의뢰인의 딸은 컨설턴트 선생님을 안 찾으면 안 되냐며 전일도의 수사를 미묘하게 방해한다. 입시 성적보다는 자신의 흥미와 관심사로 진로를 결정하고 싶었던 10대 수험생 안하나의 좌충우돌 성장기. 4. 귀신이 보여요 ""저는요, 귀신이 보여요. 같이 다니면서 귀신이랑 대화할 용기를 주세요."" 회사에서 일하다가 사고사나 과로사로 죽어 이승을 떠도는 귀신들이 자신에게 억울함을 호소한다며 전일도를 찾아온 동갑내기 의뢰인 남은정. 전일도와 의뢰인은 곳곳의 지박령을 찾아다니며 그들의 사연을 들어주기 시작한다. 사회적 죽음으로 내몰린 이들을 위로하는 한 편의 뭉클한 로드무비 같은 여정이 펼쳐진다. 5. 뱀파이어 웨딩 ""나 사람을 사랑해요. 나 너를 사랑해."" 결혼을 앞두고 갑자기 회사에 무단결근한 여직원을 찾아 달라는 상사의 의뢰를 받은 전일도. 실종된 직원의 예비신부를 찾아내 행방에 대해 이야기를 나누던 중, 전일도는 실종자의 깜짝 놀랄 만한 정체를 알게 된다. 동성혼이라는 주제를 뱀파이어라는 이종족에 빗대어 사려 깊게 그려 낸 단편. - 📌 성우들의 열연, 환상적인 BGM과 연출! 황금가지의 드라마형 오디오북 목록 📕 <탐정 전일도 사건집> 원작 도서 정보 📘 <탐정도 보험이 되나요?> 원작 도서 정보"
마인1,김내성 저,"이 소설은 한국문학에 있어서 추리소설의 개척자라고 할 수 있는 소설가 김내성의 장편 추리소설로 생전에 발표했던 유작 탐정소설 중에서 대표작으로 잡지 및 신문 등에 기고하였던 여러 편의 글 중에서 가장 유명했던 작품의 효시인 추리소설 ‘마인(魔人)’ 작품입니다. 김내성은 일련의 추리소설 작가로 다수 작품을 출간하였으며, 탐정소설의 제 1인자로 초창기 추리소설의 기틀을 확고히 다진 인물로, 1967년에는 영화로도 한형모 감독에 의해 만들어진 바 있으며 한국 최초의 탐정영화라고 볼 수 있습니다. 내용은 세계적 무희 공작부인을 에워싸고 일어나는 사건을 유불란이라는 탐정이 거침없이 해결해 전개해 나가는 이야기입니다. 본문 내용 글귀들은 원문에 따라 지금과 상이한 문법이 다수입니다."
"벽헐검, Part 1 (碧血劍 1) (중국어)",JinYong (김용) 저,"Ming 왕조 말 나라는 혼란에 빠졌고 사람들은 위기에 처한다. 유명한 장군 Yuan Chengzhi가 Chongzhen 황제에 의해 억울하게 처형된다. 그의 아들인 Yuan Chenzhi는 아버지의 죽음에 복수하기 위해 전설적인 무술인 Mu Renqing의 제자가 된다. 후아산에서 그는 Golden Serpent Sword와 한때 Golden Serpent Gentleman에 속했던 무술 비법서를 발견한다. 후아산을 떠난 후, Yuan Chengzhi는 이상하고 흥미로운 처녀인 Wen Qingqing을 만난다. 그들의 여행 중에 연인 관계가 되고 Yuan Chengzhi는 우수한 무술로 많은 무술가를 압도하고 논란을 잠재운다. 그는 위대한 무술과 성실함으로 무술 영웅들로부터 존경을 받고 일곱 주의 지도자로 환영받는다."
