titles,authors,informs
오언 윈그레이브 (세계환상문학걸작선 제1권),헨리 제임스 저,"처음에는 평화주의자에 대한 작품인 듯 보인다. 그러다가 나중에야 옛 가치와 유령에 대한 이야기임을 알게 된다. 사관학교 준비기관의 우수 생도인 오언 윈그레이브는 폭력이 유발하는 헤아릴 수 없는 비극을 견딜 수 없다며 어느 날 불현듯 자퇴를 선언한다. 교관은 오언을 만류하기 위해 그의 집을 찾아가고 그로부터 그 집안의 내력을 듣게 된다. 전쟁과 폭력으로 세워진 제국, 영국의 계급 구조와 귀족의 전통은 이미 이때부터 무너지고 있었다."
마작 살인사건 - 세계 미스터리 고전문학,운노 주자 저,세계 유명 작가들의 미스터리 고전을 엄선하여 소개하는 시리즈의 마흔 번째 작품! 당대 일본 최고의 명탐정이라 불리는 호무라 소로쿠. 그 호무라가 눈앞에서 벌어진 살인사건의 범인을 놓치고 만다. 청년 탐정은 그 치욕을 어떻게 씻을 것인가?
호박 파이프 - 세계 미스터리 고전문학,고가 사부로 저,"세계 유명 작가들의 미스터리 고전을 엄선하여 소개하는 시리즈의 열두 번째 작품! 관동대진재 후 폐허가 되어버린 도쿄에서 일어난 화재. 그 화재현장에서 발견된 시체. 자칭 신문기자라며 이 사건을 파헤치고 다니는 마쓰모토의 정체는? 《출판사서평》 추리의 세계는 언제나 흥미진진하다. 공상의 세계 역시 흥미진진하기는 하지만 그것은 현실과 상관없이 펼쳐지기도 한다. 고립된 독방에서도 너른 세상의 수많은 사람들과 다채로운 일들을 떠올리게 해주는 것이 공상이다. 물론 이것도 개인의 경험을 바탕으로 펼쳐지기는 하지만 거기에 논리성 같은 것은 필요 없어서 이 사건이 저 사건과 하나가 되기도 하고 한 사건이 전혀 연관성 없는 다른 세계로 펼쳐지기도 한다. 하지만 추리는 언제나 현실에 기반을 두고 있다. 하나의 사건 속에서 벌어진 일들은 서로가 밀접한 관계를 맺고 있으나 주의해서 잘 관찰하지 않으면 아무런 관계가 없이 벌어진 일처럼 보이기도 한다. 그렇기 때문에 추리에서는 세심한 관찰과 풍부한 지식이 무엇보다 중요한데, 관찰에서 놓치는 부분이 있으면 결론에 이르기까지의 연결고리가 끊어져 결론에 이르지 못하거나 억측을 낳아 전혀 엉뚱한 곳에 다다르게 되고, 풍부한 지식이 없으면 관찰을 통해 밝혀낸 사실들의 참된 의미를 알지 못해 결정적인 사항을 놓치거나 역시 엉뚱한 결론에 다다르게 되기 때문이다. 따라서 추리에는 관찰과 지식, 그리고 논리성이 절대적이다. 이번 시리즈에서는 세계적 명성을 얻은 작가들의 추리소설을 소개하겠다. 그들이 펼쳐 보이는 화려한 추리의 세계를 통해 재미와 함께, 정확한 추리를 위해서는 무엇을 관찰해야 하는지 또 관찰을 통해 얻은 사실은 무엇을 의미하는지 그러한 사실들을 어떻게 논리적으로 연결 지어야 하는지, 그 과정을 배워보기 바란다."
쇼센 전차의 사격수 - 세계 미스터리 고전문학,운노 주자 저,"세계 유명 작가들의 미스터리 고전을 엄선하여 소개하는 시리즈의 마흔네 번째 작품! 늦더위가 기승을 부리던 어느 날 달리던 전차 안에서 아름다운 소녀가 저격당한다 이후, 전차 안에서 연속적으로 벌어지는 저격사건 아름다운 여성들만 노리고 쏘는 쇼센 전차의 사격수는 누구인가?"
결혼하지 말걸 그랬어 2,유춘강 저,"KBS 슈퍼탤런트 1기 배우 김시연 낭독, 소리로 듣는 한편의 드라마! ‘가족설명서가 필요해’ 사십이 넘어서부터 ‘나’는 모든 사물과 대화를 하는 버릇이 생겼다. 심지어 생선의 머리를 자르고 토막을 치면서도 말한다. ‘미안해, 정말 미안해. 내 본의는 아니다. 다음엔 생선으로 태어나지 말고 생선가게 주인으로 태어나라.’ 세탁기와 냉장고에게도 말한다. ‘ 너무 부려먹어서 미안해’ 라고. ‘너는 예뻐서 좋겠다. 하지만 잊지 마. 화무십일홍’이라고 꽃에게도 말을 걸고, ‘너는 남의 옷만 걸치고 있어서 어쩌니’ 라며 옷걸이에게도 말을 건다. 그렇지 않으면 나는 하루 종일 입도 뻥끗 못하니 말이다. 그야말로 인생 후반기에 묵언수행의 나날이다. 그런 나에게 갑작스런 암 선고와 시어머니의 치매로도 모자라 수련의 과정을 하고 있는 큰 딸 가을은 날라리 뽕짝 록 가수와 결혼을 전제로 사귄다. 그야말로 ‘나’의 인생에 쓰나미가 덮친 셈이다. 드디어 그 어느 때 보다도 인생의 매뉴얼, 가족관계설명서가 필요한 시점이 된 것이다."
결혼하지 말걸 그랬어 5,유춘강 저,"KBS 슈퍼탤런트 1기 배우 김시연 낭독, 소리로 듣는 한편의 드라마! ‘가족설명서가 필요해’ 사십이 넘어서부터 ‘나’는 모든 사물과 대화를 하는 버릇이 생겼다. 심지어 생선의 머리를 자르고 토막을 치면서도 말한다. ‘미안해, 정말 미안해. 내 본의는 아니다. 다음엔 생선으로 태어나지 말고 생선가게 주인으로 태어나라.’ 세탁기와 냉장고에게도 말한다. ‘ 너무 부려먹어서 미안해’ 라고. ‘너는 예뻐서 좋겠다. 하지만 잊지 마. 화무십일홍’이라고 꽃에게도 말을 걸고, ‘너는 남의 옷만 걸치고 있어서 어쩌니’ 라며 옷걸이에게도 말을 건다. 그렇지 않으면 나는 하루 종일 입도 뻥끗 못하니 말이다. 그야말로 인생 후반기에 묵언수행의 나날이다. 그런 나에게 갑작스런 암 선고와 시어머니의 치매로도 모자라 수련의 과정을 하고 있는 큰 딸 가을은 날라리 뽕짝 록 가수와 결혼을 전제로 사귄다. 그야말로 ‘나’의 인생에 쓰나미가 덮친 셈이다. 드디어 그 어느 때 보다도 인생의 매뉴얼, 가족관계설명서가 필요한 시점이 된 것이다."
감색 종이풍선 - 세계 미스터리 고전문학,운노 주자 저,"세계 유명 작가들의 미스터리 고전을 엄선하여 소개하는 시리즈의 쉰한 번째 작품! 병원에서 고가의 라듐이 사라진 날, 한 사내가 상습절도범으로 경찰에 체포됐다. 형기를 마치고 출소한 그는 자신이 형무소에서 은밀하게 반출한 물건을 찾는데… 그가 반출한 물건은 무엇일까? 그 물건의 행방은?"
[단편] 집이 넓어지고 있어,최정화 저,2012년 단편소설 「팜비치」로 창비신인소설상을 수상하며 작품활동을 시작한 최정화의 첫 소설집 『지극히 내성적인』이 출간되었다. 일상 속의 균열과 파동을 예민하게 감지하는 작가 최정화가 등단 이래 활발한 활동으로 쌓아온 열편의 소설이 묶였다. 온전해 보이는 세계 안에 스며 있는 불안의 기미를 내성적인 사람들의 민감한 시선으로 날렵하게 포착해내면서도 유머를 잃지 않는 자세가 야무지고 미덥다. “독자들이 ‘최정화’라는 이름을 특별한 소설가의 이름으로 기억하리라”는 등단 당시의 심사평이 무색하지 않을 만큼 그녀의 첫 책은 독자들에게 각별하고 매력적으로 다가올 것이다.
어떤 개 이야기,마크 트웨인 저,미국소설의 대표작가 마크 트웨인의 해학과 위트가 넘치는 작품이다.
[요약] 추월색,최찬식 저,"1912년 회동서관에서 발행된 최찬식의 신소설. 조선은 물론 일본?중국?영국 등의 광범위한 지역을 무대로 하여, 정치적으로 혼란했던 과도기적 시대상황을 배경으로 청춘남녀의 기구한 애정 이야기를 그려낸 작품으로, 당시의 신소설 중에서 가장 애독된 작품의 하나이다."
덫에 걸린 사람 - 세계 미스터리 고전문학,고가 사부로 저,"세계 유명 작가들의 미스터리 고전을 엄선하여 소개하는 시리즈의 스무 번째 작품! 극심한 가난에 시달리다 고리대금업자에게 돈을 빌린 도모키. 독촉에 시달리다 연말을 맞아 돈을 마련하기 위해 집을 나선 아내 노부코. 도모키와 노부코는 각자가 따로 고리대금업자 살해를 결심한다. 《출판사서평》 추리의 세계는 언제나 흥미진진하다. 공상의 세계 역시 흥미진진하기는 하지만 그것은 현실과 상관없이 펼쳐지기도 한다. 고립된 독방에서도 너른 세상의 수많은 사람들과 다채로운 일들을 떠올리게 해주는 것이 공상이다. 물론 이것도 개인의 경험을 바탕으로 펼쳐지기는 하지만 거기에 논리성 같은 것은 필요 없어서 이 사건이 저 사건과 하나가 되기도 하고 한 사건이 전혀 연관성 없는 다른 세계로 펼쳐지기도 한다. 하지만 추리는 언제나 현실에 기반을 두고 있다. 하나의 사건 속에서 벌어진 일들은 서로가 밀접한 관계를 맺고 있으나 주의해서 잘 관찰하지 않으면 아무런 관계가 없이 벌어진 일처럼 보이기도 한다. 그렇기 때문에 추리에서는 세심한 관찰과 풍부한 지식이 무엇보다 중요한데, 관찰에서 놓치는 부분이 있으면 결론에 이르기까지의 연결고리가 끊어져 결론에 이르지 못하거나 억측을 낳아 전혀 엉뚱한 곳에 다다르게 되고, 풍부한 지식이 없으면 관찰을 통해 밝혀낸 사실들의 참된 의미를 알지 못해 결정적인 사항을 놓치거나 역시 엉뚱한 결론에 다다르게 되기 때문이다. 따라서 추리에는 관찰과 지식, 그리고 논리성이 절대적이다. 이번 시리즈에서는 세계적 명성을 얻은 작가들의 추리소설을 소개하겠다. 그들이 펼쳐 보이는 화려한 추리의 세계를 통해 재미와 함께, 정확한 추리를 위해서는 무엇을 관찰해야 하는지 또 관찰을 통해 얻은 사실은 무엇을 의미하는지 그러한 사실들을 어떻게 논리적으로 연결 지어야 하는지, 그 과정을 배워보기 바란다."
[증명된 사실] 연약한 두 오목면,이산화 저,"이산화가 이산화임을 스스로 증명하는 압도적 경이로움의 연속! 지금 한국에서 가장 촉망받는 SF 작가 이산화 첫 번째 소설집 과학적 엄밀함으로 철저히 중무장하고 있으면서도, 기독교적 전설은 물론 세계의 신화들을 자유자재로 끌어와 이야기로 엮어내는 우리의 일상에 압도적 경이로움을 주는 소설집! 학위 취득 후 마땅한 일자리를 찾지 못한 물리학 박사 이남민. 주인공 이남민은 구인 사이트를 전전하다 최종 면접까지 합격한 유일한 연구소로 간다. 그런데 문제의 연구소는 깊은 산속에서 ‘영혼과 사후세계’를 연구한다는 곳. 도대체 영혼과 사후세계에 대한 연구에 물리학자가 왜 필요한 걸까? 하지만 연구소는 뜻밖에 을씨년스럽거나 괴상하지도, 귀신의 집 같지도 않은 제대로 된 과학 연구소의 분위기를 풍기는데, 연구소에서 과학자에게 요구하는 일은 사후의 세계를 물리적으로 ‘증명’하라는 것. 보태서 연구소는 신기가 있는, 영혼을 볼 수 있는 소녀를 이남민 박사에게 동료로 붙여주며 영혼에 대한 증명은 끝났으니, 이제 ‘사후 세계의 존재’를 증명하라고 한다. 그리고 각종 측정 장비를 동원해, 영혼이 나타나는 곳들을 찾아 다니며 고군분투하던 이남민 박사는 마침내 결국 누구나 알고 있지만 아무도 생각하지 못했던 방식으로 사후의 세계를 증명해내고 마는데…. 꼼꼼한 논리와 치밀한 구성 끝에, 단 한 문장으로 정리된 결론을 통해 독자들을 경이로움과 충격으로 몰고 가는, 제5회 SF어워드 중단편 부문 우수상 수상작 <증명된 사실>을 비롯해 소설집은 지금 왜 작가 이산화가 한국에서 가장 촉망받는 SF 작가인지를 스스로 증명한다."
난파선,스티븐 크레인 저,"세계대표명작을 엄선하여 줄거리, 주제등을  성우의 목소리로 들려주는 세계 명작  보물창고!  오디오북을 통해 세계 대표명작을 만나 보세요."
프랑켄슈타인,마리 셀리 저,"세계대표명작을 엄선하여 줄거리, 주제등을  성우의 목소리로 들려주는 세계 명작  보물창고!  오디오북을 통해 세계 대표명작을 만나 보세요."
아이스맨 코메스,유진 오닐 저,"세계대표명작을 엄선하여 줄거리, 주제등을  성우의 목소리로 들려주는 세계 명작  보물창고!  오디오북을 통해 세계 대표명작을 만나 보세요."
정복되지 않는 자들,윌리엄 포크너 저,"세계대표명작을 엄선하여 줄거리, 주제등을  성우의 목소리로 들려주는 세계 명작  보물창고!  오디오북을 통해 세계 대표명작을 만나 보세요."
숲 속의 죽음,셔우드 앤더슨 저,"세계대표명작을 엄선하여 줄거리, 주제등을  성우의 목소리로 들려주는 세계 명작  보물창고!  오디오북을 통해 세계 대표명작을 만나 보세요."
배스커빌의 사냥개,아서 코난도일 저,"세계대표명작을 엄선하여 줄거리, 주제등을  성우의 목소리로 들려주는 세계 명작  보물창고!  오디오북을 통해 세계 대표명작을 만나 보세요."
매기,스티븐 크레인 저,"세계대표명작을 엄선하여 줄거리, 주제등을  성우의 목소리로 들려주는 세계 명작  보물창고!  오디오북을 통해 세계 대표명작을 만나 보세요."
엠마,제인 오스틴 저,"세계대표명작을 엄선하여 줄거리, 주제등을  성우의 목소리로 들려주는 세계 명작  보물창고!  오디오북을 통해 세계 대표명작을 만나 보세요."
걸리버 여행기,조나단 스위프트 저,"세계대표명작을 엄선하여 줄거리, 주제등을  성우의 목소리로 들려주는 세계 명작  보물창고!  오디오북을 통해 세계 대표명작을 만나 보세요."
기쁨의 집,이디스 워튼 저,"세계대표명작을 엄선하여 줄거리, 주제등을  성우의 목소리로 들려주는 세계 명작  보물창고!  오디오북을 통해 세계 대표명작을 만나 보세요."
햄릿,윌리엄 셰익스피어 저,"세계대표명작을 엄선하여 줄거리, 주제등을  성우의 목소리로 들려주는 세계 명작  보물창고!  오디오북을 통해 세계 대표명작을 만나 보세요."
캐스터브리지의 시장,토마스 하디 저,"세계대표명작을 엄선하여 줄거리, 주제등을  성우의 목소리로 들려주는 세계 명작  보물창고!  오디오북을 통해 세계 대표명작을 만나 보세요."
크리스마스 선물,오 헨리 저,"세계대표명작을 엄선하여 줄거리, 주제등을  성우의 목소리로 들려주는 세계 명작  보물창고!  오디오북을 통해 세계 대표명작을 만나 보세요."
아울 크리크 다리에서 생긴 일,앰브로스 비어스 저,"세계대표명작을 엄선하여 줄거리, 주제등을  성우의 목소리로 들려주는 세계 명작  보물창고!  오디오북을 통해 세계 대표명작을 만나 보세요."
크리스마스 캐럴,찰스 디킨즈 저,"세계대표명작을 엄선하여 줄거리, 주제등을  성우의 목소리로 들려주는 세계 명작  보물창고!  오디오북을 통해 세계 대표명작을 만나 보세요."
메인 스트리트,싱클레어 루이스 저,"세계대표명작을 엄선하여 줄거리, 주제등을  성우의 목소리로 들려주는 세계 명작  보물창고!  오디오북을 통해 세계 대표명작을 만나 보세요."
[단편] 야행(夜行),황정은 저,"한국문학에서 황정은은 지금 평단과 독자들이 가장 주목하는 젊은 작가 중 하나다. 그는 첫 소설집 『일곱시 삼십이분 코끼리열차』에서 독특한 상상력과 더불어 현실과 환상의 절묘한 결합으로 그 개성을 인정받았고, 첫 장편 『百의 그림자』로 단숨에 한국일보문학상을 수상하며 ‘고도의 윤리성을 바탕으로 새롭고도 완성도 높은 소설미학을 구축했다’는 고평을 받았다. 그의 발표작들은 사회정치적 관심과 소설적 미학이 성공적으로 합치된 사례로 즐겨 거론되며, 편편이 소재와 소설적 관심에서 다양하고 의미 깊은 변화를 보이며 눈 밝은 독자들을 사로잡아왔다. 그런 9편의 단편이 묶인 이번 소설집 『파씨의 입문』은 그가 받는 주목이 합당함을, 나아가 그가 2010년대 한국소설을 이끌어갈 유력한 작가임을 확인해주는 증거다."
눈물을 마시는 새 1장 - 구출대,이영도 저,"수백만 독자가 열광한 이영도 작가 최고의 걸작 판타지를 귀로 읽는다 모든 텍스트를 빠짐없이 완독한 <눈물을 마시는 새> 오디오북 제1장 무료 공개! 오디오북 역사상 최대 제작비와 1년여의 제작 기간 권도일, 곽윤상, 사문영, 최승훈, 이동훈, 최낙윤 성우 등 21명의 호화 성우진 극의 몰입감을 높이는 다채로운 OST와 BGM까지 러닝타임 약 62시간에 달하는 혁명적인 초대형 오디오북 시리즈 정식 론칭! 【드래곤 라자 출간 10주년 기념작 '그림자 자국' 오디오북】 【눈물을 마시는 새 원작 소설 연재 보러 가기】 ● 오디오북 출간본은 스크립트가 제공되지 않습니다.(연재 한정 서비스) - 📌 성우들의 열연, 환상적인 BGM과 연출! 황금가지의 드라마형 오디오북 목록 [애거서 크리스티 추리 베스트 12] 그리고 아무도 없었다 오리엔트 특급 살인사건 나일 강의 죽음 커튼 애크로이드 살인 사건 스타일스 저택의 괴사건 서재의 시체 살인을 예고합니다 비뚤어진 집 다섯 마리 아기 돼지 ABC 살인사건 0시를 향하여 [이영도 판타지 시리즈] 그림자 자국 눈물을 마시는 새 오버 더 호라이즌 오버 더 네뷸러 오버 더 미스트 오버 더 초이스 에소릴의 드래곤 [하지은 작가 대표작] 얼음나무 숲 [공포 단편 오디오북] 증명된 사실 검은 책 홍수 심해어 공포의 ASMR 나 홀로 숨바꼭질 인형괴담 귀신보다 무서운"
[요약] 크리스마스 캐롤,찰스 디킨스 저,"19세기 영국의 대표작가 찰스 디킨스가 1843년 크리스마스 발표한 동화로, 구두쇠 스크루지가 크리스마스의 유령을 만나 자신의 과거, 현재, 미래의 모습을 보면서, 진정한 크리스마스의 정신을 깨닫게 된다는 이야기로, 출간부터 지금까지 전세계적으로 꾸준히 사랑받고 있다."
해시의 신루 1권,윤이수 저,"""구르미 그린 달빛"" 작가 윤이수가 내놓은 또 하나의 역사 판타지 로맨스! 네이버 웹소설 누적 조회 5천만회, 평점 9.98점의 베스트셀러! 15세기 조선. 이곳에 운명을 거부하고 도망치는 여인, '해루'가 있다. 미래를 예언하는 신비한 능력은 그녀에게 독일 뿐. 어느 날, 그녀 앞에 천하 제일 길치에 공갈을 일삼는 해괴한 사내가 나타나는데. 그의 정체는 조선 최고의 천재 군주라 불리는 '이향'이다. 별이 가득한 밤하늘을 사랑하고 동경하는 그와, 자신의 운명에 기꺼이 맞서는 그녀. 두 사람의 시간이 맞닿아 돌아가기 시작한다. ✔ 네이버 시리즈에서 원작보기"
[단편] 아이들,김금희 저,"앞이 잘 보이지 않아도, 한걸음씩 찬찬히 김금희의 소설은 어느덧 우리 시대의 보편이 되어버린 막막한 현실을 정직하게 응시하는 데서 출발한다. 아버지는 사업에 실패하고 집을 나가 자취를 감추었거나(「너의 도큐먼트」), 허울뿐인 베트남 참전 경험만 믿고 허황하게 사업을 벌이다 IMF에 떠밀려 좌초되거나(「장글숲을 헤쳐서 가면」), 일평생을 몸 바쳐 일했지만 정년을 채우지 못하고 회사에서 밀려나 병원 중환자실에 누워 있다(「아이들」). 그다음 세대에게도 현실은 크게 다르지 않아, 소설의 주인공들은 갓 상경해 입사한 회사를 수습기간도 채 채우지 못하고 그만두게 되거나(「우리 집에 왜 왔니」), 다단계 회사에 들어가 몇달씩 헛된 꿈을 쫓기도 하고(「아이들」), 서울의 변두리를 전전하다 회사 사무실에 임시 거처를 마련하거나(「릴리」), 고단한 일상을 견디며 철거 중인 오래된 판자촌을 지키고 있다(「집으로 돌아오는 밤」). 개인의 삶을 짓누르는 현실의 무게야 새삼스러운 것이 아니지만, 김금희의 소설이 돋보이는 점은 자신이 처한 곤경에 유난 떨지 않고 손쉽게 환상에 기대지도 않으며, 그렇다고 어정쩡하게 타협하지도 않는 차분한 균형감각이다. 「너의 도큐먼트」의 주인공은 어머니의 제안에 따라 집 나간 아버지를 찾으러 지도를 들고 시내 곳곳을 돌아다니는데, 거리거리를 계획 없이 어슬렁거리는 그 하릴없는 여정의 사이에, 옛 친구의 죽음을 전해듣고 해묵은 부채감에 친구의 집을 찾아 나서는 이야기가 나란히 놓인다. 이 탐색은 결국 아버지의 현재와 친구의 죽음 양쪽 모두와 지금의 자신 사이에 가로놓인 현실적인 거리감을 확인하는 데서 그치게 되어 있지만, 소설은 그 공백의 자리로부터 자신만의 길을 어렴풋하게 열어나가는 주인공의 성장을 담담하게 그려 보인다."
김용 대하역사무협 신조협려,김용 저,"무협소설의 새로운 경지를 보여주었다는 평가와 함께, 전 세계 3억 부 이상 판매를 기록하며 중국문학의 금자탑이라 불리는 신필(神筆) 김용의 대표작 〈신조협려〉! 팬들에게 가장 많은 사랑을 받은 〈신조협려〉의 명장면을 오디오 드라마로 만나보세요. *이 오디오북의 각 에피소드는 <신조협려>에서 발췌한 것입니다. - 에피소드 1. 활사인묘, 사제의 연 : 신조협려 1권 中 - 에피소드 2. 풍진곤돈, 두 고수의 대결 : 신조협려 3권 中 - 에피소드 3. 예교대방, 금지된 사랑 : 신조협려 3권 中 - 에피소드 4. 경심동백, 오해와 증오 : 신조협려 5권 中 - 에피소드 5. 정시하물, 독고구패의 검법 : 신조협려 7권 中"
시선,양성관 저,"지금, 당신의 시선은 어떻습니까? 결혼이주여성과 김해의 농부 사이에서 태어난 혼혈인의 이야기. 행복하지 않았던 가정과, 불행한 학교 생활, 사회인이 되어서도 피부색이 다르다는 이유로 멸시 당해야 했던 한 사람의 분노로 인해 살인이 저질러진다. 그의 죄는 오로지 그의 책임인가? 다문화 가정을 바라보는 우리의 시선에 묵직한 질문을 던진다."
[단편] 숨,천운영 저,"이 소설집은 등단작 [바늘]을 비롯하여 2000년 1월부터 2001년 10월까지 약 2년간 발표된 아홉 편의 단편소설들로 구성되어 있다. 천운영의 신예답지 않은 만만찮은 저력은 “독자를위태로운 공격성과 관능과 탐미의 벼랑끝으로 밀고가는 발군의 역량”(신춘문예 심사평)이 돋보인다고 평가된 바 있는데, 수록작품 모두 편차 없이 고른 성취를 보이고 있다. 천운영 소설의 인물들은 90년대 (여성)소설에 자주 등장하는 도시적 감각의 전문직 중산층 여성이나 소설의 단골 소재였던 애정과 불륜관계와도 차별성이 있다. 문학평론가 이광호는 권말의 해설에서 등장인물들이 “제도화된 여성적 자아의 내부에 머물지 않는다. 그 제도적인 영역의 바깥으로 질주하는 원초적이고 본능적인 여성적 에너지를 드러낸다”고 하며, 바로 그 지점에서 “식물적인 여성성으로부터 동물적인 여성성으로의, 혹은 타자로서의 여성성으로부터 창조적인 부재와 이질적인 복수항(複數項)로서의 여성성으로의 탈주라는 존재론적 전환의 사건이 벌어진다”고 평한다. 그런 의미에서 “천운영의 미학적 위반은 문화적인 이탈의 의미를 얻고, 천운영을 통해 한국의 여성소설은 독특한 야생의 미학을 자기 목록에 추가할 수 있게 되었다”고 한다."
박상종이 읽는 나쓰메 소세키의 편지,나쓰메 소세키 저,"편지(手紙) 프랑스 작가 모파상의 단편 ＜25일간＞처럼 서랍에서 우연히 발견한 편지를 소재로 삼아 그 전후의 이야기를 풀어간다. 화자는 친분이 있던 청년의 부탁으로 혼담을 주선하게 되고, 혼담 의사 확인을 위해 찾은 그의 하숙집 서랍에서 한 여인의 연애편지를 발견한다. 소세키의 작가로서의 정직함과 유머 감각을 동시에 볼 수 있는 작품이다"
지춘성이 읽는 다니자키 준이치로의 비밀,다니자키 준이치로 저,비밀 (秘密) 평범한 자극에 무뎌져 버린 ‘나’는 밤마다 여장을 하고 거리를 누비며 비밀스러운 쾌감에 젖는다. 그러던 어느 날 예전 우연히 만났다 헤어진 여인 T를 만나 다시 밀회를 나누게 된다. 여장 남자의 기행을 통해 일탈과 욕망의 문제를 흥미롭게 다룬 작품이다.
