titles,authors,informs
아빠의 별,최문정 저,"<바보 엄마>로 헌신적인 엄마의 모습을 그려냈던 최문정 작가의 후속작! 이번에는 너무 우직해서 오히려 바보 같아 보이는 아빠의 사랑을 오디오 드라마로 만나보자. 세계적인 발레리나 수민! 세계가 그녀를 주목하고 있지만 그녀는 군인 신분의 아버지 때문에 평생 콤플렉스에 시달려왔고, 무대가 아닌 현실에서는 남들의 시선조차 달가워하지 않는다. 천재적인 안무가 제이슨의 따가운 시선에도 불구하고 재벌 2세인 태훈과의 사랑을 키워가던 그녀는 어느 날 임신 사실을 알게 되고 고민 끝에 아이를 낳을 것을 결심한다. 한국으로 돌아온 수민. 수민과 오랜 세월 어색한 관계를 유지하던 수민의 아버지는 수민의 귀국이 반갑기만 하다. 한편, 태훈의 어머니는 수민과 태훈의 관계를 알고 결혼을 반대하기 시작하는데…"
굿바이 동물원,강태식 저,"도시의 삶에 지친 우리에게 필요한 흥미로운 탈출 안내서 “울고 싶은 날에는 마늘을 깐다” 능숙하게 사람을 울리고, 능숙하게 사람을 웃긴다. 그러나 마침내 아프다! 2012년 제17회 한겨레문학상 수상작 《굿바이 동물원》은 심사 위원들에게 ‘슬프고 우습고 재밌다. 감수성 있는 문체는 문학적 재능의 번뜩임을 증명하고, 슬프지만 우습게 말하는 소설문법은 삶을 보는 통찰력의 내공을 입증한다’, ‘이 작가는 능숙하게 사람을 울리고, 능숙하게 사람을 웃긴다. 그러나 마침내 아프다’, ‘우울한 소재를 다루고 있음에도, 곳곳에 기발한 유머가 배어 있는 이 소설을 읽는 내내, 나는 밥벌이의 위대함과 비애에 대해 생각했다. ‘시대의 슬픔’을 묘사할 줄 아는 작가’ 라는 평을 들으며, 250편의 경쟁작을 물리치고 당선되었다. 《굿바이 동물원》은 처절한 경쟁 사회에서 밀려난 주인공이 동물원의 동물로 취직하면서, 고릴라의 탈을 쓰고 가슴을 탕탕 두드리고 12미터에 달하는 철제 구조물 엠파이어스테이트빌딩을 오르내리면서 살아가는 이야기다. 구조조정으로 정리해고를 당했을 때 화장실에 빈 칸이 없어서 울지 못하고 눈만 벌게졌던 주인공 김영수. 그는 회사에서 해고되고 집에서 부업으로 마늘을 까면서 주마등처럼 스쳐 지나가는 삶을 떠올리고, 어쩌면 마늘을 까기 위해 태어난 것인지도 모른다고 생각한다. “인생은 뭘까?”라며 끊임없이 질문하던 그 시절, 그는 인형 눈깔을 붙이다가 본드를 불고, 종이학과 공룡 알을 접다가, 부업 브로커 돼지엄마에게 소개를 받아 ‘세렝게티 동물원’에 고릴라로 취직한다. 같은 고릴라사에서 일하는 앤 대리, 조풍년 과장, 대장 만딩고를 만나 그들과 함께 지내면서 그들의 사연을 하나씩 듣게 된다. “사람답게 살고 싶다”며 공무원 공부를 하는 앤과 역시 “사람답게 살고 싶”어 과거의 일을 버리고 동물원에 온 조풍년, 그리고 누군가에게 쫓기고 있는 만딩고의 이야기까지. 작가는 그들을 통해 현대 경쟁 사회의 현실을 꼬집고, 그 속에서 사람이지만 사람으로 살 수 없는 사람들의 이야기, 동물원에서 사람이 아니라 동물로 살아가는 이야기를, 리얼하게 때론 정감 있게 그리고 울컥하게 담아내면서, 경쾌하면서 슬픈 블랙코미디를 보여준다. <추천평 일부> 《굿바이 동물원》은 주류 사회에서 밀려난 인간 군상이 마침내 동물원의 동물에까지 추락하는 열외의 이야기다. 슬프고 우습고 재밌다. 감수성 있는 문체는 문학적 재능의 번뜩임을 증명하고, 슬프지만 우습게 말하는 소설 문법은 삶을 보는 통찰력의 내공을 입증한다. 오랜만에 심사 위원 전원 일치의 지지를 받은 작품으로서 가히 그 값을 해낼 작가라고 믿는다. - 박범신 (소설가) 동물학자 데즈먼드 모리스(Desmond Morris)는 도시에 사는 사람을 동물원에 갇혀 있는 동물과 같다고 말했다. 맞는 말이다. 야성을 포기하는 대신 동물원의 세계로부터 먹을 것과 마실 것 그리고 의료를 제공받는다. 동물원은 포식자로부터 동물을 보호해주며 안락함과 무료함의 세계를 제공한다. 야성의 삶을 포기하는 대신 동물들은 입장료를 지불한 관람객들을 위해 자신의 몸을 제공해야 한다. 동물원과 도시는 결국 같은 것이다. 《굿바이 동물원》은 삶을 위해 동물원에 들어가 가짜 동물 행세를 하는 가장의 이야기다. 이 같은 비극을 비극으로 전달하는 것이 아니라 풍자와 유머로 전달하는 것이 압권이다. 동물원 같은 도시의 삶에 지친 우리에게 이 책은 흥미로운 탈출 안내서다. - 박성원 (소설가)"
조선의 마지막 황태자 이은,김근배 저,"“나, 이은…… 11살에 죽었다!” 가장 높은 곳에서 가장 큰 죄인으로 살아야만 했던 황태자 죽음조차 허락되지 않은 한 남자의 침묵의 고백! 이름마저 잊혀진 조선의 마지막 황태자, 영친왕 이은. 고종황제가 그토록 사랑했던 막내 아들이자 일본 황녀와 정략결혼한 이후 아무 힘없이 가족들을 떠나보내야했던 비운의 황태자. 평생을 일본에 볼모로 지내야 했던 영친왕의 기구한 삶을 들여다본다."
[단편] 어디쯤,최진영 저,"등단 이후 장편소설을 통해 박력있는 서사를 선보이며 독자를 사로잡아온 소설가 최진영의 첫 번째 소설집. 10편의 수록작은 각각 서로 다른 이야기와 분위기를 구축하면서 폭력과 착취가 상존하고 욕망과 불확실성이 넘실거리는 이 세계 속에서 살아가는 약자들에게 정면으로 시선을 던진다. 주제의식이 투철하고 강렬한 인상을 갖추었으면서도 하나같이 탄탄한 구성과 밀도있는 문장이 뒷받침된 빼어난 작품들이다. 「어디쯤」 주인공 ‘나’는 아버지가 그려준 엉성한 약도 하나를 들고 어딘가로 향한다. 아버지가 설명 없이 무조건 가보라고 한 곳에서 어느 순간 나는 길을 잃는다. 코앞에 있는 것 같았던 지하철역은 어딘가로 사라지고, 사람들의 길 설명은 알아들을 수 없다. 택시도 잡히지 않고 심지어 지갑과 지갑을 넣어둔 속주머니까지 사라졌다. 사고가 났다며 와달라는 여자친구에게도 갈 수없다. 그 와중에 같은 목적지를 찾아 헤매는 남자를 만나 무작정 뒤따라간다."
[단편] 당신의 바다,천운영 저,"이 소설집은 등단작 [바늘]을 비롯하여 2000년 1월부터 2001년 10월까지 약 2년간 발표된 아홉 편의 단편소설들로 구성되어 있다. 천운영의 신예답지 않은 만만찮은 저력은 “독자를위태로운 공격성과 관능과 탐미의 벼랑끝으로 밀고가는 발군의 역량”(신춘문예 심사평)이 돋보인다고 평가된 바 있는데, 수록작품 모두 편차 없이 고른 성취를 보이고 있다. 천운영 소설의 인물들은 90년대 (여성)소설에 자주 등장하는 도시적 감각의 전문직 중산층 여성이나 소설의 단골 소재였던 애정과 불륜관계와도 차별성이 있다. 문학평론가 이광호는 권말의 해설에서 등장인물들이 “제도화된 여성적 자아의 내부에 머물지 않는다. 그 제도적인 영역의 바깥으로 질주하는 원초적이고 본능적인 여성적 에너지를 드러낸다”고 하며, 바로 그 지점에서 “식물적인 여성성으로부터 동물적인 여성성으로의, 혹은 타자로서의 여성성으로부터 창조적인 부재와 이질적인 복수항(複數項)로서의 여성성으로의 탈주라는 존재론적 전환의 사건이 벌어진다”고 평한다. 그런 의미에서 “천운영의 미학적 위반은 문화적인 이탈의 의미를 얻고, 천운영을 통해 한국의 여성소설은 독특한 야생의 미학을 자기 목록에 추가할 수 있게 되었다”고 한다."
아버지는 누구일까,김종윤 저,"“너더러 부모한테 효도하라고 하는 건 네 효도를 받고 싶어서가 아니다. 그렇게 불효만 하다 부모가 덜컥 죽고 나면 어떻게 살려고 그래? 미안하고 죄스러워서 어쩌려고? 두고두고 불효를 후회하면서 살고 있는 자식을 보면서 부모 넋인들 편할 거 같으냐?” - 아버지는 누구일까 中 - 세상에서 가장 대답하기 힘든 질문 중 하나. ""엄마가 좋아? 아빠가 좋아?"" 여러분에게 어려운 일이 생기거나 힘든 일이 생길 때 가장 먼저 입에서 맴도는 말은 “엄마”일 것 입니다. “엄마가 좋아? 아빠가 좋아?” 라는 질문에는 쉽게 대답하지 못하지만, 힘들 때 가장 먼저 입에 맴도는 말이 “엄마” 라는 것은 아마도 무의식 중에 아버지 보다는 어머니를 더 가깝게 생각한다는 것일 겁니다. 그렇다면, 아버지는 왜 우리가 힘들 때 가장 먼저 떠오르지 못하는 것일까요? 그것은 아마도 아버지의 부재 시대이기 때문일 것입니다. '아버지는 누구일까'는 이 시대 아버지들의 의미를 되짚어 볼 기회를 갖고자 합니다. 나의 아버지, 당신의 아버지, 그리고 우리들의 아버지. 곁에 계시지만, 어느샌가 멀어져 버린 아버지의 손을 지금 붙잡아 보시길 바랍니다."
[단편] 배회,손홍규 저,"인간 존재에 대한 치열한 탐구와 유쾌하면서도 탄탄한 서사로 자신만의 독특한 영역을 개척해온 작가 손홍규의 새 소설집 『그 남자의 가출』이 출간되었다. 2001년 『작가세계』 등단 이후 소설가로 살아온 지 십오년, 장편 『귀신의 시대』(2006) 『이슬람 정육점』(2010) 『청년의사 장기려』(2008) 『서울』(2014)과 소설집 『사람의 신화』(2005) 『봉섭이 가라사대』(2008) 『톰은 톰과 잤다』(2012)를 펴내며 성실하게 ‘쓰기’ 에 전념해온 작가의 네번째 소설집이다. 이번 소설집에 수록된 아홉편의 작품들은 ‘사람’이라는 공동의 목적지를 향해간다는 점에서 여럿인 채로 하나이다. 이번 손홍규의 소설집만큼 ‘사람’에 천착하는 소설은 흔치 않아 보인다. 작가는 ‘사람’에 배수진을 치고 깊은 응시와 모색을 통해 주제가 주는 진부함과 일상성을 넘어선다. 아울러 사람다운 삶의 기율에 대해 묻고 그것을 방해하는 현실의 부정함을 드러낸다. 결국 작가는 날로 가팔라지고 있는 세계의 경사진 현실을 형형한 눈으로 바라보며 ‘사람’에 대한 애정으로 소설과 소설을 둘러싼 현실에 따듯한 온기를 돌게 한다."
오 마미 블루,임운산 저,"6.25 전쟁에서 공산주의자로 빨치산 활동을 하다 월북한 아버지를 둔 주인공에게는 자신을 정성들여 키운 어머니가 있다. 그 어머니가 가출을 해서 종적이 묘연한지 상당한 시간이 지나자, 주인공과 그의 형제와 질녀는 어머니의 행방을 찾기에 골몰한다. 그러는 중에 월북한 아버지가 다시 어머니에게 접촉을 해온 것이 아닌가 하는 정황이 포착된다. 급기야 경찰도 어머니의 실종과 관련해서 내사를 시작하고 주인공은 자신의 부인이 미국 이민을 추진하는 와중에도 어머니의 행보를 찾기 위해 골몰하고, 결국 어머니와 여동생 월하의 출생의 비밀과 왜 어머니가 아버지를 따라 월북할 기회를 포기했는지를 모두 다 알아내고 회한에 잠긴다."
책쾌,김영주 저,"""기다리고 기다리던 책쾌 조생 등장이요!"" 세월이 어떻게 흘렀는지 모른다. 영산홍 꽃비가 두 눈을 파고들어도, 그믐달이 내 그림자를 따라잡느라 헉헉거릴 만큼 발품을 팔았다. 부지런히 궁궐 담장도 쉬어 뛰어넘었듯 시간의 경계조차 훌쩍 뛰어넘었다. 일 년이 한 달 같고, 백 년이 일 년 같았다. 소매를 털어 한 수레 책을 쏟아내곤 했다. 그래도 헛헛한 가슴은 어쩔 수 없었다. 모름지기 책을 찾는 이만 있으면 어디든 아니 다닌 곳이 없었다. 내처 그렇게 달리다 보면가슴에 품은 서책들이 아우성을 쳤다. 책 속에 그리운 이들의 얼굴이 삼삼했다. 박지원, 정약용, 이덕무, 이승훈, 박제가. 그리고 뒤주 안에서 생을 마감한 분 까지. 하지만 백 년도 넘는 세월, 그토록 부지런히 다닌 보람은 대체 무엇이란 말인가?"
