titles,authors,informs
동행,이광복 저,"이 혼탁한 시대의 한복판을 가로질러 질곡의 삶을 살아가는 군상들의 일상을 그려낸 소설 <동행>. 한때는 문전성시를 이루며 북적거렸지만 지금은 쇠락의 길을 걷고 있는 고택, 설화당. 그 곳에 저마다의 사연을 가지고 찾아 든 사람들. 엉망진창으로 상처받은 영혼을 구원해주던 산에서 맞닥뜨린 기구한 운명. 정통 소설 미학의 정수 4편의 감동이 지금 시작됩니다."
[3편 오디오드라마] 누가 더 잘 살고 있나,웬디증후군 저,"#워커홀릭이제그만 #투잡지상주의 #90년대생이온다 막장 실화를 소개하는 <소쓰있>의 오디오드라마 3편. 충무로 출판사에서 일하는 지윤님의 사연. 일을 좋아하고 또 직장에서 인정도 받고 있지만, 저한테만 일이 쏟아지는 것 같아 지쳐가요. 해보고 싶은 일이 따로 있긴 한데 창업을 하는 건 두렵고요. 이런 제 상황을 냉철하게 그려서 저를 정신차리게 해주는 드라마를 듣고 싶어요. 워커홀릭 지윤이 신입사원을 통해 정신 번쩍 드는 이야기를 감상해보세요."
[단편] 엘리,최진영 저,등단 이후 장편소설을 통해 박력있는 서사를 선보이며 독자를 사로잡아온 소설가 최진영의 첫 번째 소설집. 10편의 수록작은 각각 서로 다른 이야기와 분위기를 구축하면서 폭력과 착취가 상존하고 욕망과 불확실성이 넘실거리는 이 세계 속에서 살아가는 약자들에게 정면으로 시선을 던진다. 주제의식이 투철하고 강렬한 인상을 갖추었으면서도 하나같이 탄탄한 구성과 밀도있는 문장이 뒷받침된 빼어난 작품들이다. 「엘리」 ‘나’는 가진 것도 없고 능력도 없고 가족들로부터도 떨어져 나와 남들 몰래 코끼리 엘리를 키우며 산다. 연애에도 실패하고 꿈도 없는 자신의 신세와 똥만 싸는 엘리에 대해 한탄하던 ‘나’는 엘리의 등에 올라타 아프리카로 떠난다.
[단편] 구두,최정화 저,2012년 단편소설 「팜비치」로 창비신인소설상을 수상하며 작품활동을 시작한 최정화의 첫 소설집 『지극히 내성적인』이 출간되었다. 일상 속의 균열과 파동을 예민하게 감지하는 작가 최정화가 등단 이래 활발한 활동으로 쌓아온 열편의 소설이 묶였다. 온전해 보이는 세계 안에 스며 있는 불안의 기미를 내성적인 사람들의 민감한 시선으로 날렵하게 포착해내면서도 유머를 잃지 않는 자세가 야무지고 미덥다. “독자들이 ‘최정화’라는 이름을 특별한 소설가의 이름으로 기억하리라”는 등단 당시의 심사평이 무색하지 않을 만큼 그녀의 첫 책은 독자들에게 각별하고 매력적으로 다가올 것이다.
옛날 옛적에,윤채원 저,"옛날 옛적에, 마녀가 있었습니다... 마녀 루시와 그녀의 고양이 조, 그리고 꼬마 인간 델라의 아름다운 판타지 동화 이야기. 원작 『환상소필집』 수록 「옛날 옛적에」 저자 윤채원 / 출연자 박예은, 박주호, 김지수 / 기획 최경철 / 연출 김송이"
[1편 오디오드라마] 이제 속이 시원하겠냐,상강 저,"#패스트푸드점갑질 #극한알바 #소심녀폭발사연 막장 실화를 소개하는 <소쓰있>의 오디오드라마 1편. 부산 미영님의 사연. 햄버거 패스트푸드점에서 아르바이트를 했는데, 텃세가 심해서 한달만에 퇴사했어요. 이미 기존 아르바이트생끼리 친해서 새로 온 저는 잘 끼워주지 않더라구요. 점장님은 더 심했는데, 예를 들면 폭염주의보가 내린 날인데 길거리에 나가 전단지를 돌리라는 식이었어요. 제가 좀 소심해서 더 만만해 보였나 싶기도 하고, 지금 와서 생각하면 나올 때 하고 싶은 말 다하고 점장님 면전에 멋지게 사표 던지고 나올 껄 그랬어요. 이런 제 사연을 점장님에게 멋지게 복수하는 드라마로 들려주세요. 스트레스가 쌓이고 쌓여 마침내 소심녀에서 걸크러시로 돌변한 미영의 모습을 기대해주세요!"
(요약) 들,원작 : 이효석 / 요약 : 북코스모스 저,이효석이 지은 단편소설로 주인공 ‘나’는 인위적 세계를 벗어난 자연환경 속에서 본능적인 생활에 희열을 느낀다. 그러던 중에 들녘에서 개 한 쌍이 벌이는 교미 장면을 우연히 함께 보게 된 나와 옥분은 달빛이 쏟아지는 딸기밭에서 자신들도 마치 자연의 일부분이 된 것으로 생각하면서 정사를 벌이게 된다.
김명곤이 읽는 헨리크 시엔키에비치의 등대지기,헨리크 시엔키에비치 저,"등대지기 (Latarnik) 폴란드의 국정 교과서에 실릴 정도로 폴란드인들이 사랑하는 단편이며, 헤밍웨이의 대표작 ＜노인과 바다＞에도 영향을 준 것으로 알려져 있다. 노인은 오랜 방랑 생활을 끝내고 그저 편안히 쉬고 싶은 마음에 외딴 섬의 등대지기 일을 선택한다. 그러던 어느 날 그에게 폴란드이민자협회에서 모국어로 된 시집을 보내온다. 시집을 펼쳐 든 그의 심장이 다시 요란하게 고동치기 시작한다."
사랑을 위하여 - 세계 미스터리 고전문학,고가 사부로 저,세계 유명 작가들의 미스터리 고전을 엄선하여 소개하는 시리즈의 스물여덟 번째 작품! 남편과 아내와 탐정이 각자의 시점에서 기술한 독특한 형식의 작품 정류장에서 우연히 마주치게 된 젊은 부인과 갓난아기 품위 있어 보이는 그 부인은 자신의 아기를 버린 것일까?
[2편 오디오드라마] 일단 좀 쉴게요,상강 저,"#돈이냐꿈이냐 #열정페이아웃 #내인생에연애는없나 막장 실화를 소개하는 <소쓰있>의 오디오드라마 2편. 부산에서 문화기획자로 일하는 수라님의 사연. 문화가 좋아서 관련 일을 해왔어요. 전에는 문화 잡지의 기사 쓰는 일을 했었고, 지금은 문화 행사를 기획하고 실행하는 일을 하고 있어요. 그런데 이쪽 일이 아무래도 페이가 좋진 않거든요. 정규직이 아니라 자리도 불안한데 일은 또 엄청 많아요. 결국 돈이냐 꿈이냐 하는 문제에 대해 끊임없이 생각하게 되는데, 드라마를 통해 해답을 얻었으면 좋겠네요. 직장 문제로 고민하던 수라가 우연히 간 카페에서 얻은 답은?!"
해시의 신루 - 토크쇼,오디언소리 저,"MC 민혁의 사회로 ""해시의 신루"" 저자 윤이수님과 출연 성우 분들의 만나서 들려드리는 80여분간의 화려한 파티! 성우분들이 꼽은 명장면부터, 등장인물의 이름이 생긴 까닭, 그리고, 뭉클한 출연소감까지! <해시의 신루> 전반부 다 듣고, 들으면 좋은 토크쇼! <해시의 신루> 후반부 이해하기가 쉽도록 도와주는 토크쇼! 모두 함께 즐겨주세요!"
공포,파멜라 사전트 저,"“유리감옥을 깨뜨려라!” SF 소설의 페미니즘 르네상스를 이끌어온 전 세계 여성 작가들의 주옥 같은 작품을 가려 모았다. 오늘날 SF 소설계에서 가장 인정받는 편집팀으로서 여러 상을 수상하기도 한 앤 밴더미어와 제프 밴더미어 부부가 선정하고 구성한 뛰어난 페미니즘 SF 선집이다. 1960년대 작품부터 동시대 작품까지 두루 포함하는 이 선집은 페미니즘 담론의 확장을 추구하는 동시에 상상력 넘치는 풍성한 생각거리로 독자들을 이끈다. 이 걸작선은 SF와 페미니즘의 연관관계를 보여 주는 대담한 사례들을 모았다. 조안나 러스의 고전 <그들이 돌아온다 해도>에서부터 에일린 건의 <중간관리자를 위한 안정화 전략> 같은 풍자적인 작품까지, 이 영역의 작업들이 가지는 강렬한 집중도를 드러낸다. 캐서린 M. 밸런트와 같은 주목받는 작가들과 함께 반다나 싱, 히로미 고토와 같은 전 세계 작가들의 작품을 포함한 이 선집은 페미니즘의 다양한 목소리들을 담아낸다. 이 선집은 동시대 소설과 페미니즘의 두 측면에서 새로운 전선들로 사고를 확장한다. 환상적인 작품에서 미래지향적 작품으로, 신비로운 작품에서 초현실적인 작품으로 옮겨가는 이야기들은 지금 우리가 접할 수 있는 어떤 책과도 다른 페미니즘을 향한 생각들과 감정들을 불러일으킨다. “SF 소설이 가진 남다른 정치적 힘을 보여주는 꼭 필요한, 잘 가려 뽑은 선집.” - <커커스 리뷰> “여기 수록된 이야기들은 우리가 원했던 바로 그 일을 해낸다. 진부한 설정들을 찢어발기고, 젠더와 그 함의에 의문을 던지고, 풍자와 유머와 사회적 징후와 규정들에 대한 날카로운 지적 분석을 동반한 의도적 무지를 이용하여 정체성을 들여다본다.” - 마베쉬 무라드, <토르닷컴> “지난 수십 년간 여성 SF 작가들이 이룬 가장 빛나는 성과들을 엮은 다채롭고 놀라운 선집이다.” - 앤드류 앤드류스, ‘truereviewonline.com’ “저자들은 모두 페미니스트이며 SF 소설 혁명의 자매들이다. 그러므로 그들의 역할은 가능한 세계와 존재의 방식들을 탐험하는 것이며, 그려진 시나리오들로부터 각자의 교훈을 끌어내는 것은 독자들의 몫이다.” - 에리카 스미스, <피스 뉴스> “페미니스트든 아니든 SF 소설 팬이라면 누구나 반드시 읽어야 할 필독서이며, 이런저런 여성학 관련 학습과정을 짤 때 활용할 수 있는 흥미로운 텍스트가 될 것이다.” - 다이앤 칸스, ‘worldliteraturetoday.org’ “이 매혹적인 선집은 뉴웨이브 SF와 페미니즘 사변소설계의 경향들이 어떻게 여성과 페미니즘에 관한 문화와 관점의 변화들을 반영하고 있는지 보여준다.” - 바네사 부시, <북리스트> “이 책에 실린 작품들은 모두 여성들이 세계와 맺고 있는 관계의 양상들을 탐구한다. 이 작품들은 사회적 역할과 성역할, 성별, 연애 관계, 일과의 관계에 주목한다.” - 일레인 갤러퍼, <인터존> “이 책은 우리 모두가 연루돼 있는 장르와 젠더, 문화와 맥락에 관한 논의에서 빠질 수 없는 강력하고도 귀중한 선집이다.” - 캐리 스페링, <스트레인지호라이즌닷컴> “밴더미어 부부가 페미니즘 면에서든 다른 어떤 면에서든 근래 들어 최고의 SF 선집이라 할 만한 걸 엮어냈다.” - 일리저베스 핸드, <로스앤젤레스 타임즈> “주제에 맞게 배열된 작품들은 각각의 작품을 가장 선명하게 조명해내는 도발적이고 극적인 배치를 통해 서로 흘러들고 또 서로 반발한다.” - 《퍼블리셔스 위클리》 “편집자들은 이 선집을 얻기 위해 넓게 멀리까지 작품들을 뒤졌다. 다양한 SF의 향연. 장르와 정치적 성향을 떠나 이 책은 훌륭한 선집이다.” - 키스 브룩, 《가디언》 “이 ‘고도로 잘 정돈된’ 페미니즘 SF 선집에는 분명하게 밴더미어 부부의 도장이 찍혀 있다. 이 선집은 호러와 판타지를 포함한 사변소설의 모든 장르를 아우를 뿐만 아니라 이런 주제의 선집에 대한 모두의 기대를 뛰어넘으며 상당한 분량의 초현실적이고 기괴한 작품들까지 선보인다.” - 귀네스 존스, 《뉴욕 SF 리뷰》"
아내,반다나 싱 저,"“이제 알았어, 난 행성이야. 여자, 아내, 어머니 그런 거 말고.” 어슐러 K. 르 귄이 극찬한 인도 출신의 페미니즘 SF 작가, 더 이상 아내이기를, 어머니이기를, 여자이기를 거부한 바로 당신의 이야기! 아내가 선언했다. “마침내 내가 무엇인지 알았어. 나는 행성이야. 나는 인간이었고, 여자였고, 아내이자 어머니였지. 나는 내게 그런 거 말고 뭔가 다른 건 없을까 늘 궁금했어. 이제 알았어. 난 행성이야.” 어리석은 남편은 대답한다. “당신은 행성이 아니야, 미친 거지.” 어느 아침 잠에서 깬 여자들은 발견한다. 낯선 침대 위 낯선 짐승이 옆에 누워 있는 것을. 그리고 그 짐승이 한때 사랑했던, 혹은 거의 사랑한다고 생각할 뻔했던 남편이라는 것을. 그리고 그녀들은 여행을 준비한다. 신화와 설화가 잉태한 꿈이 있고, 수학과 물리가 힘겹게 밝혀가고 있는 비밀스러운 우주의 신비가 있는 미지의 세계로. 어리석은 남편들은 아내의 마지막 경고를 새겨 들었어야 했다. “아직, 나는 당신을 떠나고 싶지 않아, 아직은.” 어느 날 자신이 사랑하는 소설 외에는 아무것도 만날 수 없을 때(혹은 만나고 싶지 않을 때), 그때 ‘우주 저 너머로’ 가는 이야기를 집어 들고 마는 외로운 SF 독자의 친구들이 가득한 책, ‘가장 덜 SF다운 SF’의 경계에서 부드럽게 당신을 위로해 줄 어느 여름밤 꿈 같은 이야기들. 어서 오세요. 반다나 싱의 따뜻한 우주입니다. “가장 유망하고 독창적인 젊은 작가” - 어슐러 K. 르 귄 “끝이 보이지 않는다. 계속 새로운 시작이다.” - <워싱턴 포스트>"
"우리들, 킴_글로리아",황은덕 저,"소설 「글로리아」는 입양여성 글로리아를 주인공으로 한다. 입양아 개인의 자격으로 세상과 맞서다 끝내 죽음을 맞이하는 비극적 서사의 이 소설은 입양제도의 대한 고발로도 읽힐 수 있다. 미국에서 가정을 꾸리고 살던 중 갑자기 아들이 사라지고, 글로리아는 세상의 편견 속에서 혐의를 뒤집어쓴다. 계속되는 언론의 공격과 사람들의 시선에 그녀는 결국 자살을 선택하는데…. 글로리아가 죽은 뒤, 그녀를 향한 모든 오해는 풀릴 수 있을까?"
[단편] 대머리,최정화 저,2012년 단편소설 「팜비치」로 창비신인소설상을 수상하며 작품활동을 시작한 최정화의 첫 소설집 『지극히 내성적인』이 출간되었다. 일상 속의 균열과 파동을 예민하게 감지하는 작가 최정화가 등단 이래 활발한 활동으로 쌓아온 열편의 소설이 묶였다. 온전해 보이는 세계 안에 스며 있는 불안의 기미를 내성적인 사람들의 민감한 시선으로 날렵하게 포착해내면서도 유머를 잃지 않는 자세가 야무지고 미덥다. “독자들이 ‘최정화’라는 이름을 특별한 소설가의 이름으로 기억하리라”는 등단 당시의 심사평이 무색하지 않을 만큼 그녀의 첫 책은 독자들에게 각별하고 매력적으로 다가올 것이다.
[단편] 사랑하는 당신께,공지영 저,1988년 『창작과비평』지에 발표된 등단작 「동트는 새벽」에서부터 변화한 90년대에서의 고민을 담은 「인간에 대한 예의」 「무엇을 할 것인가」 등 9편을 묶은 첫 소설집. 현실에의 순응과 타협을 거부하고 정의와 인간성을 옹호하면서 80년대의 열정에 대한 긍정에 기초하여 새로운 삶의 길을 모색해간다.
유방암이지만 비키니는 입고 싶어,미스킴라일락 저,"이 책은 4기 암을 겪은 저자가 유방암 선고를 받은 후 항암 치료와 재발을 경험하면서 겪은 암 환자 버전의 일상을 담은 에세이다. 저자는 자신의 블로그에 당당히 암 환자라는 것을 알리고, 병동 생활과 항암 과정, 회복 후 병원과 집을 오가며 힘겹게 받았던 치료 과정을 무겁지 않고 발랄하게 담아낸다. 암 환자의 일상을 통해 같은 처지에 있는 사람들에게 위로와 희망을 전하고, 아프기 전에는 해보지 못했던 일들을 시도하며 씩씩하게 제2의 인생을 살아가고 있다."
브라더,이재익 외 1인 저,<브라더>는 이재익 작가가 조남우 젊은 작가와 콜라보를 시도한 액션스릴러 단편소설이다.
만우절,오다 사쿠노스케 저,엄선한 일본 근현대 중단편 문학의 정수! ― 쉰한 번째 이야기 다자이 오사무와 함께 무뢰파를 대표하는 작가 오다 사쿠노스케. 그가 갑작스럽게 접한 다케다 린타로의 죽음. 그러나 그가 죽었다는 소식을 접한 것은 이번이 처음이 아니다. 《출판사서평》 역사적으로나 지리적으로 봤을 때 일본과 우리는 떼려야 뗄 수 없는 관계에 있다. 문화 면에 있어서도 양국 간의 교류는 그 역사가 매우 깊다. 근대 이전까지는 주로 우리를 통해서 선진 문물이 일본으로 들어갔다. 당시의 일본 문화는 우리의 선진 문물에 힘입은 바가 크다. 그러나 근대화 과정에서 우리보다 한발 앞서 서양 문물을 적극적으로 수용한 일본은 이후 우리의 문화에 커다란 영향을 주었다. 지리적으로 인접한 두 나라는 이처럼 오랜 옛날부터 서로에게 커다란 영향을 주었다. 어느 한쪽의 선진 문화가 다른 한쪽으로 전파되는 것이 주된 흐름이었던 옛날과는 달리 지금은 양국이 거의 대등한 입장에서 서로의 문화에 영향을 주고 있다. 교통과 통신의 발달로 어느 한 쪽을 통해 문물을 받아들이는 것이 아니라 서로가 독자적으로 세계와 교류하며 문화를 흡수하고 그것을 발전시켜 나가고 있기 때문일 것이다. 그럼에도 두 나라는 지리적 여건상 지금도 서로에게 커다란 영향을 주고 있다. 정서적으로는 서로 갈등이 있지만 바로 그렇기 때문에 문화적인 면에서의 접근이 선행되어야 할 것이다. 이번에 일본 근현대의 중단편 소설을 시리즈로 기획했다. 일본 근현대 소설이라고 하면 그 범위가 상당히 넓은데 이 시리즈에서는 근현대 문학의 초기 작품부터 현대의 작품까지를 전부 아우를 생각이다. 상당히 긴 작업이 될 테지만 누군가 이 시리즈를 기다려주는 독자가 한 명이라도 있는 한 멈추지 않을 생각이다. 또 각 단편을 읽기 쉽게 하기 위해 따로 출간하기로 했다. 새로운 읽기 문화에 적응하기 위한 몸부림이라고도 할 수 있겠다. 독자에게는 필요한 작품만을 골라 읽을 수 있는 장점이 있으리라. 우리나라 사람들이 이웃나라인 일본 근현대 사회의 정서를 조금이나마 이해하는 데 이 시리즈가 도움이 되었으면 하는 바람이다.
[단편] 배웅,전성태 저,"한국소설이 지닌 풍요로운 서사와 리얼리티를 계승하면서도 특유의 성실함과 간단없는 자기갱신을 거듭하면서 우리 문단을 대표하는 새얼굴로 자리매김해온 소설가 전성태가 등단 20주년을 맞아 새롭게 펴낸 소설집. 현대문학상 수상작인 「낚시하는 소녀」를 포함해 열두편의 작품이 시간의 심연을 날렵하게 포착해내며 인간의 기억에 녹아들어 있는 사실과 진실, 인지와 망각, 현실과 비현실 등을 추적한다. 「배웅」 미숙은 몇해 전 자신이 운영하던 식당에서 주방일을 하던 쏘야를 배웅하러 공항으로 간다. 미등록 체류자 신분으로 한국에서 일하다가 우즈베키스탄으로 자진출국하는 쏘야의 출국신고를 돕고 출국절차를 함께 밟으며 미숙은 쏘야와 짧지만 영원한 이별의 시간을 함께 한다."
강부자가 읽는 빅토르 위고의 가난한 사람들,빅토르 위고 저,"가난한 사람들 (Les Pauvre Gens) 위고가 망명 생활 중이던 1854년에 완성하고, 1859년 서사시집 ≪세기의 전설≫에 실어 발표했다. 시집에는 우리 이웃의 이름 없는 작은 영웅들의 이야기가 담겨 있다."
[단편] 창,최진영 저,등단 이후 장편소설을 통해 박력있는 서사를 선보이며 독자를 사로잡아온 소설가 최진영의 첫 번째 소설집. 10편의 수록작은 각각 서로 다른 이야기와 분위기를 구축하면서 폭력과 착취가 상존하고 욕망과 불확실성이 넘실거리는 이 세계 속에서 살아가는 약자들에게 정면으로 시선을 던진다. 주제의식이 투철하고 강렬한 인상을 갖추었으면서도 하나같이 탄탄한 구성과 밀도있는 문장이 뒷받침된 빼어난 작품들이다. 「창」 주인공 ‘나’는 비정규직 여성이다. 다니는 회사에서마다 왕따를 당하고 종종 크고 작은 성희롱에 시달리지만 참을 수밖에 없는 그녀는 우연히 동료들이 메신저로 자기에 대해 입에 담을 수 없는 험담을 나눈 것을 보고 그들의 컴퓨터와 유리창을 박살낸 채 집으로 향한다. 외로움과 상처로 아파하던 그녀는 앞집에서 사랑을 나누는 커플을 보고 설레지만 그로 인해 이내 파국적인 반전을 맞는데……
이용녀가 읽는 샤를 페로의 푸른 수염,샤를 페로 저,푸른 수염(La Barbe-Bleue) 프랑스 최고의 동화 작가 샤를 페로의 작품이다. 오래전부터 구전된 민담을 페로가 정리한 것으로 보기도 한다. ‘푸른 수염’은 막대한 재산과 화려한 저택을 가진 부자이지만 이미 여러 명의 부인을 희생시킨 악마적 본능의 소유자다. 그와 결혼한 신부는 이런 그의 이력을 알 리가 없다. 신부는 위기를 무사히 극복할 수 있을까? 평생 여섯 명의 부인을 두었으며 두 번째와 다섯 번째 부인을 사형에 처한 영국의 헨리 8세는 이 작품이 간행된 후 ‘푸른 수염’이라는 별명을 얻었다.
[요약] 춘향전,작자미상 저,"동서양을 막론하고 시대를 초월하여, 문학은 지속적으로 인간의 사랑을 노래하고 이야기해왔다. 조선시대의 문학 역시 사랑을 형상화하는 많은 작품들을 남기고 있는데, 『춘향전』은 이러한 남녀 간의 지고지순한 사랑의 이야기를 소재로 한 대표적인 작품이라 할 수 있다."
[단편] 우리 집에 왜 왔니,김금희 저,"앞이 잘 보이지 않아도, 한걸음씩 찬찬히 김금희의 소설은 어느덧 우리 시대의 보편이 되어버린 막막한 현실을 정직하게 응시하는 데서 출발한다. 아버지는 사업에 실패하고 집을 나가 자취를 감추었거나(「너의 도큐먼트」), 허울뿐인 베트남 참전 경험만 믿고 허황하게 사업을 벌이다 IMF에 떠밀려 좌초되거나(「장글숲을 헤쳐서 가면」), 일평생을 몸 바쳐 일했지만 정년을 채우지 못하고 회사에서 밀려나 병원 중환자실에 누워 있다(「아이들」). 그다음 세대에게도 현실은 크게 다르지 않아, 소설의 주인공들은 갓 상경해 입사한 회사를 수습기간도 채 채우지 못하고 그만두게 되거나(「우리 집에 왜 왔니」), 다단계 회사에 들어가 몇달씩 헛된 꿈을 쫓기도 하고(「아이들」), 서울의 변두리를 전전하다 회사 사무실에 임시 거처를 마련하거나(「릴리」), 고단한 일상을 견디며 철거 중인 오래된 판자촌을 지키고 있다(「집으로 돌아오는 밤」). 개인의 삶을 짓누르는 현실의 무게야 새삼스러운 것이 아니지만, 김금희의 소설이 돋보이는 점은 자신이 처한 곤경에 유난 떨지 않고 손쉽게 환상에 기대지도 않으며, 그렇다고 어정쩡하게 타협하지도 않는 차분한 균형감각이다. 「너의 도큐먼트」의 주인공은 어머니의 제안에 따라 집 나간 아버지를 찾으러 지도를 들고 시내 곳곳을 돌아다니는데, 거리거리를 계획 없이 어슬렁거리는 그 하릴없는 여정의 사이에, 옛 친구의 죽음을 전해듣고 해묵은 부채감에 친구의 집을 찾아 나서는 이야기가 나란히 놓인다. 이 탐색은 결국 아버지의 현재와 친구의 죽음 양쪽 모두와 지금의 자신 사이에 가로놓인 현실적인 거리감을 확인하는 데서 그치게 되어 있지만, 소설은 그 공백의 자리로부터 자신만의 길을 어렴풋하게 열어나가는 주인공의 성장을 담담하게 그려 보인다."
[Talk스케치로 다시 쓴 명작 단편소설] 조명희의 낙동강,컬툰스토리 외 1인 저,"성운은 굽이치는 낙동강을 바라보며 상념에 젖는다. 그의 주변에는 온갖 계급의 사람들이 서 있다. 위중한 병을 얻은 그는 인력거에 몸을 싣고 낙동강을 건넌다. 커다란 젖줄이자 조선인을 보듬어 안는 고마운 강을 바라보며 성운은 자신의 인생을 뒤돌아본다. 공부를 잘 해 동네의 자랑으로 떠올랐다가 독립운동에 투신, 서간도, 남북 만주, 북경 등을 돌아다니기까지. 사회주의에 매료된 그는 사회주의자가 되어 다시 고향으로 돌아가는데..... 조명희의 <낙동강>을 현대적으로 재해석한 작품이다."
정은표가 읽는 이근영의 고향 사람들,이근영 저,"[100인의 배우, 우리 문학을 읽다] 오디오북 시리즈는, 최민식 문소리 정진영 강부자 등 우리 시대를 대표하는 배우 103명이 한국 근현대문학의 주요 중단편소설 100편을 낭독한 프로젝트입니다. ≪고향 사람들≫은 ≪당산제≫와 함께 가난한 농촌 현실을 다룬 이근영의 대표작이다. 1941년 ≪문장≫ 23호에 발표했다. 1930년대 식민지 농촌, 먹고 살기 위해선 가족과 헤어져 멀리 떠날 수밖에 없다. 일제 말기 총동원 시대를 맞아 직업 알선이라는 미명으로 이루어진 조선인 강제동원의 실상도 엿볼 수 있다."
우산,최하나 저,"""어린 왕자에 나오는 여우 말이야. 여우가 나 같아. 선우는 어린 왕자. 나도 선우 기다릴 때면 막 행복해지고, 가만히 못 있는데 그게 비슷해."" 잦은 이사로 인해 친구를 사귀지 않았던 선우와 순수한 마음을 지닌 윤지수의 우정을 그린 드라마. 원작 『환상소필집』 수록 「우산」 저자 최하나 / 출연자 김지수, 박주호, 박예은 / 기획 최경철 / 연출 김송이"
봄비 내리는 날,김한수 저,"봄비는 누구에게나 똑같이 내린다 세상 모든 일들은 다 봄비 같아야 한다 25년간 사랑받아온 김한수 첫 소설집 전면개정판 출간! 1992년 출간한 이래 25년간 사랑받아온 김한수 첫 소설집 『봄비 내리는 날』이 전면개정되어 출간되었다. 저자가 문장을 일일이 매만져 더 밀도있는 작품으로 새로이 선보인다. 도시 서민과 가난한 노동자의 생활을 여실히 그려내며 90년대 노동소설의 전범으로 격찬받아온 이 책에는 등단작 「성장」을 비롯하여 총 세편의 중편소설이 묶여 있다. 90년대 최대의 민생문제였던 토지․주택 문제를 생생하게 형상화한 표제작 「봄비 내리는 날」을 비롯, 세상으로부터 밀려난 집 없는 사람들의 슬픔과 고통을 단단한 언어로 그려내며 동시에 희망을 이야기하는 김한수의 소설은 당대의 가난한 청년이 세상을 어떻게 살아가는지 핍진하게 그려내며 주목받았다. “이 세상은 누구의 것인가”라고 물으며 단단한 토대 없이 삶을 꾸려야 하는 평범한 사람들이 살아온, 또 살아가는 이야기는 실상 지금의 현실과도 맞닿아 있어 여전히 변함없는 감동을 자아내며 독자에게 묵직한 울림으로 다가온다."
