titles,authors,informs
거기서 도란도란,이상섭 저,"부산을 발견하는 새로운 글쓰기, 이상섭 팩션집 소설은 허구라는 상식은 여전히 유효할까? 최근 독특한 글쓰기로 부산의 장소를 다루기 시작한 작가 이상섭의 작업들은 소설의 정의를 확장시킨다. 이번에 출간되는 『거기서 도란도란』은 부산의 장소성을 ‘팩션’이라는 장르로 녹여냈다. 해운대, 사직종합운동장, 대저 적산가옥, 정과정공원 등 부산의 역사가 깃든 몇몇 장소들은 작가가 그려낸 ‘허구’의 서사를 통해 16편의 이야기 속에서 재탄생했다. “부산의 역사나 장소성을 담아내는 스토리텔링 작업”(「작가의 말」중에서)의 일환으로 창작된 ‘팩션집’의 출간에서 주목할 점은, 부산에서 살아가는 한 개인의 가감 없는 경험과 안목의 기록에서 한 발짝 더 나아가 ‘이야기’를 통해 부산을 발견하는 창작행위로 이동했다는 것이다. 지속적으로 ‘부산’이라는 장소에 천착하며 본격 소설로 편입되지 않은 새로운 장르를 통해 ‘허구’의 글쓰기를 시도하는 작가의 작업은 역사적 실체이자 삶의 장소인 부산을 발견하는 다채로운 시선을 보여준다."
노스모어 가의 굴욕 (세계환상문학걸작선 제1권),헨리 제임스 저,"거물 정치인 노스모어 경의 유족들은 고인을 기리는 유고 서한집을 발간하기 위해 호프 부인에게 작고한 남편과 노스모어 경이 주고받은 서한 기증을 요청한다. 노스모어 경과 남편, 두 사람은 절친한 친구 사이였고, 실제 노스모어 경을 거물로 만든 인물은 그녀의 남편이었다. 사실은 밝혀질까? 끈질긴 복수의 이야기다. 마지막에 가서야 그것이 복수임이 드러나기에 훨씬 더 잔인한 복수로 다가온다."
보존법칙,반다나 싱 저,"“이제 알았어, 난 행성이야. 여자, 아내, 어머니 그런 거 말고.” 어슐러 K. 르 귄이 극찬한 인도 출신의 페미니즘 SF 작가, 더 이상 아내이기를, 어머니이기를, 여자이기를 거부한 바로 당신의 이야기! 아내가 선언했다. “마침내 내가 무엇인지 알았어. 나는 행성이야. 나는 인간이었고, 여자였고, 아내이자 어머니였지. 나는 내게 그런 거 말고 뭔가 다른 건 없을까 늘 궁금했어. 이제 알았어. 난 행성이야.” 어리석은 남편은 대답한다. “당신은 행성이 아니야, 미친 거지.” 어느 아침 잠에서 깬 여자들은 발견한다. 낯선 침대 위 낯선 짐승이 옆에 누워 있는 것을. 그리고 그 짐승이 한때 사랑했던, 혹은 거의 사랑한다고 생각할 뻔했던 남편이라는 것을. 그리고 그녀들은 여행을 준비한다. 신화와 설화가 잉태한 꿈이 있고, 수학과 물리가 힘겹게 밝혀가고 있는 비밀스러운 우주의 신비가 있는 미지의 세계로. 어리석은 남편들은 아내의 마지막 경고를 새겨 들었어야 했다. “아직, 나는 당신을 떠나고 싶지 않아, 아직은.” 어느 날 자신이 사랑하는 소설 외에는 아무것도 만날 수 없을 때(혹은 만나고 싶지 않을 때), 그때 ‘우주 저 너머로’ 가는 이야기를 집어 들고 마는 외로운 SF 독자의 친구들이 가득한 책, ‘가장 덜 SF다운 SF’의 경계에서 부드럽게 당신을 위로해 줄 어느 여름밤 꿈 같은 이야기들. 어서 오세요. 반다나 싱의 따뜻한 우주입니다. “가장 유망하고 독창적인 젊은 작가” - 어슐러 K. 르 귄 “끝이 보이지 않는다. 계속 새로운 시작이다.” - <워싱턴 포스트>"
백치 아다다,계용묵 저,"1935년 5월 ""조선문단""에 발표된 단편소설로, 백치이자 벙어리인 '아다다'란 인물을 통해 황금만능 세태를 비판한 작품"
길해연이 읽는 알렉산드르 푸시킨의 스페이드 여왕,알레산드르 푸시킨 저,"스페이드 여왕(Пиковая дама) 푸시킨의 산문 중에서 가장 완벽한 균형미를 지녔다는 평가를 받는 작품이다. 도박을 통해 일확천금을 노리는 한 청년 장교의 허황된 욕망과 그에 따른 파멸 과정을 쫓는다. 절제된 문장, 균형 잡힌 구성, 냉정한 내레이션 등은 이 단편을 산문 문학의 모범으로 돋보이게 한다. 차이콥스키에 의해 3막 오페라로도 작곡되었다."
그 여자는 투우사를 닮았다?,전지아 저,"[원나잇 스탠드, 미혼모, 그 모든 불명예를 경쾌하게 엎어버리는 그녀! 그녀는 투우사를 닮았다!!] 7년 전, 투우사처럼 열정적인 그녀는 인기 탤런트 반지야를 유혹해 그의 정자를 쏙쏙!! 뽑아가버리는 어이없는 일을 벌인다. 7년 후, 어딘가 자신의 아이가 자라고 있을지도 모른다는 불안감에 노심초사 살고 있던 반지야 앞에 작가로 다시 나타난 그녀! 반지야와 투우사 그녀의 유쾌한 드라마가 다시 시작된다."
결혼하지 말걸 그랬어 3,유춘강 저,"KBS 슈퍼탤런트 1기 배우 김시연 낭독, 소리로 듣는 한편의 드라마! ‘가족설명서가 필요해’ 사십이 넘어서부터 ‘나’는 모든 사물과 대화를 하는 버릇이 생겼다. 심지어 생선의 머리를 자르고 토막을 치면서도 말한다. ‘미안해, 정말 미안해. 내 본의는 아니다. 다음엔 생선으로 태어나지 말고 생선가게 주인으로 태어나라.’ 세탁기와 냉장고에게도 말한다. ‘ 너무 부려먹어서 미안해’ 라고. ‘너는 예뻐서 좋겠다. 하지만 잊지 마. 화무십일홍’이라고 꽃에게도 말을 걸고, ‘너는 남의 옷만 걸치고 있어서 어쩌니’ 라며 옷걸이에게도 말을 건다. 그렇지 않으면 나는 하루 종일 입도 뻥끗 못하니 말이다. 그야말로 인생 후반기에 묵언수행의 나날이다. 그런 나에게 갑작스런 암 선고와 시어머니의 치매로도 모자라 수련의 과정을 하고 있는 큰 딸 가을은 날라리 뽕짝 록 가수와 결혼을 전제로 사귄다. 그야말로 ‘나’의 인생에 쓰나미가 덮친 셈이다. 드디어 그 어느 때 보다도 인생의 매뉴얼, 가족관계설명서가 필요한 시점이 된 것이다."
너희들의 등 뒤에서 1 (전3권),나카니시 이노스케 저,"소리로 듣는 한편의 드라마! 우리나라 최초로 여성 독립운동가를 다룬 소설은 아이러니하게도 일본인에 의해 집필되었다- 영화 《박열》 속 등장인물로 일본인 소설가인 나카니시 이노스케의 조선을 배경으로 한 작품- 《붉은 흙에 싹트는 것》에 이어, 여성 독립투사의 모습을 그린 나카니시 이노스케의 역작- 국경을 넘어 식민지 조선으로 들어온 여성 독립투사 권주영은 일본 순사를 총으로 쏘아 죽이는데--"
