titles,authors,informs
채만식의 레디메이드 인생,채만식 저,"1934년. 인텔리 바람에 휩쓸려 공부에 열중한 판석은 자리가 없어 취직운동을 하는 중이다. 고향에 있는 9살 아들 창선이의 앞날보다 자신의 앞날도 모르는 판석에게 친구인 문홍과 한수가 찾아오는데……. 채만식의 레디메이드 인생을 보기 쉽게, 현대적 해석에 맞춰 재구성한 작품이다. 현실에 대한 지식인의 냉소를 엿볼 수 있는 작품이다."
등이 굽은 사내 - 세계 미스터리 고전문학,아서 코난 도일 저,"세계 유명 작가들의 미스터리 고전을 엄선하여 소개하는 시리즈의 서른여덟 번째 작품! 밤늦게 왓슨의 집으로 찾아온 홈즈. 아일랜드 인 연대가 주둔하고 있는 곳으로 가서 수사를 도와달라고 청한다. 사건을 증언할 사람이 없는 상황에서 돌연 등장한 등이 굽은 사내의 정체는? 《출판사서평》 추리의 세계는 언제나 흥미진진하다. 공상의 세계 역시 흥미진진하기는 하지만 그것은 현실과 상관없이 펼쳐지기도 한다. 고립된 독방에서도 너른 세상의 수많은 사람들과 다채로운 일들을 떠올리게 해주는 것이 공상이다. 물론 이것도 개인의 경험을 바탕으로 펼쳐지기는 하지만 거기에 논리성 같은 것은 필요 없어서 이 사건이 저 사건과 하나가 되기도 하고 한 사건이 전혀 연관성 없는 다른 세계로 펼쳐지기도 한다. 하지만 추리는 언제나 현실에 기반을 두고 있다. 하나의 사건 속에서 벌어진 일들은 서로가 밀접한 관계를 맺고 있으나 주의해서 잘 관찰하지 않으면 아무런 관계가 없이 벌어진 일처럼 보이기도 한다. 그렇기 때문에 추리에서는 세심한 관찰과 풍부한 지식이 무엇보다 중요한데, 관찰에서 놓치는 부분이 있으면 결론에 이르기까지의 연결고리가 끊어져 결론에 이르지 못하거나 억측을 낳아 전혀 엉뚱한 곳에 다다르게 되고, 풍부한 지식이 없으면 관찰을 통해 밝혀낸 사실들의 참된 의미를 알지 못해 결정적인 사항을 놓치거나 역시 엉뚱한 결론에 다다르게 되기 때문이다. 따라서 추리에는 관찰과 지식, 그리고 논리성이 절대적이다. 이번 시리즈에서는 세계적 명성을 얻은 작가들의 추리소설을 소개하겠다. 그들이 펼쳐 보이는 화려한 추리의 세계를 통해 재미와 함께, 정확한 추리를 위해서는 무엇을 관찰해야 하는지 또 관찰을 통해 얻은 사실은 무엇을 의미하는지 그러한 사실들을 어떻게 논리적으로 연결 지어야 하는지, 그 과정을 배워보기 바란다."
"의천도룡기, Part 3 (倚天屠龍記 3) (중국어)",JinYong (김용) 저,"Bright Peak에서의 전투가 끝난 후, Zhang Wuji는 강호에서 큰 명성을 얻는다. 명나라를 섬기는 멤버들의 존경심을 얻은 그는 그 지도자가 된다. 여섯 정통 종파 멤버들은 정부의 살수들에 의해 Wan'an 사찰에서 공격 받고 감옥에 갇히게 되고 천국의 칼은 몽골 공주 Zhao Min의 손에 들어간다. Zhang Wuji는 뛰어난 무술로 여섯 정통 종파 멤버들을 구하고 오해를 푼다. 이후 그는 Zhao Min이 있는 Lingshe 섬으로 가서 그의 대부 Xie Xun을 만난다."
흰옷 입은 여자,기 드 모파상 저,모임에 나온 노인이 50년 전의 무서운 경험담을 들려준다. 노인은 50년 전 군에 복무하고 있었다. 50년 전의 기억으로 돌아간다. 노인은 우연히 5년 동안 만나지 못했던 친구를 만났다. 5년 만에 그 친구는 백발이 성성하고 늙어서 잘 알아보지 못할 정도였다.
돌려받지 못한 하루 (세계환상문학걸작선 제1권),조반니 파피니 저,"작가는 젊음과 늙음, 인생과 시간, 육체와 정신의 갈등을 놓고 향수 어린 고뇌의 놀이, 시간과의 놀이를 벌인다. 의문의 신사에게 청춘의 1년을 빌려주고 그 대가로 평생 필요할 때 자신의 젊음을 하루나 이틀씩 돌려받아 즐겼던 노부인, 그리고 그 1년의 마지막 날이 다가온다. 그녀는 마지막 하루를 어떻게 보낼까? 미워할 수 없는 노부인을 통해 젊음과 미에 대한 인류 공통의 갈망은 희비극적 결말을 맞이한다."
[단편] 밤의 마침,편혜영 저,"한국일보문학상, 이효석문학상, 동인문학상 등을 수상하며 평단과 독자들의 열렬한 지지를 받고 있는 작가 편혜영의 네번째 소설집. 개인의 내밀한 고독을 성공적으로 형상화한 8편의 단편은 편혜영 특유의 건조하고 치밀한 문장과 밀도 높은 서사로 축조되어 점점 더 무르익어가는 작가의 필력에 깊은 신뢰를 준다. 각자의 삶을 고독하게 이고 가며 내면의 혼란이 빚어낸 현실과 망상의 경계에 위태로이 서 있는 인물들의 이야기는 깊은 여운을 남기며, 고독의 돌파구를 향해 손길을 내미는 인물들에게서는 미약하지만 멀리서 밝아오는 여명의 기운을 느낄 수 있다. 「밤의 마침」 오점 없는 삶을 단번에 파괴할 만한 비밀을 안고 살아야만 하는 중년의 남자. 안정된 직장에서 번 수입으로 단란한 가정을 꾸려오던 남자는 감당할 수 없는 비밀로 인해 영원히 끝나지 않을 밤을 맞게 된다. 낡은 호프집 건물 화장실에 술 취해 앉아 있던 여고생, 끊어진 기억, 불쾌한 충동, 번져나가는 소문. 이 모든 것의 결과는 비밀과 동조하며 고독하게 살아가야 하는 삶이다."
자살클럽,로버트 루이스 스티븐슨 저,"인간 내면의 근원과 선악의 갈등을 탐구한 작가 로버트 루이스 스티븐슨의 다양한 면모를 엿볼 수 있는 19세기의 환상적인 공포소설! 『지킬 박사와 하이드 씨』를 통해 공포스럽고 환상적인 작품 세계를 보여준 스티븐슨의 섬뜩한 이야기를 모은 선집을 오디오북으로 만나다. 비밀스러운 클럽에 관련된 진실을 쫓는 왕자와 충직한 대령의 이야기인 「자살 클럽」, 19세기의 어두운 면모를 보여주는 「시체 도둑」, 환상적인 이야기 「병 속의 악마」를 전문 성우의 생생한 연기로 만나본다."
마거릿 A의 금지된 말,L. 티멜 듀챔프 저,"“유리감옥을 깨뜨려라!” SF 소설의 페미니즘 르네상스를 이끌어온 전 세계 여성 작가들의 주옥 같은 작품을 가려 모았다. 오늘날 SF 소설계에서 가장 인정받는 편집팀으로서 여러 상을 수상하기도 한 앤 밴더미어와 제프 밴더미어 부부가 선정하고 구성한 뛰어난 페미니즘 SF 선집이다. 1960년대 작품부터 동시대 작품까지 두루 포함하는 이 선집은 페미니즘 담론의 확장을 추구하는 동시에 상상력 넘치는 풍성한 생각거리로 독자들을 이끈다. 이 걸작선은 SF와 페미니즘의 연관관계를 보여 주는 대담한 사례들을 모았다. 조안나 러스의 고전 <그들이 돌아온다 해도>에서부터 에일린 건의 <중간관리자를 위한 안정화 전략> 같은 풍자적인 작품까지, 이 영역의 작업들이 가지는 강렬한 집중도를 드러낸다. 캐서린 M. 밸런트와 같은 주목받는 작가들과 함께 반다나 싱, 히로미 고토와 같은 전 세계 작가들의 작품을 포함한 이 선집은 페미니즘의 다양한 목소리들을 담아낸다. 이 선집은 동시대 소설과 페미니즘의 두 측면에서 새로운 전선들로 사고를 확장한다. 환상적인 작품에서 미래지향적 작품으로, 신비로운 작품에서 초현실적인 작품으로 옮겨가는 이야기들은 지금 우리가 접할 수 있는 어떤 책과도 다른 페미니즘을 향한 생각들과 감정들을 불러일으킨다. “SF 소설이 가진 남다른 정치적 힘을 보여주는 꼭 필요한, 잘 가려 뽑은 선집.” - <커커스 리뷰> “여기 수록된 이야기들은 우리가 원했던 바로 그 일을 해낸다. 진부한 설정들을 찢어발기고, 젠더와 그 함의에 의문을 던지고, 풍자와 유머와 사회적 징후와 규정들에 대한 날카로운 지적 분석을 동반한 의도적 무지를 이용하여 정체성을 들여다본다.” - 마베쉬 무라드, <토르닷컴> “지난 수십 년간 여성 SF 작가들이 이룬 가장 빛나는 성과들을 엮은 다채롭고 놀라운 선집이다.” - 앤드류 앤드류스, ‘truereviewonline.com’ “저자들은 모두 페미니스트이며 SF 소설 혁명의 자매들이다. 그러므로 그들의 역할은 가능한 세계와 존재의 방식들을 탐험하는 것이며, 그려진 시나리오들로부터 각자의 교훈을 끌어내는 것은 독자들의 몫이다.” - 에리카 스미스, <피스 뉴스> “페미니스트든 아니든 SF 소설 팬이라면 누구나 반드시 읽어야 할 필독서이며, 이런저런 여성학 관련 학습과정을 짤 때 활용할 수 있는 흥미로운 텍스트가 될 것이다.” - 다이앤 칸스, ‘worldliteraturetoday.org’ “이 매혹적인 선집은 뉴웨이브 SF와 페미니즘 사변소설계의 경향들이 어떻게 여성과 페미니즘에 관한 문화와 관점의 변화들을 반영하고 있는지 보여준다.” - 바네사 부시, <북리스트> “이 책에 실린 작품들은 모두 여성들이 세계와 맺고 있는 관계의 양상들을 탐구한다. 이 작품들은 사회적 역할과 성역할, 성별, 연애 관계, 일과의 관계에 주목한다.” - 일레인 갤러퍼, <인터존> “이 책은 우리 모두가 연루돼 있는 장르와 젠더, 문화와 맥락에 관한 논의에서 빠질 수 없는 강력하고도 귀중한 선집이다.” - 캐리 스페링, <스트레인지호라이즌닷컴> “밴더미어 부부가 페미니즘 면에서든 다른 어떤 면에서든 근래 들어 최고의 SF 선집이라 할 만한 걸 엮어냈다.” - 일리저베스 핸드, <로스앤젤레스 타임즈> “주제에 맞게 배열된 작품들은 각각의 작품을 가장 선명하게 조명해내는 도발적이고 극적인 배치를 통해 서로 흘러들고 또 서로 반발한다.” - 《퍼블리셔스 위클리》 “편집자들은 이 선집을 얻기 위해 넓게 멀리까지 작품들을 뒤졌다. 다양한 SF의 향연. 장르와 정치적 성향을 떠나 이 책은 훌륭한 선집이다.” - 키스 브룩, 《가디언》 “이 ‘고도로 잘 정돈된’ 페미니즘 SF 선집에는 분명하게 밴더미어 부부의 도장이 찍혀 있다. 이 선집은 호러와 판타지를 포함한 사변소설의 모든 장르를 아우를 뿐만 아니라 이런 주제의 선집에 대한 모두의 기대를 뛰어넘으며 상당한 분량의 초현실적이고 기괴한 작품들까지 선보인다.” - 귀네스 존스, 《뉴욕 SF 리뷰》"
