titles,authors,informs
[Talk스케치로 다시 쓴 명작 단편소설] 김동인의 태형,컬툰스토리 외 1인 저,"동수는 감옥에 들어온 지 3개월 되는 죄수다. 이제는 무슨 죄로 끌려왔는지조차 알지 못하는 그는 40여 명이 옹기종기 모여 있는 감옥에서 힘겨운 생활을 이어나간다. 물을 자유롭게 마시고, 목욕을 자유롭게 할 수 있었던 자유를 그리워 하며 간신히 살아나가던 동수는 억지로 진찰을 나가게 되고, 그곳에서 동생을 만나게 되는데...... 김동인의 <태형>을 현대적으로 재해석한 작품이다."
해바라기,이효석 저,이효석 문학의 본질적인 특징들을 총망라해 놓은 작품이다. 
한국 민담집 2,작자미상 저,"전래 문학과 민담에는 그 시대와 지역의 문화와 전통, 희노애락이 담겨 있습니다.
대한민국 각 지역에서 전해져온 전래문학, 민담집 "
얀,전동하 저,겨울이 되자 기러기들은 남하비행을 시작한다. 수만 킬로미터를 날아가야 하기 때문에 중간에 체력이 떨어지는 기러기들은 낙오되어 죽는 일이 허다하다. 얀은 그렇게 가까운 이들의 죽음을 보면서 삶에 대해 많은 고민을 한다. 결국 기러기들 사이에서 왕따가 되고 점점 자신감을 잃어가는 얀은 죽고 싶다는 생각까지 하게 되는데… 기러기 얀이 삶의 의미를 찾아가는 과정을 그린 이야기
배따라기,김동인 저,"어디선가 들려오는 구슬픈 노래. 배따라기. 그는 왜 구슬픈 배따라기를 부르는 것일까. 의처증과 오해가 증오로 표출되면서 평범하게 살아가던 사람들의 관계를 와해시키고, 운명앞에 홀로 선 인간의 무력한 모습. 그리고 끝없는 자책과 회한의 정서는 배따라기 노래와 함께 바다의 이미지와 어울려 예술적인 아름다움으로 승화 된다. 배따라기를 부르는 한 남자의 비극적이고도 슬픈 이야기를 천천히 들어보자."
[단편] 행복고물상,천운영 저,"이 소설집은 등단작 [바늘]을 비롯하여 2000년 1월부터 2001년 10월까지 약 2년간 발표된 아홉 편의 단편소설들로 구성되어 있다. 천운영의 신예답지 않은 만만찮은 저력은 “독자를위태로운 공격성과 관능과 탐미의 벼랑끝으로 밀고가는 발군의 역량”(신춘문예 심사평)이 돋보인다고 평가된 바 있는데, 수록작품 모두 편차 없이 고른 성취를 보이고 있다. 천운영 소설의 인물들은 90년대 (여성)소설에 자주 등장하는 도시적 감각의 전문직 중산층 여성이나 소설의 단골 소재였던 애정과 불륜관계와도 차별성이 있다. 문학평론가 이광호는 권말의 해설에서 등장인물들이 “제도화된 여성적 자아의 내부에 머물지 않는다. 그 제도적인 영역의 바깥으로 질주하는 원초적이고 본능적인 여성적 에너지를 드러낸다”고 하며, 바로 그 지점에서 “식물적인 여성성으로부터 동물적인 여성성으로의, 혹은 타자로서의 여성성으로부터 창조적인 부재와 이질적인 복수항(複數項)로서의 여성성으로의 탈주라는 존재론적 전환의 사건이 벌어진다”고 평한다. 그런 의미에서 “천운영의 미학적 위반은 문화적인 이탈의 의미를 얻고, 천운영을 통해 한국의 여성소설은 독특한 야생의 미학을 자기 목록에 추가할 수 있게 되었다”고 한다."
뻐꾸기 날리다 - 뻐꾸기 날리다,김우남 저,"우리 실존의 현재를 비춰보게 하는 사실주의적 이야기 ‘아줌마’의 삶을 담은 김우남 작가의 이야기들은 여성 서사의 한 측면에서 읽혀야 마땅하겠지만, 그보다 먼저 우리 시대 인정세태의 리얼리즘 소설 계보로 정리할 수도 있을 테다. ‘사실주의’라는 개념이 품은 함의는 꽤 두터운 것인데, 여기서는 삶의 구체적 국면을 중시하고, 그것의 시시콜콜함을 있는 그대로 그려낸다는 의미에서 김우남 작가 소설의 한 측면을 대변한다. 그녀가 즐겨 빚는 아줌마의 유쾌한 수다는 세속화된 사회에서 일상을 살아내고, 그것을 버텨내는 작중인물이 겪는 미시적 이야기들이다. 그 이야기에는 이 시대 아줌마들의 욕망과 나르시시즘, 분노와 슬픔, 좌절과 피로감 따위의 구체적 사실감이 풍부하다. 또한 김우남 작가의 작가적 개성이 잘 구현된 미시 서사는 잘 닦인 거울인 듯해서 우리 실존의 현재를 비춰보게 된다. 그녀가 채집한 세속 사회에서의 일상 서사는 이 시대의 세태와 풍속의 결을 드러내고, 우리는 그 속에서 자주 자신을 돌아보며 ‘나는 잘 살고 있는가?’를 묻게 만든다. “사교육비 때문에 등골이 휘고 너무나 불투명한 우리의 교육현실”로 인해 생기는 학부모의 불안을 악의적으로 이용해 학력 위조자가 벌인 고액 과외 사기 소동의 전말을 그린 이야기. 「뻐꾸기 날리다」"
동동,박희채 외 1인 저,"사랑과 슬픔을 노래하는 고려 말 민초들의 이야기! 고려 말의 격동기. 충혜왕으로 인해 아내와 아들을 잃은 고려 최고의 무사 김양검과 떠돌이 행각승에서 왕과 정사를 논하는 고려 최고의 승려가 된 편조, 가족의 원수를 갚기 위해 김양검을 쫓는 심녀와 사랑에 눈이 먼 살인 청부업자 강수까지. 세상을 바꿀 수 있다는 비서 음양혼천비록을 둘러싸고 벌어지는 한 많은 고려말의 인간군상들이 한 편의 드라마로 엮여 흘러간다."
"비호외전, Part 1 (飛狐外傳 1) (중국어)",JinYong (김용) 저,위대한 무술가 Hu Yidao의 아들인 Hu Fei는 따뜻한 마음으로 악을 매우 싫어한다. 피해자 Zhong A'si를 위해 정의를 전달하기 위해 그는 사람들을 괴롭히는 Fosh Tiannan을 죽이려고 Foshan 마을에서 싸운다. 추격 과정에서 그는 쿵푸가 뛰어난 어린 소녀 Yuan Ziyi를 만나고 사랑에 빠지게 된다. Fei는 악과 싸우고 약자를 돕지만 그것은 그를 계획에 포함시키기 위한 속임수 였는데…
고두심이 읽는 압둘라 이븐 알 무카파의 왕과 판자 새,압둘라 이븐 알 무카파 저,왕과 판자 새(باب ابن الملك والطائر) 우화집 ≪칼릴라와 딤나≫에 수록된 짧은 이야기다. 짧지만 가슴을 울리는 문장들이 켜켜이 쌓여 있어 깊은 인상을 남긴다. 풍자적이면서도 기존의 정치에 대한 신랄한 비평을 담고 있는 작품이다. 인도의 왕 바리둔에게는 애지중지하며 키우는 새 판자가 있다. 그런데 어느 날 왕의 아들이 사소한 이유로 판자의 새끼를 죽여 버린다. 왕자에게 복수를 하고 날아가 버린 판자를 붙잡기 위해 왕은 판자를 구슬리기 시작한다. 그런데 판자 역시 이에 지지 않고 왕의 말을 되받아친다.
정거장 면접관,김지윤 저,"""여긴 어디죠? 그러니까, 아까의 하얀 곳이요."" ""그곳은 정거장이란다. 여기도 정거장의 일부기는 하지만 말이다. 인간들이 생각하는 하늘나라와 인간들이 사는 곳이 있잖니? 그 둘의 중간 지점이 정거장이라고 생각하면 돼."" 삶과 죽음의 경계, 정거장에서 이루어지는 이상한 면접. 그 안에서 이루어지는 현과 면접관 노인의 가슴 따뜻한 이야기. 원작 『환상소필집』 수록 「정거장 면접관」 저자 김지윤 / 출연자 박주호, 장연우 / 기획 최경철 / 연출 김송이"
이사하톤의 꿈,톨스토이 저,"생명은 하나며, 다른 사람에게 악행을 하는 것은 결국, 자신에게 악행을 행하는 것이라는 톨스토이의 메시지가 담긴 톨스토이의 걸작 단편이다."
명계남이 읽는 박영희의 사냥개,박영희 저,"[100인의 배우, 우리 문학을 읽다] 오디오북 시리즈는, 최민식 문소리 정진영 강부자 등 우리 시대를 대표하는 배우 103명이 한국 근현대문학의 주요 중단편소설 100편을 낭독한 프로젝트입니다. ≪사냥개≫는 1925년 ≪개벽≫ 4월호에 발표 당시 한국 사회주의 소설의 서막을 여는 기념비적 작품으로 평가받았다. 식민화한 당대 사회의 계급 현실을 상기시키고 그 대안을 제출하려고 했다는 점에서 무산자를 위한 혁명적 문학을 추구했던 1920년대 프로문학의 지향점을 선명하게 보여준다."
여우 - 일본 중단편 고전문학,다나카 히데미쓰 저,엄선한 일본 근현대 중단편 문학의 정수! ― 스물네 번째 이야기 ‘큰일 날 여자’와 동거하던 중 접한 다자이 오사무의 자살소식. 그 충격으로 술과 여자와 약에 빠져 살던 자신의 모습을 그린 자전적 소설. 깨달음을 얻지 못한 파멸적 삶의 기록.
귀향,기 드 모파상 저,"마르탱 부인은 다섯 아이를 키우며 살아가는 어부의 아내입니다.
어느 날 그녀의 집 앞에 한 남자가 나타납니다. "
"서검은구록, Part 2 (書劍恩仇錄 2) (중국어)",JinYong (김용) 저,Chen Jialuo는 이슬람 부족을 돕기 위해 이슬람 영토로 향하고 아름다운 공주 Fragrance를 만난다. 그들은 서로 사랑에 빠지고 Zhang Zhaozhong과 함께 싸운다. 우연히 Chen Jialuo는 환상적인 쿵푸를 배우게 되어 Zhang Zhaozhong을 물리치고 그를 늑대에게 던져준다. 그후 곧 Qing 군대에 의해 이슬람 부족이 멸망되고 Franrance 공주가 체포되어 Qing의 수도로 끌려온다. Qianlong 황제는 Fragrance 공주의 아름다움에 매료되어 Chen Jialuo에게 황제와 결혼하도록 설득하게 하고 Franrance 공주는 눈물로 동의한다. 그러나 그녀는 황제가 한족을 살리려는 의도가 없다는 것을 알게되고 자살하여 Chen Jialuo에게 경고한다. 큰 슬픔에 빠진 Chen Jialuo와 다른 영웅들은 궁에 침입하여 치열한 전투를 시작한다.
꿈,이광수 저,"시대별ㆍ장르별 대한민국 대표 작가들의 작품을 소개한 「한국문학산책」 제15권 『꿈』. 작가의 주요 작품과 작가 소개, 작품 해설에 이르기까지 작품의 모든 것을 담아냈다. 시대 분위기와 작가의 개성이 잘 드러날 수 있도록 작가 고유의 문장이나 방언, 속어, 고어 등은 원문 표기를 따르되, 괄호 속에 뜻풀이를 달아 작품 감상을 도왔다. 사바세계는 허망하고 덧없다는 불교 사상을 밑바탕으로 하는 일종의 몽자소설의 성격을 띠고 있다."
[요약] 설중매,구연학 저,"격렬한 정치, 사회의 현실을 무대로 한 자주 독립운동을 그린 『설중매』. 개화기의 선구적 지식인 이태순과 신학문을 익힌 신여성 장매선이 격동하는 정치적, 사회적 상황에서 자유와 독립을 위해 정치, 개화 운동을 벌이는 가운데 주위의 압력에 굴하지 않고 백년가약을 맺는다는 내용으로 구성되어 있다."
오지혜가 읽는 강경애의 지하촌,강경애 저,"[100인의 배우, 우리 문학을 읽다] 오디오북 시리즈는, 최민식 문소리 정진영 강부자 등 우리 시대를 대표하는 배우 103명이 한국 근현대문학의 주요 중단편소설 100편을 낭독한 프로젝트입니다. ≪지하촌≫은 카프 이념에 동조했던 동반자작가 강경애가 1936년 ≪조선일보≫에 연재한 작품이다. 1930년대라는 엄혹한 창작 환경에서도 빈민촌 거지 가족의 참담한 생활을 적나라하게 묘사함으로써 동시대의 암울한 사회현실을 날카롭게 고발한 비판적 리얼리즘의 수작으로 평가받고 있다."
추상미가 읽는 보리스 파스테르나크의 류베르스의 어린 시절,보리스 파스테르나크 저,"류베르스의 어린 시절 (Детство Люверс) 여주인공이 경험하는 성장기의 벅찬 감수성을 한 편의 세밀화처럼 묘사한 수작이다. 그녀가 육체적, 정신적으로 성숙해 가는 과정이 매우 섬세하게 펼쳐진다. 유아기에서 유년기로, 그리고 청년기로 성장하는 에피소드들은 어린 소녀의 눈을 통과한 그림 같은 암시들로 이루어져 있다."
[Talk스케치로 다시 쓴 명작 단편소설] 이명선의 복수,이명선 저,"명욱은 친우의 약속에 따라 그의 별장에서 여름을 나기로 한다. 의사, 신문기자, 교사 등 각계각층의 사람들이 모여 있는 와중에 서로 다른 취미를 즐기며 나름의 여름을 보낸다. 매일같이 저녁에 모여 하나의 화두를 주제로 이야기를 나누던 중, 인생에 대한 이야기가 나왔다. 장난스러운 분위기에서 시작된 이야기였지만, 의사가 자신이 생각하는 인생의 행복을 이야기하면서 분위기가 묘하게 흘러가는데...... 이명선의 <복수>를 현대적으로 재해석한 작품이다."
스테가노그래피,김주원 저,"대한제국 고종황제의 비밀자금이 지금 있다면? 그 비밀자금이 숨겨진 곳의 단서가 서울 한복판에 있다면? 고종황제가 조국의 독립을 위해 남겨둔 비자금을 노리는 북한과 그것을 숨겨 대한민국에 넘겨주지 않으려 하는 외국 금융권의 음모. 그리고, 그것을 찾으려는 사람들. 사이버테러 라는 특이한 소재와 맞물려 고종황제의 비자금을 찾아나서는 한 달 간의 추격전이 펼쳐집니다."
변두리 로켓 가우디 프로젝트,이케이도 준 저,"일본 최고의 스토리텔러 이케이도 준의 대표작이자 누적 판매 350만 부를 돌파한 '변두리 로켓 시리즈' 의 두 번째 작품. 전편 《변두리 로켓》으로 145회 나오키상을 수상하며 작품성과 대중성을 모두 갖춘 최고의 작품이라는 평가를 받았던 이케이도 준이 4년의 준비 끝에 선보인 후속작이다. 《변두리 로켓: 가우디 프로젝트》에서는 우주로켓의 꿈을 현실로 만든 변두리 동네 중소기업 쓰쿠다제작소에 또다시 위기가 찾아오고, 쓰쿠다와 직원들은 최첨단 밸브 기술을 적용한 인공 심장판막 '가우디' 개발을 향한 새로운 도전에 뛰어든다. 기업을 무대로 인간을 그리는 소설가 이케이도 준이 실감 나게 직조해내는 비정한 기업의 생리와 그 안에서 치열하게 살아가는 인물들, 그리고 그들이 선사하는 순도 높은 감동과 통쾌한 카타르시스를 경험할 수 있을 것이다. 로켓엔진 밸브 시스템의 납품을 성공시키며 도산 위기를 벗어난 후 4년이 흐른 쓰쿠다제작소에 커다란 위기와 기회가 동시에 찾아온다. 대형 제조사에서 온 의문투성이 시제품 의뢰를 받아들여 신규 거래에 뛰어들지만 앞뒤가 다른 대기업의 횡포에 또다시 난항을 겪고, 궤도에 올랐던 로켓용 밸브 거래마저 일방적인 경쟁입찰 통보와 함께 위태로워진다. 나사(NASA) 출신의 엘리트 사장이 이끄는 새로운 라이벌 기업은 경쟁입찰에서 이기기 위해 사사건건 앞길을 막고, 쓰쿠다제작소의 젊은 기술자를 회유해 내부기밀인 설계도를 빼돌리는 등 비열한 짓을 일삼는다."
최주봉이 읽는 다야마 가타이의 소녀 동경,다야마 가타이 저,"소녀 동경(少女病) 잡지사에 근무하는 중년 가장인 주인공은 출퇴근길 전차 안에서 은밀하게 젊은 여성들의 모습을 훔쳐보는 은밀한 취미를 지녔다. 주인공의 생리를 적나라하게 파헤친 것은 작가 자신의 치부를 드러내어 대중의 눈앞에 펼쳐 보인 것과 같은 것으로, 인간의 생리, 특히 성욕을 중시하고 그것을 중심으로 인생을 보려고 하는 태도를 보여 주고 있다는 평을 받는다."
영등포,최준영 저,"""화려한 네온사인, 밤을 낮처럼 밝히는 거대 쇼핑몰 타임스퀘어. 그리고 길 하나 차이로 낮은 지붕 밑 붉은 조명 아래 인간의 욕망이 어둠처럼 흐르는 뒷골목. 그 곳에서 벌어지는 의문의 연쇄 살인!"" 비 내리는 늦은 봄 밤, 구영도 형사에게 영등포 홍등가에 살인사건 신고가 들어온다. 구역간의 세력다툼이나 동네 양아치들의 단순한 우발적 범행이라고 보기에는 살해방법이 무언가 석연치 않음을 직감한 구형사는 범인을 찾기 위해 홍등가의 포주부터 그 거리에 기생하는 삼촌이라 불리는 건달들을 탐문수사하며 범인을 잡기위해 동분서주 한다. 그러는 사이 비슷한 수법으로 예전의 포주였던 남순 할머니가 또 살해를 당하는 사건이 연이어 발생하는데... 영등포에서는 모든 사람을 딱 네 개의 이름으로 불러요. 일을 하면 아가씨. 일을 도와주는 여자는 이모. 일을 도와주는 남자는 삼촌. 그리고… 오빠. 형사님처럼 이 골목 사람이 아닌 외지 사람은 다 오빠라고 부르지요. 페이지 터너 이재익이 돌아왔다. 출간하는 소설마다 강한 흡입력을 내뿜는 그의 전작처럼 한번 손을 잡으면 끝을 보기 전에는 놓기 힘든 스토리, 서울의 마지막 남은 홍등가 영등포 뒷골목에서 벌어지는 의문의 연쇄 살인. 소설을 읽다보면 우리가 익히 들어본 그 거리와 골목들이 영화의 스틸 컷처럼 머릿속에 펼쳐진다. <다음, 작가의 발견 - 7인의 작가전>을 통해 소설의 일부분을 미리 선보이며 온라인 독자들의 열광적인 찬사를 받았던 그의 이야기가 드디어 무더운 여름을 앞둔 지금 한 편의 완성된 소설로 독자들에게 선보인다."
허스토리 Herstory,최문정 저,"[바보엄마]의 작가 최문정 소설. 허스토리Herstory』는 시험관 시술로 태어난 네 자매의 이야기. 이 작품 역시 최문정 작가가 지속적으로 천착해온 ‘진정한 가족이란 무엇인가?’를 묻고 있다. 출생의 비밀을 간직한 네 자매의 만남과 헤어짐, 그리고 갈등과 화해를 통해 뜨거운 우애를 그리고 있다. 네 자매의 간략한 소개를 통해 『허스토리』의 줄거리를 들여다보자. 이사벨라 데스테(이지) = 한성은 엄마는 항상 쌍둥이 오빠와 나를 차별했다. 단지 오빠가 남자라 그런 줄 알았다. 상관없었다. 아빠는 오빠보다 날 훨씬 사랑했으니까. 하지만 어느 날 내가 그들의 친딸이 아니라는 사실을 들었다. 믿고 싶지 않았다. 굳이 확인하고 싶지도 않았다. 그래서 몰래 한 유전자 검사 결과를 열어보지 않았다. 아버지의 죽음 직전, 진실을 알았다. 아버지의 끔찍한 사랑은 불행만 몰고 왔다. 사랑 따위는 하지 않으리라 결심했다. 그저 내가 원하는 대로 만들어 낼 수 있는 영화 속 세상에서만 살고 싶었다. 나도 나만의 가족을 가지고 싶었다. 안젤리나 사토(엔젤) = 히미코 다나까 아버지는 항상 말했다. 내가 널 얼마나 사랑하는지 넌 모를 거야. 그래서 나는 오빠를 위해 골수를 뽑았다. 어머니는 항상 말했다. 넌 내가 가슴으로 낳은 자식이란다. 그래서 나는 오빠를 위해 신장(콩팥)을 꺼냈다. 그들의 사랑이 진실하지 않아도 상관없었다. 나와 같은 피가 흐르는 오빠는 나를 누구보다 사랑했으니까. 오빠와 함께 있기 위해서라면 살인도 그다지 두렵지 않았다. 쓸모가 다해서 버려지는 것보다는 야쿠자의 킬러로 남는 편이 나았다. 하지만 그들에게 나는 그저 언제나 팔아치울 수 있는 소모품에 불과했다. 오빠는 나를 다른 조직에 팔아넘겼다. 그렇게 나는 킬러로 살아야만 했다. 엘리자베스 하워드(콘스탄티스) = 베스 오늘도 아버지는 내 방문을 두드렸다. 나는 울지 않으려 애썼다. 한밤중 고요한 정적을 깨뜨리고 싶지는 않았다. 그저 그 일이 빨리 끝나기만을 기도했다. 내 나이 다섯 살, 그때부터 내 악몽은 시작되었다. 그 고통을 끝내고 싶었다. 간단했다. 내가 죽어버리면 되니까. 하지만 내 쌍둥이 여동생이 내 고통을 물려받아야 했다. 그래서 견뎠다. 조(조세핀)만은 아무것도 모르고 꿈꾸게 만들고 싶었다. 그게 이유였다. 조세핀 하워드 = 조 친부모는 나와 쌍둥이 자매를 함께 버렸다. 내가 태어난 나라도 우릴 버렸다. 그래도 우린 운이 좋은 편이었다. 미국 최고 상류층 집안에 입양되었으니까. 그렇게 행복하다고 생각하며 살았다. 하지만 내 행복은 베스의 고통을 짓밟고 이루어진 것이었다. 그걸 안 순간, 난 무너져 내렸다. 대통령이 되고 싶었다. 초등학교 시절, 그 철없는 꿈을 위해 희생했던 베스를 위해 이제는 대통령이 되어야 했다. ‘비록 아버지가 다를지는 모르지만, 나에게도 가족이 있다’ 서로에 대한 사랑과 믿음이 있는 가족이 진정한 가족 아닐까요? 이제 네자배의 처절하고도 뜨겁고 뭉클한 이야기를 들어볼 시간입니다."
미녀와 야수(하) - 소설,가브리엘 수잔 바르보 드 빌레느브 저,"국내 최초로 소개되는 빌레느브 부인의 원작 판타지소설. 디즈니의 애니메이션으로 유명한 ‘미녀’와 ‘야수’의 이야기, 그러나 우리가 지금까지 알던 『미녀와 야수』의 이야기는 진짜가 아니었다. 가슴 아픈 사랑과 사악한 요정의 음모, 끝없는 상상력으로 펼쳐지는 환상의 세계. 당신이 몰랐던 진짜 『미녀와 야수』의 이야기."
풍년식당 레시피,서성란 저,"승복과 선희는 모녀 관계다. 둘은 생물학적인 모녀가 아닌 같은 질환을 가진 닮은 외모의 모녀다. 세상으로부터 철저하게 버림받고 상처 입은 승복이 자신의 딸 선희를 지키는 방법은 '단절' 이었다. 하지만 선희는 승복이 만든 세상 안에 안주하지 않고, '진짜' 세상과의 소통을 원하고 문을 열고 나간다. 세상 밖으로 나간 선희와 선희를 지키고자 하는 승복의 삶은 현실 세상을 사는 우리의 삶과 다르지 않다. 승복과 선희의 삶을 통해 상처받은 그들의, 우리의 삶을 위로하는 시간을 가져보자."
볼리비아 우표_쥐,강이라 저,"표류하는 젊은 세대의 위태로운 일상을 실감 나게 묘사하다. “수챗구멍이라도 좋으니 좁은 틈으로 비집고 들어가 꼬리까지 말아 넣고는 그저 반나절만 숨어 있고 싶었다.” 단연 돋보이는 작품은 2016년 국제신문 신춘문예에 당선된 「쥐」다. 「쥐」는 이 시대를 살아가는 젊은 세대의 모습을 현실적으로 묘사한다. 욕조 속 바가지 위에 위태롭게 떠 있는 쥐가 마치 위태롭게 하루하루를 버티는 청년들의 모습 같다. “그 작품을 읽자마자 당선작으로 선뜻 골라냈지만 그날 저녁부터 꽤 오랫동안 작품 속에 나오는 꼬리가 잘린 쥐가 주는 소름 끼치도록 칙칙한 인상과 상징에 시달려야 했다.”라는 이순원 소설가의 말처럼 쥐가 주는 시각적 인상이 강렬한 작품이다. 강이라 작가가 묘사한 청년 세대의 일상은 꽤 구체적이다. 내내 인턴만 하다 정규직 채용이 되지 않는 수진의 삶에 깊은 연민을 느끼게 되고, 잠긴 채 열리지 않는 욕실 문을 향해 내뱉는 수진의 독백은 이 시대 청년들이 처한 현실을 대변해주는 듯하여 가슴이 답답해진다."
