titles,authors,informs
귀머거리 삼년 벙어리 삼년-삼천리 극장,편집부편 저,"삼천리 방방곡곡 전해오는 이야기를 모아 새롭게 구성한 삼천리 극장! 시집간 첫날부터 시댁엔 난리가 났다. 시집온 새색시가, 불러도 모른척하고 뭘 물어봐도 대답이 없는 것이었다. “어떻게 된 거냐? 말을 못하지 않느냐?” 시아버지는 며느리를 잘못 들였다고 노발대발했다. “새아기 좀 들어오라고 해라.” 안방으로 불려온 며느리에게 시아버지가 물었다. “얘 아가야! 너 내 말 알아듣느냐?” 그러자 딸은 입을 꼭 다물고 고개만 끄덕끄덕했다."
[단편] 포옹,천운영 저,"이 소설집은 등단작 [바늘]을 비롯하여 2000년 1월부터 2001년 10월까지 약 2년간 발표된 아홉 편의 단편소설들로 구성되어 있다. 천운영의 신예답지 않은 만만찮은 저력은 “독자를위태로운 공격성과 관능과 탐미의 벼랑끝으로 밀고가는 발군의 역량”(신춘문예 심사평)이 돋보인다고 평가된 바 있는데, 수록작품 모두 편차 없이 고른 성취를 보이고 있다. 천운영 소설의 인물들은 90년대 (여성)소설에 자주 등장하는 도시적 감각의 전문직 중산층 여성이나 소설의 단골 소재였던 애정과 불륜관계와도 차별성이 있다. 문학평론가 이광호는 권말의 해설에서 등장인물들이 “제도화된 여성적 자아의 내부에 머물지 않는다. 그 제도적인 영역의 바깥으로 질주하는 원초적이고 본능적인 여성적 에너지를 드러낸다”고 하며, 바로 그 지점에서 “식물적인 여성성으로부터 동물적인 여성성으로의, 혹은 타자로서의 여성성으로부터 창조적인 부재와 이질적인 복수항(複數項)로서의 여성성으로의 탈주라는 존재론적 전환의 사건이 벌어진다”고 평한다. 그런 의미에서 “천운영의 미학적 위반은 문화적인 이탈의 의미를 얻고, 천운영을 통해 한국의 여성소설은 독특한 야생의 미학을 자기 목록에 추가할 수 있게 되었다”고 한다."
카프카 우화집(상),프란츠 카프카 저,"20세기의 중요한 작가 중 한 명으로 꼽히는 프란츠 카프카의 우화성 가득한 단편을 모은 책.
생전에 발표했던 작품은 물론, 유고 및 그의 일기에서 발췌한 작품 등도 수록해 카프카 문학을 다양하게 맛볼 수 있다."
스물네 개의 눈동자 (하),쓰보이 사카에 저,※ 선생님과 함께 읽어야 할 필독서 ※ 잔잔한 감동으로 다가오는 반전(反戰) 소설의 걸작. 가난하지만 아름다운 바닷가 마을을 배경으로 펼쳐지는 젊은 여선생님과 어린 열두 제자들의 성장기. 전쟁의 광풍(狂風) 속에서도 참된 인간의 모습과 생명을 꿋꿋하게 지켜나가는 사람들의 이야기. 사후 50주년을 맞아 새롭게 번역한 쓰보이 사카에의 대표작.
유리병 마술,네일로 홉킨슨 저,"“유리감옥을 깨뜨려라!” SF 소설의 페미니즘 르네상스를 이끌어온 전 세계 여성 작가들의 주옥 같은 작품을 가려 모았다. 오늘날 SF 소설계에서 가장 인정받는 편집팀으로서 여러 상을 수상하기도 한 앤 밴더미어와 제프 밴더미어 부부가 선정하고 구성한 뛰어난 페미니즘 SF 선집이다. 1960년대 작품부터 동시대 작품까지 두루 포함하는 이 선집은 페미니즘 담론의 확장을 추구하는 동시에 상상력 넘치는 풍성한 생각거리로 독자들을 이끈다. 이 걸작선은 SF와 페미니즘의 연관관계를 보여 주는 대담한 사례들을 모았다. 조안나 러스의 고전 <그들이 돌아온다 해도>에서부터 에일린 건의 <중간관리자를 위한 안정화 전략> 같은 풍자적인 작품까지, 이 영역의 작업들이 가지는 강렬한 집중도를 드러낸다. 캐서린 M. 밸런트와 같은 주목받는 작가들과 함께 반다나 싱, 히로미 고토와 같은 전 세계 작가들의 작품을 포함한 이 선집은 페미니즘의 다양한 목소리들을 담아낸다. 이 선집은 동시대 소설과 페미니즘의 두 측면에서 새로운 전선들로 사고를 확장한다. 환상적인 작품에서 미래지향적 작품으로, 신비로운 작품에서 초현실적인 작품으로 옮겨가는 이야기들은 지금 우리가 접할 수 있는 어떤 책과도 다른 페미니즘을 향한 생각들과 감정들을 불러일으킨다. “SF 소설이 가진 남다른 정치적 힘을 보여주는 꼭 필요한, 잘 가려 뽑은 선집.” - <커커스 리뷰> “여기 수록된 이야기들은 우리가 원했던 바로 그 일을 해낸다. 진부한 설정들을 찢어발기고, 젠더와 그 함의에 의문을 던지고, 풍자와 유머와 사회적 징후와 규정들에 대한 날카로운 지적 분석을 동반한 의도적 무지를 이용하여 정체성을 들여다본다.” - 마베쉬 무라드, <토르닷컴> “지난 수십 년간 여성 SF 작가들이 이룬 가장 빛나는 성과들을 엮은 다채롭고 놀라운 선집이다.” - 앤드류 앤드류스, ‘truereviewonline.com’ “저자들은 모두 페미니스트이며 SF 소설 혁명의 자매들이다. 그러므로 그들의 역할은 가능한 세계와 존재의 방식들을 탐험하는 것이며, 그려진 시나리오들로부터 각자의 교훈을 끌어내는 것은 독자들의 몫이다.” - 에리카 스미스, <피스 뉴스> “페미니스트든 아니든 SF 소설 팬이라면 누구나 반드시 읽어야 할 필독서이며, 이런저런 여성학 관련 학습과정을 짤 때 활용할 수 있는 흥미로운 텍스트가 될 것이다.” - 다이앤 칸스, ‘worldliteraturetoday.org’ “이 매혹적인 선집은 뉴웨이브 SF와 페미니즘 사변소설계의 경향들이 어떻게 여성과 페미니즘에 관한 문화와 관점의 변화들을 반영하고 있는지 보여준다.” - 바네사 부시, <북리스트> “이 책에 실린 작품들은 모두 여성들이 세계와 맺고 있는 관계의 양상들을 탐구한다. 이 작품들은 사회적 역할과 성역할, 성별, 연애 관계, 일과의 관계에 주목한다.” - 일레인 갤러퍼, <인터존> “이 책은 우리 모두가 연루돼 있는 장르와 젠더, 문화와 맥락에 관한 논의에서 빠질 수 없는 강력하고도 귀중한 선집이다.” - 캐리 스페링, <스트레인지호라이즌닷컴> “밴더미어 부부가 페미니즘 면에서든 다른 어떤 면에서든 근래 들어 최고의 SF 선집이라 할 만한 걸 엮어냈다.” - 일리저베스 핸드, <로스앤젤레스 타임즈> “주제에 맞게 배열된 작품들은 각각의 작품을 가장 선명하게 조명해내는 도발적이고 극적인 배치를 통해 서로 흘러들고 또 서로 반발한다.” - 《퍼블리셔스 위클리》 “편집자들은 이 선집을 얻기 위해 넓게 멀리까지 작품들을 뒤졌다. 다양한 SF의 향연. 장르와 정치적 성향을 떠나 이 책은 훌륭한 선집이다.” - 키스 브룩, 《가디언》 “이 ‘고도로 잘 정돈된’ 페미니즘 SF 선집에는 분명하게 밴더미어 부부의 도장이 찍혀 있다. 이 선집은 호러와 판타지를 포함한 사변소설의 모든 장르를 아우를 뿐만 아니라 이런 주제의 선집에 대한 모두의 기대를 뛰어넘으며 상당한 분량의 초현실적이고 기괴한 작품들까지 선보인다.” - 귀네스 존스, 《뉴욕 SF 리뷰》"
사면체,반다나 싱 저,"“이제 알았어, 난 행성이야. 여자, 아내, 어머니 그런 거 말고.” 어슐러 K. 르 귄이 극찬한 인도 출신의 페미니즘 SF 작가, 더 이상 아내이기를, 어머니이기를, 여자이기를 거부한 바로 당신의 이야기! 아내가 선언했다. “마침내 내가 무엇인지 알았어. 나는 행성이야. 나는 인간이었고, 여자였고, 아내이자 어머니였지. 나는 내게 그런 거 말고 뭔가 다른 건 없을까 늘 궁금했어. 이제 알았어. 난 행성이야.” 어리석은 남편은 대답한다. “당신은 행성이 아니야, 미친 거지.” 어느 아침 잠에서 깬 여자들은 발견한다. 낯선 침대 위 낯선 짐승이 옆에 누워 있는 것을. 그리고 그 짐승이 한때 사랑했던, 혹은 거의 사랑한다고 생각할 뻔했던 남편이라는 것을. 그리고 그녀들은 여행을 준비한다. 신화와 설화가 잉태한 꿈이 있고, 수학과 물리가 힘겹게 밝혀가고 있는 비밀스러운 우주의 신비가 있는 미지의 세계로. 어리석은 남편들은 아내의 마지막 경고를 새겨 들었어야 했다. “아직, 나는 당신을 떠나고 싶지 않아, 아직은.” 어느 날 자신이 사랑하는 소설 외에는 아무것도 만날 수 없을 때(혹은 만나고 싶지 않을 때), 그때 ‘우주 저 너머로’ 가는 이야기를 집어 들고 마는 외로운 SF 독자의 친구들이 가득한 책, ‘가장 덜 SF다운 SF’의 경계에서 부드럽게 당신을 위로해 줄 어느 여름밤 꿈 같은 이야기들. 어서 오세요. 반다나 싱의 따뜻한 우주입니다. “가장 유망하고 독창적인 젊은 작가” - 어슐러 K. 르 귄 “끝이 보이지 않는다. 계속 새로운 시작이다.” - <워싱턴 포스트>"
놀러 가자고요 <봇도랑치기>,김종광 저,"“사는 날 동안 얼굴 붉히면서 살 거 뭐 있나. 같이 놀러나 댕기자” 거침없이 콸콸 쏟아지는 ‘썰’의 향연! 8년 만에 선보이는 김종광의 다섯 번째 소설집 소싯적 놀 만큼 놀아본 범골 어르신들이 건네는 노는 법의 진수 나들이하듯 가벼이 세상을 활보하는 그들이 ‘한 수’ 가르쳐주러 때 빼고 광 내고 행차하셨다! 김유정의 반어, 채만식의 풍자, 이문구의 능청스런 입담을 갖춘 작가로 평가받는 김종광의 『놀러 가자고요』가 작가정신에서 출간되었다. 『경찰서여, 안녕』, 『모내기 블루스』, 『짬뽕과 소주의 힘』 등의 소설을 발표하고, 청소년 및 역사 소설을 아우르는 등 폭넓은 행보를 이어온 그가 8년 만에 선보이는 소설집이다. 2011년에서 2017년까지 잡지 지면에 발표했던 소설들 가운데 9편을 수록한 이 책은농촌 소도시를 배경으로 세련된 삶의 뒷전으로 밀려난 정답고 순박한 마음과 풍경들을 그려낸다. 특유의 걸출한 입담과 페이소스는 더 깊어졌고, 도시와 농촌, 노인과 아이, 표준어와 방언, 구술과 서술, 전설과 역사 등 대극점에 위치한 요소를 하나로 눙쳐 세계를 조형하는 기술은 더 노련해졌다. 어쩌면 김종광에게는 소설가라기보다 ‘썰’을 풀어내는 재담꾼 또는 만담가가 더 어울릴지도 모른다. 분명한 사실은 그가 눈물을 쏙 빼도록 웃기고 울리는 천상 이야기꾼이라는 것이다. 이번 소설집 또한 역시 김종광이고, 참으로 김종광답다."
황금의 신과 사랑의 신,오 헨리 저,황금의 신을 믿는 아버지가 아들 리처드의 사랑을 이루어주기 위해 사랑의 신 큐피드 역할을 자청하고 나섭니다.
