titles,authors,informs
[Talk스케치로 다시 쓴 명작 단편소설] 김동인의 태형,컬툰스토리 외 1인 저,"동수는 감옥에 들어온 지 3개월 되는 죄수다. 이제는 무슨 죄로 끌려왔는지조차 알지 못하는 그는 40여 명이 옹기종기 모여 있는 감옥에서 힘겨운 생활을 이어나간다. 물을 자유롭게 마시고, 목욕을 자유롭게 할 수 있었던 자유를 그리워 하며 간신히 살아나가던 동수는 억지로 진찰을 나가게 되고, 그곳에서 동생을 만나게 되는데...... 김동인의 <태형>을 현대적으로 재해석한 작품이다."
해바라기,이효석 저,이효석 문학의 본질적인 특징들을 총망라해 놓은 작품이다. 
한국 민담집 2,작자미상 저,"전래 문학과 민담에는 그 시대와 지역의 문화와 전통, 희노애락이 담겨 있습니다.
대한민국 각 지역에서 전해져온 전래문학, 민담집 "
얀,전동하 저,겨울이 되자 기러기들은 남하비행을 시작한다. 수만 킬로미터를 날아가야 하기 때문에 중간에 체력이 떨어지는 기러기들은 낙오되어 죽는 일이 허다하다. 얀은 그렇게 가까운 이들의 죽음을 보면서 삶에 대해 많은 고민을 한다. 결국 기러기들 사이에서 왕따가 되고 점점 자신감을 잃어가는 얀은 죽고 싶다는 생각까지 하게 되는데… 기러기 얀이 삶의 의미를 찾아가는 과정을 그린 이야기
배따라기,김동인 저,"어디선가 들려오는 구슬픈 노래. 배따라기. 그는 왜 구슬픈 배따라기를 부르는 것일까. 의처증과 오해가 증오로 표출되면서 평범하게 살아가던 사람들의 관계를 와해시키고, 운명앞에 홀로 선 인간의 무력한 모습. 그리고 끝없는 자책과 회한의 정서는 배따라기 노래와 함께 바다의 이미지와 어울려 예술적인 아름다움으로 승화 된다. 배따라기를 부르는 한 남자의 비극적이고도 슬픈 이야기를 천천히 들어보자."
[단편] 행복고물상,천운영 저,"이 소설집은 등단작 [바늘]을 비롯하여 2000년 1월부터 2001년 10월까지 약 2년간 발표된 아홉 편의 단편소설들로 구성되어 있다. 천운영의 신예답지 않은 만만찮은 저력은 “독자를위태로운 공격성과 관능과 탐미의 벼랑끝으로 밀고가는 발군의 역량”(신춘문예 심사평)이 돋보인다고 평가된 바 있는데, 수록작품 모두 편차 없이 고른 성취를 보이고 있다. 천운영 소설의 인물들은 90년대 (여성)소설에 자주 등장하는 도시적 감각의 전문직 중산층 여성이나 소설의 단골 소재였던 애정과 불륜관계와도 차별성이 있다. 문학평론가 이광호는 권말의 해설에서 등장인물들이 “제도화된 여성적 자아의 내부에 머물지 않는다. 그 제도적인 영역의 바깥으로 질주하는 원초적이고 본능적인 여성적 에너지를 드러낸다”고 하며, 바로 그 지점에서 “식물적인 여성성으로부터 동물적인 여성성으로의, 혹은 타자로서의 여성성으로부터 창조적인 부재와 이질적인 복수항(複數項)로서의 여성성으로의 탈주라는 존재론적 전환의 사건이 벌어진다”고 평한다. 그런 의미에서 “천운영의 미학적 위반은 문화적인 이탈의 의미를 얻고, 천운영을 통해 한국의 여성소설은 독특한 야생의 미학을 자기 목록에 추가할 수 있게 되었다”고 한다."
뻐꾸기 날리다 - 뻐꾸기 날리다,김우남 저,"우리 실존의 현재를 비춰보게 하는 사실주의적 이야기 ‘아줌마’의 삶을 담은 김우남 작가의 이야기들은 여성 서사의 한 측면에서 읽혀야 마땅하겠지만, 그보다 먼저 우리 시대 인정세태의 리얼리즘 소설 계보로 정리할 수도 있을 테다. ‘사실주의’라는 개념이 품은 함의는 꽤 두터운 것인데, 여기서는 삶의 구체적 국면을 중시하고, 그것의 시시콜콜함을 있는 그대로 그려낸다는 의미에서 김우남 작가 소설의 한 측면을 대변한다. 그녀가 즐겨 빚는 아줌마의 유쾌한 수다는 세속화된 사회에서 일상을 살아내고, 그것을 버텨내는 작중인물이 겪는 미시적 이야기들이다. 그 이야기에는 이 시대 아줌마들의 욕망과 나르시시즘, 분노와 슬픔, 좌절과 피로감 따위의 구체적 사실감이 풍부하다. 또한 김우남 작가의 작가적 개성이 잘 구현된 미시 서사는 잘 닦인 거울인 듯해서 우리 실존의 현재를 비춰보게 된다. 그녀가 채집한 세속 사회에서의 일상 서사는 이 시대의 세태와 풍속의 결을 드러내고, 우리는 그 속에서 자주 자신을 돌아보며 ‘나는 잘 살고 있는가?’를 묻게 만든다. “사교육비 때문에 등골이 휘고 너무나 불투명한 우리의 교육현실”로 인해 생기는 학부모의 불안을 악의적으로 이용해 학력 위조자가 벌인 고액 과외 사기 소동의 전말을 그린 이야기. 「뻐꾸기 날리다」"
동동,박희채 외 1인 저,"사랑과 슬픔을 노래하는 고려 말 민초들의 이야기! 고려 말의 격동기. 충혜왕으로 인해 아내와 아들을 잃은 고려 최고의 무사 김양검과 떠돌이 행각승에서 왕과 정사를 논하는 고려 최고의 승려가 된 편조, 가족의 원수를 갚기 위해 김양검을 쫓는 심녀와 사랑에 눈이 먼 살인 청부업자 강수까지. 세상을 바꿀 수 있다는 비서 음양혼천비록을 둘러싸고 벌어지는 한 많은 고려말의 인간군상들이 한 편의 드라마로 엮여 흘러간다."
"비호외전, Part 1 (飛狐外傳 1) (중국어)",JinYong (김용) 저,위대한 무술가 Hu Yidao의 아들인 Hu Fei는 따뜻한 마음으로 악을 매우 싫어한다. 피해자 Zhong A'si를 위해 정의를 전달하기 위해 그는 사람들을 괴롭히는 Fosh Tiannan을 죽이려고 Foshan 마을에서 싸운다. 추격 과정에서 그는 쿵푸가 뛰어난 어린 소녀 Yuan Ziyi를 만나고 사랑에 빠지게 된다. Fei는 악과 싸우고 약자를 돕지만 그것은 그를 계획에 포함시키기 위한 속임수 였는데…
고두심이 읽는 압둘라 이븐 알 무카파의 왕과 판자 새,압둘라 이븐 알 무카파 저,왕과 판자 새(باب ابن الملك والطائر) 우화집 ≪칼릴라와 딤나≫에 수록된 짧은 이야기다. 짧지만 가슴을 울리는 문장들이 켜켜이 쌓여 있어 깊은 인상을 남긴다. 풍자적이면서도 기존의 정치에 대한 신랄한 비평을 담고 있는 작품이다. 인도의 왕 바리둔에게는 애지중지하며 키우는 새 판자가 있다. 그런데 어느 날 왕의 아들이 사소한 이유로 판자의 새끼를 죽여 버린다. 왕자에게 복수를 하고 날아가 버린 판자를 붙잡기 위해 왕은 판자를 구슬리기 시작한다. 그런데 판자 역시 이에 지지 않고 왕의 말을 되받아친다.
정거장 면접관,김지윤 저,"""여긴 어디죠? 그러니까, 아까의 하얀 곳이요."" ""그곳은 정거장이란다. 여기도 정거장의 일부기는 하지만 말이다. 인간들이 생각하는 하늘나라와 인간들이 사는 곳이 있잖니? 그 둘의 중간 지점이 정거장이라고 생각하면 돼."" 삶과 죽음의 경계, 정거장에서 이루어지는 이상한 면접. 그 안에서 이루어지는 현과 면접관 노인의 가슴 따뜻한 이야기. 원작 『환상소필집』 수록 「정거장 면접관」 저자 김지윤 / 출연자 박주호, 장연우 / 기획 최경철 / 연출 김송이"
이사하톤의 꿈,톨스토이 저,"생명은 하나며, 다른 사람에게 악행을 하는 것은 결국, 자신에게 악행을 행하는 것이라는 톨스토이의 메시지가 담긴 톨스토이의 걸작 단편이다."
명계남이 읽는 박영희의 사냥개,박영희 저,"[100인의 배우, 우리 문학을 읽다] 오디오북 시리즈는, 최민식 문소리 정진영 강부자 등 우리 시대를 대표하는 배우 103명이 한국 근현대문학의 주요 중단편소설 100편을 낭독한 프로젝트입니다. ≪사냥개≫는 1925년 ≪개벽≫ 4월호에 발표 당시 한국 사회주의 소설의 서막을 여는 기념비적 작품으로 평가받았다. 식민화한 당대 사회의 계급 현실을 상기시키고 그 대안을 제출하려고 했다는 점에서 무산자를 위한 혁명적 문학을 추구했던 1920년대 프로문학의 지향점을 선명하게 보여준다."
여우 - 일본 중단편 고전문학,다나카 히데미쓰 저,엄선한 일본 근현대 중단편 문학의 정수! ― 스물네 번째 이야기 ‘큰일 날 여자’와 동거하던 중 접한 다자이 오사무의 자살소식. 그 충격으로 술과 여자와 약에 빠져 살던 자신의 모습을 그린 자전적 소설. 깨달음을 얻지 못한 파멸적 삶의 기록.
귀향,기 드 모파상 저,"마르탱 부인은 다섯 아이를 키우며 살아가는 어부의 아내입니다.
어느 날 그녀의 집 앞에 한 남자가 나타납니다. "
"서검은구록, Part 2 (書劍恩仇錄 2) (중국어)",JinYong (김용) 저,Chen Jialuo는 이슬람 부족을 돕기 위해 이슬람 영토로 향하고 아름다운 공주 Fragrance를 만난다. 그들은 서로 사랑에 빠지고 Zhang Zhaozhong과 함께 싸운다. 우연히 Chen Jialuo는 환상적인 쿵푸를 배우게 되어 Zhang Zhaozhong을 물리치고 그를 늑대에게 던져준다. 그후 곧 Qing 군대에 의해 이슬람 부족이 멸망되고 Franrance 공주가 체포되어 Qing의 수도로 끌려온다. Qianlong 황제는 Fragrance 공주의 아름다움에 매료되어 Chen Jialuo에게 황제와 결혼하도록 설득하게 하고 Franrance 공주는 눈물로 동의한다. 그러나 그녀는 황제가 한족을 살리려는 의도가 없다는 것을 알게되고 자살하여 Chen Jialuo에게 경고한다. 큰 슬픔에 빠진 Chen Jialuo와 다른 영웅들은 궁에 침입하여 치열한 전투를 시작한다.
꿈,이광수 저,"시대별ㆍ장르별 대한민국 대표 작가들의 작품을 소개한 「한국문학산책」 제15권 『꿈』. 작가의 주요 작품과 작가 소개, 작품 해설에 이르기까지 작품의 모든 것을 담아냈다. 시대 분위기와 작가의 개성이 잘 드러날 수 있도록 작가 고유의 문장이나 방언, 속어, 고어 등은 원문 표기를 따르되, 괄호 속에 뜻풀이를 달아 작품 감상을 도왔다. 사바세계는 허망하고 덧없다는 불교 사상을 밑바탕으로 하는 일종의 몽자소설의 성격을 띠고 있다."
[요약] 설중매,구연학 저,"격렬한 정치, 사회의 현실을 무대로 한 자주 독립운동을 그린 『설중매』. 개화기의 선구적 지식인 이태순과 신학문을 익힌 신여성 장매선이 격동하는 정치적, 사회적 상황에서 자유와 독립을 위해 정치, 개화 운동을 벌이는 가운데 주위의 압력에 굴하지 않고 백년가약을 맺는다는 내용으로 구성되어 있다."
오지혜가 읽는 강경애의 지하촌,강경애 저,"[100인의 배우, 우리 문학을 읽다] 오디오북 시리즈는, 최민식 문소리 정진영 강부자 등 우리 시대를 대표하는 배우 103명이 한국 근현대문학의 주요 중단편소설 100편을 낭독한 프로젝트입니다. ≪지하촌≫은 카프 이념에 동조했던 동반자작가 강경애가 1936년 ≪조선일보≫에 연재한 작품이다. 1930년대라는 엄혹한 창작 환경에서도 빈민촌 거지 가족의 참담한 생활을 적나라하게 묘사함으로써 동시대의 암울한 사회현실을 날카롭게 고발한 비판적 리얼리즘의 수작으로 평가받고 있다."
