titles,authors,informs
"사조영웅전, Part 4 (射鵰英雄傳 4) (중국어)",JinYong (김용) 저,"Yideng 덕분에 Huang Rong은 완전히 회복된다. Yang Kang과 어울리면서, Ouyang Feng은 Peach Blossom Island로 들어가고 그곳에 손님으로 있는 Jiangnan의 Seven Freaks 중 다섯을 죽인다. 그들은 Guo Jing과 Huang Rong을 헤어지게 하여 암살을 위한 Huang Yaoshi를 구성한다. Huong Rong은 그녀의 지혜와 지혜를 사용하여 실제 살인자가 Ouyang Feng과 Yang Kang임을 밝힌다. 그러나 그녀는 Ouyang Feng에게 붙잡힌다. Huong Rong을 찾기 위해 Guo Jing은 몽골로 와서 Khwarezmid 제국에 대항하는 몽골 캠페인에서 징기스칸을 돕는다. 그러나 그는 징기스칸이 Song제국을 침략하는 것을 돕기를 거절한다. 그의 어머니는 아들의 충성을 보장하기 위해 자결한다. 후아산의 결투가 시작되고 Eastern Heretic, Western Venom, Southern Emperor, Northern Beggar, Guo Jing 및 다른 영웅들이 모두 후아산에 모인다. Guo Jing과 Huang Rong은 마침내 결혼하여 서로를 보완해 간다."
수레바퀴 아래서,헤르만 헤세 저,"독일의 노벨 문학상 수상 작가, 헤르만 헤세의 자전적 소설! 자유를 억압하는 교육 제도와 어른들의 그릇된 애정을 향한 날 선 비판 적당한 주변의 기대와 관심은 삶을 꾸려 나가는 원동력이 된다. 하지만 그릇된 욕망에서 비롯된 정도 이상의 기대와 관심은 삶을 궁지로 몰아넣을 뿐이다. 《수레바퀴 아래서》는 독일의 노벨 문학상 수상 작가인 헤르만 헤세가 자신의 어린 시절을 돌아보며 쓴 자전적 소설이다. 어른들의 삐뚤어진 기대 속에서 순수한 본성을 억누른 채 공부만을 해야 했던 영리하고 감수성 예민한 주인공 한스가 기대와 다르게 흘러가는 삶 앞에서 방황하고 좌절하다가 비극적으로 생을 마감하는 내용을 담고 있다. 한스는 특별할 것 없는 독일의 작은 마을에서 남달리 뛰어난 아이로 태어난다. 주변의 어른들은 이 특별한 아이에게 자신들의 욕망을 모두 쏟아 붓는다. 얼핏 보기에 어른들은 모두 한스를 위해 노력하는 듯 보인다. 하지만 한스가 진정으로 원하는 것에 귀 기울여 주는 이는 아무도 없다. 한스는 어른들의 기대에 따라 공부를 최우선의 가치로 여기며 살아가고, 마침내 주(州) 시험에 2등으로 합격하며 주변의 기대에 부응한다. 하지만 언제까지나 어른들의 뜻을 좇아 살아갈 수는 없는 노릇이다. 한스는 신학교에서 하일너라는 친구와 우정을 쌓으며 삶의 다른 가치들과 마주하고 학업에 흥미를 잃는다. 그러나 하일너가 학교를 떠나면서 둘의 우정은 짧게 끝이 나고, 홀로 남은 한스는 학교에 적응하지 못해 집으로 돌아온다. 아무것도 이루지 못한 채 돌아온 한스에게 남은 것은 주변 사람들의 비웃음뿐이다. 한스는 다시 세상에 속하려 노력하지만 한때 수재로 불렸던 소년에게 평범한 삶은 결코 평범하지 않게 다가온다. 헤르만 헤세는 주인공 한스와 거의 비슷한 삶을 살았다. 열네 살 때 어려운 입학시험에 합격하여 신학교에 들어갔고, 틀에 박힌 신학교 생활을 견디지 못해 6개월 만에 뛰쳐나오고 만다. 그 후 세상 사람들의 비웃음을 견디며 공장과 서점에서 오랫동안 일해야 했다. 어른들의 그릇된 기대와 애정이 얼마나 버거운 것인지를 너무나도 잘 알고 있었던 헤세는 그것을 ‘수레바퀴’로 형상화하여 그 아래서 신음하는 어린 청춘들의 모습을 작품 속에 담았다. 그리고 재능을 가지고 태어났지만 어른들의 잘못으로 순수한 본성을 잃어버리고 결국에는 비극적으로 생을 마감하고야 마는 한스라는 소년을 통해 자유를 억압하는 교육 제도와 어른들의 그릇된 애정 그리고 위선을 사실적으로 드러냈다."
[단편] Q,윤고은 저,"대산대학문학상, 한겨레문학상을 수상하며 차세대 주목받는 젊은 작가로 떠오른 윤고은의 두번째 소설집 『알로하』가 출간되었다. 제12회 이효석문학상 수상작인 「해마, 날다」를 비롯, 윤고은의 재기발랄한 상상력과 절박한 세계인식이 절묘하게 어우러진 아홉편의 작품을 실었다. 인성에 대한 자본의 공격이 첨예화된 사회, 그 안에서 소멸되지 않기 위해 고투하는 인물에 대한 묘사는 한층 세련되고 깊어진 윤고은의 통찰력에 전적인 신뢰감을 안겨준다."
이대연이 읽는 안회남의 불,안회남 저,"[100인의 배우, 우리 문학을 읽다] 오디오북 시리즈는, 최민식 문소리 정진영 강부자 등 우리 시대를 대표하는 배우 103명이 한국 근현대문학의 주요 중단편소설 100편을 낭독한 프로젝트입니다. ≪불≫은 1946년 8월 조선문학가동맹 기관지 ≪문학≫ 창간호에 실린 안회남의 소설이다. 작가 자신의 징용 체험을 바탕으로 했다. 징용에서 돌아온 두 사내의 만남과 대화를 통해 해방 조국에서 새로운 삶의 자세를 모색한다. ‘불’은 일제가 남긴 아픈 상처를 청산하고 새 나라를 건설하기 위해 나선 지식인의 열정과 각성을 상징한다."
"우리들, 킴_해변의 여인",황은덕 저,"소설 「해변의 여인」과 「열한 번째 아이」는 흔들리고 불안한 상황 속에 놓인 여자들을 주인공으로 하고 있다. 남편의 외도로 생긴 아이를 입양 보낸 적 있는 노점상 할머니, 사라진 손자며느리 대신 아이를 돌보는 할머니를 등장시켜 그들의 고단한 일상을 따라간다."
[단편] 사북(舍北),김금희 저,"앞이 잘 보이지 않아도, 한걸음씩 찬찬히 김금희의 소설은 어느덧 우리 시대의 보편이 되어버린 막막한 현실을 정직하게 응시하는 데서 출발한다. 아버지는 사업에 실패하고 집을 나가 자취를 감추었거나(「너의 도큐먼트」), 허울뿐인 베트남 참전 경험만 믿고 허황하게 사업을 벌이다 IMF에 떠밀려 좌초되거나(「장글숲을 헤쳐서 가면」), 일평생을 몸 바쳐 일했지만 정년을 채우지 못하고 회사에서 밀려나 병원 중환자실에 누워 있다(「아이들」). 그다음 세대에게도 현실은 크게 다르지 않아, 소설의 주인공들은 갓 상경해 입사한 회사를 수습기간도 채 채우지 못하고 그만두게 되거나(「우리 집에 왜 왔니」), 다단계 회사에 들어가 몇달씩 헛된 꿈을 쫓기도 하고(「아이들」), 서울의 변두리를 전전하다 회사 사무실에 임시 거처를 마련하거나(「릴리」), 고단한 일상을 견디며 철거 중인 오래된 판자촌을 지키고 있다(「집으로 돌아오는 밤」). 개인의 삶을 짓누르는 현실의 무게야 새삼스러운 것이 아니지만, 김금희의 소설이 돋보이는 점은 자신이 처한 곤경에 유난 떨지 않고 손쉽게 환상에 기대지도 않으며, 그렇다고 어정쩡하게 타협하지도 않는 차분한 균형감각이다. 「너의 도큐먼트」의 주인공은 어머니의 제안에 따라 집 나간 아버지를 찾으러 지도를 들고 시내 곳곳을 돌아다니는데, 거리거리를 계획 없이 어슬렁거리는 그 하릴없는 여정의 사이에, 옛 친구의 죽음을 전해듣고 해묵은 부채감에 친구의 집을 찾아 나서는 이야기가 나란히 놓인다. 이 탐색은 결국 아버지의 현재와 친구의 죽음 양쪽 모두와 지금의 자신 사이에 가로놓인 현실적인 거리감을 확인하는 데서 그치게 되어 있지만, 소설은 그 공백의 자리로부터 자신만의 길을 어렴풋하게 열어나가는 주인공의 성장을 담담하게 그려 보인다."
이순신 외전: 적은 아직 오지 않습니다,은승완 저,"'이순신이 만일 노량해전에서 죽지 않고 살아 있었더라면' 이라는 가정을 통해 인간 이순신의 다면적인 모습과 최후를 마치 곁에서 지켜보듯 담담히 그리고 있다. 대체역사극이라는 새로운 형식과 이순신의 또 다른 초상, 이 두가지 면을 보여주는 작품."
설산비호 (雪山飛狐) (중국어),JinYong (김용) 저,"""Dashing King Li Zicheng의 귀중한 검이 세계에 다시 등장한다. 검을 얻는자는 Dashing King의 보물을 찾을 수 있다고 전해지고 무술가 그룹들이 이를 위해 싸우기 시작한다. 미션 중반에는 무술가들이 고도로 숙련된 승려 Baoshu에게 Jade Brush Peak 꼭대기의 장원으로 가도록 압도당하고 강요당한다. 저택에서 그들은 Dashing King의 보디가드였던 4명의 조상인 Hu, Miao, Fan 및 Tian 가족 사이의 불화와 같은 과거에 대해 이야기를 시작한다. Hu Yidao와 Miao Renfeng 사이의 충격적인 결투, Hu Yidao의 의심스러운 죽음, 이 모든 사건들은 인간의 배신을 보여준다. """"스노우 마운틴의 여우 볼란트 (Fox Volant of the Snowy Mountain)""""라는 별명을 가진 Hu Fei의 귀환은 진실의 공개를 가속시킨다."""
콜트 45_처형,정광모 저,"교도관인 ‘나’는 악질범에 대한 깊은 혐오를 감춘 채 재소자들을 친절로 대한다. 그러나 끓어오르는 살의를 주체할 수 없어, 어느 깊은 밤 ‘살인마에 대한 살인’을 거행하여 국가를 대신해 흉악 범죄자의 사형을 집행한다. 피해자를 대신해 정의를 실현한 것이라며 성명서를 뿌리는 ‘나’. 과연 진정한 정의는 무엇일까. *2022 2차 오디오북 제작 지원 사업 선정작"
[단편] 정화된 밤,은희경 저,"막막한 오늘을 살아가는 우리에게 밤하늘의 길잡이별처럼 든든한 버팀목이 되어준 작가 은희경의 여섯번째 소설집 『중국식 룰렛』이 출간되었다. 그 이름만으로 하나의 브랜드라 이를 정도로 이십년이 넘는 세월 동안 꾸준히 세련된 감각을 유지하며 작품활동을 이어온 은희경은 언제나 빛나는 문장들로 독자들의 외롭고 지친 마음을 보듬어주었다. 이번 소설집에 실린 여섯편의 소설 역시 각기 다른 성광과 매력을 뽐내며 일상의 우연들이 얼마나 소중하게 연결되어 있는지를, 행운과 불운이 교차하는 날들이 얼마나 공교롭게 우리를 이끄는지를 은희경 특유의 섬세하고 정련된 필치로 펼쳐 보인다. 「정화된 밤」 다니엘의 부모인 요셉과 젬마는 성당에서 만나 결혼을 했다. 당시 성가대 활동을 하며 젬마는 지휘자인 가브리엘에게 관심을 보였지만, 요셉과 크리스마스를 함께 보낸 뒤 다니엘을 갖게 되면서 요셉과 가정을 꾸린다. 그러던 어느날, 화목한 가정을 이루고 살던 다니엘의 집에 25년 만에 가브리엘에게서 음악회 초대 티켓과 팸플릿이 도착하는데……"
수박 - 비자림,이은조 저,"이은조의 탁월한 작품 세계를 보여주는 9편의 소설! 2007년 동아일보 신춘문예에 당선되어 작품 활동을 시작한 이은조의 첫 소설집 『수박』. 인간 사이의 ‘관계’에 집중해 써내려간 9편의 작품을 만나볼 수 있다. 저마다 가슴속에 멍울 같은 수박 하나를 품고 살아가는 사람들의 이야기를 특유의 언어적 조탁과 현실에 대한 균형 감각으로 그려냈다. 시시각각 변하는 다양한 인간관계 속에서 터득한 생의 비법을 엿볼 수 있다. 지극히 평범하고 일상적인 삶을 원하고 원하는 꿈을 이루지만 그 후에도 불행에 빠지게 되는 인물들의 이야기를 통해 현대인의 꿈과 목표가 사실은 남들에게 보여주기 위한 허례허식에 불과하다는 비판적인 통찰을 보여준다. 신혼여행으로 떠났던 제주도에 다시 오게 된 나. 그러나 이번엔 혼자다. 아버지의 뜻에 따라 꿈을 포기했던 남편은 다시 그림을 그리겠다고 선포한다. 나는 피아노 강사를 하며 꿈 없이 살아가다 지금의 남편을 만나 결혼했다. 아이를 낳고 평범한 삶을 살고 싶은 나는 제주의 비자나무에게서 새로운 관계의 가능성을 발견한다. 비자나무는 자기에게 더 이상 쓸모가 없는 가지들은 스스로 떨궈내면서도 제 몸에 터를 잡은 식물들에게 인색하지 않지만, 결국엔 그 이유 때문에 죽음을 맞게 되는 나무이다. 죽음도 두려워하지 않는 비자나무를 통해 각자의 색을 묻어두고 겹치는 색깔로 살아가야 하는 것이 생의 비법이라는 것을 깨닫게 된다. 나는 남편과의 관계를 회복하기 위해 다시 서울로 향한다."
대리여행자,김민수 저,"가벼운 소설 〈대리여행자〉는 작가의 전작인 〈일상의 파괴〉와 마찬가지로 ‘여행’과 ‘사랑’을 주된 내용으로 하고 있습니다. 다만, 전작보다 ‘허구’를 확장하였기에, 산문이 아니 소설로 독자 여러분을 찾아뵙게 되었습니다. 또한 일상 틈틈, 휴식 틈틈 편안히 읽히길 바라는 마음을 담아 ‘가벼운’이라는 수식어를 덧붙이게 되었습니다.〈대리여행자〉 속 남자와 여자는 스물의 봄 사랑해 스물한 살 가을 이별한 서로의 첫사랑입니다. 그리고 둘은 15년이 흐른 삼십 대 중반이 되어 다시 만나게 되죠. 우연인 듯 우연이 아닌 듯. 그 만남에서 여자는 남자에게 여행을 다녀오라고 퉁명스레 말합니다. 15년 만에 만나 뜬금없이 말이죠. 하지만 더 뜬금없는 건 여자의 말을 들은 후 남자가 결국 여행을 떠나게 된다는 사실입니다. 그리고 곳곳의 여행지에서 남자는 여자에게 편지를 씁니다. 그 편지들이 모여 〈대리여행자〉라는 책이 된 거죠.〈대리여행자〉는 현재의 사랑이 아닌 지나온 사랑에 대한 복기입니다. 작가는 이를 통해 성숙하지 못했던 남자와 여자의 성장과 관대하지 못했던 자신과 불안한 현재를 덤덤히 담아내려 하였습니다. 그렇기에 보기에 따라 〈대리여행자〉는 성장 소설이 될 수도 있습니다. 또 보기에 따라 15년 만에 제대로 된 이별을 하게 된 두 남녀의 사랑 소설이기도 합니다. 전염병으로 인해 여행이 자유롭지 못한 요즈음입니다. 중남미 곳곳의 아름다운 풍광을 곁들인 가벼운 소설 〈대리여행자〉를 통해 독자 여러분도 소설 속 남자가 들려주는 대리 여행의 흔적을 같이 밟아보시길"
무도회가 끝나고 난뒤,레프 톨스토이 저,"바실리예비치는 토론회가 끝나갈 무렵, 선과 악의 분별에 대한 자신의 일화를 들려준다. 무도회에서 만난 바린카와의 사랑의 감정, 그리고 바린카의 아버지 페테르 대령과의 기억을 떠올린다. 잠을 이루지 못해 새벽녘 집을 나온 청년 바실리예비치에게 선과 악에 대한 갈등을 가져온 사건은 무엇이었을 까요? 레프 톨스토이가 하루 만에 완성했다고 알려진 단편 걸작!"
"협객행, Part 2 (俠客行 2)(중국어)",JinYong (김용) 저,Gouzazhong는 도중에 많은 다른 모험을 만나게 된다. 그는 악을 심판하고 선을 찬양하는 의로운 대사와 의형제가 된다. Shi 부부는 그를 아들로 착각한다. 그는 운좋게 Shi 할머니의 견습생이 되고 아름다운 젊은 여인 A'xiu의 마음을 사로 잡는다. 또한 그는 극도의 무술로 스노이 마운틴 문파의 수장 Bai Zizai를 격파하지만 친절하게도 그의 병을 고쳐준다. Bai Zizai는 Gouzazhong과 함께 영웅들의 섬에 가서 결국 여러 해 동안 무림을 혼란스럽게 만든 퍼즐을 해결한다. 그들은 안전하고 건강하게 돌아올 수 있을까? 영웅들의 섬의 비밀은 무엇일까? 평범한 시에서 숨겨진 비밀은 무엇일까?
전수경이 읽는 요한 볼프강 폰 괴테의 현명한 젊은 변호사 이야기,요한 볼프강 폰 괴테 저,"현명한 젊은 변호사 이야기 (Geschichte vom Prokurator) 젊고 아름다운 아내를 둔 부유한 장사꾼은 장삿길을 떠나며 아내에게 야릇한 당부를 한다. 자신이 없는 동안 남자를 사귀는 것은 좋으나, 정직하고 믿을 수 있고 현명하고 비밀을 잘 지키는 남자여야 한다는 것이다. 남편이 얘기한 조건에 딱 맞는 젊고 매력적인 변호사를 만난 아내는 마침내 그에게 자신의 마음을 고백하기에 이른다."
[Talk스케치로 다시 쓴 명작 단편소설] 김동인의 죄와 벌,컬툰스토리 외 1인 저,"어느 모임에서 판사가 이야기를 시작한다. 판사는 20년 동안 열정적으로 판결을 이끌다가 돌연 사직한 남자로 다른 이유가 있어서 사직했다는 의문 아닌 의문에 시달리고 있었다. 판사에게 물어보는 주위 사람들의 질문에 판사는 자신이 마지막으로 맡았던 피고인, 홍찬도의 이야기를 시작하는데...... 김동인의 <죄와 벌>을 현대적으로 재해석한 작품이다."
[단편] 틀니,최정화 저,2012년 단편소설 「팜비치」로 창비신인소설상을 수상하며 작품활동을 시작한 최정화의 첫 소설집 『지극히 내성적인』이 출간되었다. 일상 속의 균열과 파동을 예민하게 감지하는 작가 최정화가 등단 이래 활발한 활동으로 쌓아온 열편의 소설이 묶였다. 온전해 보이는 세계 안에 스며 있는 불안의 기미를 내성적인 사람들의 민감한 시선으로 날렵하게 포착해내면서도 유머를 잃지 않는 자세가 야무지고 미덥다. “독자들이 ‘최정화’라는 이름을 특별한 소설가의 이름으로 기억하리라”는 등단 당시의 심사평이 무색하지 않을 만큼 그녀의 첫 책은 독자들에게 각별하고 매력적으로 다가올 것이다.
오지혜가 읽는 쉬디산의 춘타오,쉬디산 저,"춘타오(春桃) 1934년 ≪문학≫ 3권 1호에 발표되었다. 전쟁과 사회 불안으로 혼란을 겪던 1930년대 중국 베이징을 배경으로, 시골 출신의 세 남녀가 피난 끝에 재회하면서 벌어지는 이야기다. 제목 ‘춘타오’는 ‘봄복숭아’란 뜻으로 여주인공의 이름이다. 특히 관습에 얽매이거나 현실 앞에 무릎 꿇지 않고 적극적으로 자신의 인생을 개척하는 강인한 여성을 그려내는 데 성공했다."
김동인의 배따라기,김동인 저,"모란봉 꼭대기에서 구슬픈 영유 배따라기 소리를 들은 영식. 한 맺힌 배따라기 소리를 따라가 만난 어부에게서 다시 없을 슬픈 인생 스토리를 듣게 되는데. 김동인의 배따라기를 보기 쉽게, 현대적 해석에 맞춰 재구성한 작품이다. 한 인간의 숙명과 운명에 대해 깊은 생각을 하게 해주는 작품이다."
어머니,나도향 저,나도향의 마지막 장편소설이다. 첩이라는 신분으로 인해 소외감을 느끼던 여주인공이 아이를 버리면서까지 가출을 감행하여 자신의 행복을 찾아가는 모습에서 첩을 바라보는 당대 사회의 비판적 인식을 엿볼 수 있다. 일부다처제의 상징적 존재인 ‘첩’을 주인공으로 내세워 역설적으로 여성의 지위 향상에 대한 문제를 제기했다는 점은 주목할 만하다. 1937년에 『박문서관 장편전집』 2차 8권으로 간행되었다는 기록이 있으나 확인되지 않는다.
[Talk스케치로 다시 쓴 명작 단편소설] 이명선의 고향,이명선 저,"명욱은 20년 만에 고향에 돌아왔다. 꿈에도 그리던 고향이지만 예전과 많이 달라진 모습에 위화감을 느낀 것도 잠시, 옛날 추억을 불러일으키는 고향의 골목골목에 새삼스레 과거를 되새겨본다. 여러 친척들과 인사를 나누는 것도 잠시. 어머니는 명욱이 어린시절 선망의 눈길로 바라보았던 문루가 다음날 온다는 소식을 알리고, 명욱은 20년만의 재회에 기쁜 마음으로 문루를 맞이하는데...... 이명선의 <복수>를 현대적으로 재해석한 작품이다."
이대연이 읽는 카렐 차페크의 배우 벤다의 실종,카렐 차페크 저,"배우 벤다의 실종(Zmizení herce Bendy) 차페크의 단편집 ≪첫 번째 주머니 속 이야기≫에 실린 매력적인 범죄소설이다. 이 단편집은 범죄 분야에서 인간의 심리와 행동에 관해 깊이 이해하고 있는 이야기꾼의 능력이 돋보이는데, 특히 진실을 추구하는 시민이 스스로 행하는 정의에 주목한다. 어느 날 누구보다 연기에 철저했던 배우 얀 벤다가 감쪽같이 사라진다. 그의 집에는 그가 입고 신던 옷과 신발이 모두 그대로 있다. 그는 대체 왜 어떻게 어디로 사라진 것일까?"
민달팽이의 소원,우리동네 도슨트팀 저,"별을 보고 간절하게 소원을 비는 민달팽이가 있었습니다. 별은 민달팽이를 위해 반짝여 주었습니다. 먼 하늘에서 별이 떨어지는 것을 본 민달팽이는, 별이 떨어진 자리를 찾아 떠났습니다. 달팽이는 어디에 도착했을까요? 거기서 달팽이가 발견한 것은 무엇이었을까요? 민달팽이는 어떻게 소원을 이룰까요?"
목걸이,기 드 모파상 저,허영심에 찬 르와젤 부인의 삶을 통해 우연과 운명이 한 인간의 삶을 얼마나 허무하게 만드는가를 잘 보여주고 있는 작품이다.
배따라기,김동인 저,"김동인이 1921년 6월에, 동인지 <창조>에 발표한 단편소설. 오해로 빚어진 남편과 아내의 불화를 소설화한 가정비극의 액자소설이다. 외부 이야기는 1인칭 관찰자 시점으로, 내부 이야기는 전지적 작가시점으로 쓰여 있는 것이 특징이다. 소설의 제목은 평안도 지방의 민요인 배따라기가 모티브이다."
이지하가 읽는 아르투어 슈니츨러의 죽은 자는 말이 없다,아르투어 슈니츨러 저,"죽은 자는 말이 없다(Die Toten schweigen) 의식의 흐름 기법을 사용함으로써 작가를 인상주의의 대가로 인식시키는 데 일조한 작품이다. 특히 소설 후반은 사고 이후 어찌할지 몰라 갈팡질팡하는, 불륜관계가 드러날 것을 두려하고, 결국 자신의 행동을 합리화하는 여주인공의 의식의 흐름을 따라 전개된다. 여주인공 엠마는 교수 남편과 아이가 있는 유부녀다. 남몰래 애인을 만나 사랑을 나누고 마차 여행을 떠났다가 그만 전복 사고를 당한다."
초희 1,류서재 저,"남녀의 사랑보다 진한 남매애. 동아시아 한류 최초의 조선 여자는 어떤 스케일로 시를 쓰는가? 달, 앵무새, 부용꽃, 바닷물과 사귀며 천부인권의 신선세계를 꿈꾸던 여자, <초희> 허난설헌은 한국 최초의 시집살이 세대다. 조선 중기 문한가의 딸로 태어나 8살에 광한전백옥루상량문을 지으며 타고난 문재(文才)를 보였지만, 신사임당과 달리, 가부장제 시집살이로 인해 서서히 몰락해가는 비운의 여인이다. 27세에 요절하면서 자신의 시를 모두 불태우라는 유언을 남겼는데, 남동생 허균이 난설헌 시집을 만들어주면서 중국, 일본에 유명하게 퍼졌다. 이 책에는 허난설헌의 시 50여 수가 각 장면마다 배치되어 있다. 규방여인의 시부터 현실 비판의 시, 신선세계까지 자유롭게 조선의 이데아를 부른다."
한국의 고전 명문선,최치원(외) 저,"이 책은 우리나라 역대 문장가의 명문을 발췌, 번역한 것이다. 통일신라시대의 대문장가인 최치원의 '격황소서'를 비롯하여 해방 후의 변영만의 '원사'에 이르기까지 명문이라 칭할 수 있는 글들을 수록했다."
