titles,authors,informs
너도밤나무 집,아서 코난도일 저,추리 문학의 고전이며 지금까지 변함없는 사랑을 받는 셜록 홈즈 시리즈!
사월의 바람,박종현 저,"""영주야, 바람이 분다. 눈을 감고 바람을 느껴봐. 이제 그 바람에 모두 다 실려 보내자. 모두 다… "" 4.19, 5.16 유신, 장준하의 죽음, 그리고 10.26과 김재규. [사월의바람] 은 거대한 역사의 흐름 속에서 우리들 개인은 어떻게 살아가고 있는지, 그리고 그 거대한 열정과 사랑으로 앞서 시대를 이끌었던 이들이 어떻게 살았는지를 오디오 드라마 속 인물들을 통해 보여주는 작품입니다. 오늘날 몇몇의 이름으로만 기억되는 유신시대의 모습이 주인공인 박현도의 눈으로 비춰지며 담담하게, 때론 애절하게 펼쳐집니다. 그리고 그 역사의 뒤편에서 이룽저니 애달픈 사랑 이야기."
[단편] 월리를 찾아라,윤고은 저,"대산대학문학상, 한겨레문학상을 수상하며 차세대 주목받는 젊은 작가로 떠오른 윤고은의 두번째 소설집 『알로하』가 출간되었다. 제12회 이효석문학상 수상작인 「해마, 날다」를 비롯, 윤고은의 재기발랄한 상상력과 절박한 세계인식이 절묘하게 어우러진 아홉편의 작품을 실었다. 인성에 대한 자본의 공격이 첨예화된 사회, 그 안에서 소멸되지 않기 위해 고투하는 인물에 대한 묘사는 한층 세련되고 깊어진 윤고은의 통찰력에 전적인 신뢰감을 안겨준다."
달걀 크기의 씨앗,레프 톨스토이 저,달걀 크기의 물건을 보고 왕은 그게 무엇인지 알아오라고 명령합니다. 신하들은 마침내 한 농부를 왕에게 데려옵니다. 
박상종이 읽는 현길언의 우리들의 조부님,현길언 저,"[100인의 배우, 우리 문학을 읽다] 오디오북 시리즈는, 최민식 문소리 정진영 강부자 등 우리 시대를 대표하는 배우 103명이 한국 근현대문학의 주요 중단편소설 100편을 낭독한 프로젝트입니다. ≪우리들의 조부님≫은 제주 출신 작가 현길언이 1982년 ≪문예중앙≫ 가을호에 발표한 단편이다. 제주도 4·3사건이란 역사의 비극을 빙의라는 기묘한 소재로 풀어냈다. 임종을 앞둔 할아버지가 갑자기 깨어나 4·3사건 때 희생된 아버지의 목소리로 그날의 사건을 이야기하기 시작한다. 1990년 KBS2-TV 6·25특집드라마로 제작, 방영되기도 했다."
유토피아로 가는 네 번째 방법,정광모 저,9급 공무원으로 일하는 무득은 하늘을 날고 싶다는 꿈을 꾸다 푸른 탑 카페를 운영하는 탁우를 만나게 된다. 자각몽인 ‘깨어있는 꿈’에서 하늘을 나는 꿈을 실현시킬 수 있다고 말하는 탁우. 무득은 탁우를 따라 ‘깨어있는 꿈’ 속으로 들어가 자유를 만끽한다. 하지만 이 유토피아는 탁우의 통제 아래에서만 느낄 수 있는 자유일 뿐이다. 현실에서는 이룰 수 없는 이상을 실현하기 위해 깨어있는 꿈으로 들어오는 인물들. 그들은 진정한 유토피아를 발견할 수 있을까? *2022 한국출판문화산업진흥원 오디오북 제작지원사업 선정작
"[단편] 해마, 날다",윤고은 저,"대산대학문학상, 한겨레문학상을 수상하며 차세대 주목받는 젊은 작가로 떠오른 윤고은의 두번째 소설집 『알로하』가 출간되었다. 제12회 이효석문학상 수상작인 「해마, 날다」를 비롯, 윤고은의 재기발랄한 상상력과 절박한 세계인식이 절묘하게 어우러진 아홉편의 작품을 실었다. 인성에 대한 자본의 공격이 첨예화된 사회, 그 안에서 소멸되지 않기 위해 고투하는 인물에 대한 묘사는 한층 세련되고 깊어진 윤고은의 통찰력에 전적인 신뢰감을 안겨준다."
자살 대행 (세계환상문학걸작선 제1권),조반니 파피니 저,"이틀 뒤면 서른세 살이 끝나는 한 남자가 친구에게 선언한다. 그를 위해 자살하겠노라고. 황당한 친구가 눈빛으로 묻는다. 네가 왜 나 대신 죽어? 서른세 살이라니, 네가 예수야? “예수는 만민을 구원하기 위해 죽었어. 나는 신이 아니니까 단 한 사람을 구원하기 위해 죽는 거지. 내 희생이 예수의 희생보다 더 값진 것이 되길 희망하네.” 그의 자살은 목적을 달성할 수 있을까? 작가의 전작인 ≪그리스도 이야기≫를 상기시키는 작품이다."
옆방이 조용하다 - 옆방이 조용하다,김진초 저,"김진초의 단편집 [옆방이 조용하다] 中, 단편 ‘옆방이 조용하다’이다. 인천 문화재단 추천작으로 선정되었다. ""옆방이 조용하다. 남자는 지금 무슨 생각을 할까. 목숨 건진 걸 다행이라 여길까 불행이라 여길까. 장난 같은 인생, 가다서다하며 살다 아주 멈추면 훌쩍 이승을 뛰어넘어 저승으로 가는 인생."""
