titles,authors,informs
황금 뇌를 가진 남자,알퐁스 도데 저,"그 남자에겐 황금보다 더 소중한 게 있었죠. 
황금으로 된 뇌를 가지고 태어난 아이, 알퐁스 도데의 걸작 단편입니다."
방정환 단편문학,방정환 저,"방정환 단편문학 - 「20세기 한국 단편문학 읽다」 20세기 한국 문학을 대표하는 작가들의 단편 소설 작품들을 엄선한 소설 선집 「20세기 한국 단편문학 읽다」 는 문학의 고전을 살아 있는 동시대의 문학으로 읽을 수 있도록 구성한 시리즈이다. 한국인이 꼭 읽어야 할 대표 작가들의 주요 작품을 고전부터 근ㆍ현대 작품에 이르기까지 우리나라 대표 작가들의 다양한 작품을 만날 수 있다. 새와 같이 꽃과 같이 앵두 같은 어린 입술로 천진 난만하게 부르는 노래, 그것은 그대로 자연의 소리이며, 하늘의 소리입니다. 죄 없고 허물 없는 평화롭고 자유로운 하늘 나라! 그것은 우리 어린이의 나라입니다. 우리는 어느 때까지든지 이 하늘 나라를 더럽히지 말아야 할 것이며, 이 세상에 사는 사람 사람이 모두 깨끗한 나라에서 살게 되도록 우리의 나라를 넓혀가야 할 것입니다. - [어린이]지 창간호 첫머리 -"
볼리비아 우표,강이라 저,"소설집 『볼리비아 우표』, 삶의 곤고함과 상처를 말하다. 그리고 그 곤고함과 상처를 치유하는 언어의 능력을 선보인다. 2016년 국제신문 신춘문예 당선작「쥐」가 수록된 강이라 작가의 첫 번째 소설집이다. 인생의 크고 작은 상처와 그 상처를 안고 살아가는 사람들의 이야기 여덟 편을 담았다. 가장 가까운 사람의 죽음, 혹은 오랫동안 알지 못했던 비밀이 인생에 생채기를 내고 지금을 살아가는 현재를 뒤흔든다. 상처는 닦고 또 닦아도 지워지지 않는 장판의 옹이 무늬처럼 남아 인생을 곤고하게 만들지만 그런 인생에 위로를 주는 것 또한 사람이다. 소설집『볼리비아 우표』는 가족의 관계를 주요한 소재로 이야기를 풀어간다. 가장 가깝고도 먼 관계가 가족이라고 했던가. 강이라 작가는 차마 말할 수 없는 가족 간의 상처와 아픔을 작품에서 다룬다."
[요약] 사씨남정기,김만중 저,"김만중이 지은 고전소설. 숙종이 인현왕후를 쫓아내고 장희빈을 왕비로 맞아들인 것을 비판하고 숙종의 마음을 돌려 민비를 원상회복시키기 위해 권선징악의 수법을 고도로 이용한 소설로 알려져 있다. 명나라 때 한림 유연수가 후처인 교씨의 간계에 넘어가 학문과 덕, 미모를 겸비한 본처인 사씨를 내쫓고 교씨를 부인으로 맞아들였다가 후에 잘못을 뉘우치고 교씨를 처형하고 사씨를 다시 정실로 맞아들인다는 내용이다. 여기에서 유한림은 숙종, 사씨는 인현왕후, 교씨는 장희빈을 빗댄 것이다. 인간의 덕업을 강조함으로써 민비 폐출의 부당성을 나타내고 있다."
납치된 그리스인,아서 코난도일 저,형의 연락을 받고 나간 홈즈는 그리스어 통역관 밀러스를 만납니다. 그는 납치된 그리스인 남매에 관한 얘기를 꺼냅니다. 추리 문학의 고전이며 지금까지 변함없는 사랑을 받는 셜록 홈즈 시리즈! 
[삼사라] 망령전쟁,김창규 저,"우리가 사는 세계를 범례에 따라 다양한 분포도로 머릿속에 그려보자. 물리에서 말하는 힘의 흐름만 볼 수 있는 분포도를 그릴 수 있을 테고, 온도가 같은 지점을 동일한 색으로 표기한 분포도도 상상할 수 있을 것이다. 그 그림에선 나도, 여러분도, 기타 사물도 모양새를 잃고 힘이나 온도로 존재할 뿐이다. 어차피 상상 속 그림이니 더 추상적인 건 어떨까. 내게 영감과 암시를 주는 사물과 의미의 지도도 떠올릴 수 있을 것이다. 그 ‘영감도’를 조금 뒤로 물러서서 바라보면 세상은 조금 독특한 우주다. 의미와 이미지들이 별처럼 빛나고 거기서 파생된 상상이 안개처럼, 은하처럼 존재한다. 그 모든 것들이 은색 실로 마구 이어져 관계를 맺는다. 이 우주는 한시도 멈추지 않고 변화한다. <뇌수>의 후기에서 언급한 ‘가상현실 프로젝트’를 진행할 때마다 가져온 별무리 가운데 하나가 <망령전쟁>이다. 발상은 간단했다. 두 가상현실 세계가 전쟁을 벌일 수 있을까? 있다면 어떻게? 왜? 차이점과 공통점은? 선택과 집중은 창작하는 사람이라면 무의식적으로 행하는 작업이지만 이야기에 따라 난이도에 차이가 있다. 전쟁과 가상현실은 그런 면에서 최악의 조합이다. 전쟁은 인간이 저지를 수 있는 비극의 총합이고 가상현실은 포기와 새 시작을 동시에 품기 때문이다. 그 일부만을 확대하면 자칫 전쟁의 의미를 희석하는 우를 범할 수 있고, 적어도 그런 실수는 저지르고 싶지 않았다. 그래서 버거울 만큼 덩치가 큰 별무리를 오려내고 이야기 하나로 남기는 작업이 아주 오래 걸렸다. <망령전쟁>에서 참상과 모순은 글이 시작하기 전부터 존재하고 있다. 누가 이기든 모두가 살 순 없다. 가혹한 환경 속에서 두 서버 국가는 똑같이 약자다. 주인공의 고민도 바로 그 지점에 자리한다. 지도자이긴 하나 그는 도망칠 수도 없기 때문에, 사실 그를 약자로 만드는 것은 책무와 같은 나라 국민의 생명들이다. 설사 그 사람들이 전자정보로 존재할 뿐이어도 생명임에는 틀림없다. 물리적인 충돌에서 사라지는 건 살아 있는 병사가 아니라 드론이어서 다행이지만, 그 대신 패배는 곧 전멸을 의미한다. 양상이 바뀌어도 전쟁은 여전히 거대한 비극이다. 역사 속 모든 전쟁이 그랬듯이 미래 전쟁이 끝난 뒤에도 재건이 필요하다. 주인공은 홀로 그 커다란 짐을 짊어졌고 성공할 가능성은 아주 희박하다. 나는 뒷이야기를 더 잇지 않을 테지만 그에게 바라는 점은 있다. 재건에 성공하고 먼 훗날 서버 국가의 영웅이 되더라도 그게 자랑거리는 아니라는 점을 잊지 말기를. 현실에서 혹독한 전후 시절을 겪었다는 점만으로 특권이라도 가진 양 목소리를 키우는 어떤 사람들과는 다르기를."
[야자나무 도적] 무로 가는 길의 우회로,레이첼 스워스키 저,"전 세계 페미니즘 SF의 작은 박물관, 28편의 중단편을 엮은 《혁명하는 여자들》 완역판! 오늘날 SF 소설계에서 가장 인정받는 편집팀으로서 여러 상을 수상하기도 한 앤 밴더미어와 제프 밴더미어 부부가 선정하고 구성한 뛰어난 페미니즘 SF 선집이다. 1960년대 작품부터 동시대 작품까지 두루 포함하는 이 선집은 페미니즘 담론의 확장을 추구하는 동시에 상상력 넘치는 풍성한 생각거리로 독자들을 이끈다. 제임스 팁트리 주니어에서 은네디 오코라포르까지 새로운 전선으로 사고를 확장하라. 이 책은 SF와 페미니즘의 연관관계를 보여 주는 대담한 사례들을 모았다. 제임스 팁트리 주니어의 <나사파리 구제법>에서, 어슐러 K. 르귄, 조안나 러스, 옥타비어 버틀러로 이어지는 고전부터 은네디 오코라포르의 <야자나무 도적> 같은 풍자적인 작품까지, 이 영역의 작업들이 가지는 강렬한 집중도를 드러낸다. 캐서린 M. 밸런트와 같은 주목받는 작가들과 함께 반다나 싱, 히로미 고토 등 전 세계 작가들의 작품을 포함한 이 선집은 페미니즘의 다양한 목소리들을 담아낸다. 이 책은 동시대 소설과 페미니즘의 두 측면에서 새로운 전선들로 사고를 확장한다. 환상적인 작품에서 미래지향적 작품으로, 신비로운 작품에서 초현실적인 작품으로 옮겨가는 이야기들은 지금 우리가 접할 수 있는 어떤 책과도 다른 페미니즘을 향한 생각들과 감정들을 불러일으킨다. “이 책에 수록된 이야기들은 우리가 원했던 바로 그 일을 해낸다. 진부한 설정들을 찢어발기고, 젠더와 그 함의에 의문을 던지고, 풍자와 유머와 사회적 징후와 규정들에 대한 날카로운 지적 분석을 동반한 의도적 무지를 이용하여 정체성을 들여다본다.” - 마베쉬 무라드, <토르닷컴>"
어느 여인 이야기,안톤 체호프 저,나탈리아와 지방 판사 표트르는 서로를 사랑하게 됩니다. 하지만 그들에겐 계층이라는 장벽이 가로막고 있었습니다. 안톤 체호프의 단편소설
그래도 사랑한다,컬툰스토리 저,지우는 영호와 사내에서 비밀스럽게 연애 중이다. 다정하면서도 남자다운 영호는 지우에게 거침없이 사랑을 속삭이지만 지우는 그의 행동이 의심스럽기만 하고. 지금껏 연애를 쉬어 본 적 없던 지우는 영호 때문에 점점 회의에 빠진다. 그런 와중 소꿉친구인 완과 한 달째 한집에서 지내며 점차 혼자 있는 생활보다 그와 지내는 시간에 익숙해져 가는 자신을 발견하고. 그가 떠날 날이 가까워질수록 담담하려 애쓰던 지우의 마음은 어쩔 수 없이 흔들리게 되는데...
어제와 오늘,루이지 필란델로 저,"자원입대해서 최전방으로 가게 된 러나는 찾아온 부모님과 작별인사를 합니다. 마지막이 될 수도 있다는 생각에 어머니는 슬픔을 참지 못하지만 아버지는 자신의 감정을 숨깁니다. 그곳에서 만나게 된 사리의 동거녀, 니니는 또 다른 관점에서 이별을 바라봅니다."
아마벨,배지훈 저,"김보영, 김창규, 배명훈 등을 배출한 과학기술창작문예 제3회 중편 부문 당선작가 배지훈의 데뷔 15년 만의 첫 장편소설! 한국 하드 SF의 계보를 잇는 전설의 귀환! “모든 이가 영원히 살면 정말 유토피아가 펼쳐질까?” 인간의 두뇌를 스캐닝해서 영원한 삶을 영유할 수 있는 시대, 그 시대가 시작된 지 백수십 년이 지나고 그 기술, ‘클리니컬 이모털리티’를 이용해 육체를 바꿔서 영원한 삶을 살 수 있는 시대가 된 지구. 모든 사람들이 영원한 삶을 살 수 있게 되었지만 바뀐 것은 별로 없습니다. 사이보그 형사 아마벨은 잔혹한 시위진압 현장에서 이모털리티에 가입되어 있지 않은 소년과 소녀를 구하게 되지만, 치료 도중 소년이 무참히 살해당합니다. 그 배후에는 스캐닝으로 컴퓨터 속에 들어가 영원한 삶을 누리는 존재들이 있다는 것이 밝혀지고, 아마벨과 소녀는 큰 위기에 처하게 되는데…."
선물이 있어,은모든 저,"우리 곁에서 같이 호흡하며 발맞추어 가는 작가 은모든이 쓴 <나쁜 것> 없는 세상, 평온함이 가득찬 세상을 꿈꾸는 짧은 소설집 연말과 크리스마스를 배경으로 짧은 소설에 최적화된 경쾌한 속도감과 산뜻한 유머 감각, 대담한 상상력으로 빚어낸 17편의 이야기가 멈출 수 없는 몰입의 시간을 선사한다. 시공간을 넘나드는 문, 소설 속 열린 결말을 저지하는 조직, 수상한 사람들이 모여드는 크리스마스이브의 바 등 매력적인 키워드로 일상과 환상을 연결한다. 또한 슬럼프에 빠진 무명 배우, 충청도 사투리를 구사하는 60대 여성 특수 요원, 엄친딸의 비밀을 알게 된 초짜 마케터 등 개성 강한 인물들을 통해 삶의 다양한 가능성과 스펙트럼을 펼쳐 낸다."
광염소나타,김동인 저,"1930년에 김동인이 발표한 단편소설. 극단적인 유미주의, 예술주의에 입각했으며, 그 때문에 당대 조선의 현실보다는 오히려 소설에서 말한 대로 수십 년 후의 조선, 즉 오늘날의 대한민국이라고 가정해도 별로 위화감이 들지 않는 구성이 특징이다. 두 차례 드라마(구 TV 문학관, HD TV 문학관)로 제작된 적도 있다. 그만큼 역사적 상황에 좌우되지 않는 매드 아티스트 본연의 광기를 잘 묘사한 작품."
[단편] 정오의 산책,김사과 저,"분노하는, 분열하는 아이와 청춘들 소설집 첫머리에 실린 단편 「영이」는 부모의 심각한 불화와 폭력 속에서 고립감과 좌절에 휩싸인 아이의 내면을 충격적으로 그린 등단작이다. ‘영이’가 여럿으로 분열하는 인상적인 도입부와 ‘개 같은 아빠’가 정말로 개가 되어버리는 당돌한 결말 등에서 보이는 과감한 극적 장치와 형식실험, 그리고 그를 통해 표출되는 가족에 대한 동정 없는 경멸과 선혈이 낭자한 폭력 묘사는 김사과라는 ‘무서운 아이’의 출현을 알리는 신호탄이었다. 또한 그것은 앞으로 김사과 소설에서 벌어질 온갖 분노와 폭력과 살인에 대한 예고이기도 했다. 『02』은 실로 미쳐날뛰는 일탈과 폭력의 전시장이라 해도 과언이 아니다. 이어지는 단편 「과학자」에서 고추장에 대한 망상에 사로잡힌 채 고추장을 탐식하던 ‘나’는 거식증인 여자친구가 고추장을 먹기를 거부하자 그녀의 몸에 고추장을 마구 발라 ‘붉은 찰흙으로 빚은 인형’을 만들어버리고, 「이나의 좁고 긴 방」의 ‘이나’는 도움을 청하는 할머니를 목 졸라 죽인 뒤 할머니의 환영과 집에서 아무렇지도 않게 대화를 나눈다. 「준희」의 ‘나’는 자신에게 폭력을 휘두르고 훈계를 늘어놓는 선생을 칼로 찔러 죽이는 상상을 하고, 나중에 선생이 정말로 죽었다는 소식을 듣고는 뛸 듯이 기뻐한다. 몰락한 주변부 청춘인 「나와 b」의 단짝 ‘나’와 ‘b’는 함께 지내던 깡패가 본드를 불다 죽자 쓰레기장에서 그의 시체를 ‘파리처럼’ 불태워버린다."
기술자의 엄지 손가락,아서 코난도일 저,수압 기술자 해덜리는 수리요청을 받고 외딴 저택을 방문합니다. 커다란 수압기를 살펴본 해덜리는 이상한 점을 발견하는데... 추리 문학의 고전이며 지금까지 변함없는 사랑을 받는 셜록 홈즈 시리즈!
김명국이 읽는 엄흥섭의 흘러간 마을,엄흥섭 저,"[100인의 배우, 우리 문학을 읽다] 오디오북 시리즈는, 최민식 문소리 정진영 강부자 등 우리 시대를 대표하는 배우 103명이 한국 근현대문학의 주요 중단편소설 100편을 낭독한 프로젝트입니다. ≪흘러간 마을≫은 1930년 ≪조선지광≫에 발표된 엄흥섭의 처녀작이자 출세작이다. 지주의 별장 앞 호수 때문에 홍수 피해를 입은 농촌 마을을 배경으로 가진 자와 못 가진 자의 대립과 투쟁을 다뤘으되, 저항하는 농민들의 건강하고 낙관적인 집단 정서를 잘 표현한 수작이라는 평가를 받았다."
[단편] 폐경 전야,공선옥 저,"진솔한 삶의 체험을 바탕으로 생생한 입담으로 우리 사회의 소외된 이웃들에게 따뜻한 관심을 표현해온 중견작가 공선옥이 5년 만에 신작소설집을 출간했다. 공선옥 소설의 활력은 여전히 놀라운 바 있다. 이번 소설집에서 공선옥은 낯익지만 일관된 주제의식을 견지하며 냉엄한 현실을 능청스럽게 비꼬는 서사 전략을 생동감있고 활달한 입담으로 담아냈다. 작가는 그간 공선옥 작품을 수식하던 ‘모성’의 이미지를 넘어서 우리 시대 사람들 누구나 받게 마련인 상처를 솔직하게 인정하면서 그 상처에서 비롯된 삶의 의지를 타인과의 연대의식으로 확장하는 모습을 보여준다. 표제작인 ｢명랑한 밤길｣은 2006년 ‘작가가 선정한 올해의 소설’에서 최우수작품으로 선정되기도 했다. ｢명랑한 밤길｣에서 스물한살 간호조무사인 주인공은 치매에 걸린 홀어머니를 모시고 산다. 우연히 응급환자로 병원을 찾은 남자에 이끌려 잠시 꿈같은 연애를 경험하지만, 끝내 버림받는다. 외국가수 이름을 줄줄 외우고, 밤마다 감미로운 음악을 선사해주던 남자는 주인공에게 낭만적인 연애의 궁극이자, 희망도 가망도 없는 앞날을 밝혀줄 존재였다. 그러나 텃밭에서 키운 무공해채소를 받아먹던 남자는 끝내 그녀를 마다하며 철저하게 등을 돌린다. ｢도넛과 토마토｣에서 이혼하고 야쿠르트를 배달하며 생계를 꾸리던 문희는 살뜰한 신혼을 꿈꾸며 다른 무엇보다 그저 ‘장롱’ 하나만 갖기를 바랐고, ｢아무도 모르는 가을｣의 인자는 산골로 들어오는 대신 남편과 꽃과 나무를 기르며 사는 삶을 꿈꿨을 뿐이다."
"어서오세요, 고양이 식당입니다",오늘 저,"달이 뜨는 밤에만 열리는 기묘한 고양이 식당. 그곳에는 이야기를 먹고 사는 고양이가 있습니다. 조금 특별한 메뉴들이 있을 뿐 별다를 것 없는 식당. 단골손님은 사람들 사이에 섞여 사는 동물들입니다. 뾰족한 귀를 숨기고 다니는 족제비 씨와, 타향까지 일하러 온 물고기 베스 씨, 작고 사랑스러운 삼색고양이. 이들의 이야기가 궁금하다면 만월주 향기를 따라 좁은 골목길로 들어오십시오. 거기에는 언제나 당신의 이야기를 기다리는 고양이 식당이 있을 테니까요."
