titles,authors,informs
[Talk스케치로 다시 쓴 명작 단편소설] 김동인의 태형,컬툰스토리 외 1인 저,"동수는 감옥에 들어온 지 3개월 되는 죄수다. 이제는 무슨 죄로 끌려왔는지조차 알지 못하는 그는 40여 명이 옹기종기 모여 있는 감옥에서 힘겨운 생활을 이어나간다. 물을 자유롭게 마시고, 목욕을 자유롭게 할 수 있었던 자유를 그리워 하며 간신히 살아나가던 동수는 억지로 진찰을 나가게 되고, 그곳에서 동생을 만나게 되는데...... 김동인의 <태형>을 현대적으로 재해석한 작품이다."
해바라기,이효석 저,이효석 문학의 본질적인 특징들을 총망라해 놓은 작품이다. 
한국 민담집 2,작자미상 저,"전래 문학과 민담에는 그 시대와 지역의 문화와 전통, 희노애락이 담겨 있습니다.
대한민국 각 지역에서 전해져온 전래문학, 민담집 "
얀,전동하 저,겨울이 되자 기러기들은 남하비행을 시작한다. 수만 킬로미터를 날아가야 하기 때문에 중간에 체력이 떨어지는 기러기들은 낙오되어 죽는 일이 허다하다. 얀은 그렇게 가까운 이들의 죽음을 보면서 삶에 대해 많은 고민을 한다. 결국 기러기들 사이에서 왕따가 되고 점점 자신감을 잃어가는 얀은 죽고 싶다는 생각까지 하게 되는데… 기러기 얀이 삶의 의미를 찾아가는 과정을 그린 이야기
배따라기,김동인 저,"어디선가 들려오는 구슬픈 노래. 배따라기. 그는 왜 구슬픈 배따라기를 부르는 것일까. 의처증과 오해가 증오로 표출되면서 평범하게 살아가던 사람들의 관계를 와해시키고, 운명앞에 홀로 선 인간의 무력한 모습. 그리고 끝없는 자책과 회한의 정서는 배따라기 노래와 함께 바다의 이미지와 어울려 예술적인 아름다움으로 승화 된다. 배따라기를 부르는 한 남자의 비극적이고도 슬픈 이야기를 천천히 들어보자."
[단편] 행복고물상,천운영 저,"이 소설집은 등단작 [바늘]을 비롯하여 2000년 1월부터 2001년 10월까지 약 2년간 발표된 아홉 편의 단편소설들로 구성되어 있다. 천운영의 신예답지 않은 만만찮은 저력은 “독자를위태로운 공격성과 관능과 탐미의 벼랑끝으로 밀고가는 발군의 역량”(신춘문예 심사평)이 돋보인다고 평가된 바 있는데, 수록작품 모두 편차 없이 고른 성취를 보이고 있다. 천운영 소설의 인물들은 90년대 (여성)소설에 자주 등장하는 도시적 감각의 전문직 중산층 여성이나 소설의 단골 소재였던 애정과 불륜관계와도 차별성이 있다. 문학평론가 이광호는 권말의 해설에서 등장인물들이 “제도화된 여성적 자아의 내부에 머물지 않는다. 그 제도적인 영역의 바깥으로 질주하는 원초적이고 본능적인 여성적 에너지를 드러낸다”고 하며, 바로 그 지점에서 “식물적인 여성성으로부터 동물적인 여성성으로의, 혹은 타자로서의 여성성으로부터 창조적인 부재와 이질적인 복수항(複數項)로서의 여성성으로의 탈주라는 존재론적 전환의 사건이 벌어진다”고 평한다. 그런 의미에서 “천운영의 미학적 위반은 문화적인 이탈의 의미를 얻고, 천운영을 통해 한국의 여성소설은 독특한 야생의 미학을 자기 목록에 추가할 수 있게 되었다”고 한다."
뻐꾸기 날리다 - 뻐꾸기 날리다,김우남 저,"우리 실존의 현재를 비춰보게 하는 사실주의적 이야기 ‘아줌마’의 삶을 담은 김우남 작가의 이야기들은 여성 서사의 한 측면에서 읽혀야 마땅하겠지만, 그보다 먼저 우리 시대 인정세태의 리얼리즘 소설 계보로 정리할 수도 있을 테다. ‘사실주의’라는 개념이 품은 함의는 꽤 두터운 것인데, 여기서는 삶의 구체적 국면을 중시하고, 그것의 시시콜콜함을 있는 그대로 그려낸다는 의미에서 김우남 작가 소설의 한 측면을 대변한다. 그녀가 즐겨 빚는 아줌마의 유쾌한 수다는 세속화된 사회에서 일상을 살아내고, 그것을 버텨내는 작중인물이 겪는 미시적 이야기들이다. 그 이야기에는 이 시대 아줌마들의 욕망과 나르시시즘, 분노와 슬픔, 좌절과 피로감 따위의 구체적 사실감이 풍부하다. 또한 김우남 작가의 작가적 개성이 잘 구현된 미시 서사는 잘 닦인 거울인 듯해서 우리 실존의 현재를 비춰보게 된다. 그녀가 채집한 세속 사회에서의 일상 서사는 이 시대의 세태와 풍속의 결을 드러내고, 우리는 그 속에서 자주 자신을 돌아보며 ‘나는 잘 살고 있는가?’를 묻게 만든다. “사교육비 때문에 등골이 휘고 너무나 불투명한 우리의 교육현실”로 인해 생기는 학부모의 불안을 악의적으로 이용해 학력 위조자가 벌인 고액 과외 사기 소동의 전말을 그린 이야기. 「뻐꾸기 날리다」"
동동,박희채 외 1인 저,"사랑과 슬픔을 노래하는 고려 말 민초들의 이야기! 고려 말의 격동기. 충혜왕으로 인해 아내와 아들을 잃은 고려 최고의 무사 김양검과 떠돌이 행각승에서 왕과 정사를 논하는 고려 최고의 승려가 된 편조, 가족의 원수를 갚기 위해 김양검을 쫓는 심녀와 사랑에 눈이 먼 살인 청부업자 강수까지. 세상을 바꿀 수 있다는 비서 음양혼천비록을 둘러싸고 벌어지는 한 많은 고려말의 인간군상들이 한 편의 드라마로 엮여 흘러간다."
"비호외전, Part 1 (飛狐外傳 1) (중국어)",JinYong (김용) 저,위대한 무술가 Hu Yidao의 아들인 Hu Fei는 따뜻한 마음으로 악을 매우 싫어한다. 피해자 Zhong A'si를 위해 정의를 전달하기 위해 그는 사람들을 괴롭히는 Fosh Tiannan을 죽이려고 Foshan 마을에서 싸운다. 추격 과정에서 그는 쿵푸가 뛰어난 어린 소녀 Yuan Ziyi를 만나고 사랑에 빠지게 된다. Fei는 악과 싸우고 약자를 돕지만 그것은 그를 계획에 포함시키기 위한 속임수 였는데…
