titles,authors,informs
오언 윈그레이브 (세계환상문학걸작선 제1권),헨리 제임스 저,"처음에는 평화주의자에 대한 작품인 듯 보인다. 그러다가 나중에야 옛 가치와 유령에 대한 이야기임을 알게 된다. 사관학교 준비기관의 우수 생도인 오언 윈그레이브는 폭력이 유발하는 헤아릴 수 없는 비극을 견딜 수 없다며 어느 날 불현듯 자퇴를 선언한다. 교관은 오언을 만류하기 위해 그의 집을 찾아가고 그로부터 그 집안의 내력을 듣게 된다. 전쟁과 폭력으로 세워진 제국, 영국의 계급 구조와 귀족의 전통은 이미 이때부터 무너지고 있었다."
마작 살인사건 - 세계 미스터리 고전문학,운노 주자 저,세계 유명 작가들의 미스터리 고전을 엄선하여 소개하는 시리즈의 마흔 번째 작품! 당대 일본 최고의 명탐정이라 불리는 호무라 소로쿠. 그 호무라가 눈앞에서 벌어진 살인사건의 범인을 놓치고 만다. 청년 탐정은 그 치욕을 어떻게 씻을 것인가?
호박 파이프 - 세계 미스터리 고전문학,고가 사부로 저,"세계 유명 작가들의 미스터리 고전을 엄선하여 소개하는 시리즈의 열두 번째 작품! 관동대진재 후 폐허가 되어버린 도쿄에서 일어난 화재. 그 화재현장에서 발견된 시체. 자칭 신문기자라며 이 사건을 파헤치고 다니는 마쓰모토의 정체는? 《출판사서평》 추리의 세계는 언제나 흥미진진하다. 공상의 세계 역시 흥미진진하기는 하지만 그것은 현실과 상관없이 펼쳐지기도 한다. 고립된 독방에서도 너른 세상의 수많은 사람들과 다채로운 일들을 떠올리게 해주는 것이 공상이다. 물론 이것도 개인의 경험을 바탕으로 펼쳐지기는 하지만 거기에 논리성 같은 것은 필요 없어서 이 사건이 저 사건과 하나가 되기도 하고 한 사건이 전혀 연관성 없는 다른 세계로 펼쳐지기도 한다. 하지만 추리는 언제나 현실에 기반을 두고 있다. 하나의 사건 속에서 벌어진 일들은 서로가 밀접한 관계를 맺고 있으나 주의해서 잘 관찰하지 않으면 아무런 관계가 없이 벌어진 일처럼 보이기도 한다. 그렇기 때문에 추리에서는 세심한 관찰과 풍부한 지식이 무엇보다 중요한데, 관찰에서 놓치는 부분이 있으면 결론에 이르기까지의 연결고리가 끊어져 결론에 이르지 못하거나 억측을 낳아 전혀 엉뚱한 곳에 다다르게 되고, 풍부한 지식이 없으면 관찰을 통해 밝혀낸 사실들의 참된 의미를 알지 못해 결정적인 사항을 놓치거나 역시 엉뚱한 결론에 다다르게 되기 때문이다. 따라서 추리에는 관찰과 지식, 그리고 논리성이 절대적이다. 이번 시리즈에서는 세계적 명성을 얻은 작가들의 추리소설을 소개하겠다. 그들이 펼쳐 보이는 화려한 추리의 세계를 통해 재미와 함께, 정확한 추리를 위해서는 무엇을 관찰해야 하는지 또 관찰을 통해 얻은 사실은 무엇을 의미하는지 그러한 사실들을 어떻게 논리적으로 연결 지어야 하는지, 그 과정을 배워보기 바란다."
쇼센 전차의 사격수 - 세계 미스터리 고전문학,운노 주자 저,"세계 유명 작가들의 미스터리 고전을 엄선하여 소개하는 시리즈의 마흔네 번째 작품! 늦더위가 기승을 부리던 어느 날 달리던 전차 안에서 아름다운 소녀가 저격당한다 이후, 전차 안에서 연속적으로 벌어지는 저격사건 아름다운 여성들만 노리고 쏘는 쇼센 전차의 사격수는 누구인가?"
결혼하지 말걸 그랬어 2,유춘강 저,"KBS 슈퍼탤런트 1기 배우 김시연 낭독, 소리로 듣는 한편의 드라마! ‘가족설명서가 필요해’ 사십이 넘어서부터 ‘나’는 모든 사물과 대화를 하는 버릇이 생겼다. 심지어 생선의 머리를 자르고 토막을 치면서도 말한다. ‘미안해, 정말 미안해. 내 본의는 아니다. 다음엔 생선으로 태어나지 말고 생선가게 주인으로 태어나라.’ 세탁기와 냉장고에게도 말한다. ‘ 너무 부려먹어서 미안해’ 라고. ‘너는 예뻐서 좋겠다. 하지만 잊지 마. 화무십일홍’이라고 꽃에게도 말을 걸고, ‘너는 남의 옷만 걸치고 있어서 어쩌니’ 라며 옷걸이에게도 말을 건다. 그렇지 않으면 나는 하루 종일 입도 뻥끗 못하니 말이다. 그야말로 인생 후반기에 묵언수행의 나날이다. 그런 나에게 갑작스런 암 선고와 시어머니의 치매로도 모자라 수련의 과정을 하고 있는 큰 딸 가을은 날라리 뽕짝 록 가수와 결혼을 전제로 사귄다. 그야말로 ‘나’의 인생에 쓰나미가 덮친 셈이다. 드디어 그 어느 때 보다도 인생의 매뉴얼, 가족관계설명서가 필요한 시점이 된 것이다."
결혼하지 말걸 그랬어 5,유춘강 저,"KBS 슈퍼탤런트 1기 배우 김시연 낭독, 소리로 듣는 한편의 드라마! ‘가족설명서가 필요해’ 사십이 넘어서부터 ‘나’는 모든 사물과 대화를 하는 버릇이 생겼다. 심지어 생선의 머리를 자르고 토막을 치면서도 말한다. ‘미안해, 정말 미안해. 내 본의는 아니다. 다음엔 생선으로 태어나지 말고 생선가게 주인으로 태어나라.’ 세탁기와 냉장고에게도 말한다. ‘ 너무 부려먹어서 미안해’ 라고. ‘너는 예뻐서 좋겠다. 하지만 잊지 마. 화무십일홍’이라고 꽃에게도 말을 걸고, ‘너는 남의 옷만 걸치고 있어서 어쩌니’ 라며 옷걸이에게도 말을 건다. 그렇지 않으면 나는 하루 종일 입도 뻥끗 못하니 말이다. 그야말로 인생 후반기에 묵언수행의 나날이다. 그런 나에게 갑작스런 암 선고와 시어머니의 치매로도 모자라 수련의 과정을 하고 있는 큰 딸 가을은 날라리 뽕짝 록 가수와 결혼을 전제로 사귄다. 그야말로 ‘나’의 인생에 쓰나미가 덮친 셈이다. 드디어 그 어느 때 보다도 인생의 매뉴얼, 가족관계설명서가 필요한 시점이 된 것이다."
감색 종이풍선 - 세계 미스터리 고전문학,운노 주자 저,"세계 유명 작가들의 미스터리 고전을 엄선하여 소개하는 시리즈의 쉰한 번째 작품! 병원에서 고가의 라듐이 사라진 날, 한 사내가 상습절도범으로 경찰에 체포됐다. 형기를 마치고 출소한 그는 자신이 형무소에서 은밀하게 반출한 물건을 찾는데… 그가 반출한 물건은 무엇일까? 그 물건의 행방은?"
[단편] 집이 넓어지고 있어,최정화 저,2012년 단편소설 「팜비치」로 창비신인소설상을 수상하며 작품활동을 시작한 최정화의 첫 소설집 『지극히 내성적인』이 출간되었다. 일상 속의 균열과 파동을 예민하게 감지하는 작가 최정화가 등단 이래 활발한 활동으로 쌓아온 열편의 소설이 묶였다. 온전해 보이는 세계 안에 스며 있는 불안의 기미를 내성적인 사람들의 민감한 시선으로 날렵하게 포착해내면서도 유머를 잃지 않는 자세가 야무지고 미덥다. “독자들이 ‘최정화’라는 이름을 특별한 소설가의 이름으로 기억하리라”는 등단 당시의 심사평이 무색하지 않을 만큼 그녀의 첫 책은 독자들에게 각별하고 매력적으로 다가올 것이다.
