titles,authors,informs
양준모가 읽는 조해일의 뿔,조해일 저,"[100인의 배우, 우리 문학을 읽다] 오디오북 시리즈는, 최민식 문소리 정진영 강부자 등 우리 시대를 대표하는 배우 103명이 한국 근현대문학의 주요 중단편소설 100편을 낭독한 프로젝트입니다. ≪뿔≫은 1972년 ≪문학과지성≫에 발표된 조해일의 단편이다. 문학청년 주인공과 그의 하숙집 이사를 돕는 지게꾼이 동행하면서 겪는 이야기를 통해 속도경쟁에 몰두하는 산업사회의 ‘효용성’을 풍자한다."
언제나 당신인 이유,조진경 저,"강아지는 귀엽지만 아이는 싫다. 남들이 보기엔 강아지 옷을 만들며 밝게 사는 영인. 동그란 눈의 강아지는 귀여워서 어쩔 줄을 몰라 하지만, 아이는 딱 질색으로 싫어한다. 친한 언니이자 사업을 도와주는 주미와 오피스텔로 이사한 그녀는 젊지만 까칠한 관리소장인 준하와 만나게 되는데…. “강아지 짖는 소리 때문에 민원이 계속 들어오는 건 알죠?” “주의하도록 할게요. 그럼 이만.” 살짝 고개를 숙였다가 들고 그의 옆을 지나갔다. 나를 볼 때마다 인상을 쓰고 말하는 그를 보면 종일 재수가 없었다. 오늘도 고객의 컴플레인에 시달리게 되는 건 아닌지 모르겠다. “아줌마, 강아지 키워요?” 엘리베이터를 타려는데 뒤에서 아이의 목소리가 들렸다. 돌아보니 어제도 내게 달라붙어서 귀찮게 하던 아이였다. 대체 엄마가 누구인지, 매번 아이만 혼자 다녔다. “아니, 엄마는 어디 있니?” “나, 엄마 없어요. 아줌마가 우리 엄마 할래요?” 뭐? 엄마? 다섯 살도 안 되어 보는 아이에게 화를 낼 필요는 없다. “그럼 아빠는 어디 계셔?” “우리 아빠요?” 아이가 손을 올려 가리키는 곳을 보자마자 눈살을 찌푸렸다. 아… 이 오피스텔의 관리소장이 아이의 아빠라니……."
자전거에 탄 쓸쓸한 사람 - 세계 미스터리 고전문학,아서 코난 도일 저,"세계 유명 작가들의 미스터리 고전을 엄선하여 소개하는 시리즈의 스물한 번째 작품! 남아프리카에서 알게 된 노인의 조카딸을 찾는 두 사내. 그녀의 형편이 어렵다는 사실을 알고 그들 중 한 사람이 자기 집의 가정교사로 그녀를 고용한다. 그의 집에서 런던으로 나올 때면 자전거를 타고 그녀의 뒤를 따라오는 의문의 사내. 《출판사서평》 추리의 세계는 언제나 흥미진진하다. 공상의 세계 역시 흥미진진하기는 하지만 그것은 현실과 상관없이 펼쳐지기도 한다. 고립된 독방에서도 너른 세상의 수많은 사람들과 다채로운 일들을 떠올리게 해주는 것이 공상이다. 물론 이것도 개인의 경험을 바탕으로 펼쳐지기는 하지만 거기에 논리성 같은 것은 필요 없어서 이 사건이 저 사건과 하나가 되기도 하고 한 사건이 전혀 연관성 없는 다른 세계로 펼쳐지기도 한다. 하지만 추리는 언제나 현실에 기반을 두고 있다. 하나의 사건 속에서 벌어진 일들은 서로가 밀접한 관계를 맺고 있으나 주의해서 잘 관찰하지 않으면 아무런 관계가 없이 벌어진 일처럼 보이기도 한다. 그렇기 때문에 추리에서는 세심한 관찰과 풍부한 지식이 무엇보다 중요한데, 관찰에서 놓치는 부분이 있으면 결론에 이르기까지의 연결고리가 끊어져 결론에 이르지 못하거나 억측을 낳아 전혀 엉뚱한 곳에 다다르게 되고, 풍부한 지식이 없으면 관찰을 통해 밝혀낸 사실들의 참된 의미를 알지 못해 결정적인 사항을 놓치거나 역시 엉뚱한 결론에 다다르게 되기 때문이다. 따라서 추리에는 관찰과 지식, 그리고 논리성이 절대적이다. 이번 시리즈에서는 세계적 명성을 얻은 작가들의 추리소설을 소개하겠다. 그들이 펼쳐 보이는 화려한 추리의 세계를 통해 재미와 함께, 정확한 추리를 위해서는 무엇을 관찰해야 하는지 또 관찰을 통해 얻은 사실은 무엇을 의미하는지 그러한 사실들을 어떻게 논리적으로 연결 지어야 하는지, 그 과정을 배워보기 바란다."
아들이 된 아빠,토마스 앤스티 저,"영혼 체인지 작품의 원조 격 아빠와 아들이 영혼이 뒤바뀌며 전하는 대리만족의 재미와 역지사지의 가치 딕은 겨울 방학이 끝나서 학교로 돌아가야 하는 게 무척 싫다. 하지만 아빠는 다시 아이가 되어 학교에 다니고 싶다며 딕의 마음을 전혀 몰라준다. 때마침 딕의 외삼촌이 준 마법의 돌로 인해 아빠는 아들의 모습으로, 아들은 아빠의 모습으로 뒤바뀐다. 서로의 역할을 맡게 된 아빠와 아들에게 앞으로 어떤 일이 벌어질까? 《아들이 된 아빠》는 영국에서 태어난 소설가 토머스 앤스티가 1882년에 맨 처음으로 발표한 작품이자, 그에게 대중적인 인지도를 높여 준 작품이기도 하다. 이 작품의 주요 설정은 바로 ‘영혼 체인지’다. 영혼 체인지는 이제 영화나 드라마에서 어렵지 않게 찾아볼 수 있는 단골 소재다. 하지만 엄밀히 말하면, 영혼 체인지는 이 작품이 먼저라고 할 수 있다. 개구쟁이 아들 딕은 겨울 방학이 끝난 뒤 학교로 돌아가기 싫어하지만 권위적인 아빠는 무조건 학교에 가라고 할 뿐, 아들이 어떠한 어려움을 겪고 있는지 이해하려 하지 않는다. 그러다 아빠와 아들이 마법의 돌로 영혼이 뒤바뀌면서 서로의 역할을 바꿔야 하는 황당한 상황에 처한다. 어쩔 수 없이 학교에 간 아빠는 아들의 친구들에게 맞기도 하고, 학생들을 억압하는 학교생활도 경험하게 된다. 반대로, 아빠의 역할을 하게 된 딕은 집에서는 전쟁 놀이와 산적 놀이를 하고, 회사에서는 사업 파트너에게 쓰레기 벼락을 내리는 장난을 치며 아빠의 사업을 엉망으로 만들기도 한다. 하지만, 그 모든 과정은 입장 바꿔 서로를 이해하는 데 큰 도움을 준다. 독자는 두 사람의 영혼 체인지를 통해서 대리 만족의 희열도 느끼고, 아빠와 아들의 시선을 동시에 경험하며 고충을 이해할 수 있다."
장기 입원 환자,아서 코난도일 저,홈즈 시리즈 두 번째 단편집 ‘셜록 홈즈의 회상’에 수록된 [장기 입원 환자]입니다. 가난한 의사가 투자자를 만나 병원을 개업합니다. 그리고 투자자는 병을 치료하기 위해 2층에 공간을 마련하고 장기 입원 환자가 됩니다.
김동인의 감자,김동인 저,"사농공상의 2위인 농민의 자재이지만 어려서부터 도덕을 중요시 여기는 마음을 간직했던 복녀. 팔십원에 팔려 결혼을 하고 빈민굴에 들어서면서 그녀의 인생이 뒤틀리기 시작하는데……. 김동인의 감자를 보기 쉽게, 현대적 해석에 맞춰 재구성한 작품이다. ‘도덕’이라는 기치를 지켜왔던 복녀가 현실에 타락해 가는 모습을 적나라하게 보여주고 있다."
상어 섬의 어머니들,킷 리드 저,"“유리감옥을 깨뜨려라!” SF 소설의 페미니즘 르네상스를 이끌어온 전 세계 여성 작가들의 주옥 같은 작품을 가려 모았다. 오늘날 SF 소설계에서 가장 인정받는 편집팀으로서 여러 상을 수상하기도 한 앤 밴더미어와 제프 밴더미어 부부가 선정하고 구성한 뛰어난 페미니즘 SF 선집이다. 1960년대 작품부터 동시대 작품까지 두루 포함하는 이 선집은 페미니즘 담론의 확장을 추구하는 동시에 상상력 넘치는 풍성한 생각거리로 독자들을 이끈다. 이 걸작선은 SF와 페미니즘의 연관관계를 보여 주는 대담한 사례들을 모았다. 조안나 러스의 고전 <그들이 돌아온다 해도>에서부터 에일린 건의 <중간관리자를 위한 안정화 전략> 같은 풍자적인 작품까지, 이 영역의 작업들이 가지는 강렬한 집중도를 드러낸다. 캐서린 M. 밸런트와 같은 주목받는 작가들과 함께 반다나 싱, 히로미 고토와 같은 전 세계 작가들의 작품을 포함한 이 선집은 페미니즘의 다양한 목소리들을 담아낸다. 이 선집은 동시대 소설과 페미니즘의 두 측면에서 새로운 전선들로 사고를 확장한다. 환상적인 작품에서 미래지향적 작품으로, 신비로운 작품에서 초현실적인 작품으로 옮겨가는 이야기들은 지금 우리가 접할 수 있는 어떤 책과도 다른 페미니즘을 향한 생각들과 감정들을 불러일으킨다. “SF 소설이 가진 남다른 정치적 힘을 보여주는 꼭 필요한, 잘 가려 뽑은 선집.” - <커커스 리뷰> “여기 수록된 이야기들은 우리가 원했던 바로 그 일을 해낸다. 진부한 설정들을 찢어발기고, 젠더와 그 함의에 의문을 던지고, 풍자와 유머와 사회적 징후와 규정들에 대한 날카로운 지적 분석을 동반한 의도적 무지를 이용하여 정체성을 들여다본다.” - 마베쉬 무라드, <토르닷컴> “지난 수십 년간 여성 SF 작가들이 이룬 가장 빛나는 성과들을 엮은 다채롭고 놀라운 선집이다.” - 앤드류 앤드류스, ‘truereviewonline.com’ “저자들은 모두 페미니스트이며 SF 소설 혁명의 자매들이다. 그러므로 그들의 역할은 가능한 세계와 존재의 방식들을 탐험하는 것이며, 그려진 시나리오들로부터 각자의 교훈을 끌어내는 것은 독자들의 몫이다.” - 에리카 스미스, <피스 뉴스> “페미니스트든 아니든 SF 소설 팬이라면 누구나 반드시 읽어야 할 필독서이며, 이런저런 여성학 관련 학습과정을 짤 때 활용할 수 있는 흥미로운 텍스트가 될 것이다.” - 다이앤 칸스, ‘worldliteraturetoday.org’ “이 매혹적인 선집은 뉴웨이브 SF와 페미니즘 사변소설계의 경향들이 어떻게 여성과 페미니즘에 관한 문화와 관점의 변화들을 반영하고 있는지 보여준다.” - 바네사 부시, <북리스트> “이 책에 실린 작품들은 모두 여성들이 세계와 맺고 있는 관계의 양상들을 탐구한다. 이 작품들은 사회적 역할과 성역할, 성별, 연애 관계, 일과의 관계에 주목한다.” - 일레인 갤러퍼, <인터존> “이 책은 우리 모두가 연루돼 있는 장르와 젠더, 문화와 맥락에 관한 논의에서 빠질 수 없는 강력하고도 귀중한 선집이다.” - 캐리 스페링, <스트레인지호라이즌닷컴> “밴더미어 부부가 페미니즘 면에서든 다른 어떤 면에서든 근래 들어 최고의 SF 선집이라 할 만한 걸 엮어냈다.” - 일리저베스 핸드, <로스앤젤레스 타임즈> “주제에 맞게 배열된 작품들은 각각의 작품을 가장 선명하게 조명해내는 도발적이고 극적인 배치를 통해 서로 흘러들고 또 서로 반발한다.” - 《퍼블리셔스 위클리》 “편집자들은 이 선집을 얻기 위해 넓게 멀리까지 작품들을 뒤졌다. 다양한 SF의 향연. 장르와 정치적 성향을 떠나 이 책은 훌륭한 선집이다.” - 키스 브룩, 《가디언》 “이 ‘고도로 잘 정돈된’ 페미니즘 SF 선집에는 분명하게 밴더미어 부부의 도장이 찍혀 있다. 이 선집은 호러와 판타지를 포함한 사변소설의 모든 장르를 아우를 뿐만 아니라 이런 주제의 선집에 대한 모두의 기대를 뛰어넘으며 상당한 분량의 초현실적이고 기괴한 작품들까지 선보인다.” - 귀네스 존스, 《뉴욕 SF 리뷰》"
무희 - 일본 중단편 고전문학,모리 오가이 저,"엄선한 일본 근현대 중단편 문학의 정수! ― 두 번째 이야기 나쓰메 소세키와 어깨를 나란히 했던 일본의 문호 모리 오가이 서양 여성과 동양 남성의 사랑을 그려 커다란 충격을 주었던 작품 일본 낭만주의, 유미주의에 지대한 영향을 주었던 작가의 대표작"
김은석이 읽는 미하일 불가코프의 모르핀,미하일 불가코프 저,"모르핀(Морфий) 1917년 러시아 혁명을 전후해 고독 속에서 모르핀에 중독돼 스스로 삶을 망가뜨렸던 한 젊은 의사의 이야기이다. 작가 자신의 실제 중독 경험을 바탕으로 했다. 군청 소재지 병원의 의사 봄가르드는 의대 동창인 인근 시골병원 의사로부터 급히 와달라는 편지를 받는다. 하지만 다음날 그가 출발하기도 전에 동창은 자살 시도를 한 상태로 병원에 실려 오고, 자신의 노트를 남긴 채 결국 사망한다."
김정이 읽는 테오필 고티에의 옹팔,테오필 고티에 저,"옹팔 (Omphale) 학교를 졸업하고 진로를 고민하던 주인공은 파리에 있는 삼촌 집에 잠시 머무른다 소년은 별채 벽에 걸려 있는 태피스트리 속 리디아의 여왕, 옹팔에게 묘하게 매료된다. 그런데 어느 날 밤, 옹팔이 태피스트리에서 걸어 나와 침대 옆으로 다가와 소년에게 말을 건다."
의자 고치는 여인,기 드 모파상 저,후작의 저택에 모인 사람들은 사랑을 주제로 얘기를 나누게 되고 그 자리에서 마을 의사는 의자 고치는 여인의 일생과 사랑 얘기를 들려줍니다. 기 드 모파상의 단편
명작 다이제스트-레 미제라블,빅토르 위고 저,"세계 대표작품의 작품 줄거리, 해설"
그 여자의 동거기,최연숙 저,"아침에 일어나 보니 내 옆에 낯선 남자가 있었다. 선우 : (놀라 소리치는)꺄아아악, 도둑이야! 악!! 정우 : (잠결에)뭐야, 당신 누구야!! 선우 : 뭐? 야! 너 뭐야? 너 누군데 내 옆에서~~아아아악 나 몰라 미친 놈? 아니 개뼉다귀 같은 이 변태새끼야? 뭐냐고~~ 서로 전혀 모르는 두 사람은 어느 날 아침 같은 방, 한 침대에서 일어난다. 5년 만에 한국에 귀국해 자신의 아파트에 들어온 정우와 정우의 동생을 통해 아파트에 전세로 들어와 살고 있는 선우. 결국 그들의 원치 않은 동거는 시작된다. 까칠한 남자 서정우! 만만치 않은 여자 유선우! 지난 사랑에 상처받은 이들! 이 둘은 어떻게 사랑에 빠지게 될까? 마이클럽에 연재되어 많은 사랑을 받았던 그 여자의 동거기!"
이호재가 읽는 베르톨트 브레히트의 이단자의 외투,베르톨트 브레히트 저,"이단자의 외투(Der Mantel des Ketzers) 소설의 주인공은 중세 가톨릭교회에 맞서 자신의 철학적 과학적 신념을 지키다가 화형당한 실존 인물, 지오다노 부르노이다. 소설 속 브루노는 이단으로 몰려 종교재판소에 체포되기 직전 외투를 한 벌 맞췄는데 값을 치루지 못했다. 재단사는 외투 값을 포기하지만 고집 센 그의 아내는 위협을 무릅쓰고 직접 교황청을 찾아간다. 작품을 발표한 1939년은 독일에서 나치즘이 창궐하던 시기였다. 브레히트는 사회적 공정함이 사라지고 사상과 학문의 자유를 억압하는 시대를 비판하고자 했다."
전현아가 읽는 하라 다미키의 여름 꽃,하라 다미키 저,"여름 꽃(夏の花) 일본 원폭문학의 대표작으로 손꼽히는 소설이다. 작가 자신이 직접 겪은 피폭 체험을 바탕으로 히로시마에 원폭이 떨어지던 그날의 이야기를 생생하게 들려준다. 원제는 ‘원자폭탄’이었는데, 1947년 발표 당시 연합국사령부의 검열을 의식해 제목을 바꿨다. 처절한 내용을 담고 있지만 문학성이 높은 아름다운 문장을 구가하고 있는 점이 높이 평가받는 작품이다."
단식 광대 (세계환상문학걸작선 제1권),프란츠 카프카 저,"1922년 문예지 ≪디 노이에 룬트샤우(Die Neue Rundschau)≫를 통해 발표됐다. 작가는 자신에게 가장 친근한 주제, 곧 죽음, 예술, 고립, 금욕주의, 영혼의 빈곤, 쓸모없음, 개인의 실패 그리고 인간관계의 타락에 대해 이야기한다. 주인공은 서커스에서 단식으로 인기를 끄는 광대이다. 하지만 인기는 점점 시들어지고 그는 사람들의 무관심 속에 방치된다. 광대는 마지막 단식을 감행한다. 그는 단식을 성공하고 무사히 우리를 빠져나올 수 있을까?"
셰익스피어 이야기,찰스 램 저,"19세기의 뛰어난 수필가이자 문학평론가인 찰스 램이 누이 메리 램과 함께 셰익스피어의 희곡들을 어린 독자들을 위해 산문으로 다시 쓴 책이다. 4대 비극 <햄릿>(Hamlet), <맥베스>(Macbeth), <오셀로>(Othello), <리어 왕>(King Lear)과 함께 여러 이야기를 담았다. 저자 서문에 나와 있듯이 찰스 램이 쓴 비극은 비교적 원전에 충실하려고 노력했고, 메리 램이 쓴 희극은 비교적 자유롭게 각색했다. 셰익스피어의 언어를 살릴 수 있는 곳에서는 최대한 그의 글맛을 살리려 노력했다고도 밝히고 있다. 이 책에는 셰익스피어의 희곡들을 어린 독자들에게 쉬우면서도 원작의 문학적 향기를 그대로 전달하려는 노력이 담겨 있다."
"개미, 내 가여운 개미 : 또 밤이 오면",류소영 저,"<개미, 내 가여운 개미>는 작가 류소영의 두 번째 소설집이다. 두 번째 소설집은 여전히 부적응자의 연장선상에 놓여 있다. 오랜 시간이 말해주듯 작가의 시선과 문장은 더욱 내밀해지고 단단해졌다. 부적응자의 연대는 관계에서 소외받은 희미한 사람들의 서글픈 연대 의식으로 첨예화되었고, 유령 같은 존재들을 호출하는 방식은 그로테스크하고 날카롭게 그려져 있다. 등장하는 모든 인물들은 있는 듯 없는 듯 희미한 유령 같은 존재들이다. 이번에 소개되는 <또 밤이 오면>은 시부모님을 모시고 사는 한 며느리의 이야기이다. 어느 날 시어머니가 말도 없이 가출을 감행하고, 그런 시어머니의 행동에 가족들은, 특히 나(며느리)는 혹시나 하는 마음에 마음을 졸인다. 시어머니는 나 때문에 집을 나가신 것일까?"
홍길동전,허균 저,"“우리나라 최초의 국문 소설” 조선 세종 때 판서의 서자로 태어난 홍길동이 자신에 대한 가족들의 살해 기도를 피해 의적 생활을 하자 나라에서 그의 체포에 나선다. 홍길동이 다양한 도술로 이를 모면하자, 나라에서는 그에게 병조판서 벼슬을 내리고 홍길동은 이를 받아들인다. 홍길동은 후에 조선을 떠나 자연이 아름다운 율도국을 발견하고 그 곳의 왕이 되어 잘 다스렸다는 내용이다. 적서차별을 비롯한 사회적 불평등에 대한 비판적인 문제의식이 돋보이는 작품으로 둔갑술을 비롯한 주인공 홍길동의 다양한 도술이 독자의 흥미를 더한다."
형사 K의 미필적 고의,이춘길 저,이 오디오북은 한국출판문화산업진흥원(KPIPA)의 ‘2021년 오디오북 제작 지원 사업' 선정작입니다. 소설집 『형사 K의 미필적 고의』에는 그동안 여러 지면에 발표한 단편 일곱 작품이 수록돼 있다. 선이 굵으면서도 감정의 결을 섬세하게 유기적으로 직조한 단편소설들은 입체파 미술처럼 강렬하다.
남명렬이 읽는 최인준의 암류,최인준 저,"[100인의 배우, 우리 문학을 읽다] 오디오북 시리즈는, 최민식 문소리 정진영 강부자 등 우리 시대를 대표하는 배우 103명이 한국 근현대문학의 주요 중단편소설 100편을 낭독한 프로젝트입니다. ≪암류≫는 동반자작가 최인준이 1934년 9월부터 12월까지 ≪신동아≫에 연재한 중편소설이다. 아들을 서울로 보내 공부시키려다가 가산을 탕진하고 파멸을 맞는 농촌 가정의 이야기를 통해 절망적인 농촌 현실을 보여준다. ‘암류(暗流)’는 ‘겉으로 드러나지 않는 저변의 흐름’을 뜻하는데, 이 작품에서는 ‘가난’이라는 벗어날 수 없는 운명을 가리킨다."
호텔마마 6 : 그리고 예외는 없다,양수련 저,"영화처럼 숨막히는 추리 스릴러다. 사회에서 루저로 살아가는 나를 받아주는 곳은 호텔마마, 바로 엄마뿐이다. 항상 정성스럽게 아들인 나를 챙겨주는 엄마. 그 행복을 당연하게 여겼다. 끝나지 않을 줄 알았다. 하지만 존재조차 몰랐던 아버지 다른 형이 등장했다. 형은 엄마와 나의 집, 호텔마마에 들어와 제 자리인양 활개를 치고 다닌다. 순식간에 엄마의 마음을 앗아가고 급기야는 당연히 내 것이 되어야 할 공간 ? 호텔마마까지 넘보려 한다. 빼앗길 수 없다. 호텔마마는 나만의 것이다! 현대에 살아가고 있는 우리들이 모델인듯 현실성이 넘치면서도 우리들이 한번씩 꿈꾸었던 욕망을 소유하기 위해 움직이는 작품 속 주인공들을 지켜보다 보면, 어느새 소설의 마지막 페이지에 바쁘게 다다른 당신을 발견할 수 있을 것이다. 《책 속으로》 이틀 후면 드디어 출소다. 도시를 누빌 수 있는 자유의 몸이 된다. 기쁘다는 생각은 바람 한 점 만큼도 들지 않는다. 어둑하고 습한 감방에 갇혀 있던 지난 12년. 내게는 그야말로 미궁이었다. 12년 만에 보게 될 바깥세상은 또 얼마나 달라져 있을까. 두렵기도 하다. 억울한 내 옥살이만큼이나. 내게 왜 이런 일이 생긴 것일까. 생각을 곱씹고 또 곱씹었다. 무려 12년 동안이나. - 호텔마마 1 - 그는 왜 나를 궁지로 몰았을까 中 형은 경찰에 시달리다가 귀가한 나를 맞아주었다. 현관 앞에 서있는 형을 본 체 만 체하고 나는 주방 앞에 섰다. 음식 냄새가 진동했으나 엄마는없었다. 식탁엔 엄마의 음식이 한 상 가득 차려져 있었다. “흉내를 좀 내봤는데 맛은 장담을 못하겠네. 한 집에 살면서 지난 육 개월 동안 너와 내가 밥 한 끼를 제대로 같이한 적이 없더라.” 경찰 심문은 사람의 진을 빼놓는 일이었다. 나는 몹시 허기져 있었다. 허겁지겁 먹어도 시원찮았겠지만 형이 만든 음식에 나는 젓가락도 대지 않았다. 몰래 수면제라도 탔을지 알 수 없었다. “이 집에 형이 더 머무를 이유가 없지. 내 집에서 그만 나가줘.” - 호텔마마 5 - 호텔마마 中 내 집 앞에만 오면 사람들은 고약한 냄새가 난다고 토하듯 비명을 질러댔다. 저들은 오만 인상을 쓰는 것은 물론이요, 손을 코앞에 대고 무례한부채질을 해 댔다. 저들에게 역한 냄새를 조금이라도 날려 보겠다는 심사였다. 그러나 내게는 아무런 냄새도 나지 않는다. 도대체 무슨 냄새가 난다고저리들 호들갑인지. 듣고 있는 나로서는 여간 억울한 일이 아니다. 게다가 무슨 탐정 놀이라도 하는 양 저들이 냄새의 정체를 밝혀내고야 말겠다며 현관에 바짝 코를 들이대고 킁킁거릴 때면 내 인내심도 바닥을 긴다. 이해심이라고는 눈곱만치도 없는 저들. 나는 현관문을 퍼뜩 열고 나가 그들의 뒤통수를 한 대 멋지게 갈겨 주고 싶다는 생각을 한다. - 호텔마마 10 - 현관 앞 방문객 中"
제2대항해시대,금영환 저,"태평양전쟁 때 일본이 만든 차원이동 게이트를 발견한 대한민국은 이 게이트를 통해 발견된 새로운 세계를 '신시'라고 명하고 이 곳을 개척함으로 인해 현세에서 새로운 도약을 이루려 치밀한 계획을 세운다. 하지만 이 계획의 일부가 미국에게 알려지면서 할 수 없이 미국의 도움을 받아 신세계를 개척하던 대한민국은 뜻하지 않은 복병을 만나 게 되는데, 그들은 바로 태평양전쟁 당시 패전을 눈 앞에 두고 이 게이트를 통해 신세계로 빠져나간 일본제국의 후손들이었다. 대한민국은 신세계를 차지하기 위해 신일본제국의 후손들과 치열한 전쟁을 치르게 되는데.."
정수영이 읽는 최정희의 흉가,최정희 저,"[100인의 배우, 우리 문학을 읽다] 오디오북 시리즈는, 최민식 문소리 정진영 강부자 등 우리 시대를 대표하는 배우 103명이 한국 근현대문학의 주요 중단편소설 100편을 낭독한 프로젝트입니다. ≪흉가≫는 1937년 ≪조광≫에 발표된 최정희의 단편소설이다. 신문사 여기자인 주인공이 가난한 가장으로서 겪는 공포와 압박감을 섬세하게 표현했다. 당시 ≪조선일보≫ 기자였던 작가는 사실상 자신의 등단작이라고 밝혔다."
윤성수가 읽는 로베르트 무질의 지빠귀,로베르트 무질 저,"지빠귀 (Die Amsel) 독립적인 세 가지 이야기로 이루어진 작품이다. 주인공인 화자는 친구에게 자신에 관한 세 가지 이야기를 풀어놓는다. 주인공은 직업과 아내, 반복되는 일상의 지루함에서 탈출해 지빠귀의 울음소리를 따라 떠난다. 전쟁에 참전하지만 전쟁의 공포 역시 만성적으로 변한다. 마침내 고향 집으로 돌아온 주인공은 창문 틈새로 날아든 지빠귀를 보며 유년 시절의 기억을 되살린다. 주인공은 지빠귀를 통해 다시 한번 삶의 소중한 느낌들을 상기한다."
다시 들려준 이야기,나다니엘 호손 저,"""이 오디오북은 한국출판문화산업진흥원(KPIPA)의 「2021년 오디오북 제작 지원」사업 선정작입니다."" ♣기획 의도 호손의 매력적 단편들, 처음으로 작가로서의 명성을 안겨주다! 『주홍 글자』나 「큰 바위 얼굴」의 작가로 국내에선 이미 잘 알려진 나다니엘 호손의 단편이 국내에 아직 소개되지 않은 것이 있다는 걸 아는 사람은 많지 않을 것이다. 『주홍 글자』 같은 그의 장편이 존재할 수 있었던 것은 호손을 작가로서 우뚝 세워준 초기 단편들이 있었기 때문이다. 그래서 이번에 책읽는귀족에서는 이 『다시 들려준 이야기』 단편 모음집을 기획하게 되었다. 이 책의 제목인 ‘Twice-Told Tales’는 윌리엄 셰익스피어의 희곡 <존 왕의 삶과 죽음(The Life and Death of King John)>의 3막 4장에 나오는 대사, “인생은 두 번 들려준 이야기처럼 나른한 이의 귀를 거슬리게 하는군(Life is as tedious as a twice-told tale. Vexing the dull ear of a drowsy man)”이라는 대사에서 따온 것이라고 한다. 이 책을 통해 호손은 문단에 알려지게 되었으며, 헨리 워즈워스 롱펠로나 에드가 앨런 포 등으로부터 높은 평가를 받았다. 또 뉴욕의 책 애호가 단체인 글로리어 클럽(Grolier club)은 이 책을 1837년에 가장 영향력이 있는 책으로 선정하기도 했다. ◎ 『다시 들려준 이야기』 본문 맛보기 “여기에는 일곱 분의 현명한 남자들과, 마찬가지로 현명하고 아름다운 아가씨 한 분이 있소이다. 여기 있는 분들은 다들 석류석을 찾겠다는 근사한 목표를 갖고 있을 테지요. 그렇다면 그 거대한 석류석을 운 좋게 얻게 되면 그걸로 무엇을 할 건지 각자 한번 말해 보는 게 어떻겠습니까? 먼저 곰가죽을 뒤집어쓰고 계신 선생부터 말씀해 보시지요. 선생이 크리스털 힐스에서 그 보석을 오랫동안 찾아 헤매고 다녔다는 사실은 하느님도 알고 계실 텐데, 마침내 그 보물을 찾게 된다면 그 얼마나 즐겁고 행복하겠소?” -「호손의 인생 수업 1교시 _ ‘행복’에 대하여 : 거대한 석류석」 중에서 혹시 내가 그녀를 창조해 낸 것은 아니었을까. 마치 아이들이 낯선 형체를 보고 새로운 것을 상상해 내는 것처럼 그녀 역시 나의 상상 속에서 빚어진 산물은 아니었을까. 그랬기에 그 아름다움이 내게 한순간의 감동을 남긴 채 그대로 사라져 버린 걸까. 아니면 그녀는 샘에 사는 물의 정령이거나, 혹은 내 어깨 뒤에서 슬며시 나를 엿보던 요정이나 숲의 여신이었는지도 모른다. 아니면 사랑하는 이에게 버림받은 슬픔으로 샘 속에 뛰어든 불쌍한 아가씨의 유령이었을지도 모를 일이다. -「호손의 인생 수업 3교시 _ ‘사랑’에 대하여 : 샘의 환영」 중에서 사람들과 섞여 사교적인 삶을 살 때의 가장 이로운 점은 다른 사람의 생각에 맞추어 자신의 생각을 스스로 조정하고, 자신의 행위를 이웃들의 행위와 조화시킴으로써 기행을 저지르게 되는 일이 거의 사라진다는 점이다. 피터 골드스웨이트는 그저 창밖을 바라보는 것만으로도 그런 식의 영향을 받게 되었다. 잠시 동안 그는 과연 숨겨진 보물 상자가 존재하기는 한 걸까 하는 의심을 품었으며, 만일 그렇다면 결국 보물이 없다는 사실을 확인하고자 집을 산산조각 내는 것이 과연 현명한 일인지에 대해 의구심을 갖게 되었다 -「호손의 인생 수업 6교시 _ ‘진실’에 대하여 : 피터 골드스웨이트의 보물」 중에서"
박건형이 읽는 레프 톨스토이의 무도회가 끝난 뒤,레프 톨스토이 저,"무도회가 끝난 뒤(После бала) 인간과 사물에 대한 주도면밀한 관찰력이 돋보이는 톨스토이의 후기 작품으로 사후에 발표됐다. 한 인물의 점잖은 겉모습과 숨겨진 폭력성을 충격적으로 대비함으로써 인간의 이중성, 선과 악의 문제를 제기한다. 주인공 이반은 대학생 시절 무도회에서 한 아름다운 여성을 만나 춤을 추고 사랑에 빠진다. 온화한 그녀의 군인 아버지도 만나고 달콤한 미래를 꿈꾸지만 그 꿈은 무도회가 끝난 뒤 산산조각 난다."
숙모들,카린 티드베크 저,"“유리감옥을 깨뜨려라!” SF 소설의 페미니즘 르네상스를 이끌어온 전 세계 여성 작가들의 주옥 같은 작품을 가려 모았다. 오늘날 SF 소설계에서 가장 인정받는 편집팀으로서 여러 상을 수상하기도 한 앤 밴더미어와 제프 밴더미어 부부가 선정하고 구성한 뛰어난 페미니즘 SF 선집이다. 1960년대 작품부터 동시대 작품까지 두루 포함하는 이 선집은 페미니즘 담론의 확장을 추구하는 동시에 상상력 넘치는 풍성한 생각거리로 독자들을 이끈다. 이 걸작선은 SF와 페미니즘의 연관관계를 보여 주는 대담한 사례들을 모았다. 조안나 러스의 고전 <그들이 돌아온다 해도>에서부터 에일린 건의 <중간관리자를 위한 안정화 전략> 같은 풍자적인 작품까지, 이 영역의 작업들이 가지는 강렬한 집중도를 드러낸다. 캐서린 M. 밸런트와 같은 주목받는 작가들과 함께 반다나 싱, 히로미 고토와 같은 전 세계 작가들의 작품을 포함한 이 선집은 페미니즘의 다양한 목소리들을 담아낸다. 이 선집은 동시대 소설과 페미니즘의 두 측면에서 새로운 전선들로 사고를 확장한다. 환상적인 작품에서 미래지향적 작품으로, 신비로운 작품에서 초현실적인 작품으로 옮겨가는 이야기들은 지금 우리가 접할 수 있는 어떤 책과도 다른 페미니즘을 향한 생각들과 감정들을 불러일으킨다. “SF 소설이 가진 남다른 정치적 힘을 보여주는 꼭 필요한, 잘 가려 뽑은 선집.” - <커커스 리뷰> “여기 수록된 이야기들은 우리가 원했던 바로 그 일을 해낸다. 진부한 설정들을 찢어발기고, 젠더와 그 함의에 의문을 던지고, 풍자와 유머와 사회적 징후와 규정들에 대한 날카로운 지적 분석을 동반한 의도적 무지를 이용하여 정체성을 들여다본다.” - 마베쉬 무라드, <토르닷컴> “지난 수십 년간 여성 SF 작가들이 이룬 가장 빛나는 성과들을 엮은 다채롭고 놀라운 선집이다.” - 앤드류 앤드류스, ‘truereviewonline.com’ “저자들은 모두 페미니스트이며 SF 소설 혁명의 자매들이다. 그러므로 그들의 역할은 가능한 세계와 존재의 방식들을 탐험하는 것이며, 그려진 시나리오들로부터 각자의 교훈을 끌어내는 것은 독자들의 몫이다.” - 에리카 스미스, <피스 뉴스> “페미니스트든 아니든 SF 소설 팬이라면 누구나 반드시 읽어야 할 필독서이며, 이런저런 여성학 관련 학습과정을 짤 때 활용할 수 있는 흥미로운 텍스트가 될 것이다.” - 다이앤 칸스, ‘worldliteraturetoday.org’ “이 매혹적인 선집은 뉴웨이브 SF와 페미니즘 사변소설계의 경향들이 어떻게 여성과 페미니즘에 관한 문화와 관점의 변화들을 반영하고 있는지 보여준다.” - 바네사 부시, <북리스트> “이 책에 실린 작품들은 모두 여성들이 세계와 맺고 있는 관계의 양상들을 탐구한다. 이 작품들은 사회적 역할과 성역할, 성별, 연애 관계, 일과의 관계에 주목한다.” - 일레인 갤러퍼, <인터존> “이 책은 우리 모두가 연루돼 있는 장르와 젠더, 문화와 맥락에 관한 논의에서 빠질 수 없는 강력하고도 귀중한 선집이다.” - 캐리 스페링, <스트레인지호라이즌닷컴> “밴더미어 부부가 페미니즘 면에서든 다른 어떤 면에서든 근래 들어 최고의 SF 선집이라 할 만한 걸 엮어냈다.” - 일리저베스 핸드, <로스앤젤레스 타임즈> “주제에 맞게 배열된 작품들은 각각의 작품을 가장 선명하게 조명해내는 도발적이고 극적인 배치를 통해 서로 흘러들고 또 서로 반발한다.” - 《퍼블리셔스 위클리》 “편집자들은 이 선집을 얻기 위해 넓게 멀리까지 작품들을 뒤졌다. 다양한 SF의 향연. 장르와 정치적 성향을 떠나 이 책은 훌륭한 선집이다.” - 키스 브룩, 《가디언》 “이 ‘고도로 잘 정돈된’ 페미니즘 SF 선집에는 분명하게 밴더미어 부부의 도장이 찍혀 있다. 이 선집은 호러와 판타지를 포함한 사변소설의 모든 장르를 아우를 뿐만 아니라 이런 주제의 선집에 대한 모두의 기대를 뛰어넘으며 상당한 분량의 초현실적이고 기괴한 작품들까지 선보인다.” - 귀네스 존스, 《뉴욕 SF 리뷰》"
치자꽃 향기의 여인,이수광 저,"강원도 원미군에서 일어나는 도끼 연쇄살인 사건. 그 진실은? 죽음조차 거부할 수 없는 신비로운 동화 속 사랑. 노르웨이 숲에 눈보라가 휘몰아치면 치자 꽃 향기의 슬픈 사랑이 시작된다. [내 몸에는 악마의 피가 흐르고 있습니다. 언젠가, 그것이 언제인지는 알 수 없으나 내 몸에 흐르는 악마의 피가 발작을 하면 나는 피를 찾아 숲을 헤맸죠. 그러나 그것은 10년의 이야기. 그 사건들은 사람들의 기억에서 잊혀져 갔고, 이제는 전설처럼 레테의 강 저편으로 사라져 가고 있습니다. 그러나 결코 잊혀지지 않고 잊어 버릴 수 없는 것들이 있습니다. 노르웨이 숲에서 웃음 짓던 노먼 러시…] 눈보라가 자욱하게 몰아치는 노르웨이의 전나무 숲과 몽환적인 분위기의 백야. 그리고 한국의 포플러 숲이 대비되는 배경은 섬뜩한 살인사건을 다루고 있으면서도 독자들을 안개가 자욱한 신비로운 동화 속 세계로 인도한다. <치자 꽃 향기의 여인> 강원도 원미군에서 여자를 상대로 한 도끼 살인이 연쇄적으로 일어난다. 피해자는 시간이 지날수록 늘어나지만 경찰에선 명확한 증거를 포착할 수 없어 수사에 난항을 겪는다. 어느 날, 은지는 자신의 이모가 도끼 살인마에게 살해당하는 꿈을 꾸게 되고, 그 꿈이 현실로 재현된 것을 알게 된다. 그 이후 계속 연쇄살인 대한 환영이 보이자 은지는 사건의 정황을 편지로 적어 수사팀장인 이강호 형사에게 전해준다. 병원에 입원해 있던 은지가 갑자기 사라진다. 이강호 형사는 은지를 찾기 위해 포플러 숲으로 나서고 그곳에서 은지를 구하고 정신질환자 고재극을 죽인다. 연쇄살인범을 잡았다고 안도한 경찰은 사건을 종료한다. 하지만 김은지는 또 다른 사건을 예견하는 꿈을 꾸게 되고 범인이 고재극이 아닐 것이라고 확신하게 되는데…"
아내를 위하여,토마스 하디 저,바다로 떠난 남편과 자식들을 기다리는 한 여인의 삶을 그린 소설
웨이크필드 (세계환상문학걸작선 제1권),너새니얼 호손 저,"제목 웨이크필드는 주인공의 이름이다. 그는 여행을 간다며 집을 나선 뒤 자기 집 근처에 숙소를 얻어 아내와 친구들 모르게 20년 넘게 산다. 아내는 오랜 과부 생활을 이어간다. 어느 날 저녁, 그는 하루 만에 돌아오는 사람처럼 집으로 돌아와 죽을 때까지 다정한 배우자가 되었다. 대체 그에게 무슨 일이 있었던 것일까? 아르헨티나 문호 보르헤스는 이 작품을 호손의 가장 훌륭한 단편, 서양문학사에서 가장 훌륭한 걸작 가운데 하나라고 극찬했다."
팝콘 전쟁,류연웅 저,"“교장은 시험성적이 우수한 학생들에게만 팝콘을 주었다. 그래서 우리는 팝콘기계를 샀다.” 점심 시간마다 교장은 팝콘을 튀긴다. 그리고 공부 잘 하는 학생들에게만 나눠준다. 차별에 분노한 학생들은, 돈을 걷어서 팝콘기계를 산다. 모두 함께 팝콘을 나눠먹는 파티를 벌일 계획이다. 하지만 도중에 생활부장에게 발각되고 말고, 학생들은 팝콘기계를 뺏기지 않기 위해 저항하는데… 성적지상주의 학교에서 펼쳐지는 팝콘처럼 고소하고, 톡톡 튀는 세기말 복수극."
목사의 검은 베일 (세계환상문학걸작선 제1권),너새니얼 호손 저,어느 날 갑자기 후퍼 목사가 검은 베일을 쓰고 나타나 평생 베일을 벗을 수 없다고 선언한다. 교구민들은 혼란에 빠진다. 그러나 그날의 설교는 이전 그 어떤 설교보다 깊은 감동을 불러일으킨다. 후퍼 목사는 무엇을 숨기려 한 것일까? 그의 설교에 신도들이 몸과 마음을 떠는 이유는 무엇일까? 호손의 알레고리 사용이 가장 두드러진 작품이다. 베일은 무엇을 상징하는 것일까?
[단편] 날씨와 생활,은희경 저,"1995년 등단한 이래, 서정적 감수성과 냉철한 관찰력을 결합한 유머러스한 필치로 현대인의 삶의 조건을 예리하게 묘파하는 화제작을 선보였던 은희경의 5년 만의 신작 소설집이 출간되었다. 단편의 특성을 최대한 살려 형식과 내용의 다양성을 시도하며 공들여 쓴 중단편 6편이 실려 있다. 매편마다 개성과 색깔이 제각각 뚜렷하지만, 비루하고 초라한 삶들을 조용하게 연민하며 공감의 시선을 보내는 점과, 특유의 경쾌한 문체는 한결같이 빛을 발한다. ‘아버지’라는 존재를 포함한 가족관계 속에서 삶과 정체를 탐구했던 이전의 작품들과 달리, 현대의 고독하고도 분열적인 인물을 다루고, 그 소소한 일상의 국면에서 희극적이거나 비극적인 상황에 주목하는 은희경 특유의 섬세한 시선과 서사가 빛을 발하는 소설집이다. 2006년 황순원문학상 최종후보작이던 표제작 「아름다움이 나를 멸시한다」에서는 서른다섯번째 생일날, 가족을 버린 아버지가 위독하다는 전화를 받고 다이어트를 결심하는 남자가 주인공으로 등장한다. 이 작품에서는 전작이었던 장편 『비밀과 거짓말』이나 소설집 『상속』의 표제작에서 은희경이 바라보던 ‘가족’과 ‘아버지’의 모습과 사뭇 다르다. 어릴 적 아버지와 만나던 이태리 식당에 걸려 있던 보띠첼리의 「비너스의 탄생」을 잊을 수 없었지만, 어렸을 때부터 아버지에게는 뚱뚱한 모습만을 보였고, 이제 돌아가실 날이 멀지 않은 아버지에게 달라진 모습을 보여주고 싶은 것이다. 매일 먹는 밥을 거부하는 다이어트란 결국 인간의 문명화와도 밀접한 연관이 있다고 주장하는 주인공은, 끝내 아버지가 돌아가신 후에야 달라진 모습으로 빈소를 찾고, 아버지는 「비너스의 탄생」을 유품으로 남긴다. “모든 아름다운 것들”이 자신을 거부하는 현실에서 가족과 아버지에 대한 부정이 음식에 대한 거부와 연결된다."
조한철이 읽는 슈테판 츠바이크의 책벌레 멘델,슈테판 츠바이크 저,"책벌레 멘델 (Buchmendel) 야코프 멘델은 책에 관한 한 백과사전 저리 가라 할 정도의 방대한 지식과 정보를 가진 책장수다. 그러나 1915년 전쟁이 발발하며 모든 것을 뒤바꿔 놓는다. 멘델이 겪는 비극은 예술과 문화의 상징이었던 유럽의 중심지, 오스트리아 빈의 몰락과도 맞물린다."
장용철이 읽는 브루노 슐츠의 모래시계 요양원,브루노 슐츠 저,"모래시계 요양원(Sanatorium pod Klepsydrą) 다른 슐츠 작품과 마찬가지로 차근차근 이야기가 이어지는 것이라 아니라 생각과 풍경이 마구 뒤섞인 사실적이면서도 비현실적이고, 희극적이면서도 그로테스크한 작품이다. 소설 화자가 실제로는 죽음의 세계로 떠나버린 아버지를 방문하는 과정을 그린다. 요양원 그곳에선 시간이 제멋대로 흘러가고 검은 개들이 출몰한다. 마을에서 도망쳐 나오지만 탈출구는 없다."
박지일이 읽는 헨리 제임스의 진짜,헨리 제임스 저,"진짜(The Real Thing) 영어 원제는 ‘The Real Thing’이다. 현실과 환상, 실재와 재현, 진짜와 가짜의 대립 등 만년의 작가를 사로잡은 주제가 주된 모티프이다. 한 화가와 귀족 부부 모델의 이야기를 통해 진짜와 가짜가 뒤섞이는 시대의 분열과 곤궁을 그린다. 귀족 부부에 대한 소설 화자인 화가의 혐오와 연민은 시대착오성에 대한 혐오인 동시에 사라지고 있는 ‘진짜’에 대한 연민이다."
이브의 일기,마크 트웨인 저,"아담을 만난 이브는 아담을 어떻게 생각 했을까? 이브의 이야기를 마크 트웨인 특유의 문체와 기법으로 풀어나간 흥미 있는 작품이다. 월요일: 오늘 아침 나는 그에게 내 이름을 말했다. 그가 관심을 가지리라 기대하면서 그러나 그는 별로 좋아하지 않았다. 이상하다. 그가 자기 이름을 말해 준다면, 난 즐거워할 텐데. 다른 어떤 소리보다 내 귀를 즐겁게 하는 것일 텐데…"
샴록 존스의 모험,오 헨리 저,"미국의 단편작가 오 헨리가 마치 홈즈와 왓슨을 모델로 쓴 듯한 단편, 오 헨리의 추리소설 시도로 본다면 흥미 있을 것 같은 작품이다."
빈처,현진건 저,"1921년 1월 ""개벽""에 발표된 단편소설로, 무명작가 부부의 사소한 일상 생활 모습을 통하여 아내의 헌신적인 내조와 그가 생각하는 내적 욕구를 담담하게 묘사한 작품"
나혜석의 경희,나혜석 저,"경희는 혼기가 꽉 찬 열아홉 소녀이다. 일본에서 공부를 하다 1년에 한 번 씩 집으로 돌아오는데, 그 때마다 집 안에 활기가 돈다. 모두가 부럽고 기특한 마음으로 경희를 바라보는 와중에 아버지 이철원은 혼담 하나를 들고 나오는데……. 나혜석의 경희를 현대적 해석에 맞춰 재구성한 작품이다. 당시 신여성, 여학생에 대한 편견을 알 수 있고, 그들의 고민을 느껴볼 수 있다."
찰스 오거스터스 밀버턴 - 세계 미스터리 고전문학,아서 코난 도일 저,"세계 유명 작가들의 미스터리 고전을 엄선하여 소개하는 시리즈의 서른세 번째 작품! 런던 최고의 악당 찰스 오거스터스 밀버턴 그의 음모를 막기 위해 홈즈와 왓슨은 범죄의 길로 들어선다 은밀하게 잠입에 성공한 그들의 눈앞에 펼쳐진 광경은? 《출판사서평》 추리의 세계는 언제나 흥미진진하다. 공상의 세계 역시 흥미진진하기는 하지만 그것은 현실과 상관없이 펼쳐지기도 한다. 고립된 독방에서도 너른 세상의 수많은 사람들과 다채로운 일들을 떠올리게 해주는 것이 공상이다. 물론 이것도 개인의 경험을 바탕으로 펼쳐지기는 하지만 거기에 논리성 같은 것은 필요 없어서 이 사건이 저 사건과 하나가 되기도 하고 한 사건이 전혀 연관성 없는 다른 세계로 펼쳐지기도 한다. 하지만 추리는 언제나 현실에 기반을 두고 있다. 하나의 사건 속에서 벌어진 일들은 서로가 밀접한 관계를 맺고 있으나 주의해서 잘 관찰하지 않으면 아무런 관계가 없이 벌어진 일처럼 보이기도 한다. 그렇기 때문에 추리에서는 세심한 관찰과 풍부한 지식이 무엇보다 중요한데, 관찰에서 놓치는 부분이 있으면 결론에 이르기까지의 연결고리가 끊어져 결론에 이르지 못하거나 억측을 낳아 전혀 엉뚱한 곳에 다다르게 되고, 풍부한 지식이 없으면 관찰을 통해 밝혀낸 사실들의 참된 의미를 알지 못해 결정적인 사항을 놓치거나 역시 엉뚱한 결론에 다다르게 되기 때문이다. 따라서 추리에는 관찰과 지식, 그리고 논리성이 절대적이다. 이번 시리즈에서는 세계적 명성을 얻은 작가들의 추리소설을 소개하겠다. 그들이 펼쳐 보이는 화려한 추리의 세계를 통해 재미와 함께, 정확한 추리를 위해서는 무엇을 관찰해야 하는지 또 관찰을 통해 얻은 사실은 무엇을 의미하는지 그러한 사실들을 어떻게 논리적으로 연결 지어야 하는지, 그 과정을 배워보기 바란다."
허기,반다나 싱 저,"“이제 알았어, 난 행성이야. 여자, 아내, 어머니 그런 거 말고.” 어슐러 K. 르 귄이 극찬한 인도 출신의 페미니즘 SF 작가, 더 이상 아내이기를, 어머니이기를, 여자이기를 거부한 바로 당신의 이야기! 아내가 선언했다. “마침내 내가 무엇인지 알았어. 나는 행성이야. 나는 인간이었고, 여자였고, 아내이자 어머니였지. 나는 내게 그런 거 말고 뭔가 다른 건 없을까 늘 궁금했어. 이제 알았어. 난 행성이야.” 어리석은 남편은 대답한다. “당신은 행성이 아니야, 미친 거지.” 어느 아침 잠에서 깬 여자들은 발견한다. 낯선 침대 위 낯선 짐승이 옆에 누워 있는 것을. 그리고 그 짐승이 한때 사랑했던, 혹은 거의 사랑한다고 생각할 뻔했던 남편이라는 것을. 그리고 그녀들은 여행을 준비한다. 신화와 설화가 잉태한 꿈이 있고, 수학과 물리가 힘겹게 밝혀가고 있는 비밀스러운 우주의 신비가 있는 미지의 세계로. 어리석은 남편들은 아내의 마지막 경고를 새겨 들었어야 했다. “아직, 나는 당신을 떠나고 싶지 않아, 아직은.” 어느 날 자신이 사랑하는 소설 외에는 아무것도 만날 수 없을 때(혹은 만나고 싶지 않을 때), 그때 ‘우주 저 너머로’ 가는 이야기를 집어 들고 마는 외로운 SF 독자의 친구들이 가득한 책, ‘가장 덜 SF다운 SF’의 경계에서 부드럽게 당신을 위로해 줄 어느 여름밤 꿈 같은 이야기들. 어서 오세요. 반다나 싱의 따뜻한 우주입니다. “가장 유망하고 독창적인 젊은 작가” - 어슐러 K. 르 귄 “끝이 보이지 않는다. 계속 새로운 시작이다.” - <워싱턴 포스트>"
슈뢰딩거의 아이들,최의택 저,"2050년대 근미래 대한민국, 세계 최초의 완전몰입형 가상현실 중고등학교 ‘학당’이 문을 열고 이제 학생들은 모두 자신만의 ‘아바타’의 모습으로 실제 학교와 똑같은 모습의 ‘학당’에 등교한다. 그런데 학생들 사이에 정체를 알 수 없는 유령 같은 모습이 종종 목격되고, 그 유령의 정체는 ‘학당’의 두 번째 입학식 날 놀라운 사건과 함께 밝혀지게 되지만, 작가가 ‘청소년 범죄소설’이라고도 부른 ‘우리들’의 이야기는 그때부터 본격적으로 시작되는데…. 《슈뢰딩거의 아이들》은 제1회 문윤성 SF 문학상 심사를 맡았던 김초엽 작가, 민규동 영화감독, 이다혜 기자로부터 “다양한 정체성을 지니면서도 정체성만으로 환원되지 않는 입체적인 인물 조형이 매우 인상적이며, 기술을 통한 격리와 배제에 대한 문제의식을 설득력 있게 전달했다”는 평을 받으며 심사위원 만장일치로 대상을 수상했다."
병속의 작은 도깨비,로버트 L. 스티븐슨 저,"병속에 들어있는 작은 도깨비가 병을 가진 사람의 소원을 들어주지만…. 보물섬의 작가 스티븐슨은 요양을 위해 사모아의 외딴 섬에서 살다가 생을 마쳤다. 그 곳에서도 계속 작품활동을 지속했는데 사모아 섬의 분위기와 원주인, 병약한 자신의 심정이 잘 묻어나는 독특한 작품이다."
서혜정이 읽어주는 나관중의 삼국지 (상),나관중 저,"동양인의 원초적 사고와 처세의 기본이 담겨있는 삼국지. 후한 말기 조정이외척과 간신들에 의해 좌우되어 민심이 흉흉한 가운데 나라를 구하려는 지사와 호걸들이 방방곡곡에서 떨쳐 일어났다. 그중 천하를 평정하려는 세 호걸이 있었으니 바로 유비, 관우, 장비였다. 이들은 난세의간웅 조조와 강남의 손책과 더불어 천하를 쟁팽하려는 뜻을 품고 간신배의 우두머리 동탁을 타도하기에 이른다. 유비는 조조와 손책, 원술 등의 강대한 세력들의 틈바구니에서 한편으로는 의병을 규합하고 다른 한편으로는 뛰어난 자략가인 제갈량을 끌어들이려고 노력하는데... [전3권]"
비둘기 공주의 비밀,김이환 저,마법에 걸린 공주는 비둘기가 돼서 환생한 자신의 연인을 찾아 도시를 날고 있다. 잃어버린 사랑을 찾아 하늘을 날고 있다는 상상을 해본 적이 있는가? 햇살 가득한 도시의 한켠에서 꽃을 가꾸고 있는 착하게 생긴 남자가 연인이라면… 이 동화속의 상상력이 드라마로 재탄생했다. 국내 최대 문학 사이트인 조아라닷컴 오디오 드라마 공모전 수상작이다. 4B 연필로 예쁘게 그려낸 사랑이야기. 마법과 전생 그리고 밝혀지는 비밀은 원근감을 주고 명암을 나타내고 있다.
악어 (세계환상문학걸작선 제1권),표도르 미하일로비치 도스토옙스키 저,"풍자와 우화, 그리고 판타지가 적당히 섞인 퓨전 소설이다. 전시된 악어를 보러 간 한 사내가 악어에게 잡아먹힌다. 그의 부인과 상인은 악어의 처리를 두고 신경전을 벌인다. 그때 악어의 뱃속에서 사내의 목소리가 들려온다. 그는 살아 돌아 올 수 있을까? 말이 되는 것 같기도 하고 전혀 말이 안 되는 것 같기도 한 이야기가 재치 있게 연결되면서 결국은 당시 러시아 관료주의의 허랑방탕함을 비판하고 인간의 비속한 심성을 적나라하게 드러낸다."
어디에도 속하지 않은 폴의 하루 <라스트 북스토어>,임재희 저,"“모든 문은 잠기고 모든 이는 잠들었으리 깊고 검은 웅덩이는 뒤뜰에 있고 치어들은 어항에서 자라네 깨어 있는 사람은 오직 나 혼자이리” 2013년 첫 장편소설 『당신의 파라다이스 』로 제9회 세계문학상 우수상을 받은 작가 임재희의 소설집. 한국인 이주민들의 신산한 삶을 묘파한 임재희의 세 번째 작품이자 첫 번째 소설집이다. 그동안 임재희는 구한말 조선인들의 하와이 이민을 소재로 한 장편소설 『당신의 파라다이스 』에서 사탕수수 집단농장에서 펼쳐지는 네 남녀의 엇갈린 운명을 그려내 “한국 이민소설 장르의 새 장을 여는 이정표”라는 평가를 받았으며, 두 번째 장편 『비늘 』에서는 소설을 쓰는 삶과 그 시간에 대한 고뇌와 그리움을 통해 글쓰기의 본질을 찾아가는 여정을 보여주었다. 강원 철원에서 군인의 딸로 태어나 21세 때인 1985년에 하와이로 이민을 떠난 그녀는 스스로 “미국인과 한국인의 중간에 선 ‘경계인’”이라고 밝힌 바 있는데 “영어로 의사소통은 하지만 거기에선 아무런 ‘냄새’도 나지 않”으며, “한국어는 정서적으로 교감할 수 있는 유일한 언어”라고 술회하기도 했다. 『어디에도 속하지 않은 폴의 하루 』에서 작가는 전작과 마찬가지로 이민자인 서술자를 내세워 이국적이고 낯선 삶의 풍경을 섬세하게 그려내면서도, ‘미국으로 간 이민자’, ‘한국으로 돌아온 귀환자’, 그리고 ‘한국에서 사는 한국인’이라는 세 부류의 인간형을 통해 ‘경계인’ 또는 ‘주변인’의 개념을, 어느 곳에도 완전히 속하지 못하는 운명에 처한 사람들까지로 확대하고 있다. 그런데 작가는 이 경계인 또는 주변인에 대하여, 단순히 세상으로부터 소외되거나 배제된 자들에 국한하지 않는다. 어느 한곳에 정주하지 못한 채 끊임없이 떠도는 그들을 통해 구획된 장소 너머의 공간에 대해 사유하는 힘을 지닌 존재로 그려냄으로써, “한국도 미국도 아닌 현재 서 있는 곳”이 결국 내가 존재하고 있는 곳이라는 실존적 자각으로 이끌고 있는 것이다."
[단편] 칠면조와 달리는 육체노동자,천명관 저,"천명관은 그 이름 자체로서 힘이 넘치고 독자를 유쾌하게 만드는 작가이다. ‘희대의 이야기꾼’으로서 등단 이후 꾸준히 ‘폭발하는 이야기의 힘’을 선보여온 작가 천명관이 7년 만에 두번째 소설집 『칠면조와 달리는 육체노동자』를 선보인다. 풀리지 않는 인생, 고단한 밑바닥의 삶이 천명관 특유의 재치와 필치로 살아나는 여덟편의 이야기를 읽다보면 여전히 웃음이 나면서도 어느 순간 가슴 한구석이 턱, 막히는 먹먹한 감동을 얻게 되고 그 여운은 진하게 오래 남는다. 그사이 천명관의 유머에는 따뜻한 서정과 서글픈 인생에 대한 뜨거운 위로가 더해졌고, 통쾌한 문학적 ‘한방’은 더욱 강렬해졌다. 「칠면조와 달리는 육체노동자」 한때 잘나가던 트럭운전사였지만 지금은 노가다 일을 하는 중년의 이혼남 ‘경구’는 냉동창고에서 일을 하다 우연히 거대한 냉동 칠면조고기를 받게 된다. 버리고 싶어도 버릴 수 없고 ‘지독하게도 따라오는’ 칠면조를 들고 다니던 경구는 길에서 만난 빚쟁이를 칠면조로 흠씬 두들겨 패주면서 묘한 카타르시스를 느끼는데……"
다락방이 있는 집,안톤 체호프 저,과거의 기억을 떠올리는 어느 화가의 사랑에 대한 기억을 얘기하는 동시에 당시 사회상을 담고 있습니다. 
김만중의 구운몽,김만중 저,"육관대사의 제자 성진은 속세에서 부귀영화를 누릴 수 없는 신세를 한탄하다가, 저승으로 떨어지게 된다. 이후 인간세계에 다시 태어나 ‘양소유’로서 살아가게 되는데……. 한 편의 영화 같은 성진의 삶을 함께 들여다보자."
사씨남정기 2,김만중 저,"“조선 사회의 모순과 실상, 권선징악” 조선 후기 숙종 15년에서 18년사이 쓰여진 고전소설로, 중국을 배경으로 일부다처제의 가정에서 벌어지는 내용을 소설화한 것으로, 숙종이 인현왕후를 폐출하고 장희빈을 중전으로 책봉한 사건에 대하여 숙종이 미혹됨을 깨닫고 모든 것을 원상으로 회복시키기 위한 목적을 담고 있다. 사씨남정기는 정실부인 사씨를 고매한 부덕한 소유자로, 첩 교씨를 간교한 여인으로 설정하였다. 이러한 대립적 인물 설정은 여주인공 사씨의 인격을 강조하기 위한 것으로, 인현 왕후를 옹호하다 귀양을 가게 된 김만중이 인현왕후 폐위의 부당성을 풍자한 것으로 볼 수 있으며, 아울러, 권선징악의 교훈적 의미를 나타내고 있다."
유리로 만든 개,프랭크 바움 저,오즈 시리즈의 작가 프랭크 바움이 쓴 마법 단편!  -마법사가 유리 개 위에서 마법 주문을 외우자 놀랍게도 유리 개는 곧바로 꼬리를 흔들고 알았다는 듯이 왼쪽 눈을 찡긋거리면서 마침내 무시무시하게 짖어댔다.
한 송이 포도 - 일본 중단편 고전문학,아리시마 다케오 저,엄선한 일본 근현대 중단편 문학의 정수! 그림을 좋아하는 나는 친구의 고급 물감에 마음이 끌린다. 그리고 자신도 모르게 친구의 물감에 손을 대고 만다. 아리시마 다케오의 대표작으로 순수한 소년의 마음을 그린 동화.
블랙 피터의 죽음,아서 코난 도일 저,"바다표범 사냥꾼의 의문의 죽음! 오두막에 남겨진 범인의 흔적을 둘러싼 미스터리, 진짜 범인은 누구인가! 추리 걸작선 셜록 홈즈 시리즈 [블랙 피터의 죽음]입니다."
차 한 잔,캐서린 맨스필드 저,"한 여자의 미묘한 질투의 감정을 재치있게 표현하고 있습니다. 길에서 떨고 있던 아가씨를 집으로 데려온 로즈메리, 돌봐 주고 편안하게 해줄 생각이었죠."
박지원의 광문자전,박지원 저,"구걸을 하며 먹고 사는 걸인 광문은 다른 걸인을 죽였다는 오해를 받고, 걸인 소굴에서 쫓겨나게 된다. 쫓겨난 광문은 우연히 약방에서 일하게 되고, 어느 날 약방 주인으로부터 도둑질을 했다는 오해를 받게 되는데……. 박지원의 <광문자전>을 재구성한 작품이다. 심성이 착하기로 유명한 광문의 우여곡절 많은 인생 이야기를 들여다보자."
몇 번인가의 최후 - 일본 중단편 고전문학,구사카 요코 저,엄선한 일본 근현대 중단편 문학의 정수! ― 네 번째 이야기 여자 다자이 오사무라 불리는 구사카 요코 18세의 나이로 아쿠타가와상 후보에 오른 작가 구사카 요코의 유작인 몇 번인가의 최후
기주봉이 읽는 표도르 도스토옙스키의 우스운 사람의 꿈,표도르 도스토옙스키 저,"우스운 사람의 꿈 (Сон смешного человека) 단편이지만 도스토옙스키의 성숙한 사상의 엑기스가 다 들어간 작품이다. 이 단편에는 그의 장편소설의 주요 모티프가 된 대립쌍, 즉 진리 대 학문, 무의식 대 의식, 심장 대 머리, 감정 대 이성, 신에 대한 절대적 믿음 대 허무주의의 대결이 모두 함축되어 있다."
[단편] 우이동의 봄,천명관 저,"천명관은 그 이름 자체로서 힘이 넘치고 독자를 유쾌하게 만드는 작가이다. ‘희대의 이야기꾼’으로서 등단 이후 꾸준히 ‘폭발하는 이야기의 힘’을 선보여온 작가 천명관이 7년 만에 두번째 소설집 『칠면조와 달리는 육체노동자』를 선보인다. 풀리지 않는 인생, 고단한 밑바닥의 삶이 천명관 특유의 재치와 필치로 살아나는 여덟편의 이야기를 읽다보면 여전히 웃음이 나면서도 어느 순간 가슴 한구석이 턱, 막히는 먹먹한 감동을 얻게 되고 그 여운은 진하게 오래 남는다. 그사이 천명관의 유머에는 따뜻한 서정과 서글픈 인생에 대한 뜨거운 위로가 더해졌고, 통쾌한 문학적 ‘한방’은 더욱 강렬해졌다. 「우이동의 봄」 청량리 근처의 한 옹색한 셋방에서 할아버지, 할머니와 함께 사는 나는 고등학교를 졸업하고 막노동 일을 하다 골프숍에 취직한다. 봄이 오고 꽃구경을 하고 싶다는 할아버지의 말에 우이동으로 벚꽃놀이를 가게 되는데, 꽃들이 지천으로 날리는 아름다운 풍경을 앞에 두고 할아버지와 나는 그동안 서로에게 했던 거짓말을 하나씩 고백하고 만다."
[단편] 고독의 발견,은희경 저,"1995년 등단한 이래, 서정적 감수성과 냉철한 관찰력을 결합한 유머러스한 필치로 현대인의 삶의 조건을 예리하게 묘파하는 화제작을 선보였던 은희경의 5년 만의 신작 소설집이 출간되었다. 단편의 특성을 최대한 살려 형식과 내용의 다양성을 시도하며 공들여 쓴 중단편 6편이 실려 있다. 매편마다 개성과 색깔이 제각각 뚜렷하지만, 비루하고 초라한 삶들을 조용하게 연민하며 공감의 시선을 보내는 점과, 특유의 경쾌한 문체는 한결같이 빛을 발한다. ‘아버지’라는 존재를 포함한 가족관계 속에서 삶과 정체를 탐구했던 이전의 작품들과 달리, 현대의 고독하고도 분열적인 인물을 다루고, 그 소소한 일상의 국면에서 희극적이거나 비극적인 상황에 주목하는 은희경 특유의 섬세한 시선과 서사가 빛을 발하는 소설집이다. 2006년 황순원문학상 최종후보작이던 표제작 「아름다움이 나를 멸시한다」에서는 서른다섯번째 생일날, 가족을 버린 아버지가 위독하다는 전화를 받고 다이어트를 결심하는 남자가 주인공으로 등장한다. 이 작품에서는 전작이었던 장편 『비밀과 거짓말』이나 소설집 『상속』의 표제작에서 은희경이 바라보던 ‘가족’과 ‘아버지’의 모습과 사뭇 다르다. 어릴 적 아버지와 만나던 이태리 식당에 걸려 있던 보띠첼리의 「비너스의 탄생」을 잊을 수 없었지만, 어렸을 때부터 아버지에게는 뚱뚱한 모습만을 보였고, 이제 돌아가실 날이 멀지 않은 아버지에게 달라진 모습을 보여주고 싶은 것이다. 매일 먹는 밥을 거부하는 다이어트란 결국 인간의 문명화와도 밀접한 연관이 있다고 주장하는 주인공은, 끝내 아버지가 돌아가신 후에야 달라진 모습으로 빈소를 찾고, 아버지는 「비너스의 탄생」을 유품으로 남긴다. “모든 아름다운 것들”이 자신을 거부하는 현실에서 가족과 아버지에 대한 부정이 음식에 대한 거부와 연결된다."
필경사 바틀비 (세계환상문학걸작선 제1권),허먼 멜빌 저,"화자는 월스트리트의 변호사다. 그가 필경사로 고용한 바틀비는 “하고 싶지 않습니다”라는 말로 필경 이외의 모든 업무를 단호하게 거절한다. 가장 일상적이고 보편적인 아이러니 중 하나인 허무와 현대인의 실존적 고독을 보여주는, 슬프고도 강력한 흡입력을 지닌 걸작이다. 라디오 방송, 영화, 오페라, 연극 등으로 수차례 제작되었고 지금도 제작되고 있다."
당신 옆을 스쳐간 그 소녀의 이름은,최진영 저,"제15회 한겨레문학상 수상! 박범신, 공지영, 황현산 등 한국 대표 문장가들의 극찬을 받은 소설 제15회 한겨레문학상 공모에서 신인답지 않은 문장과 이야기의 구성력으로 200여 편의 경쟁작을 물리치고 당선된 이 작품은 스스로 동심(童心)을 거부한 소녀의 눈을 통해 서늘한 현대 사회의 풍경을 서정적이면서도 정교하게 묘사한다. '이년', '저년' 혹은 '언나'라고 불리는, '이름조차 행방불명된' 소녀가 있다. 거듭되는 아빠의 폭력과 엄마의 가출에 시달리다가 자신의 부모는 진짜 부모가 아니라고 확신하고 진짜엄마를 찾기 위해 집을 나온다. 그는 황금다방 장미언니, 태백식당 할머니, 교회 청년, 폐가의 남자, 각설이패 등을 만나면서 이전에 느껴보지 못한 행복을 느끼기도 하지만, 가장 행복한 순간마다 버려지거나 도망치게 된다. 서울에서 자기와 비슷한 상처를 가진 친구를 만난다. 외롭고 힘든 순간마다 이전에 만났던 사람들을 떠올리며 그들을 그리워하던 소녀는 그 친구의 죽음을 계기로 마침내 어떤 결심을 하게 된다. ""엄마의 구멍을 찢고 바깥으로 나왔던 그 순간, 이미 끝을 경험했다."" 이름조차 행방불명된 한 소녀의 성장은 자연스러워야 할 성장을 인위적인 것으로 돌려 세우는 삭막한 현대 사회 속에서 이루어진다. 작가는 한 소녀의 '특별한' 성장담을 통해 우리 사회의 밑바닥 인생들을 보듬는다. 그의 옆을 스쳐 지나가는 '못나고 실패해서 가짜 취급 받는 생애'들 속에서 '누군가가 웃으려면 누군가는 반드시 울어야 한다'는 깨달음을 얻는 소녀의 모습은 우리 사회의 잔혹한 모습을 고스란히 보여준다. 애써 묻어두었거나 외면해버린 상처들과 대면하게 하는 이 작품은 이 험악한 사회를 살아가는 이들에게 잔잔한 감동과 위로가 될 것이다."
[증명된 사실] 2억 년 전에 무리 짓다,이산화 저,"이산화가 이산화임을 스스로 증명하는 압도적 경이로움의 연속! 지금 한국에서 가장 촉망받는 SF 작가 이산화 첫 번째 소설집 과학적 엄밀함으로 철저히 중무장하고 있으면서도, 기독교적 전설은 물론 세계의 신화들을 자유자재로 끌어와 이야기로 엮어내는 우리의 일상에 압도적 경이로움을 주는 소설집! 학위 취득 후 마땅한 일자리를 찾지 못한 물리학 박사 이남민. 주인공 이남민은 구인 사이트를 전전하다 최종 면접까지 합격한 유일한 연구소로 간다. 그런데 문제의 연구소는 깊은 산속에서 ‘영혼과 사후세계’를 연구한다는 곳. 도대체 영혼과 사후세계에 대한 연구에 물리학자가 왜 필요한 걸까? 하지만 연구소는 뜻밖에 을씨년스럽거나 괴상하지도, 귀신의 집 같지도 않은 제대로 된 과학 연구소의 분위기를 풍기는데, 연구소에서 과학자에게 요구하는 일은 사후의 세계를 물리적으로 ‘증명’하라는 것. 보태서 연구소는 신기가 있는, 영혼을 볼 수 있는 소녀를 이남민 박사에게 동료로 붙여주며 영혼에 대한 증명은 끝났으니, 이제 ‘사후 세계의 존재’를 증명하라고 한다. 그리고 각종 측정 장비를 동원해, 영혼이 나타나는 곳들을 찾아 다니며 고군분투하던 이남민 박사는 마침내 결국 누구나 알고 있지만 아무도 생각하지 못했던 방식으로 사후의 세계를 증명해내고 마는데…. 꼼꼼한 논리와 치밀한 구성 끝에, 단 한 문장으로 정리된 결론을 통해 독자들을 경이로움과 충격으로 몰고 가는, 제5회 SF어워드 중단편 부문 우수상 수상작 <증명된 사실>을 비롯해 소설집은 지금 왜 작가 이산화가 한국에서 가장 촉망받는 SF 작가인지를 스스로 증명한다."
[단편] 정읍에서 울다,손홍규 저,"인간 존재에 대한 치열한 탐구와 유쾌하면서도 탄탄한 서사로 자신만의 독특한 영역을 개척해온 작가 손홍규의 새 소설집 『그 남자의 가출』이 출간되었다. 2001년 『작가세계』 등단 이후 소설가로 살아온 지 십오년, 장편 『귀신의 시대』(2006) 『이슬람 정육점』(2010) 『청년의사 장기려』(2008) 『서울』(2014)과 소설집 『사람의 신화』(2005) 『봉섭이 가라사대』(2008) 『톰은 톰과 잤다』(2012)를 펴내며 성실하게 ‘쓰기’ 에 전념해온 작가의 네번째 소설집이다. 이번 소설집에 수록된 아홉편의 작품들은 ‘사람’이라는 공동의 목적지를 향해간다는 점에서 여럿인 채로 하나이다. 이번 손홍규의 소설집만큼 ‘사람’에 천착하는 소설은 흔치 않아 보인다. 작가는 ‘사람’에 배수진을 치고 깊은 응시와 모색을 통해 주제가 주는 진부함과 일상성을 넘어선다. 아울러 사람다운 삶의 기율에 대해 묻고 그것을 방해하는 현실의 부정함을 드러낸다. 결국 작가는 날로 가팔라지고 있는 세계의 경사진 현실을 형형한 눈으로 바라보며 ‘사람’에 대한 애정으로 소설과 소설을 둘러싼 현실에 따듯한 온기를 돌게 한다."
꾀꼬리의 탄식 - 세계 미스터리 고전문학,고가 사부로 저,"세계 유명 작가들의 미스터리 고전을 엄선하여 소개하는 시리즈의 여덟 번째 작품! 친구의 자살을 막지 못했다는 죄책감에 시달리는 노무라. 그 죄책감 속에서 밝혀내기 시작하는 귀족 친구의 비밀. 자살 전 친구가 벌인 광기 어린 행동의 의미는? 《출판사서평》 추리의 세계는 언제나 흥미진진하다. 공상의 세계 역시 흥미진진하기는 하지만 그것은 현실과 상관없이 펼쳐지기도 한다. 고립된 독방에서도 너른 세상의 수많은 사람들과 다채로운 일들을 떠올리게 해주는 것이 공상이다. 물론 이것도 개인의 경험을 바탕으로 펼쳐지기는 하지만 거기에 논리성 같은 것은 필요 없어서 이 사건이 저 사건과 하나가 되기도 하고 한 사건이 전혀 연관성 없는 다른 세계로 펼쳐지기도 한다. 하지만 추리는 언제나 현실에 기반을 두고 있다. 하나의 사건 속에서 벌어진 일들은 서로가 밀접한 관계를 맺고 있으나 주의해서 잘 관찰하지 않으면 아무런 관계가 없이 벌어진 일처럼 보이기도 한다. 그렇기 때문에 추리에서는 세심한 관찰과 풍부한 지식이 무엇보다 중요한데, 관찰에서 놓치는 부분이 있으면 결론에 이르기까지의 연결고리가 끊어져 결론에 이르지 못하거나 억측을 낳아 전혀 엉뚱한 곳에 다다르게 되고, 풍부한 지식이 없으면 관찰을 통해 밝혀낸 사실들의 참된 의미를 알지 못해 결정적인 사항을 놓치거나 역시 엉뚱한 결론에 다다르게 되기 때문이다. 따라서 추리에는 관찰과 지식, 그리고 논리성이 절대적이다. 이번 시리즈에서는 세계적 명성을 얻은 작가들의 추리소설을 소개하겠다. 그들이 펼쳐 보이는 화려한 추리의 세계를 통해 재미와 함께, 정확한 추리를 위해서는 무엇을 관찰해야 하는지 또 관찰을 통해 얻은 사실은 무엇을 의미하는지 그러한 사실들을 어떻게 논리적으로 연결 지어야 하는지, 그 과정을 배워보기 바란다."
구의 증명,최진영 저,"* 이 오디오북은 한국출판문화산업진흥원(KPIPA)의 ‘2022년 오디오북 제작 지원’ 사업 선정작입니다. ""만약 네가 먼저 죽는다면 나는 너를 먹을 거야. 그래야 너 없이도 죽지 않고 살 수 있어."" 사랑 후 남겨진 것들에 관한 숭고할 만큼 아름다운 이야기 사랑하는 연인의 갑작스러운 죽음 이후 겪게 되는 상실과 애도의 과정을 통해 삶의 의미 혹은 죽음의 의미를 되묻는 소설. 이 작품에서 최진영은 퇴색하지 않는 사랑의 가치를 전면에 내세우고 아름다운 문장과 감성적이며 애절한 감수성을 통해 젊고 아름다운 남녀의 열정적인 사랑과 냉정한 죽음에 대해 세련된 감성과 탁월한 문체로 담아내고 있다."
참마죽 - 일본 중단편 고전문학,아쿠타가와 류노스케 저,엄선한 일본 근현대 중단편 문학의 정수! ― 열아홉 번째 이야기 참마죽 한번 물리도록 먹어보는 것이 소원인 우리의 못난 고위 모든 이에게 업신여김을 당하는 그에게도 소원을 이룰 기회가 찾아오는데 아쿠타가와 류노스케의 대표작!
서혜정이 읽어주는 나관중의 삼국지 (하),나관중 저,"동양인의 원초적 사고와 처세의 기본이 담겨있는 삼국지. 후한 말기 조정이외척과 간신들에 의해 좌우되어 민심이 흉흉한 가운데 나라를 구하려는 지사와 호걸들이 방방곡곡에서 떨쳐 일어났다. 그중 천하를 평정하려는 세 호걸이 있었으니 바로 유비, 관우, 장비였다. 이들은 난세의간웅 조조와 강남의 손책과 더불어 천하를 쟁팽하려는 뜻을 품고 간신배의 우두머리 동탁을 타도하기에 이른다. 유비는 조조와 손책, 원술 등의 강대한 세력들의 틈바구니에서 한편으로는 의병을 규합하고 다른 한편으로는 뛰어난 자략가인 제갈량을 끌어들이려고 노력하는데... [전3권]"
고뇌의 연감,다자이 오사무 저,엄선한 일본 근현대 중단편 문학의 정수! ― 쉰여섯 번째 이야기 다자이 오사무가 자신의 사상적 변천을 되돌아본 작품. 패전 후 혼란스러웠던 일본의 사회 분위기. 그의 사상적 근원은 어디에 있었던 것일까? 《출판사서평》 역사적으로나 지리적으로 봤을 때 일본과 우리는 떼려야 뗄 수 없는 관계에 있다. 문화 면에 있어서도 양국 간의 교류는 그 역사가 매우 깊다. 근대 이전까지는 주로 우리를 통해서 선진 문물이 일본으로 들어갔다. 당시의 일본 문화는 우리의 선진 문물에 힘입은 바가 크다. 그러나 근대화 과정에서 우리보다 한발 앞서 서양 문물을 적극적으로 수용한 일본은 이후 우리의 문화에 커다란 영향을 주었다. 지리적으로 인접한 두 나라는 이처럼 오랜 옛날부터 서로에게 커다란 영향을 주었다. 어느 한쪽의 선진 문화가 다른 한쪽으로 전파되는 것이 주된 흐름이었던 옛날과는 달리 지금은 양국이 거의 대등한 입장에서 서로의 문화에 영향을 주고 있다. 교통과 통신의 발달로 어느 한 쪽을 통해 문물을 받아들이는 것이 아니라 서로가 독자적으로 세계와 교류하며 문화를 흡수하고 그것을 발전시켜 나가고 있기 때문일 것이다. 그럼에도 두 나라는 지리적 여건상 지금도 서로에게 커다란 영향을 주고 있다. 정서적으로는 서로 갈등이 있지만 바로 그렇기 때문에 문화적인 면에서의 접근이 선행되어야 할 것이다. 이번에 일본 근현대의 중단편 소설을 시리즈로 기획했다. 일본 근현대 소설이라고 하면 그 범위가 상당히 넓은데 이 시리즈에서는 근현대 문학의 초기 작품부터 현대의 작품까지를 전부 아우를 생각이다. 상당히 긴 작업이 될 테지만 누군가 이 시리즈를 기다려주는 독자가 한 명이라도 있는 한 멈추지 않을 생각이다. 또 각 단편을 읽기 쉽게 하기 위해 따로 출간하기로 했다. 새로운 읽기 문화에 적응하기 위한 몸부림이라고도 할 수 있겠다. 독자에게는 필요한 작품만을 골라 읽을 수 있는 장점이 있으리라. 우리나라 사람들이 이웃나라인 일본 근현대 사회의 정서를 조금이나마 이해하는 데 이 시리즈가 도움이 되었으면 하는 바람이다.
폴리쿠쉬카,레프 톨스토이 저,사회 고발과 농민 계몽을 목적으로 쓴 톨스토이의 감성이 묻어난 걸작입니다. 손버릇이 나빠 신임을 얻지 못하던 폴리쿠쉬카에게 중요한 임무가 주어집니다. 도시에 나가 큰돈을 받아오는 거였죠. 가난한 농민 가정의 애환과 생활상을 엿볼 수 있습니다.
외로움이 다가오면,컬툰스토리 저,"서른 살의 혜정은 6개월 전, 서울로 취직한 이후, 줄곧 일만 하며 바쁘게 지내고 있다. 그러던 어느 날 밤 우연히 만난 현을 변태로 오인해 함께 경찰서에 가게 되고, 그가 옆집에 사는 남자라는 것을 알게 된다. 어딘지 무례하고, 거만한 남자, 현. 미안한 마음에 그에게 명함을 건넨 이후로 잦은 만남을 이어가는데. 혜정은 어느새 그에게 끌리고 있는 자신을 발견하곤 고민에 빠진다. 바쁘게 살아야만 하는 여자와 그런 여자를 뒤흔드는 남자, 두 사람의 고군분투 사랑 이야기..."
탐정 전일도 사건집 2 - 나의 비혼식,한켠 저,"""갑자기 그동안 냈던 축의금이 아까운 거예요. 쟤들은 결혼해서 집도 사고, 애도 낳아 기를 텐데 나한테 축의금까지 받았어야 했나. 돌려 받자."" 무엇이든 누구든 찾아주는 MZ세대 실종 전문 탐정 전일도의 대표 활약상을 만나다! 서다혜, 김가령, 석승훈, 윤은서 성우의 생동감 넘치는 연기와 다채로운 음향 효과가 어우러진 유쾌하고 따뜻한 드라마 오디오북! 비혼을 결심하고 축의금을 돌려받으러 다니는 의뢰인이 탐정 전일도에게 동행을 요청한다. 탐정의 자존심에 이런 심부름센터 같은 일은 맡고 싶지 않았지만, 돈이 궁해서 어쩔 수 없다. 유능한 탐정에게 조수가 필요하다는 건 탐정소설의 진리이기에, 이번 여정에는 특별히 전일도의 쌍둥이 오빠 '전가정'이 그녀의 조수로 동행하기로 한다. 그런데 이 오빠, 어째 업무보다 의뢰인에게 더 관심이 있는 것 같은데……? *탐정 전일도 시리즈의 첫 작품 <스파게티의 이름으로, 라멘> 오디오북을 먼저 듣는 것을 추천드립니다. - 📌 성우들의 열연, 환상적인 BGM과 연출! 황금가지의 드라마형 오디오북 목록"
반역자,김동인 저,"1946년 발표된 단편소설로, 이광수의 친일행위를 비판적으로 그려낸 작품"
이효석의 메일꽃 필 무렵,이효석 저,"장돌뱅이로 20년을 넘게 살아온 허생원은 친우인 조선달과 함께 매번 봉평장을 들른다. 봉평장에서 허탕을 친 허생원은 조선달, 동이와 함께 대화장으로 향하는 칠십리 밤길을 가게 되는데…….이효석의 메밀꽃 필 무렵을 보기 쉽게, 현대적 해석에 맞춰 재구성한 작품이다. 얄궂은 허생원과 동이의 운명을 자세히 들여다보자."
인간문제,강경애 저,"식민지 시대 하층 여성의 대변자라 불리는 소설가 강경애의 대표작. 자신의 불우한 성장 과정을 바탕으로 민족적, 계급적, 성적으로 억압받는 여성의 목소리를 대변하고 있다. 또한, 봉건적 유습과 식민지 상황이 빚어낸 궁핍화 과정과 그 속에 자리한 사회 계급적인 모순과 빈곤에 대한 새로운 비판적 시각을 보여주고 있다."
[단편] 눈보라콘,천운영 저,"이 소설집은 등단작 [바늘]을 비롯하여 2000년 1월부터 2001년 10월까지 약 2년간 발표된 아홉 편의 단편소설들로 구성되어 있다. 천운영의 신예답지 않은 만만찮은 저력은 “독자를위태로운 공격성과 관능과 탐미의 벼랑끝으로 밀고가는 발군의 역량”(신춘문예 심사평)이 돋보인다고 평가된 바 있는데, 수록작품 모두 편차 없이 고른 성취를 보이고 있다. 천운영 소설의 인물들은 90년대 (여성)소설에 자주 등장하는 도시적 감각의 전문직 중산층 여성이나 소설의 단골 소재였던 애정과 불륜관계와도 차별성이 있다. 문학평론가 이광호는 권말의 해설에서 등장인물들이 “제도화된 여성적 자아의 내부에 머물지 않는다. 그 제도적인 영역의 바깥으로 질주하는 원초적이고 본능적인 여성적 에너지를 드러낸다”고 하며, 바로 그 지점에서 “식물적인 여성성으로부터 동물적인 여성성으로의, 혹은 타자로서의 여성성으로부터 창조적인 부재와 이질적인 복수항(複數項)로서의 여성성으로의 탈주라는 존재론적 전환의 사건이 벌어진다”고 평한다. 그런 의미에서 “천운영의 미학적 위반은 문화적인 이탈의 의미를 얻고, 천운영을 통해 한국의 여성소설은 독특한 야생의 미학을 자기 목록에 추가할 수 있게 되었다”고 한다."
친구 중의 친구 (세계환상문학걸작선 제1권),헨리 제임스 저,"1896년 발표한 단편으로 한 여자와 또 한 여자, 그리고 그 한 여자 또는 두 여자 모두의 친구인 남자의 이야기다. 주인공 여성에게는 친한 동성 친구와 사랑하는 남자가 있다. 두 사람 모두 죽는 사람의 환영을 보는 경험을 했다. 주인공은 처음엔 두 사람의 만남을 주선하다가 나중엔 두 사람이 운명의 연인일지 모른다는 질투에 빠지게 된다. 깊은 우수를 담고 있는 동시에 아주 은밀한 신비에서 만들어진 사랑을 찬양하는 작품이다."
[단편] 사분의 일,윤고은 저,"대산대학문학상, 한겨레문학상을 수상하며 차세대 주목받는 젊은 작가로 떠오른 윤고은의 두번째 소설집 『알로하』가 출간되었다. 제12회 이효석문학상 수상작인 「해마, 날다」를 비롯, 윤고은의 재기발랄한 상상력과 절박한 세계인식이 절묘하게 어우러진 아홉편의 작품을 실었다. 인성에 대한 자본의 공격이 첨예화된 사회, 그 안에서 소멸되지 않기 위해 고투하는 인물에 대한 묘사는 한층 세련되고 깊어진 윤고은의 통찰력에 전적인 신뢰감을 안겨준다."
이상한 나라의 앨리스,루이스 캐럴 저,"세계대표명작을 엄선하여 줄거리, 주제등을  성우의 목소리로 들려주는 세계 명작  보물창고!  오디오북을 통해 세계 대표명작을 만나 보세요."
화려한 순간 - 일본 중단편 고전문학,구사카 요코 저,엄선한 일본 근현대 중단편 문학의 정수! ― 일곱 번째 이야기 네 번에 걸친 자살 시도 끝에 21세의 젊은 나이로 세상을 등진 환상의 작가 하나의 존재 가치는 다른 존재에 의해 비로소 인정받는다는 작가의 외침 인간 모두가 가지고 있는 상반된 감정의 묘사
