titles,authors,informs,clip_links
모비딕,허먼 멜빌,"세계대표명작을 엄선하여 줄거리, 주제등을  성우의 목소리로 들려주는 세계 명작  보물창고!  오디오북을 통해 세계 대표명작을 만나 보세요.",https://audioclip.naver.com/audiobooks/C8398764AF
"북호텔 (민음사 세계문학, 완독본)",외젠 다비,"외젠 다비의 처녀작 『북호텔』은 1929년 프랑스에서 제정된 ‘포퓰리스트 상’(Le Prix du Roman Populiste)을 받은 첫 번째 소설로서, 그만큼 민중소설로서의 의미와 가치가 크다고 할 수 있는 작품이다. 포퓰리스트 상이란 한 시대의 사회상과 사람들이 살아가는 모습을 현실적으로 묘사한 소설에 수여되는 상이다. 1차 세계대전 이후 대공황의 여파로 프랑스에 닥친 경제 위기와 정치적 사회적 불안 속에 민중들의 삶은 피폐해져만 갔다. 『북호텔』은 바로 이 시기 프랑스 서민들이 살아가는 모습을 한 편의 다큐멘터리처럼 객관적이면서도 생생하게 그려 냈다. 「북호텔」은 1938년 마르셀 카르네 감독이 실제 북호텔과 생마르탱 운하를 배경으로 영화화하여 전 세계적인 주목을 받기도 하였다. 파리, 허름한 호텔, 힘겨운 노동자들의 삶 1928년 파리, 생마르탱 운하가 흐르는 제마프 둑길 옆, 한 허름한 호텔이 서 있다. 파리의 빈민 노동자로서 하루하루를 근근이 살아가던 르쿠브뢰르는 처남에게 돈을 빌려 이 호텔을 헐값에 인수하면서, 드디어 밑바닥 인생에서 벗어날 수 있다는 꿈과 희망에 부푼다. 이 호텔에는 가정부, 대장장이, 인쇄공, 마차꾼, 여공, 지하철 종업원, 수문지기 등 파리의 하층민이라고 할 수 있는 사람들이 살고 있다. 이들 중 어떤 이는 임신한 몸으로 애인에게 버림받고, 어떤 이는 친구에게 여자 친구를 뺏기며, 어떤 이는 추억을 곱씹으며 홀로 노년을 보내기도 한다. 일터로 떠나기 전에 마시는 뜨거운 커피 한 잔, 일터에서 돌아와 들이켜는 독한 술 한 잔을 낙으로 삼는 이들의 삶은 궁색하고 신산하다. 하지만 외젠 다비는 감상적이거나 과장된 태도, 정치적 사견(私見)을 배제한 채 담담한 필체로 서술함으로써 독자들이 보다 객관적인 시선으로 이들의 삶을 바라보고 이들과 함께 기쁨과 슬픔을 나눌 수 있게 해 주었다. 여기에서 우리는 외젠 다비의 서민에 대한 이해와 깊은 애정을 엿볼 수 있다. 바로 그 자신이 가난한 노동자의 아들로서, 빈곤한 삶이란 어떤 것인가를 몸소 체험했기에 가능한 일이었다.",https://audioclip.naver.com/audiobooks/2509CDE020
동물농장,조지 오웰,"《동물농장》은 민주적 사회주의자를 자처한 영국의 소설가 조지 오웰의 작품으로, 스탈린 체제하의 소련 신화와 전체주의를 신랄하게 풍자하고 독재 권력을 날카롭게 비판한 우화 소설이다. 장원 농장의 존스 씨 밑에서 착취당하던 동물들이 인간을 몰아내고 새로운 농장을 건설한다는 내용이다. 이 작품은 당시 영국의 동맹국이었던 소련의 스탈린을 노골적으로 풍자하고 비판했다는 점에서 출간에 난항을 겪었다. 그러나 뛰어난 통찰력과 거침없는 문체로 왜곡된 혁명의 결과와 권력자의 횡포가 국민들의 삶을 어떻게 억압하는지 그려 낸 이 작품은 출간되자마자 베스트셀러가 되면서 오웰은 영국 최고의 작가 반열에 올랐다. 출간된 지 반세기가 훌쩍 넘은 《동물농장》의 감동은 현재 진행형이다.",https://audioclip.naver.com/audiobooks/3B41653590
시간과 장의사,이묵돌,페이스북 페이지/인스타그램 “이묵돌”에서 2018년 10월부터 2019년 10월까지 써 온 단편을 책으로 공개한다. 76편의 단편을 비롯해 이 단편집에서 최초 공개하는 3편의 단편을 수록했다. 다양한 소재의 단편들이 향하는 주된 정서는 바로 ‘상실’이다. 죽음이나 이별과 같은 물리적 사건뿐 아니라 가난이나 계층의 단절 같은 심리적 요소들 역시 상실을 낳게 하는 주된 원인이 됨을 드러낸다. 이런 상실에 관한 글들을 통해 독자는 아이러니하게도 잃어버렸던 감정을 다시 떠올리게 된다. 글을 읽는 동안에는 어렴풋하게만 느껴지던 감정은 글의 말미에 붙어 있는 제목을 접했을 때 좀더 명확해진다. 이렇게 글을 다 읽은 후에 찾아오는 울림은 독자를 생각의 길로 이끈다.,https://audioclip.naver.com/audiobooks/5D69615550
"뻬쩨르부르그 이야기 (민음사 세계문학, 완독본)",니콜라이 고골,"러시아 근대 문학의 선구자 니꼴라이 고골의 단편집 현실과 환상의 결합이 낳은 현실 비판과 따뜻한 휴머니즘 뻬쩨르부르그를 배경으로 도시의 소외된 인간을 환상적으로 그려낸 이야기들 부조리한 세계를 살아가는 인간의 소외된 현실을 조형하는 고골의 단편들은 독특하면서도 지극히 현대적인 상상력과 신랄한 현실 풍자로 그를 러시아 근대 문학의 근원에 자리하게 했다. 『뻬쩨르부르그 이야기』에 담긴 환상성은 현실을 풍자하고 인간의 내재된 욕망을 여실히 드러내는 동시에 웃음과 공포, 인간에 대한 연민을 불러일으키면서 현재를 살아가는 고달픈 현실까지 여과 없이 마주 보게 한다. ▶ 러시아의 작가는 모두 고골의 「외투」에서 나왔다. - 도스토예프스키 ▶ 그 웃음의 배후에서 우리는 보이지 않는 눈물을 느낀다. - 푸슈킨고골의 생생한 풍자 정신과 절묘한 이야기 구성은 역설적이게도 삶의 실제적인 균열을 이루는 불합리성의 승리를 명백하게 보여준다. - 《르 몽드》",https://audioclip.naver.com/audiobooks/19AAB14920
바틀비 (윤도현),김태호,"주인에게 버려진 개 ‘바틀비’는 음식을 먹고 싶지도, 누군가와 마음을 나누고 싶지도 않다. 삶의 의지를 잃은 채 죽기만을 기다리던 바틀비 앞에 어느 날 한 소년이 나타나 따뜻한 손을 내민다. *** 윤도현이 낭독하는 김태호 작가의 「바틀비」는 아이돌 및 각계 저명인사의 목소리 재능을 기부받아 소리책을 만들고 이를 통해 청각 장애인에게 희망의 소리를 선물하는 캠페인에 참여한 작품이다. 캠페인 수익금의 일부는 사랑의 달팽이 재단에 기부되어, 경제적 어려움으로 소리 없는 세상에 살고 있는 난청 아동들에게 희망의 소리를 선물해주기 위한 지원 기금으로 사용되어진다.",https://audioclip.naver.com/audiobooks/4E5B5CEE4D
메밀꽃 필 무렵 (Resound단편),이효석,"「메밀꽃 필 무렵」은 1936년 『조광』 10월호에 발표된 '이효석'의 단편소설로 봉평, 대화 등 강원도 산간마을 장터를 배경으로 장돌뱅이인 허 생원의 삶을 통해 인간 본연의 애정을 아름답게 그린 작품입니다. 허 생원은 얼금뱅이에 왼손잡이라 여자와는 거리가 멀었고 나귀를 평생 벗삼아 살았지만, 젊은 시절 하룻밤의 인연을 잊지 못합니다. 어느 여름날 허 생원은 봉평장에서 장사를 마치고 충줏집에서 술을 마시는데, 젊은 장돌뱅이 동이가 충줏집과 농탕치는 것을 보고는 화가 치밉니다. 그날 달이 뜬 밤, 허 생원과 그의 친구 조 선달, 동이는 대화장으로 이동하기 위해 산길을 걷다가, 허 생원은 동이가 왼손잡이 인 것을 보고 자신과 닮았다고 생각합니다. 「메밀꽃 필 무렵」의 오리지널 스코어를 작곡한 '박석주'는 음악 밴드 ‘주스 프로젝트’의 리더이자 기타리스트입니다. 전통 음악에 바탕을 두고 때로는 고요하게 때로는 화려하게 음을 넘나들며 음악의 본질적 가치를 탐색하는 뮤지션입니다. 국악과 크로스오버, 영화음악 등 무수히 많은 영역에서 활동하고 있는 박석주는 장편독립영화 '이수아'와 연극 '비명자들' 등에서 음악감독으로 활동하기도 했습니다. 100년 전 우리 소설, 아름다운 소리로 만나다. [Resound 단편] 시리즈 소위 ‘고전’이라 불리는 작품들은 시대를 불문하고 인간과 삶을 관통하는 날카로운 통찰을 담고 있습니다. 그러나 한 번쯤 제목은 들어 봤을지라도, 제대로 읽어본 적은 없는 경우가 많습니다. 왜일까요? 어쩌면 고전은 낡고 지루하며 어렵다는 편견이 있는 건 아닐까요. [Resound 단편] 시리즈는 그 편견을 깹니다. 오늘날 활발히 활동 중인 작가들이 고쳐 쓰고, 그 원고를 전문 배우들이 생생하게 낭독하고, 거기에 뮤지션들이 작곡한 음악이 더해져, 고전은 새로운 예술작품이 되었습니다. 옛 것의 가치는 간직하되 새로운 옷을 입고 화려하게 돌아온 50편의 [Resound 단편] 시리즈가 새로운 문학의 세계, 감상하는 오디오북의 세계로 당신을 초대합니다.",https://audioclip.naver.com/audiobooks/D58CBA6D9F
J 하버쿡 젭슨의 진술,아서 코난 도일,"잔잔한 바다 한복판에서 승객 없이 발견된 배 한 척. 배에 있던 사람들은 모두 어디로 사라진 걸까? 코난 도일이 밝혀낸 19세기 최고의 해양 미스터리! 1872년 12월 5일. 북대서양을 거쳐 지브롤터를 향해 가던 데이그라티아호는 망망대해를 느릿하게 떠돌고 있는 배 한 척을 발견한다. 한 달 전 선원 일곱과 선장, 선장의 아내와 딸까지 총 열 명을 태우고 뉴욕에서 출항한 그 배에는 놀랍게도 아무도 타고 있지 않았다. 배 위에서 사라진 열 명의 소식은 그 후로 어디에서도 들려오지 않았다. 과연 그들은 어디로 사라진 걸까? 한 달이라는 짧은 시간 동안, 배 안에서는 무슨 일이 있었던 걸까? 지금까지도 풀리지 않은 이 미스터리를 두고, 당시의 언론과 학자들은 수많은 가설을 제시했다. 배에 실려 있던 공업용 알코올의 증기가 폭발했다는 설, 해저지진을 만났다는 설, 해적에게 습격당했다는 설 등. 그중에서도 가장 큰 신빙성을 얻은 이야기는 1884년 1월 《콘힐 매거진》에 익명의 투고자가 발표한 소설 속 이야기였다. 지어낸 이야기이지만 이 소설은 사실적인 묘사와 기상천외한 발상으로 언론과 문학계에 큰 반향을 불러일으켰다. 일부 언론은 소설의 내용을 진실로 여겨 기사로 내보내기도 하였고, 어떤 문학 평론가는 이 작품을 『보물섬』으로 유명한 로버트 루이스 스티븐슨의 작품이라고 여기기도 했다. 또 다른 이는 에드거 앨런 포에 비교하기도 했다. 작품의 내용만큼이나 출처에 대한 미스터리가 무성했던 이 작품은, 훗날 전설적인 탐정 셜록 홈즈를 탄생시킨 코난 도일의 작품이다. 아직 작가로서 그리 이름을 떨치지 못했던 도일은 학생 시절부터 취미삼아 작품을 잡지에 투고하여 몇 번 원고료를 받은 적이 있지만, 이 작품처럼 큰 반향을 불러일으키며 전문가들로부터 찬사를 받은 적은 처음이었다. (총 4편의 단편의 실린 종이책 <J 하버쿡 젭슨의 진술>중 오디오북은 <J 하버쿡 젭슨의 진술> 1편이 제작되었습니다) 낭독 : 최정호 출판사 : 북스피어 제작 : 블루스토브메이드",https://audioclip.naver.com/audiobooks/B714747020
추운 나라에서 돌아온 스파이,존 르 카레,"20세기 냉전을 다룬 스파이소설이자 영국사회를 적나라하게 고발하는 존 르 카레의 대표작 1960년대 냉전 상황이 극에 달한 시기, 각국 스파이들의 주요 활동 무대였던 베를린을 배경으로 비정한 국제 첩보전의 세계를 그리고 있는 이 소설은, 1964년 영미 최고의 베스트셀러에 오르는 기염을 토했고 또한 뛰어난 문학성으로 평단의 찬사를 받으며 서머싯 몸상, 에드거상 등을 휩쓸었다. 냉전 상황이 극에 달한 1960년대 영국과 독일간 스파이들의 활동과 그와 관련된 이야기를 탄탄한 구성으로 엮었다. 1965년 마틴 리트가 감독하고 리처드 버턴이 주연을 맡은 영화로 제작되어 화제가 된 바 있다. 작가 특유의 긴장감 넘치는 스토리 전개가 여실히 드러나는 작품이다.",https://audioclip.naver.com/audiobooks/C8DAC1E86B
한자와 나오키 3,이케이도 준,"■ 『한자와 나오키 3 : 잃어버린 세대의 역습』 줄거리 도쿄중앙은행의 영업 2부 차장 한자와 나오키는 은행 내 정치싸움에 휘말려, 자회사인 도쿄센트럴증권의 영업기획부장으로 발령받는다. 하지만 증권사는 은행에서 발령받은 은행파와 증권사에서 뽑은 증권파가 사사건건 대립하며 내부적으로 갈등이 있을 뿐만 아니라, 업계에서도 크게 두각을 보이지 못하고 있다. 한편, 도쿄센트럴증권의 조사역 모리야마 마사히로는 일본의 거품 경제가 무너지고 거대한 불경기에 이은 취업 빙하기를 힘겹게 거치며 입사한 잃어버린 세대다. 정작 회사에 들어와보니 자신의 안위만 챙기는 상사들을 보면서 환멸을 느낀다. 그러나 한자와 나오키 부장이 오면서, 모든 것이 바뀌었다! IT 회사 전뇌잡기집단이 스타트업인 도쿄스파이럴을 M&A 하겠다고 도쿄센트럴증권에 의뢰하고, 은행파를 중심으로 팀을 짠다. 하지만 명확하지 않은 이유로 도쿄중앙은행의 증권영업부에게 프로젝트를 빼앗기고, 한자와는 이 일에 배후가 있음을 간파한다. 그리고 인수 대상이었던 도쿄스파이럴이 세계적으로 성장할 수 있는 가능성을 발견하며, 모리야마와 함께 도쿄스파이럴의 편에 서서 은행의 집요한 압박에 맞선다.",https://audioclip.naver.com/audiobooks/37D789D70C
납량특집 : 소오름,유경,오디언 기획 납량특집 소오름,https://audioclip.naver.com/audiobooks/943D008A80
이어폰,윤혜인,"박희상- 희상의 모친은 달맞이봉에 불어 닥친 재개발 붐에 편승해 땅 투기 등으로 큰 재력가가 된다. 장신의 키와 멋진 외모, 최연소라는 타이틀이 들어간 국제변호사 자격증에 전문 경영인 학위, 강남의 내로라하는 집안의 외아들인 희상은 졸부의 표상인 모친의 자랑이다. 희상의 모친은 집안 좋고, 명성 있는 집안의 며느리를 맞이하기 위해 선자리를 마련하지만, 희상은 어렸을 때부터 일편단심인 차이현만을 바라본다. 차이현- 달맞이봉에서도 가장 가난하고 불우한 가정에서 성장한 그녀는, 누구에게도 마음의 문을 열지 않고 말도 하지 않고 오로지 어린 시절 동네 언니가 준 워크맨만을 들으며 살아간다. 그러던 어느 날, 어린 시절 추억의 한 조각으로 남아 있는 희상과 해후하게 되는데……. 항상 이어폰만 꽂고 살아가는 차이현! 그런 이현을 바라보는 박희상! 과연, 희상의 해바라기는 성공을 할 것인가……. 한 남자와 한 여자의 선택. 세상을 버리기 위해 이어폰을 선택했다. 세상을 이용하기 위해 선공을 선택했다. 한밤의 도둑처럼 의미 모를 카세트 테이프만을 남겨주고 떠난 희상을, 이현은 이어폰 속 음악 안에 묻어두었다.",https://audioclip.naver.com/audiobooks/43108EBAB0
애드가 앨런 포우의 추리 공포 그리고 비밀,애드가 앨런 포우,"30센티미터의 송곳이 당신의 귀를 파고든다. 애드가 앨런 포우가 없었다면 우리는 ‘도플갱어’, ‘착신아리’, ‘데스티네이션’을 만나지 못했을것이다. 모든 공포물은 포우에서 시작해서 포우로 끝난다. 고양이의 저주, 고양이의 복수 이야기, 검은 고양이, 목 잘린 모녀의 처절한 비명, 모르그에서 생긴 일. 나의 심장을 살려내라 내 심장을 뛰게 만어라, 배반의 심장. 나와 닮은 사람이 같은 공간에 존재한다. 또 다른 내가 나를 바라본다, 마이 네임 이즈 윌리엄 윌슨. 사랑, 마리의 영혼… 그녀를 죽인 우리 자신의 이야기, 마리의 사생활. 절대 공포의 세계로 당신을 초대합니다.",https://audioclip.naver.com/audiobooks/3BE7DB6AA1
맥베스,윌리엄 셰익스피어,"셰익스피어가 오디오 판타지를 만나다! 셰익스피어의 4대 비극 중 가장 화려하고 잔인한 작품인 ‘맥베스’ ""맥베스, 당신의 흠이 뭔지 아세요? 누구보다도 출세를 원하고 남다른 야심도 있지만 출세에 필요한 ‘잔인함’ 이 없어요!"" - 레이디 맥베스- 야망을 가졌으나 남을 짓밟을 용기는 없는 인물, 맥베스. 그런 남편의 야망을 실현시키기 위해 카리스마를 내뿜는 레이디 맥베스. 레이디 맥베스는 ‘내조의 여왕’ 인가 아니면 ‘파멸의 여신’ 인가? 조금은 어렵게만 느껴졌던 셰익스피어의 작품. 400년이 지난 지금 성우들의 열정적인 연기와 노래, 전율하는 사운드와 함께 오디오 판타지로 부활합니다.",https://audioclip.naver.com/audiobooks/777093B7A3
섬의 애슐리,정세랑,"관광지 댄서에서 나이팅게일로 행복한 신부에서 비극의 희생자로… 애슐리의 눈물이 에메랄드빛 바다가 되다 판타지, SF, 순수문학의 경계를 자유롭게 넘나들며 다양한 독자를 포위하는 정세랑은 <테이크아웃>을 통해 외국의 어느 관광지에서 만난 섬의 애슐리의 이야기를 전한다. 가슴에 조악한 코코넛 껍질을 단 채 관광을 온 본토 사람들 앞에서 전통춤을 추며 생계를 유지하던 단조로운 애슐리의 삶이 소행성의 충돌로 인해 오리엔탈리즘을 대변하고 비극과 희망의 아이콘이 되어 버린다. 그곳에선 어떤 일이 벌어졌고, 섬과 본토의 사람들은 애슐리에게 어떤 일을 한 걸까. 인간의 엉뚱한 욕심에 마구잡이로 희생당하는 애슐리라는 캐릭터는 <바다 어디쯤의 색을 끌어오고 싶었다>는 한예롤의 에너지 넘치는 그림과 함께 강렬하게 마음속에 새겨진다. 정세랑의 단단한 세계와 세상의 비밀을 표현하는 한예롤의 신비로운 컬러가 조화롭게 어우러진다. * 이 오디오북은 한국출판문화산업진흥원(KPIPA) 의 <2020 년 오디오북 제작 지원 사업> 선정작입니다.",https://audioclip.naver.com/audiobooks/C94A12989A
침이 고인다 <침이 고인다>,김애란,"통속을 걷어낸 반짝이는 상상력으로 단숨에 독자를 사로잡는 그녀의 신작 소설집. 다시, 김애란이다! 그렇고 그런 일상에 단물처럼 고이는 이야기들… 슬픔도 담담하게 쓸쓸함도 유머러스하게~ 왜, 김애란인가. 2005년 말, 그녀는 문단과 각종 언론의 관심을 한 몸에 받았다. 대산창작기금 수혜부터 최연소 한국일보문학상 수상 소식, 그리고 첫 소설집 출간. 인터뷰 기사도 꼬리를 물고 이어졌다. 마치 기다렸다는 듯이 문단과 언론은 그녀를 반겼고, 그녀와 관련된 기사들이 여기저기서 봇물 터지듯 쏟아졌다. 하여 그해를 정리하는 기사에서는 “한국 문단이 거둔 최대의 수확 중 하나”로 평가되었을 뿐 아니라, 국민일보에 실린 ‘2005 문화 검색어 톱 10’의 다섯 번째로 선정되기도 하였다. 그 기사의 첫 문장은 “올 문단의 화두는 세대교체였다”로 시작했다. 그녀에 대한 관심은 그 다음 해인 2006년에도 식지 않았고, 2006년에 주목하는 작가로 다시 한 번 그 열기를 이어갔다. 《침이 고인다》에서 작가는 여자들의 방이라는 공간에 대한 풍요로운 소설적 시선을 드러낸다. 학원 강사로 일하며 혼자 살고 있는 그녀에게 어머니에게 버림받은 기억을 가진 후배가 찾아온다. 후배의 엄마는 도서관에서 딸에게 껌 한 통을 쥐여준 뒤 사라진다. 후배는 압도적인 외상적 장면을 그녀에게 말해버린 뒤, 그때 남은 껌 하나를 쪼개서 그녀에게 주고, 둘은 함께 동거하게 된다.",https://audioclip.naver.com/audiobooks/43958769E3
즐거운 나의 집 2,공지영,"공지영 신작 장편소설! 엄마 같은 딸, 딸 같은 엄마. 그들이 펼치는 맥주처럼 알싸한 가족 이야기. 세 번 결혼하고 세 번 이혼한 친엄마와 사는 18세 당찬 소녀 위녕이 들려주는 좌충우돌 엉뚱 발랄 유쾌한 가족 이야기와, 가족이기에 감내해야 했던 상처, 사랑이기에 거부할 수 없었던 고통을 작가 특유의 문체로 치유하고 있다. 이 소설은 시대와 함께 호흡하며 우리의 현재를 이야기하는 작가, 공지영이 발견한 가족, 그 평범함과 특별함에 관한 이야기다. 지금까지 수많은 독자들에게 감동의 눈물을 선사한 작가가 이제는 웃음으로 우리 문학의 새로운 성취를 이루어냈다. 이 소설은 철없는 엄마와 너무 일찍 철든 딸, 그들의 가족 스케치로, 평범하지만 알고 보면 특별한 우리 모두의 이야기를 하고 있다. 소설은 불완전해 보이는 가족 대문에 마음의 지독한 몸살을 앓으며 사춘기를 넘어야 했던 위녕의 목소리로 시작된다. 십대의 마지막을 엄마와 함께 보내면서, 그토록 간절했던 진정한 이해와 사랑을 통해 자신의 소중함을 되찾아가면서 삶의 주체로 당당하게 성장하는 위녕의 이야기를 통해 가족과 사랑이라는 이름으로 새겨진 상처와 고통을 치유하고 있다. 사랑이 있으면 우리는 가족이다. 내 소설과 내 마음이 모두 사랑이기를 바라고 살면 설사 실수투성이 삶일지라도 소중해진다. 그 소중한 마음들이 모이는 곳이 우리 집, ‘즐거운 나의 집’이다. ―저자 인터뷰 중에서 ▶ 줄거리 자세히 들여다보기! 열여덟 살 주인공 위녕은 고 삼이 되기 전 십대의 마지막을 자신이 낳아준 엄마와 함께 보내기 위해 아버지와 새엄마의 집을 떠난다. 여름방학을 이용해 B로 거처를 옮긴 위녕은 새로 자리 잡은 엄마의 집에서 여섯 번의 계절을 보낸다. 그러는 동안 위녕은 새로운 가족(외가 식구들과 형제)을 발견하기도 하고, 사랑하는 존재(고양이 코코)와 동생 둥빈 아빠의 죽음을 맞기도 한다. 또한, 엄마의 새 남자친구를 만나고 또래 친구를 통해 평범한(?) 가족이라는 환상을 깨기도 한다. 무엇보다 위녕 스스로 자신의 상처를 돌아보고 치유하며 엄마의 부재로 인해 혼란스러웠던 자신의 정체성과 함께 가족의 의미를 되찾아간다.",https://audioclip.naver.com/audiobooks/EC5791D6FC
꽃도령 유랑단,임현정,"[본 오디오북은 '요약본'입니다.] 사극의 새로운 무대, 저잣거리에서 한판 걸쭉하게 놀아봅시다! 조선 최고의 구기꾼 은별은 주인나리의 말 한 필 값으로 고작 백 냥에 팔려간 신세가 되고 만다. 팔려간 은별을 맞이한 자들은 조선팔도 제일천하일색으로 소문이 자자한 여섯 꽃도령! 은별을 ‘꽃도령 유랑단’의 일원으로 받아들인 꽃도령들은 화려한 놀이판을 벌이며 ‘주인’을 위한 은밀한 임무를 수행하는데... 조선 최고의 무대, 저잣거리에서 펼쳐지는 달콤 살벌한 놀이극! 조선에 왕이 있기 이전에 백성들이 있었고, 백성들의 삶은 저잣거리에 있었다. 저고리며 치마가 하늘하늘 걸려 있는 포목점, 글자깨나 읽는다는 선비들의 핫플레이스 세책방을 지나, 봇짐장수들이 너도나도 물건을 펼쳐놓은 난전과 북적북적 조용할 새가 없는 주막……. 왕이 잠행에 나설 때나 비춰지던 저잣거리가, 이번에는 이야기의 주무대가 된다. 궐 안만이 불꽃이 튀는 정치투쟁의 장이 아니다. 진짜 투쟁은 바로 여기, 저잣거리 한복판에서 펼쳐진다. 공주를 적대 세력에 빼앗기지 않으려는 폐비와 가문의 권력을 위해 공주의 부마가 되기를 서슴지 않는 왕의 개, 공유. 왕의 개 측은 공주를 폐비 측에 빼앗기지 않기 위해 도리어 가장 사람이 많이 몰리는 곳, 저잣거리에 공주를 숨긴다. 그리고 그 마저도 폐비 세력의 밀정에 노출이 될까 하여, 화려한 놀이판을 벌여 시선을 분산시키는데! 삶이 고스란히 담겨 있는 저잣거리의 생동감 넘치는 모습과 우리민족하면 빼놓을 수 없는 흥과 가락. 민초(民草)에 의해 만들어져 서로가 서로의 고달픈 삶을 위로하며 즐겼던 놀이, 그 끝자락에 있는 마당놀이극을 통해 화려한 볼거리를 선사하며 우리 시대 ‘진정한 위로’의 의미를 묻는다.",https://audioclip.naver.com/audiobooks/B85E3E05C3
재회 (옥상달빛 김윤주),정소연,"「재회」의 주인공 수미는 자기 삶을 뒤흔드는 선택의 순간에 맞닥뜨린다. 수미는 한 번밖에 치를 수 없는 우주 비행사 실기 시험 도중 위험에 처한 다른 우주선을 발견한다. 우주선을 구조하느라 시간을 쓴다면 우주 비행사 시험에서 탈락할 테고, 우주선을 모른 척한다면 사람들의 목숨이 위험하다. 수미는 과연 어떤 선택을 해야 할까? *** 김윤주(옥상달빛)가 낭독하는 정소연 작가의 「재회 」는 아이돌 및 각계 저명인사의 목소리 재능을 기부받아 소리책을 만들고 이를 통해 청각 장애인에게 희망의 소리를 선물하는 캠페인에 참여한 작품이다. 캠페인 수익금의 일부는 사랑의 달팽이 재단에 기부되어, 경제적 어려움으로 소리 없는 세상에 살고 있는 난청 아동들에게 희망의 소리를 선물해주기 위한 지원 기금으로 사용되어진다.",https://audioclip.naver.com/audiobooks/79B1165506
호텔마마 1 : 그는 왜 나를 궁지로 몰았을까,양수련,"영화처럼 숨막히는 추리 스릴러다. 사회에서 루저로 살아가는 나를 받아주는 곳은 호텔마마, 바로 엄마뿐이다. 항상 정성스럽게 아들인 나를 챙겨주는 엄마. 그 행복을 당연하게 여겼다. 끝나지 않을 줄 알았다. 하지만 존재조차 몰랐던 아버지 다른 형이 등장했다. 형은 엄마와 나의 집, 호텔마마에 들어와 제 자리인양 활개를 치고 다닌다. 순식간에 엄마의 마음을 앗아가고 급기야는 당연히 내 것이 되어야 할 공간 ? 호텔마마까지 넘보려 한다. 빼앗길 수 없다. 호텔마마는 나만의 것이다! 현대에 살아가고 있는 우리들이 모델인듯 현실성이 넘치면서도 우리들이 한번씩 꿈꾸었던 욕망을 소유하기 위해 움직이는 작품 속 주인공들을 지켜보다 보면, 어느새 소설의 마지막 페이지에 바쁘게 다다른 당신을 발견할 수 있을 것이다. 《책 속으로》 이틀 후면 드디어 출소다. 도시를 누빌 수 있는 자유의 몸이 된다. 기쁘다는 생각은 바람 한 점 만큼도 들지 않는다. 어둑하고 습한 감방에 갇혀 있던 지난 12년. 내게는 그야말로 미궁이었다. 12년 만에 보게 될 바깥세상은 또 얼마나 달라져 있을까. 두렵기도 하다. 억울한 내 옥살이만큼이나. 내게 왜 이런 일이 생긴 것일까. 생각을 곱씹고 또 곱씹었다. 무려 12년 동안이나. - 호텔마마 1 - 그는 왜 나를 궁지로 몰았을까 中 형은 경찰에 시달리다가 귀가한 나를 맞아주었다. 현관 앞에 서있는 형을 본 체 만 체하고 나는 주방 앞에 섰다. 음식 냄새가 진동했으나 엄마는없었다. 식탁엔 엄마의 음식이 한 상 가득 차려져 있었다. “흉내를 좀 내봤는데 맛은 장담을 못하겠네. 한 집에 살면서 지난 육 개월 동안 너와 내가 밥 한 끼를 제대로 같이한 적이 없더라.” 경찰 심문은 사람의 진을 빼놓는 일이었다. 나는 몹시 허기져 있었다. 허겁지겁 먹어도 시원찮았겠지만 형이 만든 음식에 나는 젓가락도 대지 않았다. 몰래 수면제라도 탔을지 알 수 없었다. “이 집에 형이 더 머무를 이유가 없지. 내 집에서 그만 나가줘.” - 호텔마마 5 - 호텔마마 中 내 집 앞에만 오면 사람들은 고약한 냄새가 난다고 토하듯 비명을 질러댔다. 저들은 오만 인상을 쓰는 것은 물론이요, 손을 코앞에 대고 무례한부채질을 해 댔다. 저들에게 역한 냄새를 조금이라도 날려 보겠다는 심사였다. 그러나 내게는 아무런 냄새도 나지 않는다. 도대체 무슨 냄새가 난다고저리들 호들갑인지. 듣고 있는 나로서는 여간 억울한 일이 아니다. 게다가 무슨 탐정 놀이라도 하는 양 저들이 냄새의 정체를 밝혀내고야 말겠다며 현관에 바짝 코를 들이대고 킁킁거릴 때면 내 인내심도 바닥을 긴다. 이해심이라고는 눈곱만치도 없는 저들. 나는 현관문을 퍼뜩 열고 나가 그들의 뒤통수를 한 대 멋지게 갈겨 주고 싶다는 생각을 한다. - 호텔마마 10 - 현관 앞 방문객 中",https://audioclip.naver.com/audiobooks/EEB4F10207
한 스푼의 시간,구병모,"""아들이 죽고 로봇이 찾아왔다 "" 낡고 가난하고 평범한 동네에서 홀로 세탁소를 꾸려가며 살고 있는 명정. 아내와는 몇년 전 사별했고, 외국에 살고 있던 외아들마저 불의의 사고로 세상을 떠났다. 어느 날 그에게 발신자가 아들인 택배 상자 속, 소년의 모습을 한 로봇이 도착한다. 명정은 로봇에서 둘째에게 붙여주고 싶었던 이름 '은결'을 붙여준다. 그렇게 은결은 세탁소에서 프로토콜로 해석할 수 없는 인간들의 삶을 바라보며 얼룩, 세탁, 표백, 건조가 반복되는 삶의 비밀을 배워나간다. <그것이 나만은 아니기를>으로 오늘의작가상을 수상한 구병모 장편소설. 특유의 긴 문장으로 날카롭게 세계를 묘파했던 작가가 이번엔 따뜻한 시선으로 로봇의 세상을 상상한다. 다정한 동네에서 자존심을 잃지 않고 살아가는 시호, 성실하고 단단한 준교, 은결을 처음 작동시켜준 세주를 만나 은결은 삶이라는 것에 대해 어렴풋이 깨닫게 된다. '고작 푸른 세제 한 스푼이 물에 녹는 시간에 불과'한 사람의 시간이 퍼져가며 내는 울림이 따뜻한 감동을 전한다.",https://audioclip.naver.com/audiobooks/C976BAFEE9
[단편] 효진,정세랑,"창비장편소설상, 한국일보문학상 수상작가 정세랑 8년 만의 첫번째 소설집! 신선하고 경쾌한 상상력, 다정한 문장이 주는 ‘정확한’ 위로 2013년 『이만큼 가까이』로 창비장편소설상을, 2017년 『피프티 피플』로 한국일보문학상을 수상한 작가 정세랑이 작품활동 8년 만에 첫번째 소설집을 선보인다. 발표 당시 파격적인 형식과 지금의 현실을 생생하게 보여주는 에피소드로 SNS상에서 화제를 모았던 「웨딩드레스 44」를 비롯해 총 아홉편의 작품을 묶은 이번 소설집은 “강력한 가독성과 흡인력으로 이 사회의 연대 의지를 되살리는 작품”이라는 평을 받았던 전작 『피프티 피플』의 묵직한 메시지와, “오로지 쾌감을 위해 썼다”고 작가가 밝혔던 『보건교사 안은영』의 경쾌한 상상력 등 정세랑만이 보여줄 수 있는 장기를 모두 만날 수 있는 ‘정세랑 월드’의 시작점이자 정수라 할 수 있다. 정세랑을 통과하면 어떤 이야기도 반짝거리게 되어 있다는 걸 이번 책에서 또한 여실히 증명해낸다. 신선한 상상력과 다정한 문장으로 정확한 위로를 건네는 작가 정세랑의 이번 소설집은 또한 화제의 웹툰 『며느라기』로 수많은 독자의 공감을 불러일으켰던 수신지 작가가 표지 일러스트를 맡아 더욱더 눈길을 끈다.",https://audioclip.naver.com/audiobooks/EC54ABB8F4
빅 픽처,더글라스 케네디,"★영미작가이지만 프랑스를 비롯한 유럽에서 폭발적인 인기를 누리며 프랑스문화원으로부터 기사 작위까지 받은 작가 더글라스 케네디의 대표작. 눈을 뗄 수 없는 탄탄한 스토리, 긴장감 넘치는 전개가 돋보이는 이 작품은 진정 '나'를 위한 삶을 살고 싶었던 한 남자 이야기다. 벤과 갈수록 사이가 멀어지던 베스는 이웃집에 사는 사진가 게리와 혼외정사에 탐닉하고, 벤은 우연히 베스가 이웃집 남자 게리의 집에서 불륜행각을 벌이고 나오는 장면을 목격한다. 그날 밤, 벤은 말다툼 끝에 우발적으로 게리를 살해하고, 완전범죄를 위해 남은 생애를 게리의 신분으로 살아가기로 작정한다. 이 작품은 넓은 의미로는 스릴러 범주에 드는 소설이지만 작가의 예술에 대한 심미안, 사진에 대해 해박한 지식을 음미해보는 재미도 있다. 벤에게 주어진 제2의 인생이 어떻게 진행될 것인지, 흥미진진한 이야기가 펼쳐진다.",https://audioclip.naver.com/audiobooks/8ECDB3AAE6
허클베리핀의 모험,Mark Twain,"마크 트웨인의 대표작 [톰 소여의 모험]에 등장했던, 술주정뱅이 아버지를 둔 구속을 싫어하는 부랑아 소년 허클베리 핀이 이번엔 주인공이 되어 돌아왔다! 허클베리 핀은 같은 마을에 사는 더글러스 부인의 양자로 들어간다. 헉은 더글러스 부인과 그녀의 동생인 왓슨 부인의 엄격한 가정교육에 진절머리를 치지만, 그런대로 잘 적응해 나간다. 그러던 어느날, 헉이 부자가 되었다는 소문을 들은 술주정뱅이 아버지가 불쑥 나타나면서 허클베리핀의 모험은 시작되는데... 술주정뱅이 아버지를 피해 미시시피 강 한복판에 있는 잭슨 섬에 숨은 헉은, 그 섬에서 주인집을 탈출한 흑인 노예 짐을 우연히 만나게 되고, 둘은 그때부터 홍수에 떠내려온 뗏목을 타고 미시시피 강을 따라 남쪽으로 여행을 시작한다. 당시 미국인들의 위선적인 모습을 꼬집고, 인종차별 문제를 비판한 마크 트웨인의 또 하나의 秀作 [허클베리핀의 모험]을 지금 오디언에서 만나보자!",https://audioclip.naver.com/audiobooks/DA91BE6CE8
어느 전투 조종사의 사랑,장소영,"대한민국 공군 전투기 조종사라는 하나의 목표만을 향해 달려온 지윤. 한순간의 나약함도 허락할 수 없는 그녀는 단 한 걸음 만에 자신의 철통 같은 방어막을 부셔버리는 우혁을 받아들일 수 없었다. ""전 여자 전투 조종사입니다. 여자가 남자들만의 성역이었던 이곳에서 전투조종사가 되려면 무엇을 감수해야 하는지 아십니까? 자신이 여자라는 것조차 잊어야 합니다. 남자들과의 체력싸움에서 뒤지지 않아야 하는 것은 물론이고, 한순간이라도 나약한 모습을 보인다면 '여자가 그럼 그렇지'라는 식의 비난을 감수해야 합니다. 남자들이 하면 그냥 실수지만 여자 전투 조종사인 제가 실수하면 모든 여자 전투 조종사들 전부를 한 덩어리로 묶어 비난하게 됩니다. 거기다 저는 한번도 여자를 받아들이지 않았던 KF-16대대의 여자 전투조종사란 말입니다!"" 드넓은 활주로와 푸른 창공을 배경으로 펼쳐지는 어느 전투 조종사의 사랑 이야기!",https://audioclip.naver.com/audiobooks/83DE7534A2
괴도신사 아르센 뤼팽 813,모리스 르블랑,"그가 돌아왔다. 이 세상 누구도 그가 누구인지 모른다. 이 세상 모든 이가 그가 누구인지 알고 있다. 그의 원래 얼굴이 어떻게 생겼는지, 어디에 사는지, 직업이 무엇인지 추측은 많지만, 어떤 것도 제대로 확인된 바가 없다. 희대의 명탕정 셜록홈스를 골탕먹인, 희대의 도둑. 아니 도둑이라고 하기에는 너무나 멋진 이 시대의 쾌남. 아르센 뤼팽. 그가 지금 당신에게 그의 이야기를 들려준다.",https://audioclip.naver.com/audiobooks/D2CD037A25
폭군에게 차이는 10가지 방법 3권,서귀조,"아름다운 폭군 남주에게 집착하다가 죽임당하는 약혼녀가 되어 버렸다. 나는 부지런히 그에게 차일만한 행동을 한 열 개쯤 한 뒤, 생각보다 나쁘지 않은 폭군과 건전한 친구 관계가 되는 데 성공했다. 그 리고 여주를 처음으로 본 그에게 물었다. “어땠어요?” “음?” “디엘 영애 말이에요, 폐하.” 그가 고개를 슬쩍 기울였다. 관심 없는 척하기는! 첫눈에 반했다고 써 있었는데. 내가 다 봤는데. 흐흥, 웃으며 그의 팔뚝을 손가락으로 한 번 콕 찔렀다. “있잖아요. 혹시라도 달리 좋아하는 사람 생기면 꼭 말해 주세요.” “왜요? 죽이게?” 에이. 내가 자긴 줄 아나. 나는 그에게 의미심장하게 웃으며 답해 주었다. “그야, 적당히 타이밍 봐서 파혼해 드린다는,” “영애.” 그의 얼굴에서 순식간에 웃음기가 사라졌다. 나는 어쩐지 이글거리는 그의 눈빛에 말을 잇지 못했다. 나를 빤히 보던 그가 조금 허스키한 목소리로 작게 웃더니, 가라앉은 목소리로 말했다. “그런 농담은 하지 마요.” 볼에 묻은 머리카락을 부드럽게 떼어내는 손길이 자못 은밀했다. “그러다 내가 돌면 어쩌려고 그래.” ……거기서 왜 네가 돌아 버리는 거죠?",https://audioclip.naver.com/audiobooks/905CF484AE
굿모닝 미드나이트,릴리 브룩스돌턴,"이 오디오북은 한국출판문화산업진흥원(KPIPA)의 ‘2020년 오디오북 제작 지원’ 사업 선정작입니다. 조지 클루니 주연, 제작 넷플릭스 <미드나이트 스카이> 원작 소설 “우주의 차가운 망망대해, 혹은 고독이라는 인간의 심연을 아름답게 기록한 작품” _콜슨 화이트헤드(퓰리처상 수상작가) 릴리 브룩스돌턴의 데뷔 소설 《굿모닝 미드나이트》는 여러 가지 면에서 이색적인 이력을 갖는 작품이다. 2015년 《내가 사랑한 모터사이클》이라는 에세이 한 권을 출간한 신인 작가 브룩스돌턴은 이듬해 자신의 두 번째 책으로 ‘지구 종말’을 소재로 한 독특한 소설 한 편을 써냈다. 이 작품은 무명작가의 첫 소설임에도 아름다운 문장과 쓸쓸한 감성으로 ‘시카고 리뷰 오브 북스’ ‘셀프 어웨어니스’에서 선정한 ‘올해의 책’으로 뽑혔고, 퓰리처상 수상작가인 콜슨 화이트헤드가 자신이 가장 좋아하는 작품으로 소개해 눈길을 끌었다. “아름다운 문장으로 기억과 상실, 정체성을 탐험하는 보기 드문 아포칼립스 소설”(워싱턴포스트), “세계의 모든 것이 사라졌을 때 마지막 남는 것이 무엇인가라는 묵직한 질문을 던지는 감동적인 데뷔작”(북리스트), “북극과 우주라는 장엄한 공허 속에 남겨진 두 사람을 통해 삶에 관한 흥미로운 질문을 던지는 매혹적인 작품”(뉴욕 저널 오브 북스) 등 출간 당시 여러 매체에서 호평을 받은 바 있다. 그리고 3년 뒤인 2019년 할리우드의 배우 겸 감독인 조지 클루니가 이 작품을 영화화한다는 소식이 전해지면서 다시 전 세계의 주목을 받고 있다. 지구 종말에 관한 가장 아름다운 절망을 담은 소설 “코맥 매카시의 《로드》와 영화 <그래비티>를 합쳐놓은 듯하다” 78세의 천문학자 어거스틴은 북극 기지의 천문대에 남은 마지막 연구원이다. 평생 오지의 천문대를 떠돌며 별을 연구하는 데 일생을 바쳐온 그는 자신의 생을 마감할 장소로 북극을 택해 들어왔다. 어느 날 알 수 없는 이유로 연구자들에게 모두 철수 명령이 내려지지만 어거스틴은 이를 거부하고 고집스레 북극에 홀로 남는다. 그리고 모두가 떠나간 황량한 그곳에서 수수께끼의 어린 소녀 아이리스를 발견하고 당황한다. 예기치 못하게 어린 소녀를 돌보게 된 어거스틴은 북극의 혹독한 환경 속에서 나날이 쇠약해지자 아이를 위해 바깥세상과 연락을 시도하지만 어느 곳에서도 응답은 없다. 동시에 생의 마지막을 앞둔 어거스틴은 그동안 외면해온 과거의 기억들을 떠올린다. 폭력적이던 아버지, 조울증을 앓던 어머니, 그리고 두려움에 굴복해 한 번도 만나보지 못한 딸에 관한 기억까지. 한편 목성에서 지구로 귀환 중인 우주선 에테르 호에는 통신전문가 설리가 타고 있다. 에테르 호의 임무는 성공적이었고, 마침내 설리는 자신이 치러야 했던 희생(남편과의 이혼과 딸과의 이별)에 보상을 얻는 듯했다. 하지만 갑자기 지구 관제소와 연락이 두절되면서 설리는 물론 대원들은 큰 혼란에 빠진다. 인류 역사에 남을 과업을 성취했지만 이 소식을 전할 곳이 없다. 핵전쟁 때문인지, 바이러스 때문인지, 소행성 충돌 때문인지 여전히 원인을 알 수 없는 채로 지구는 긴 침묵에 빠져 있다. 설리는 자신들이 지구로 돌아갈 수 있을지, 돌아간다 해도 그곳에서 무엇이 기다리고 있을지 몰라 불안에 휩싸인다. 어거스틴과 설리는 각각 북극과 우주라는 혹독하고 신비로운 자연 속에서 절망적인 앞날을 예감하며 자신들의 삶을 돌아보고 복잡한 내면과 마주한다. 그리고 마침내 북극의 어거스틴과 우주의 설리는 짧은 순간 교신에 성공한다. 북극에 고립된 천문학자와 지구로 귀환 중인 우주비행사라는 두 아웃사이더가 생의 종착지를 앞두고 지난날의 사랑과 회한에 대해, 나아가 인간의 삶과 고독에 대해 우아하게 그려낸 작품이다.",https://audioclip.naver.com/audiobooks/4603950E70
비행운 <벌레들>,김애란,"김애란이 돌아왔다. 2012년 올해로 등단 만 10년 차가 되는 시간 동안 공백 없이 작품을 발표해오기도 했지만, 지난해 출간한 첫 장편소설 <두근두근 내 인생>으로 차세대 '젊은 작가'라는 수식어를 2010년대 대표 작가로 갈아치운 그녀다. 많은 사랑과 기대를 한 몸에 받으며 세번째 소설집 <비행운>을 가지고 왔다. '비행운'은 새로운 삶을 동경하는 형식으로(飛行雲), 하지만 현실을 벗어나지 못하게 하는 연쇄적 불운(非幸運)에 발목 잡힌 '우리들'의 이야기를 담고 있다. 문학평론가 박준석이 말했듯 ""김애란 소설은 우선 안부를 묻고 전하는 이야기, 말하자면 하이-스토리hi-story라고 부를 수 있다. 이 안부에는 개인적인 소소한 안녕을 넘어선 어떤 윤리""를 가지고 동세대의 실존적 고민을 드러내며 살아남은 자들에게 인사를 전한다. 친구처럼 곁에서 나의 이야기를 들어주러 온 듯 이번 소설집에서도 김애란은 자신의 매력을 백분 발휘한다. 또한 좀더 많은 세대와 공간을 아우르며 '확장'을 시도하기도 하는데, 그것은 김애란 '너머'를 발견하게 하는 기회를 마련해줄 것이다. 2011 젊은작가상 대상 수상작 '물속 골리앗', 2010 이상문학상 우수상 수상작 '그곳에 밤 여기에 노래' 등 모두 8편이 수록되어 있다. 그 사람들은 우리 주변에 있는 사람 이거나 나 자신일지도 모른다. 남편과 나는 장미빌라로 이사를 왔다. 그런데 이 장미빌라 뭔가 이상하다. 다른 곳에 비해서 유독 싼 집 값, 왕래가 거의 없는 사람들, 그리고, 출처를 알 수 없는 정체모를 벌레들 까지... 이 집 뭔가 이상하다.",https://audioclip.naver.com/audiobooks/4BD6FE1AAB
사랑의 불꽃 (Resound단편),노자영,"「사랑의 불꽃」은 총 19편의 연애편지로 구성된 '노자영'의 서간집입니다. 총 19편의 연애편지로 구성된 서간 중 6편을 엄선해서 오디오북으로 제작했습니다. 초판 판권엔 저가가 ‘미국인 (선교사) 오은서’로 되어 있는데, 오은서는 가공의 인물이고, 책이 대중적 성공을 거두자 나중에서야 노자영으로 저자를 바꿉니다. 「꿈에 본 처녀에게」와 「독약을 마신 후에」를 포함해 19편의 편지는 당대의 유행처럼 번지던 연애지상주의를 변주한 내용을 품고 있습니다. 봉건적 관습으로 인해 강제 결혼을 당했던 인물이 등장하고 배신자에게 날 선 편지를 보내는 인물이 등장하기도 하며, 연애 자체에 대한 불신을 표하는 인물이 등장하기도 하는 등 연애의 거의 모든 것을 망라하고 있습니다. 근대 최초의 베스트셀러라 부를 수 있는 작품집으로 비유, 과장, 반복, 영탄 등으로 점철된 수사가 인상적이라는 평을 받습니다. 「사랑의 불꽃」의 오리지널 스코어를 작곡한 '이원술'은 다양한 뮤지션들의 공연과 음반 제작에 활발히 참여해온 재즈베이시스트입니다. 2012년, 자신의 이름으로 낸 첫 앨범인 「Point of Contact」는 당시 한국 재즈 역사의 한 페이지를 장식할 가장 탁월한 성과라는 찬사를 받았습니다. 현재 '신노이(SINNOI)'라는 트리오 밴드의 리더를 맡아서 한국 컨템포러리 뮤직의 지평을 열어가고 있습니다. 100년 전 우리 소설, 아름다운 소리로 만나다. [Resound 단편] 시리즈 소위 ‘고전’이라 불리는 작품들은 시대를 불문하고 인간과 삶을 관통하는 날카로운 통찰을 담고 있습니다. 그러나 한 번쯤 제목은 들어 봤을지라도, 제대로 읽어본 적은 없는 경우가 많습니다. 왜일까요? 어쩌면 고전은 낡고 지루하며 어렵다는 편견이 있는 건 아닐까요. [Resound 단편] 시리즈는 그 편견을 깹니다. 오늘날 활발히 활동 중인 작가들이 고쳐 쓰고, 그 원고를 전문 배우들이 생생하게 낭독하고, 거기에 뮤지션들이 작곡한 음악이 더해져, 고전은 새로운 예술작품이 되었습니다. 옛 것의 가치는 간직하되 새로운 옷을 입고 화려하게 돌아온 50편의 [Resound 단편] 시리즈가 새로운 문학의 세계, 감상하는 오디오북의 세계로 당신을 초대합니다.",https://audioclip.naver.com/audiobooks/F6D2C13151
"제인 에어 2 (민음사 세계문학, 완독본)",샬럿 브론테,150년 동안 전 세계 젊은 독자들을 가슴 뛰게 만든 로맨스 소설의 고전. 한국 영미문학연구회가 선정한 최우수 번역본으로 다시 읽는다! 당대 최고의 베스트셀러였으며 150년이 지난 오늘날까지도 톱셀러의 대열에 올라 있는 『제인 에어』는 시대와 장소를 뛰어넘는 그야말로 “고전 중의 고전”이다. 국내 출간된 수십 종의 번역본 가운데 가장 원전에 충실하면서도 유려한 번역으로 손꼽힌 유종호의 번역으로 새롭게 읽어 보자.,https://audioclip.naver.com/audiobooks/CE1C08C631
좁은 문,앙드레 지드,"앙드레 지드의 노벨문학상 수상작. 1909년에 간행되었다. 비인간적인 자기 희생의 허무에 대한 강한 비판의 글이면서도 고뇌 속에 감미로운 청춘의 정서가 감도는 작품이다. 주인공 알리사는 사촌 동생 제롬을 사랑하면서도 현세적인 사랑을 눌러버리고 남몰래 죽어간다. 제롬을 사랑하는 여동생에 대한 동정심이 그 원인이었다. 이 사건은 알리사의 모델이었던 지드의 사촌누이 마들렌(뒤에 지드의 부인이 되었다)의 실제 경험이기도 했다. 당신은 완전한 사랑을 믿는가? 너무나 가볍고 변하기 쉬운 요즘 사랑에 경종을 울려줄 진실한 사랑에 대한 메시지,<좁은 문> 또한 지나친 금욕주의가 얼마나 큰 희생과 허무가 뒤따라야 하는지 절실하게 보여줌으로써 사랑의 소중함을 더욱 일깨워 준다. 고전을 드라마로 듣는 즐거움을 느끼게 해 줄 것이며, 특히 방학을 맞이한 청소년들에게는 권장도서인 <좁은 문>을 좀 더 쉽고 재미있게 접할 수 있게 해 줄 것이다.",https://audioclip.naver.com/audiobooks/7A87110956
울지 않는 이유,정은숙,"학기 초 ‘백 원 빌리기’ 작전으로 반 친구들에게 적극적으로 얼굴을 알릴 만큼 활발한 성격이었던 일진. 그러나 시간의 흐름을 느낄 수 없을 만큼 매일매일의 일상이 똑같다는 자각은 일진의 입을 굳게 다물게 만든다. 어느 날 학교에서는 ‘교내 휴대폰 소지 금지’ 교칙과 관련한 공청회가 열리고, 장래희망이 인권운동가라 써냈던 일진은 친구들의 성화에 패널로 참여하게 된다. 공청회를 거쳐 세워진 교칙은 수업 시간에 휴대폰을 수거함에 넣는 것. 그러나 이후 수업 시간에 일진의 휴대폰이 울리면서 징계를 받게 되는데……. *** A.C.E의 멤버 동훈이 낭독하는 정은숙 작가의 [울지 않는 이유]는 아이돌 및 각계 저명인사의 목소리 재능을 기부받아 소리책을 만들고 이를 통해 청각 장애인에게 희망의 소리를 선물하는 캠페인에 참여한 작품이다. 캠페인 수익금의 일부는 사랑의 달팽이 재단에 기부되어, 경제적 어려움으로 소리 없는 세상에 살고 있는 난청 아동들에게 희망의 소리를 선물해주기 위한 지원 기금으로 사용되어진다.",https://audioclip.naver.com/audiobooks/3836BEBBE9
환상 속에 그대가 있다,진휘,"그다지 예쁘지도 않고, 썩 괜찮은 몸매를 가진 것도 아닌 전형적인 B형 노처녀 김희선. 과거의 사랑에 연연하지 않은 쿨한 그녀이지만 아직도 혼자라는 사실에 문득 외롭다는 생각이 드는 것은 어쩔 수가 없다. 서른둘을 코앞에 둔 크리스마스이브, 홧김에 나간 홍대거리의 키스 타임에 새파랗게 젊은 상욱을 만나 엉겁결에 키스를 하게 될 줄은 꿈도 꾸지 못했다. 그리고 그것이 녀석과 그녀, 그리고 녀석의 형 상현까지 얽히는 끈질긴 인연의 시작이 되리라는 건 더더욱 생각 지도 못한 일이었다! 조금은 엉뚱하고 털털한 그녀, 서른 둘 김희선의 사랑이야기! [책 속으로] “공과 사는 구분하시죠. 김희선 씨! 지금은 공적인 만남인 걸로 아는데요? 기분 나쁘면 사적인 자리에서 한 판 붙든가!” 그는 희선의 공격에 맞붙을 생각이 없는지 스르륵 다음 서류를 집어 들며 말을 돌렸다. “그래요. 좋아요, 한 사장님! 그럼 끝나고 술 한잔하시죠? 사적으로다가!” 이를 바득바득 갈며 힘주어 말하는 희선의 말에 상현은 콧방귀를 끼더니 재고의 가치도 없다는 듯 서류로 다시 시선을 돌렸다. “남자들은 자기가 정말 잘난 줄 아는데, 괜히 폼만 잡다가 망신살 뻗치는 거죠. 안 그런가요?” 슬슬 상현의 자존심을 건드려 볼 생각에 희선은 쉬지 않고 말을 이었다. “왜? 술 먹고 또 남자 꼬드기려고 그럽니까?” “참 나, 기가 막혀! 저, 눈 높거든요! 제가 아무나 꼬드기고 그러지 않거든요.” “꼬드긴다고 넘어갈 나도 아닙니다.” “아이고, 그러세요? 그럼 뭐가 겁나서 꼬리를 내리시나요?” “무서워서 피합니까? 더러워서 피하지.”",https://audioclip.naver.com/audiobooks/FD29C57737
우리들,정영수,「우리들」은 불륜 커플 사이에 놓인 주인공의 사유를 통해 사랑의 진실과 글쓰기의 지난함에 대해 그려 보인다.,https://audioclip.naver.com/audiobooks/449B10133D
"위대한 몬느 (민음사 세계문학, 완독본)",알랭푸르니에,"청춘의 모험과 사랑을 가장 아름답게 그려 낸 『위대한 몬느』, 새로운 번역으로 출간 방황하고 아파하는 이 세상 모든 청년들을 위로하는 자유와 해방의 세계 ▶ “문장의 정확성이나 신비로운 세계의 전개, 구성의 치밀함에 있어 원숙함을 제대로 보인 작품으로서 군더더기가 전혀 없다. 청춘의 꿈, 참을 수 없는 욕망, 절대적인 행복, 신비와 비현실에 대한 지칠 줄 모르는 갈망으로 가득 찬 작품.” ―『라 루스』 부모님이 직접 가르치는 기숙학교에서 살고 있는 쇠렐은 병약하고 조용한 소년이다. 어느 날 이 학교로 몬느라는 학생이 전학을 온다. 키가 크고 다부지며 강한 몬느는 곧바로 학생들의 선망이자 경계의 대상이 된다. 쇠렐의 할머니, 할아버지가 오기로 한 날, 마중 나갈 학생으로 자신이 뽑히지 않자 몬느는 몰래 기숙사를 빠져 나가 마차를 빌려 마을을 떠난다. 하지만 도중에 길을 잃고 헤매다가 어떤 영지의 성에 이른다. 그곳에서는 성주의 아들 프란츠 드 갈레의 결혼식이 준비되고 있는데, 결혼식은 어딘가 비현실적이고 동화적이다. 신랑이 약혼녀를 데리고 돌아오길 기다리는 동안 몬느는 신랑의 여동생 이본 드 갈레를 만나 사랑에 빠진다. 하지만 결혼식 직전 신부가 도망을 가고 신랑 프란츠 또한 홀로 돌아와 성을 뒤로한 채 길을 떠난다. 결혼식이 취소되고, 기숙학교로 돌아온 몬느는 성에서의 모험과 이본과의 만남을 쇠렐에게 이야기해 준다. 두 사람은 다시 한 번 성으로 가려고 하지만 길을 찾을 수가 없다. 몬느는 다시는 돌아갈 수 없을 미지의 성, 아름다운 여인 이본, 끝내지 못한 모험에 대한 열망에 사로잡힌 채 파리로 떠나고, 그런 몬느와 함께하고 싶지만 용기가 없는 쇠렐은 일상에 남겨져 몬느를 기다린다. 쇠렐과 몬느, 그리고 프란츠까지 서로 다른 성향의 세 소년이 뜨거운 청소년기에 마주한 모험과 사랑을 다룬 이 소설은 모험소설, 신비소설인 동시에 프랑스뿐만 아니라 전 세계 청소년들을 위로하고 매혹하는 성장소설이자 청춘소설이다.",https://audioclip.naver.com/audiobooks/CF41669AB8
특이점을 지나서 (프롬),김소연,"딥 러닝을 하지 않은 안드로이드 로봇이 인간 학생과 동일한 조건에서 시험 성적 대결을 벌이는 이야기 *** 프롬이 낭독하는 김소연 작가의 「특이점을 지나서」는 아이돌 및 각계 저명인사의 목소리 재능을 기부받아 소리책을 만들고 이를 통해 청각 장애인에게 희망의 소리를 선물하는 캠페인에 참여한 작품이다. 캠페인 수익금의 일부는 사랑의 달팽이 재단에 기부되어, 경제적 어려움으로 소리 없는 세상에 살고 있는 난청 아동들에게 희망의 소리를 선물해주기 위한 지원 기금으로 사용되어진다.",https://audioclip.naver.com/audiobooks/78F4265660
[단편] 순이 삼촌,현기영,"제주의 4월, 그곳에는 ‘순이 삼촌’이 있다 현대사에 빛나는 거장 현기영의 문학인생 40년 탄탄한 구성과 서정적인 묘사가 어우러진 중후한 문체로 제주도 수난의 역사를 애정어린 시선으로 파고들면서 특히 ‘4․3사건’의 역사적 진실을 복원하는 데 집중해왔던 현기영의 중단편전집(전3권)이 출간되었다. 동아일보 신춘문예 등단작 「아버지」(1975)부터 계간 『창작과비평』에 발표하면서 문단에 큰 파장을 불러일으킨 ‘4․3소설’의 최고봉이자 ‘4․3사건’ 그 자체라고도 할 수 있는 「순이 삼촌」(1978), 단편소설의 백미인 「마지막 테우리」(1994)까지 모두 30편의 중단편 작품(마당극 「일식풀이」와 희곡 「변방에 우짖는 새」 포함)을 개정해 새로운 장정으로 선보인다. 비록 과작이기는 하나 빼어난 문학적 성취를 보여준 현기영 소설의 정수를 일목요연하게 맛볼 수 있는 이 전집은 작가의 등단 40주년을 기념하는 동시에 그의 작품을 새롭게 조명하는 것이다. 역사에 대한 깊은 성찰과 인간에 대한 애정이 녹아든 명편들은 여전히 변함없는 감동을 자아내며 작가의 강직하고 사려깊은 문학적 삶은 묵직한 울림으로 다가온다. 첫째권 『순이 삼촌』에는 표제작을 비롯하여 10편의 소설이 실려 있다. 이중에서 오랫동안 금기시했던 ‘4ㆍ3사건’을 최초로 세상에 알린 「순이 삼촌」, ‘그날’의 처절한 현장을 역사적 현재의 수법으로 절실하게 재현해낸 「도령마루의 까마귀」, ‘4ㆍ3사건’의 비극을 과거의 역사가 아니라 현재적 사건으로 부각시킨 「해룡이야기」 등 초기 3부작이 돋보인다. ‘폭도’에 가담한 아버지를 둔 소년의 불안한 심리를 묘사한 등단작 「아버지」 역시 ‘4․3사건’과 맞닿아 있다. 특히 대표작 「순이 삼촌」은 학살 현장에서 기적적으로 살아났으나 환청과 신경쇠약에 시달리다가 결국은 자살하고 마는 ‘순이 삼촌’의 삶을 되짚어가는 과정을 통해 30년 동안 철저하게 은폐된 진실을 생생히 파헤친 문제작으로, 한국 현대사와 문학사에서 길이 남을 작품으로 꼽힐 만하다. 이밖에 지식인의 고뇌와 개인의 무력감을 섬세하게 그린 「아내와 개오동」, 소시민의식을 역설적으로 비판한 「동냥꾼」 등은 작가의 사회의식이 잘 드러나 있으며, 개인의 의식세계를 미학적으로 파헤친 「꽃샘바람」 「초혼굿」 「겨울 앞에서」 등에서는 초기 소설의 경향을 엿볼 수 있다. 조선시대 지배계급의 부정부패를 통렬하게 풍자한 「소드방놀이」는 탁월한 상상력과 상징성으로 오늘의 세태를 정곡으로 찌른다.",https://audioclip.naver.com/audiobooks/BC89829BB1
만무방 (Resound단편),김유정,"「만무방」은 1935년 7월 『조선일보』에 연재된 김유정의 단편 소설입니다. 소설 제목인 '만무방'이란 염치가 없이 막돼먹은 사람이라는 뜻합니다. 소설은 추수를 하여도 아무런 수확도 얻을 수 없는 소작 농민이 자기 논의 곡식을 도둑질 할 수밖에 없는 비참한 현실을 그려내고 있습니다. 가혹한 식민지 경제체제의 압력 아래서 삶을 견디는 두 형제의 부랑하는 모습을 보여줌으로써 순진한 인간의 반항의식과 불가피한 생존 양태의 문제, 더불어 노동이 아닌 도박판에 뛰어들 수 밖에 없는 사행적 행태들이 소설에서 잘 드러나고 있습니다. 김유정 문학 특유의 해학성을 가능한 배제하고, 일제 강점기 아래에서 농촌의 착취 구조와 모순을 겨냥해 성공적으로 형상화한 작품이라는 평을 받습니다. 「만무방」의 오리지널 스코어를 작곡한 '박순아'는 가야금연주자로 재일교포 3세입니다. 한국음악앙상블 ‘바람곶’, 창작음악그룹 ‘비빙’, 한·중·일 앙상블 ‘고토히메(KOTOHIME)’ 등을 통해 독보적인 가야금 연주와 음악들을 선보여 왔습니다. 일본에서 나고 자란 박순아는 일본에서 13현 가야금을 접한 것을 계기로 북한 평양음악무용 대학의 통신교육생으로 전문교육을 받았습니다. 일본과 북한, 그리고 한국을 오가며 자기만의 독특한 가야금 세계를 만들어가고 있습니다. 100년 전 우리 소설, 아름다운 소리로 만나다. [Resound 단편] 시리즈 소위 ‘고전’이라 불리는 작품들은 시대를 불문하고 인간과 삶을 관통하는 날카로운 통찰을 담고 있습니다. 그러나 한 번쯤 제목은 들어 봤을지라도, 제대로 읽어본 적은 없는 경우가 많습니다. 왜일까요? 어쩌면 고전은 낡고 지루하며 어렵다는 편견이 있는 건 아닐까요. [Resound 단편] 시리즈는 그 편견을 깹니다. 오늘날 활발히 활동 중인 작가들이 고쳐 쓰고, 그 원고를 전문 배우들이 생생하게 낭독하고, 거기에 뮤지션들이 작곡한 음악이 더해져, 고전은 새로운 예술작품이 되었습니다. 옛 것의 가치는 간직하되 새로운 옷을 입고 화려하게 돌아온 50편의 [Resound 단편] 시리즈가 새로운 문학의 세계, 감상하는 오디오북의 세계로 당신을 초대합니다.",https://audioclip.naver.com/audiobooks/6507A776EA
