titles,authors,informs,clip_links
사도의 8일: 생각할수록 애련한,조성기,★사도세자와 혜경궁 홍씨의 관점에서 돌아본 뒤주 8일간의 이야기!★ 『사도의 8일: 생각할수록 애련한』은 비운의 왕세자 사도와 혜경궁 홍씨의 관점으로 돌아본 뒤주 8일간의 이야기로 조성기의 문학적 깊이가 드러나는 수작이다. 역사소설을 넘어서는 인간소설이며 실존소설인 이 작품은 젊은 성군 사도의 역사적 비극을 내면적으로 파고들어간다. 조선 왕실 최대의 비극이며 인류 역사상 전무후무한 뒤주형을 당한 사도. 뒤주라는 절대적인 한계 상황에서 자신이 권력 투쟁에 휘말릴 수밖에 없었던 상황과 아버지 영조와의 갈등 그리고 혜경궁 홍씨와의 사랑을 이상문학상 수상 작가 조성기의 놀라운 상상력으로 생생하게 재현해낸다. 조성기만의 날카롭고 섬세한 필체로 그려낸 역사 속의 장면들은 슬프다 못해 애련하다.,https://audioclip.naver.com/audiobooks/12A2E80D26
[단편] 이모,권여선,"소설가 권여선의 다섯번째 소설집이자 2016 동인문학상 수상작. 이해되지 않는, 그러면서도 쉽사리 잊히지 않는 지난 삶의 불가해한 장면을 잡아채는 선명하고도 서늘한 문장으로 삶의 비의를 그려낸다. 인생이 던지는 지독한 농담이 인간을 벼랑 끝까지 밀어뜨릴 때, 인간은 어떠한 방식으로 그 불행을 견뎌낼 수 있을까. 미세한 균열로도 생은 완전히 부서질 수 있다는 것을 보여주는 데 탁월한 감각을 발휘해온 권여선은 그럼에도 그 비극을 견뎌내는 자들의 숭고함을 가슴 먹먹하게 그려낸다. 「이모」 안산 외곽의 오래된 소형 아파트에서 혼자 살고 있는 이모의 집에는 텔레비전도 컴퓨터도 휴대전화도 없다. 착취했다고밖에는 말할 수 없는 가족 곁을 완전히 떠나기 전 5년간 악착같이 모은 1억 5천만원에서 1억은 아파트 보증금으로, 남은 5천만원으로는 그 돈이 떨어질 때까지 아무 일도 하지 않고 살겠다 결심한 이모. 그리고 이모의 인생을 바꿔놓은 어느 겨울밤의 이야기가 이어진다.",https://audioclip.naver.com/audiobooks/8F89648AD7
사건 치미교 1960,문병욱,"영화화를 위해 완벽히 준비된 한 편의 치밀한 스토리! 대한민국 전체를 거짓으로 혼란케 했던 충격적 실화! 작가 문병욱은 공대를 졸업하고 관련 계통의 일을 하다 한순간 글쓰기의 길을 선택, 몇 년 간 아무것도 하지 않고 글쓰기에만 매달렸다. 그리고 한국작가협회에서 주최하는 시나리오 공모전에서 당당히 대상을 거머쥔다. 다시 소설이라는 장르의 매력에 푹 빠진 문 작가는, 누구도 쉽게 들추어내지 못하는 어려운 소재들을 발굴해내어 치밀한 스토리들을 써내기에 이른다. 그중 《사건 치미교 1960》은 ‘제1회 이답 스토리공모전’ 최종 당선작으로, 신인 작가라고 하기엔 너무나 대담하고 흡입력 있는 전개를 보여주는 놀라운 소설이다. ‘재미’와 ‘긴장감’은 물론, 실화를 모티브로 해 탄탄한 구성을 겸비한 이 소설은 어두운 시대상의 일면과 함께 선악을 겸비한 인간의 내면을 파헤쳐가며 생각에 잠기게 만든다. 1930년, ‘백백교’라는 이름의 한 사이비종교 등장. 눈앞에 뻔히 보이는 거짓말에도 불구하고 수만 성도들을 끌어들이며 대한민국을 떠들썩하게 했다. 이 사건은 오래 전 다큐멘터리에서도 다루어진 적이 있으나 이미 사람들의 머릿속에서 잊혀져 갔고, 지금도 버젓이 존재하고 있는(있을지 모르는) 잔재들에 대한 가능성을 바탕으로 생생한 이야기가 전개된다. 누군가는 이 소설이 ‘세월호’ 사건과 관련이 있는가, 라는 의문을 던져오기도 하고, 당시 사회적 분위기 속에 얽혀 있던 여러 가지를 건드리는 것이 아닌가, 하는 걱정을 해오기도 한다. 그래서 이 소설은 ‘사회적 문제작’이라는 별명을 달고 세상에 나오게 됐다. 그리고 그것은 비단 대중성을 겸비한 재미있는 ‘소설’을 넘어, 당시 왜 사람들이 거짓을 보지 못할 수밖에 없었는지에 대한 시대적 상황을 되짚어보게 한다는 점에서 더 의미가 있다.",https://audioclip.naver.com/audiobooks/E39FA86223
소화,정해연,"""그저…… 작은 꽃이 되고 싶었습니다. 길가에 피든 바위 사이에 피든, 바람이 불면 부는 대로 흔들리고, 지나가는 이의 발자국 소리에 몸을 파르르 떨더라도 영롱한 아침이슬 가득 머금고 눈부시게 빛나는... 그저 작은 꽃이 되고 싶었습니다."" 노비라는 사슬을 지독히도 원망하고 벗어나고 싶어 했던 여인 소화. 소화: 내가 누구입니까? 자운: 나의 숨이다. 소화: 내가…누구입니까? 자운: 나의 심장이다. 소화: 내가...누구입니까? 자운: 나의...꽃이다. 소화를 사랑해 품에 안지 않았던 왕, 휘. 소화를 사랑하지만 왕의 신하이기에 심장을 잠재운 종사관, 자운. 그리고 노비 사슬을 벗어나기위해 휘의 여자가 되고 자운의 슬픔이 되어야했던 소화. 휘 : 종사관, 나와 사냥대결을 해보지 않겠느냐? 자운: 예? 휘 : 뭘 그리 놀라느냐? 대결을 하려면 내기 정도는 필요하겠지? 자운: 말씀하십시오, 전하. 휘 : 내기에 진 자는...자신의 마음에 있는 것을 내려놓기로 하지.",https://audioclip.naver.com/audiobooks/2F5F4D1567
애견무사와 고양이 눈 합본(2편),좌백 진산,"한국 무협을 대표하는 좌백&진산 작가 부부가 각각 '개'와 '고양이'를 주제로 선보이는 감동적인 동물 무협 시리즈 강시현, 신경선, 최낙윤, 김보나, 이승행 성우의 생동감 넘치는 연기와 다채로운 음향 효과가 어우러진 드라마 오디오북 2편을 한꺼번에 만나다! 1. 고양이 눈 고양이 요괴 묘파파는 어린아이를 잡아먹으려다가 견신과 마주치곤 혼쭐이 나서 도망친다. 순식간에 요력을 잃은 탓에 고양이의 모습으로 변신해 숨어 있던 중, '은려'라는 꼬마 아이에게 붙잡혀 졸지에 집고양이로 들어앉게 된다. 이 기회를 틈 타 요력을 보강하고 아이를 잡아먹으려던 묘파파는 애초의 뜻과는 다르게 벽지에서 외롭게 지내는 가족의 사연을 알게 되고는 꽤 오랜 시간을 이들과 함께하게 되는데……. 죽지 않는 요마의 이야기에 빗대어 먼저 떠나보낸 동물들에 대한 그리움과 추도를 담은 감동적인 무협 단편. 2. 폐허의 개들 흑수당과의 싸움에서 패배한 철검장은 철검장주를 보호하기 위해 탈주를 감행한다. 철검장주의 심복인 황구, 백구, 흑구로 불리운 사내들은 저마다의 특기를 발휘하여 자신의 주인을 보호하기 위해 목숨을 거는데……. 오로지 주인을 지키고자 하는 일념으로 눈물 나는 충정을 보인 세 심복의 이야기를 개의 심성에 빗대어 선사하는 감동적인 무협 액션 단편. *좌백&진산 작가는 공동 단편집 『애견무사와 고양이 눈』을 통해 각각 '개'와 '고양이'를 주인공으로 한 6편의 연작 단편을 발표하였으며, 시리즈의 모든 작품은 브릿G에서도 바로 읽을 수 있다. - 📌 성우들의 열연, 환상적인 BGM과 연출! 황금가지의 드라마형 오디오북 목록",https://audioclip.naver.com/audiobooks/6606EC56CD
봉봉,에드거 앨런 포,"세계 문호들의 판타스틱 단편 고전을 엄선하여 소개하는 시리즈 작품! 철학과 요리에서 천재성을 드러내고 있는 피에르 봉봉. 그러나 그런 그에게도 거래를 좋아한다는 결점이 있었는데. 어느 폭풍우 치는 날, 그는 악마와 거래를 시도한다. 《출판사서평》 낯선 세계로의 여행! 그곳으로 통하는 문이 이 책 안에 숨겨져 있다. 상상력의 힘이 펼쳐 보이는 끝도 없는 환상의 세계!! 그 안으로 들어가는 문은 우리의 현실 곳곳에 숨겨져 있다. 단지 현실세계에 너무나도 익숙하게 길들여진 우리의 눈에 보이지 않을 뿐이다. 하지만 어떤 우연한 일을 계기로 환상의 세계로 통하는 문이 열리면, 우리 앞에 몽롱한 환상의 세계가 펼쳐진다. 그리고 우리는 두려움과 함께 머뭇머뭇 그 세계로 들어서게 된다. 그렇게 해서 들어서게 된 곳은 더 이상 환상의 세계가 아니다. 그곳에서는 현재 우리가 살고 있는 현실보다 더욱 현실감 넘치는 사건이 우리를 기다리고 있다. 이제 우리는 그 세계에 빠져 현실로 도망치고 싶어 하면서도, 혹은 그 세계에 영원히 머물고 싶어 하면서도, 끝내 그렇게 하지 못 한다. 그 세계는 도망치려 하면 우리를 더욱 붙잡아두고, 영원히 머물고 싶어 하면 우리를 힘껏 밀어내는 세계이다. 누구나 한번쯤을 꿈꿔왔을 그 환상의 세계가 드디어 우리 앞에 펼쳐진다. 인류 최고의 상상력이 총망라된 이 책을 통해서, 당신 옆에 숨겨져 있는 환상의 세계로 가는 문에 대한 힌트를 얻기 바란다.",https://audioclip.naver.com/audiobooks/58BE023F7B
켄세라,채현선,"세벽 세시, 라파엘을 찾는 모르는 여자의 전화가 걸려온다. ""나를 전혀 알지 못하는 누군가가 필요한"" 사람이냐는 여자의 말에, 나는 전화를 끊지 못한다. 나는 여자가 들려주는 라파엘 이야기에 귀를 기울인다. 내가 창문을 여는 동안 여자가 노래를 부른다. 누구일까, 나는 다시 삶을 살길 원한다... 라파엘을 그리고 싶었다는 여자의 목소리를 들으며 밤이 깊어간다.",https://audioclip.naver.com/audiobooks/9A35857F8E
칠면조와 달리는 육체노동자,천명관,"천명관은 그 이름 자체로서 힘이 넘치고 독자를 유쾌하게 만드는 작가이다. ‘희대의 이야기꾼’으로서 등단 이후 꾸준히 ‘폭발하는 이야기의 힘’을 선보여온 작가 천명관이 7년 만에 두번째 소설집 『칠면조와 달리는 육체노동자』를 선보인다. 풀리지 않는 인생, 고단한 밑바닥의 삶이 천명관 특유의 재치와 필치로 살아나는 여덟편의 이야기를 읽다보면 여전히 웃음이 나면서도 어느 순간 가슴 한구석이 턱, 막히는 먹먹한 감동을 얻게 되고 그 여운은 진하게 오래 남는다. 그사이 천명관의 유머에는 따뜻한 서정과 서글픈 인생에 대한 뜨거운 위로가 더해졌고, 통쾌한 문학적 ‘한방’은 더욱 강렬해졌다.",https://audioclip.naver.com/audiobooks/F7D518D953
어셔가의 몰락,애드가 앨런 포우,"중고생이 꼭 읽어야 할 세계 단편 소설 '어셔가의 몰락'. 미국 낭만주의의 환상성과 신비성을 마음껏 표출한 애드가 앨런 포우의 대표적 단편소설 '어셔가의 몰락'. 나는 어느 날 소년시절 학교에서 잠깐 스치듯 알고 지내던 어셔라는 친구로부터 갑작스런 편지를 받는다. 오랜만에 다시 만난 전통 있는 집안의 후예인 로데릭 어셔는 심한 우울증에 걸려 있었다. 내가 도착하자마자 어셔의 쌍둥이 누이동생이 죽어 장례를 치렀는데 폭풍우 치는 어느 날 밤, 죽었던 누이동생이 살아 돌아와 책을 읽고 있던 오빠에게 쓰러진다. 그리고 두 남매는 모두 죽는다. 이 무서운 사건을 목격한 ‘나’는 겁에 질려 밖으로 달아난다.",https://audioclip.naver.com/audiobooks/5A8EDD3DE6
컴퍼스 콤플렉스 3권,백묘,"""“아니, 아니. 내 말을 오해하는 모양인데…… 지금 내 반응이 되게 사랑처럼 보인다는 거 알아. 내가 바보도 아니고, 그걸 모르겠냐?” 천재 자동차 디자이너 마승민. 자신의 천재성을 몰라주는 회사 생활에 지쳐 까칠해진 그의 앞에 소녀라기보다는 소년 같은 여자 현수가 나타난다. 이상하게도 현수 앞에서는 자신의 솔직한 모습을 보여 줄 수 있게 된 승민, 어느샌가 마음속 깊이 들어와 버린 현수를 향한 승민의 못 말리는 짝사랑! “네. 얄미운데도 사랑해 줘서 고마워요.” 시골 마을의 자동차 정비사인 정현수. 말 못할 콤플렉스로 여자인 자신을 부정하고 남자의 삶을 동경하던 그녀였지만 승민을 만나 제 안의 진정한 모습을 깨닫게 된다. 승민이 만든 자동차가 보고 싶어진 현수는 승민을 따라 서울로 올라오게 되는데…….""",https://audioclip.naver.com/audiobooks/75EE51535F
에밀리를 위한 장미,윌리엄 포크너,고독한 미스 에밀리의 비밀의 방이 열린다! 미스 에밀리는 부친이 죽은 뒤 세상과 단절하고 살아갑니다. 집을 드나드는 사람이라곤 늙은 하인뿐이었죠. 윌리엄 포크너의 단편소설,https://audioclip.naver.com/audiobooks/320FC210A2
요약) 위대한 유산,원작 : 찰스 디킨스 / 요약 : 북코스모스,원작 : 찰스 디킨스 요약 : 북코스모스 제작 : (주)와미디어 낭독 : 김은정,https://audioclip.naver.com/audiobooks/E664CCFAE7
비운의 주드 1,토마스 하디,"※ KBS 슈퍼탤런트 1기 배우 김시연 전권 완독 ※ 토마스 하디 최후의 대표작으로 비극문학의 정수. 19세기 최고의 문제작으로 신랄한 비판을 받았다. 《비운의 주드》는 기혼 남녀 두 주인공이 각각 자신의 배우자를 버리고 동거하여 아이를 낳는 이야기를 아무런 도덕적 비난 없이 그린다. 위선과 허위의식으로 가득 찬 교육제도와, 남녀간의 애정에 기반하지 않은 형식적인 결혼제도를 비판한 이 작품은 당시 기성세대에게 혹독한 공격을 받았으며, 어느 주교에 의해 분서를 당하는 수난까지 겪었고, 그 충격으로 하디는 소설을 절필하기에 이른다. 하디는 주드의 이야기를 한 청년의 사랑 이야기로 끝내지 않고, 운명에 맞서다 스러진 한 인간의 이야기로 승화시켰다. 전체적인 소설의 분위기는 침울하고 비관적이며, 비극적인 세계관이 작품 전체를 관통한다. 《비운의 주드》는 처절한 그의 짧은 일생을 통하여 사회 구조 속에 도사린 불합리한 체제를 변혁하고자 하는 마음이 작품 속에 깊이 퍼져 있다. 토마스 하디는 이 작품을 통해 영국의 고등교육, 사회계급제도, 결혼제도를 공격했다. 작품 곳곳에 하디의 결혼과 이혼에 대한 개방적인 태도가 엿보인다. 비극적인 남녀 주인공을 통해 당대의 도덕관을 깊이 다루면서 비판하고 있다.",https://audioclip.naver.com/audiobooks/999E5FA326
행성어 서점,김초엽,"마음산책 열두 번째 짧은 소설은 한국 SF문학의 새로운 지평을 연 소설가 김초엽의 『행성어 서점』이다. 그는 “산뜻한 이야기의 마을”에서 수집해온 열네 편의 이야기를 진진하게 펼쳐간다. 우리가 발 딛고 선 현실에서 출발하는 작품들은 장애와 혐오, 이종(異種)간의 갈등과 공존, 환경 파괴 같은 동시대적인 문제의식을 안은 채 우주적 세계로 향한다. 수술 후유증으로 무엇이든 몸에 닿으면 끔찍한 고통을 느끼는 ‘접촉 증후군’ 환자 파히라(「선인장 끌어안기」), 뇌에 통역 모듈을 심어 수만 개의 은하 언어를 알 수 있는 세상에서 시술 부적응자로 살아가는 교수(「행성어 서점」), 균사체 연결망이 집단 지능을 구축하고 있는 늪에 갑자기 나타난 유약한 미지의 소년(「늪지의 소년」), 폐허 직전의 휴게소 한 편에 위치한 기이한 식당의 의문투성이 주인(「지구의 다른 거주자들」)은 이 세계의 별종이자 이방인들이다. 김초엽은 나와 다른 타자, 나아가 소수자의 삶을 독자가 직접 마주 보게 함으로써 다양성에 대한 인식과 긍정을 넘어 공존을 모색하도록 도모한다. 이 오디오북은 한국출판문화산업진흥원(KPIPA)의 ‘2022년 오디오북 제작 지원’ 사업 선정작입니다.",https://audioclip.naver.com/audiobooks/AAAD0BD985
탐닉 - 일본 중단편 고전문학,이와노 호메이,엄선한 일본 근현대 중단편 문학의 정수! ― 다섯 번째 이야기 이와노 호메이의 작가적 지위를 확립하게 해준 작품 게이샤에게 빠져 그녀를 여배우로 만들기 위해 노력하는 작가 중년 남성의 비소한 현실을 밝고 즐겁게 그린 자연주의 소설의 수작,https://audioclip.naver.com/audiobooks/5AF1011568
모르그 가의 살인사건 - 세계 미스터리 고전문학,에드거 앨런 포,세계 유명 작가들의 미스터리 고전을 엄선하여 소개하는 시리즈의 일곱 번째 작품! 어느 날 신문을 통해서 우연히 접하게 된 괴사건. 끔찍한 살해현장과 엇갈리는 목격자들의 진술. 뒤팽이 천재적인 추리력으로 밝혀낸 살인범은 놀랍게도 인간이 아니었다.,https://audioclip.naver.com/audiobooks/83862ECEB6
한 권으로 읽는 세계명작 다이제스트 시리즈(전12권) - 10권,박영만,"KBS 슈퍼탤런트 1기 배우 김시연이 낭독한 오디오북! 세계명작을 흥미롭게 엮어 현대 감각으로 새롭게 탄생! 『한 권으로 읽는 세계명작 다이제스트 55』는 세계명작의 탄생 배경과 함께 작가의 삶, 작품의 줄거리, 에피소드, 주제, 인류에게 미친 영향, 가치 등을 흥미롭게 엮어 현대 감각에 맞게 새로이 탄생시킨 세계명작 55편의 다이제스트이다.",https://audioclip.naver.com/audiobooks/6306DCC4B1
"마흔 살의, 여덟 살",박민우,"[본 오디오북은 '요약본'입니다.] 하늘이 내려준 고강도 밀착 집단 ‘가족’ 이야기 사랑도, 라면도 부족하기만 했던 1980년의 미아리 여덟 살, 대체적 밉상의 문제적 고백 [1만 시간 동안의 남미], [1만 시간 동안의 아시아], [행복한 멈춤, STAY]로 수많은 독자를 설레게 했던 유쾌한 입담, 박민우 작가의 첫 번째 소설이다. [마흔 살의, 여덟 살]은 제목에서 보이듯 마흔 살이 된 저자가 여덟 살 당시를 회상하며 써내려간 자전적 소설이다. 1970년대 말과 1980년대 초, 가난하고 부족하기만 했던 미아리에서 무소불위의 힘으로 때리고 빼앗던 형, 핏줄이라는 구태의연한 가치에 귀결되는 가족애, 동네의 생태계에서 소외되는 왕따 등의 경험이 미아리의 가난한 삶과 함께 고스란히 녹아 있다. 깐도리, 왔다 쵸코바, 이뿐이 비누, 스카이 씽씽, [소년중앙], [어깨동무] 등 기억 속에서만 머물고 있는 사물들이 박민우 작가 특유의 생생한 묘사를 통해 책 속에서 또렷이 살아 움직인다. 배고팠던 시절, 증오하고, 투쟁하며 결국 서로에게 기댈 수 없는 가족의 가치를 애잔한 향수와 함께 절절히 표현해 낸다..",https://audioclip.naver.com/audiobooks/D942EB6B88
(어린이를 위한) 셜록 홈즈 대표 단편선 3,아서 코난 도일,"삼국지연의,“나에게 문제를 던져 주게. 가장 난해한 암호, 가장 복잡한 분석 과제를 던져 주게. 나는 무미건조한 일상을 혐오하네.” - 셜록 홈즈 색다른 감각으로 다시 만나는 셜록 홈즈, 그 세 번째 사건 일지! 아서 코난 도일의 추리물은 직감에 의존한 해결이 아니라 철저한 과학적 추리를 통한 사건 해결로 과학적인 범죄학을 추구함으로써 단순히 범죄소설에 머무르던 추리문학을 당당히 소설의 한 장르로 자리 잡게 했다. 《어린이를 위한 셜록 홈즈 대표 단편선 3》은 《어린이를 위한 셜록 홈즈 대표 단편선》, 《어린이를 위한 셜록 홈즈 대표 단편선 2》에 이은 홈즈 시리즈 최신작이다. 현대 어린이들의 구미에 맞는 대표적인 작품 4편을 엄선한 후 이전과는 새로운 감각의 일러스트를 배치하여 작품의 품격을 높였으며 작품별로 소제목을 달아 전개될 내용에 대한 궁금증을 증폭시켰다. 이 책은 100년 넘게 여전히 독자들의 사랑을 받고 있는 추리소설의 바이블로서 어린이들의 추리력과 상상력을 키우는 계기가 될 수 있을 것이다. 가설과 검증, 관찰과 실험으로 대변되는 근대 경험 과학적 사고의 대중 전도사라는 평에 걸맞은 홈즈의 추리기법을 직접 눈으로 확인해보자! 대중문화 최초의 스타, 셜록 홈즈 《검은 고양이》, 《어셔가의 몰락》 등으로 우리에게 잘 알려진 에드거 앨런 포는 추리소설을 창시했다고 인정받고 있으며, 셜록 홈즈라는 명탐정을 만들어낸 코난 도일은 추리소설을 완성했다고 평가받고 있다. ‘관찰과 추리’만으로도 모든 것을 밝혀낼 수 있다고 말하는 자신만만하고 오만한 명탐정 셜록 홈즈와 그의 유일한 친구이자 의학박사인 존 해미시 왓슨에게 벌어지는 일련의 사건들을 따라가다 보면 어느새 손에 땀을 쥐고 있는 자신을 발견하게 될 것이다. 홈즈가 활동하던 시기 영국은 빅토리아 왕조시대로 산업혁명이 완성되면서 해가 지지 않는 나라라는 번영을 누리던 시기였다. 세계 최초 지하철과 우편제도, 의무교육이 실시되었고 산업혁명으로 부를 축적한 중산층이 생겨났다. 의무교육제도와 함께 대중도 문자를 읽을 수 있게 되면서 그간 상류계급의 특권이었던 잡지와 책을 서민들도 읽을 수 있게 되었다. 이때 아서 코난 도일의 홈즈 시리즈가 잡지에 연재되면서 폭발적인 인기를 끌었고 홈즈는 마치 실제 인물 못지않은 엄청난 영향력을 갖게 되었다. 이후 셜록 홈즈는 현재까지 명실상부 최고의 추리소설로 많은 사람들에게 사랑을 받고 있다.",https://audioclip.naver.com/audiobooks/4EEDFEE975
친절한 복희씨 <그래도 해피엔드>,박완서,"<친절한 복희씨> 중 단편 '그래도 해피엔드' 일흔이 넘은 나이에도 은퇴를 모르는 작가 박완서! 그녀는 자신이 70이 넘게 살아오면서 쌓아온 통찰과 이해, 그리고 세상을 보는 관점과 지혜로 자신만의 노년문학을 개척했다. 그런 그녀가 이 시대를 사는, 어디서나 볼 수 있는 흔한 노인들을 통해 적재적소의 유머와 재치가 무엇인지는 ‘그래도 해피 엔드'에 고스란히 드러냈다. 누구나 꿈꾸는 노년의 생활을 시작한 그녀가 서울 모임에 가면서 만난 불친절한 버스기사와 친절한 젊은 택시기사의 이야기.",https://audioclip.naver.com/audiobooks/7FF3A3D383
장녀,황의건,"'옥.떨.메., 옥상에서 떨어진 메주. 옥상에서 메주가 떨어졌다. 그리고, 비로소 자유를 얻었다, 고 나는 생각했었다.' 소설은 이처럼 뜬금없는 화두를 던지며 주인공, ‘사샘’의 시점으로 장을 담그는 시간적 흐름에 맞추어 전개된다. 섣달그믐 밤, 자신과 두 동생을 버리고 떠난 엄마가 15년 만에 다시 집으로 돌아오며 이야기 뒤의 갈등이 서서히 드러난다. 정월 대보름, 부럼을 까기 위해 모인 세 자매는 엄마를 다시 재회하게 되고, 그 과정에서 둘째의 성정체성이 갈등의 뇌관이 된다. 트랜스젠더 성전환 수술로 인해 엄마와 딸들은 한바탕 갈등으로 치닫는다. 그리고, 그날 밤, 주인공의 엄마는 ‘옥떨메’ 처럼 옥상에서 투신해 자살하고 만다. 엄마를 화장해 덕산 계곡에 뿌리고 돌아오는 길, 주인공은 우연히 장터에서 엄마와 이름이 같은 메주를 발견하게 되고, 사게 되면서 집에 와 장을 담그게 되고, 장에 얽힌 어린 시절의 추억, 엄마에 대한 그리움, 장녀로서의 정체성 그리고 생계를 위해 자신의 몸과 영혼을 팔았던 시절을 회상하면서 여기까지 버티고 살아온 처절한 청춘의 단면을 담담하게 들려준다. 오디오북은 영화배우 정경순의 목소리와 할리우드 영화음악 감독 남수진 작곡가가 ‘장녀’ 만을 위한 음악을 제공했다.",https://audioclip.naver.com/audiobooks/5917B1FC74
논이야기 (Resound단편),채만식,"「논이야기」는 1946년 『해방문학선집』에 발표된 '채만식'의 단편소설입니다. 다섯 장으로 구성된 소설 '논이야기'는 해방 직후 농촌의 현실과 농민의 삶이 어떻게 달라졌는지에 대해 사실주의적으로 그린 소설입니다. 채만식은 소설 속 주인공인 한 생원을 통해 농민에게 모함을 씌워 토지를 빼앗가 가던 구한말 시대나 일본인들에게 농토를 수탈당하던 일제시대, 그리고 해방 후에도 전혀 달라진 게 없는 시대를 강하게 비판하고 있습니다. 작가는 모순적 사회 구조 아래에서의 농민의 궁핍한 삶, 지식인의 고뇌, 도시 하층민의 몰락, 시대적 혼란상 등을 실감나게 묘사하고 있습니다. 「논이야기」의 오리지널 스코어를 작곡한 '박석주'는 음악 밴드 ‘주스 프로젝트’의 리더이자 기타리스트입니다. 전통 음악에 바탕을 두고 때로는 고요하게 때로는 화려하게 음을 넘나들며 음악의 본질적 가치를 탐색하는 뮤지션입니다. 국악과 크로스오버, 영화음악 등 무수히 많은 영역에서 활동하고 있는 박석주는 장편독립영화 '이수아'와 연극 '비명자들' 등에서 음악감독으로 활동하기도 했습니다. 100년 전 우리 소설, 아름다운 소리로 만나다. [Resound 단편] 시리즈 소위 ‘고전’이라 불리는 작품들은 시대를 불문하고 인간과 삶을 관통하는 날카로운 통찰을 담고 있습니다. 그러나 한 번쯤 제목은 들어 봤을지라도, 제대로 읽어본 적은 없는 경우가 많습니다. 왜일까요? 어쩌면 고전은 낡고 지루하며 어렵다는 편견이 있는 건 아닐까요. [Resound 단편] 시리즈는 그 편견을 깹니다. 오늘날 활발히 활동 중인 작가들이 고쳐 쓰고, 그 원고를 전문 배우들이 생생하게 낭독하고, 거기에 뮤지션들이 작곡한 음악이 더해져, 고전은 새로운 예술작품이 되었습니다. 옛 것의 가치는 간직하되 새로운 옷을 입고 화려하게 돌아온 50편의 [Resound 단편] 시리즈가 새로운 문학의 세계, 감상하는 오디오북의 세계로 당신을 초대합니다.",https://audioclip.naver.com/audiobooks/864319171B
광장에 서다 <내 친구 종현>,주원규,"청소년들의 진정한 용기와 힘 그리고 뜨거움! 『광장에 서다』는 한국 현대사가 어떻게 진행되어 왔는지 당대의 시대적 상황을 구체적이고 현장감 넘치는 삶의 모습으로 전달하고 있어, 청소년들에게 한국 현대사를 흥미롭고 의미 깊게 만날 기회를 제공한다. 역사를 아는 것은 우리 삶에 매우 중요한 일이다. 박근혜 정부의 부패한 권력은 어느 날 갑자기 등장한 것이 아니라, 한국 현대사에 뿌리 깊게 박혀 있는 적폐이다. 청소년들이 『광장에 서다』를 읽으며 한국 현대사를 자세히 들여다보면 그 적폐의 시작이 언제부터 어떤 방식으로 형성되어 왔는지를 알 수 있게 된다. 그 중 <내 친구 종현>은 1990년대 - 외환 경제 위기를 다루었다.",https://audioclip.naver.com/audiobooks/0BA1AFD337
소현세자 독살사건,이수광,"[본 오디오북은 '요약본'입니다.] 문(文)의 시대 조선. 실존 인물 중에 김체건은 일본까지 가서 왜검을 배워왔고, 정조 때 이덕무와 박제가 등이 《무예도보통지》를 편찬할 때 무예를 실연했던 장용영, 장관 백동수는 조선의 무인으로 불렸다. 경회루 위를 날아다닌 장생 같은 이들은 무술이 입신의 경지에 이르렀다고도 전해진다. 그러나 무(武)가 아닌 문(文)을 숭상한 조선이었던지라 그들이 검객으로 활약한 이야기가 거의 드러나지 않았다. 이 시기에 무예나 무인을 다룬 문학작품이 거의 없는 까닭도 바로 이 때문이다. 조선 인조 시대, 진실을 추적하는 강호들의 쫓고 쫓기는 무용담이 한 편의 드라마처럼 리얼하게 펼쳐지는 역사 소설이다. 특히 중심인물인 두 여 검객, 이진과 이요환이 서로 다른 사랑과 복수를 위해 벌이는 현란한 무예 장면이 독자들을 압도한다. 작가의 비상한 상상력으로 빚어진 두 검녀는 권력 때문에 아들과 손자를 죽이는 비정한 국왕 인조, 남편과 자식을 잃고 통곡하는 세자빈 강씨, 권력의 화신 조소용과 김자점 등 실존 인물들과 절묘하게 어우러져 소설을 더욱 다채롭고 생동감 있게 장식한다. 현재까지도 전대미문의 미스터리로 남아 있는 우리의 역사, 소현세자 독살사건. 숨은 진실을 추적하는 강호들의 이야기 속으로 독자들을 초대한다. 누가 소현을 독살했는가? 풀리지 않은 미스터리 숨겨진 진실을 추적하는 강호들의 치밀하고 치열한 두뇌 싸움 임금이 수라를 들면 시종하던 궁녀들은 독이 있는지 살피기 위해 은채로 먼저 음식을 조심스럽게 찔러본다. 그날도 마찬가지였다. 그런데 전복구이를 찌른 상궁의 얼굴이 하얗게 질렸다. 은채가 검게 변한 것이다. - 본문 중에서 조선 역사의 기록과 달리 소현세자가 독살되었다는 정설이 있다. 당시 조선의 정계에서 청나라를 배척하는 분위기와 인조가 불안해한 점을 감안할 때 충분히 가능한 일이다. 인조가 후궁 조씨와 김자점을 시켜 소현세자를 독살한 것은 거의 사실로 받아들여졌다. 인조 실록은 소현세자의 주검은 까맣게 변해 있었고 7군데 혈(穴)에서 출혈이 있었다고 한다. 이는 보통 사약을 마시고 사망한 사람에게 나타나는 현상이다. 또한 세자가 사망하면 치료를 맡은 어의가 문책을 받게 되는데 인조는 오히려 그를 두둔했다고 전해진다. 소현세자가 죽은 뒤 인조는 왕권 강화 차원에서 세손(世孫, 소현세자의 장자)을 폐위하고 봉림대군(효종)을 세자로 책봉했다. 인조는 소현세자의 부인인 강빈에게도 강한 적개심을 가지고 있었고 그녀 역시 임금의 수라상에 독을 넣었다는 혐의를 받고 죽임을 당하고 말았다. 그러나 아무리 정설이 존재한다고 해도 진실은 알 수 없다. 《소현세자 독살사건》은 오랜 세월이 흘렀으나 아직도 풀리지 않은 소현세자 독살사건을 다루고 있다. 소현세자의 죽음을 중심 사건으로 두고 진실을 추적하는 강호들의 숨 막히는 진실 게임이 빠르게 전개된다. 소설은 대부분 실존했던 등장인물이 이끌어가지만 중심인물은 이진과 이요환이라는 두 여 검객이다. 매력적이고 개성이 넘치는 두 검녀의 말과 행동을 통해 소현세자 독살사건을 재해석한 작가의 관점을 읽을 수 있다. 역사는 소현세자가 어떻게 죽었는지 밝히지 못했다. 이 소설에서 작가가 소현세자의 죽음을 들춰내고, 진실을 추적하는 강호들을 만들어낸 까닭은 무엇인가. 현재, 현실에서 맞닥트리는 갖가지 사건 속에 감춰진 숨은 진실도 마치 소현세자의 죽음과 같다는 주제 의식을 전하기 위해서다. 우리는 진실과 거짓이 마치 뫼비우스의 띠처럼 뒤엉켜 있는 듯한 수많은 사건을 겪는다. 진실인 줄 알았는데 거짓이고, 거짓인 줄 알았는데 진실인 상황과 마주할 때마다 수많은 이가 희생당한다. 소설 속 등장인물이 살기 위해, 자신의 자리를 지키기 위해, 사랑하기 위해 치밀하고 치열한 두뇌 싸움을 벌이는 모습은 우리의 현실을 반영하고 있다.",https://audioclip.naver.com/audiobooks/956C442ECD
순이 삼촌,현기영,"제주의 4월, 그곳에는 ‘순이 삼촌’이 있다 현대사에 빛나는 거장 현기영의 문학인생 40년 탄탄한 구성과 서정적인 묘사가 어우러진 중후한 문체로 제주도 수난의 역사를 애정어린 시선으로 파고들면서 특히 ‘4․3사건’의 역사적 진실을 복원하는 데 집중해왔던 현기영의 중단편전집(전3권)이 출간되었다. 동아일보 신춘문예 등단작 「아버지」(1975)부터 계간 『창작과비평』에 발표하면서 문단에 큰 파장을 불러일으킨 ‘4․3소설’의 최고봉이자 ‘4․3사건’ 그 자체라고도 할 수 있는 「순이 삼촌」(1978), 단편소설의 백미인 「마지막 테우리」(1994)까지 모두 30편의 중단편 작품(마당극 「일식풀이」와 희곡 「변방에 우짖는 새」 포함)을 개정해 새로운 장정으로 선보인다. 비록 과작이기는 하나 빼어난 문학적 성취를 보여준 현기영 소설의 정수를 일목요연하게 맛볼 수 있는 이 전집은 작가의 등단 40주년을 기념하는 동시에 그의 작품을 새롭게 조명하는 것이다. 역사에 대한 깊은 성찰과 인간에 대한 애정이 녹아든 명편들은 여전히 변함없는 감동을 자아내며 작가의 강직하고 사려깊은 문학적 삶은 묵직한 울림으로 다가온다. 첫째권 『순이 삼촌』에는 표제작을 비롯하여 10편의 소설이 실려 있다. 이중에서 오랫동안 금기시했던 ‘4ㆍ3사건’을 최초로 세상에 알린 「순이 삼촌」, ‘그날’의 처절한 현장을 역사적 현재의 수법으로 절실하게 재현해낸 「도령마루의 까마귀」, ‘4ㆍ3사건’의 비극을 과거의 역사가 아니라 현재적 사건으로 부각시킨 「해룡이야기」 등 초기 3부작이 돋보인다. ‘폭도’에 가담한 아버지를 둔 소년의 불안한 심리를 묘사한 등단작 「아버지」 역시 ‘4․3사건’과 맞닿아 있다. 특히 대표작 「순이 삼촌」은 학살 현장에서 기적적으로 살아났으나 환청과 신경쇠약에 시달리다가 결국은 자살하고 마는 ‘순이 삼촌’의 삶을 되짚어가는 과정을 통해 30년 동안 철저하게 은폐된 진실을 생생히 파헤친 문제작으로, 한국 현대사와 문학사에서 길이 남을 작품으로 꼽힐 만하다. 이밖에 지식인의 고뇌와 개인의 무력감을 섬세하게 그린 「아내와 개오동」, 소시민의식을 역설적으로 비판한 「동냥꾼」 등은 작가의 사회의식이 잘 드러나 있으며, 개인의 의식세계를 미학적으로 파헤친 「꽃샘바람」 「초혼굿」 「겨울 앞에서」 등에서는 초기 소설의 경향을 엿볼 수 있다. 조선시대 지배계급의 부정부패를 통렬하게 풍자한 「소드방놀이」는 탁월한 상상력과 상징성으로 오늘의 세태를 정곡으로 찌른다.",https://audioclip.naver.com/audiobooks/352904BF2A
아버지와 딸,레프 톨스토이,"귀로 듣는 책, 귀로 읽는 책! 톨스토이 걸작선! 톨스토이의 명작을 오디오북으로 들어보세요. 아버지의 뜻을 거역하고 한 남자를 만나 실망을 안긴  딸을 용서하는 아버지의 마음이 잘 나타나 있는 톨스토이의 단편소설!",https://audioclip.naver.com/audiobooks/C6FC12D820
(요약) 말테의 수기,원작 : 라이너 마리아 릴케 / 요약 : 북코스모스,라이너 마리아 릴케의 유일한 장편 소설 <말테의 수기>는 한 젊은이가 홀로 대도시 파리에서 보고 느끼는 체험과 사색 등을 일기체로 그린 작품이다. 20세기 모더니즘 소설의 시작을 열면서 독일뿐만 아니라 세계문학의 걸작으로 인정받고 있는 이 작품은 불연속적이고 다양한 구성으로 '존재의 불안'이라는 실존주의적 주제를 다루고 있다. 질보다 양이 판치는 대도시의 공포스러운 체험에서 우러난 이 절망의 기록을 통해 독자는 어찌할 바 모르고 빈곤과 죽음과 공포의 주위를 끊임없이 맴도는 인간상과 마주치게 될 것이다.,https://audioclip.naver.com/audiobooks/0563FB5E5A
톰 소여의 모험,마크 트웨인,"전 세계에 작가 마크 트웨인의 명성을 떨치게 해준 그의 대표작 톰 소여의 모험은 19세기 미국의 남부 작은 마을 세인트피터즈버그를 배경으로 한다. 그 주인공은 140년이 넘도록 전 세계 사람들의 사랑을 받은 악동 '톰 소여'이다. 톰은 어느 여름 날, 우연히 공동묘지에서 살인 사건을 목격하고 이 사건으로 인해 모두가 부러워할만한 모험에 빠져들게 된다. ‘톰 소여의 모험’은 무엇보다도 톰과 친구들의 순수하고 솔직한 태도를 조명하고 있다. 독자들은 톰과 친구들이 ‘어른들은 이해하지 못하는’ 일생의 고민에 빠지고 사랑과 우정, 모험 앞에서 마음이 이끄는 대로 행동하는 것을 보며 자신들의 순수했던 유년 시절을 떠올리게 된다. 이 소설은 마크 트웨인이 마흔 한 살 때, 아내와 친구로부터 소년 시절의 추억을 바탕으로 이야기를 써 보면 좋을 거 같다는 권유를 받고 쓴 작품이라고 한다. 개성이 분명한 등장인물, 활기 넘치는 대화, 현란한 어휘력과 문장력 등 마크 트웨인의 매력이 유감없이 발휘된 작품이다.",https://audioclip.naver.com/audiobooks/40E0E25B69
이영애가 읽는 케이트 쇼팽의 데지레의 아기,케이트 쇼팽,"데지레의 아기(Désirée's Baby) 백인 농장주와 흑인 하인이 갈등하는 미국 남부 대농장을 배경으로 흑백 인종차별의 자기기만성을 독특한 감각으로 포착해 드러낸다. 여주인공 데지레는 소위 업둥이다. 하지만 새 부모 아래서 아름답게 자라나 대농장을 경영하는 멋진 청년과 결혼하고, 아이도 낳는다. 그녀는 너무 행복해서 오히려 두렵다. 마지막 반전의 묘미가 뛰어난 작품이다.",https://audioclip.naver.com/audiobooks/5BC8BC4F1E
