titles,authors,informs,clip_links
선한 이웃,이정명,"선보이는 작품마다 마니아를 양산하며 대중을 끊임없이 매료시켜왔던 작가 이정명 장편소설. 1980년대를 배경으로 정보기관 공작원과 권력의 타깃이 된 연극 연출가 간의 대립을 담은 <선한 이웃>은 생존을 위해 악에 부역할 수밖에 없었던 이 사회의 주변인들이 겪는 고뇌, 갈등 그리고 최후의 선택을 그린 작품이다. 전작들에서 조선 시대와 일제강점기를 배경으로 역사와 허구의 결속을 흥미롭게 이끌어냈던 작가는 이번 작품에서 직접 겪은 80년대의 한국 현대사를 바탕으로 한층 진화한 서사, 보다 깊이 있고 묵직해진 메시지를 선보인다. 1984년 서울대 프락치 사건을 모티프로 운동권의 실세로 지목된 미지의 인물과 그를 쫓는 공작원, 젊은 연극 연출가와 그의 연인 그리고 모든 공작의 배후에 서 있는 관리자 등 다섯 명의 시점으로 격동의 시대를 돌아본다. 작가는 각각의 등장인물들을 차분하게 조명하면서 혼돈과 절망의 구렁텅이로 개개인을 몰아가는 국가권력에 주목한다. 또한 그 이면에서 '정의'와 '선'이 도구적 가치로 활용되며 굴절되어가는 과정들을 생생하게 조명해낸다. 특히 작품 말미에 등장하는 충격적 반전은 우리에게 이 이야기가 과거에 묶인 것이라기보다 현재에서도 충분히 적용될 만하다는 점에서 작품의 메시지를 더욱 또렷하게 각인시킨다.",https://audioclip.naver.com/audiobooks/584CA26677
오만과 편견,제인 오스틴,"영국인이 가장 사랑한 여성작가 제인 오스틴. 1813년, 그녀가 집필한 <오만과 편견>은 17세기의 사회적 통념을 개성적인 캐릭터를 통해 전복시키면서 결혼의 조건이 돈과 계급만이 아닌 사랑일 수 있다는 여성들의 로망을 충족시켜 주었다. 또한 현실적인 압박에 굴하지 않고 자신의 존엄성을 끝까지 지켰던 여주인공 엘리자베스는 미래를 위해 결혼해야만 했던 당대 여성들에게 커다란 해방감을 선사했다. 나아가 당대 영국이 고질적으로 앓고 있었던 물질주의와 허의 의식을 유쾌하고도 밀도 있게 풍자한다.",https://audioclip.naver.com/audiobooks/4AD9647C5D
초등탐정 강이치 의뢰인,이설하,"네이버 오디오클립 레몽 인기작품, 어린이 추리 동화, 초등탐정 강이치의 6번째 시리즈! 초등탐정 강이치는 네이버 오디오클립 <레몽> 채널을 통해 공개된 어린이 추리 동화. 유치원생부터 초등학생까지 다양한 팬 층을 보유한 탐정 스토리로 1,000만 이상의 조회수를 기록한 인기 동화다. ◆ 프롤로그 안녕. 캐롤이야. 드디어 6번째 시리즈가 나왔어. 5학년이 된 주인님에게 첫 의뢰인이 생긴 셈이지. 주인님은 기분 좋게 사건을 맡았어. 그렇게 해결이 되나 했지. 하지만 아니었어. 마치 빙산의 일각처럼 거대한 이야기가 숨겨져 있었거든. 분명 하나의 사건인데 그 사건이 끝나질 않아. 게다가 의뢰인은 계속 나왔어. 그러면서 점점 엉켜갔지. 과연 이 사건을 어떻게 해결해야 할까? 복잡하게 꼬인 실뭉치를 풀었을 땐 무엇이 나올까? 이번 이야기도 기대해 줘!",https://audioclip.naver.com/audiobooks/91DFED482C
고양이 2 : 베르나르 베르베르 장편소설,베르나르 베르베르,"베르베르가 이번에는 고양이의 눈으로 인간의 미래를 바라본다 '한국인이 사랑하는 세계 작가' 1위, 베르나르 베르베르의 신작 장편소설 『고양이』가 오디오북으로 태어났다. 『고양이』는 제목 그대로 주인공인 고양이의 시각에서 인간의 문명을 바라보는 작품이다. 파리에서 살고 있는 암고양이 바스테트. 그녀는 ‘집사’가 틀어 놓은 TV 화면과 점점 잦아지는 골목길의 총성을 통해 그동안 당연시하던 안락한 일상이 조금씩 무너지고 있음을 감지하게 된다. 이 무렵 바스테트는 옆집에 이사 온, 어떤 이유에선지 인간 세계에 대해 ‘너무 많이 아는’ 고양이 피타고라스와 친구가 되는데……. 인간이 상상하기 어려운 타자의 시각을 도입하여, 인간 중심주의를 해체하고 이 지구에서 인간이 차지해야 할 적절한 위치를 끊임없이 고민해 온 베르베르의 작업은 이미 첫 번째 작품인 『개미』에서부터 시작된 것이지만, 이번 『고양이』에서는 그 문제의식이 그동안 좀 더 성숙해지고 발전해 왔음을 알게 된다. 베르베르가 보기에, 이 지구상의 생물종들과의 대화는 필요하다. 단지 인간의 어떤 흥밋거리나 지식의 확장을 위해서가 아니라, 인간이 전쟁과 테러 등 자기 파괴적인 경로에서 벗어날 수 있는 해답이 여기에 있기 때문이다. 무거운 주제를 경쾌하게 다룰 줄 알고, 과학과 철학, 그리고 역사의 에피소드들을 유머러스하게 버무리는 베르베르의 솜씨는 여전하다. 원제는 ‘Demain les chats’. [내일은 고양이]라는 뜻이다. 미래는 고양이에게 있다는 뜻으로 읽힌다. 다른 한편으로는, 작가 자신이 이제까지는 <개미의 작가>로 기억되었다면 앞으로는 [고양이]가 자신의 트레이드마크가 되기를 바란다는 유머러스한 표현일 수도 있다. 실제로 프랑스 언론에서는 그런 뜻으로 받아들이기도 했다. *** 이 오디오북은 한국출판문화산업진흥원(KPIPA)의 「2021년 오디오북 제작 지원」 사업 선정작입니다.",https://audioclip.naver.com/audiobooks/2D31944FFE
"올리버 트위스트 1 (민음사 세계문학, 완독본)",찰스 디킨스,"셰익스피어와 함께 영국을 대표하는 작가, 찰스 디킨스 빈자와 노동자의 편에서 사회의 부조리를 꼬집는 풍자 소설의 고전이자 삶의 역경 속에서도 선한 의지를 믿는 어른들을 위한 동화” ▶ 그는 가난하고 고통받고 박해받는 자들의 지지자였으며 그의 죽음으로 세상은 영국의 가장 훌륭한 작가 중 하나를 잃었다. ―찰스 디킨스 묘비명 ≡≡≡≡≡≡≡≡≡≡≡≡≡≡≡≡≡≡≡≡≡≡≡≡≡≡≡≡≡≡≡≡≡≡≡≡≡≡≡≡≡≡≡≡≡≡≡≡≡≡≡≡ 셰익스피어와 함께 영국을 대표하는 작가 찰스 디킨스의 『올리버 트위스트』가 세계문학전집 351권, 352권으로 출간되었다. 소년 올리버의 인생 역정을 통해 영국 사회의 부조리를 날카롭게 풍자하는 동시에 삶에 대한 충만한 희망을 이야기하는 이 소설은 이십 대의 디킨스를 일약 스타의 반열에 올려놓았다. 어린 나이에 직접 겪은 빈곤과 열악한 노동 환경에 대한 인식, 그리고 기자로 일하며 삶의 현장을 누볐던 독특한 경력을 통해 디킨스는 산업혁명의 그림자가 드리운 19세기 런던의 뒷골목을 생생하게 재현한다.",https://audioclip.naver.com/audiobooks/21E6369177
멀리서 보면 푸른 봄,지늉,"""인생은 멀리서 보면 희극이고, 가까이서 보면 비극이다"" 인생의 '푸른 봄'이라고 하는 이십대, 그러나 정작 이십대는 누구도 스스로를 청춘이라 말하지 않는다. 대한민국의 대학진학률 평균 80%. 수많은 젊음이 소비되고 있는 캠퍼스, 그 안에선 무슨 일이 일어나고 있을까? 꿈을 가지라는데, 열정을 가지라는데, 인생을 주체적으로 살라는데. 그렇다면 묻고 싶다. 그런 이상대로 살지 못하는 이들은 모두 한심한 인생들이란 말인가? 그저 세상이 던져놓은 대로 충실히 달려갈 뿐인 이들에게 한심하다 말하는 세상이 뻔뻔한 것은 아닌지… 이제는 아프게 말을 걸어볼 때다. 왜 이십대가 스스로를 '청춘'이라 부르지 못하는지. 그들이 어쩌다가 '청춘'의 달콤함 대신에 '잉여' '88만원' '3포' 따위로 자조하게 되었는지. 가슴 터지게 고민하고 있을 우리 이십대에게 아무도 한 사람의 인생을 바꿀 만큼 천재적인 답을 던져줄 수 없다면, 절망은 절망대로 공감하며, 그 안에서 찾은 진짜 희망을 공유하고 싶다. 그리하여 '멀리서 보면 청춘'일지도 모를 이들이 그들의 평범한 인생을 사랑할 수 있도록 말이다.",https://audioclip.naver.com/audiobooks/617A264815
한자와 나오키 2,이케이도 준,"■ 전설의 일드 「한자와 나오키」 원작 소설 ■ 하루키, 히가시노에 버금가는 일본 최고의 스토리텔러 이케이도 준의 대표작 ■ 570만 부 판매 메가히트 베스트셀러 시리즈, 그 두 번째 이야기! ""무능한 조직은 한 인생에 대한 모독이다!"" 모든 ‘일하는 사람들’에게 보내는 응원과 격려의 소설! 일본 최고의 스토리텔러 이케이도 준, 그가 창조한 '은행원-탐정' 캐릭터 한자와 나오키는 일본에서 신드롬을 일으켰다. 조직의 정치싸움에 휘말리는 가운데에서도 부정한 상대는 철저하게 굴복시키며 무능한 조직과 사회에 제대로 된 '한 방'을 날리는 한자와의 모습에 열광했기 때문이었다. 『한자와 나오키 : 2』 역시 1권과 마찬가지로 거대한 내부 비리를 파헤쳐나가는 한자와 나오키의 스릴 넘치고 통쾌한 미스터리 활극 안에서 조직 논리에 안주해 직업 윤리를 잃어버린 개인들에 대한 문제의식을 짚어낸다. 적들의 반격에도 마지막까지 자신의 자존심을 지켜내며, 끝내 복수에 성공하는 한자와의 모습을 따라가는 것만으로도 마음속의 울분과 응어리가 시원하게 해소될 것이다. 『한자와 나오키 2 : 복수는 버티는 자의 것이다』 줄거리 도쿄중앙은행 도쿄 본부 영업 2부 차장으로 승진한 한자와 나오키. 도쿄 본부는 산업중앙은행과 도쿄제일은행이 합병된 여파로 은행 내 화합이 가장 큰 화두다. 하지만 물밑에서는 각 라인이 행내 입지를 세우기 위한 치열한 파벌 싸움이 한창이다. 한자와는 부실 채권으로 분류될 위기에 처해 있는 이세시마호텔 재건 전략을 세우면서, 이 건이 도쿄제일은행파인 교바시 지점이 깊숙이 개입되어 있는 대규모 부정과 연결되어 있음을 알게 된다. 엎친 데 덮친 격으로 금융청의 감사가 시작되고, 한자와는 이에 맞서기 위해 또다시 고군분투한다. 한편 한자와의 입행 동기 곤도는 은행 거래처인 다미야전기에 파견을 나간다. 은행 직원이 아닌 파견 회사의 직원으로 새롭게 시작해보려고 하지만, 사장과 직원들의 따돌림으로 움츠러든다. 그러나 한자와와 함께 교바시 지점의 갑질에 대응하면서 점차 자신감을 갖고, 진심을 다해 다미야전기의 경영계획을 세우는 과정에서 은행원으로서의 긍지를 되찾기 시작한다. 그러나 다미야전기가 숨기고 있는 비밀에 다가가면서, 그 끝에 한자와의 일과 접점이 있다는 사실을 알게 되고 자신과 가족을 위한 선택과 직업 윤리 사이에서 크게 갈등한다.",https://audioclip.naver.com/audiobooks/9E242EE6BE
"여자의 일생 (민음사 세계문학, 완독본)",기 드 모파상,"발자크, 플로베르와 더불어 19세기 프랑스 문학을 주도한 모파상의 대표 장편 소설. 꿈 많던 한 지방 귀족 여인이 겪는 인생의 명암을 적나라하게 묘파해 낸 수작. ▶ 『레 미제라블』 이후 최고의 프랑스 소설. - 레프 톨스토이 ▶ 모파상은 간결한 문체 이면에 휴머니티를 간직한 작가다. - ⟪타임스 리터러리 서플리먼트⟫",https://audioclip.naver.com/audiobooks/E66241D23A
그들만 모르는 비밀,이승연,"첫눈에 반하는 사랑을 믿으세요? 서로에게 콩깍지 씌워져 있는 두사람만 모르는 비밀, 사채업자 부모 덕분에, 어둠의 세계에 종사하는 인간은 질색인 수연이의 목표는 '착실하고 세금 잘 내는 남자 만나 결혼하기' 서류가방이 잘 어울리는 건실해보이는 남자, 기찬과 예기치 못한 만남이 거듭될수록 수연이의 마음 속에는 살랑살랑 봄바람이 불기 시작한다. ""그래, 내가 찾던 왕자님은 바로 이 남자야!"" 슬슬 사랑이란 놈에 빠져 볼까 하는 순간, 이제야 알게 된 그의 진짜 직업이 사채업자라구? 본업은 나이트 사장, 심심풀이 삼아 사채업으로 남는돈을 굴리고 있는 규기찬씨. 어둠의 자식들을 직원으로 데리고 있으면서 굳어진 딱딱하고 차가운 말투의 아저씨가 어리버리하지만 생활력 강한 그녀를 만나면서 봄바람에 눈 녹듯 다정해진다. ""그래, 요 깜찍한 아가씨와 연애 좀 해볼까?"" 이제는 놓칠 수 없을만큼 수연이에게 빠져버린 순간, 뭐? 내 직업때문에 헤어지겠다구? 동상이몽, 그남자 그여자의 좌충우돌 연애사.",https://audioclip.naver.com/audiobooks/D291A36E80
셰익스피어 4대 비극 《오셀로》,윌리엄 셰익스피어,"""너무 늦었어."" 목숨을 구하는 데스데모나에게 오셀로는 그렇게 말했다. 순간, 운명은 다리를 건넜고 신은 그에게 속삭였다. '너도 너무 늦었어.' 《오셀로》는 셰익스피어의 4대 비극 가운데 가장 극적이면서 가장 보통 사람의 공감을 일으킬 수 있는 작품이다. '눈부시게 아름다운 여성과 강인한 정신력을 지닌 장군, 그리고 그 사이를 뱀처럼 파고드는 한 인간의 갈등'이 절묘한 셰익스피어의 대사를 통해 드러난다. '질투'의 화신 오셀로 역은 오만석 배우가 맡았는데, 사랑에 빠져 상처받은 감성을 처절하고 극적으로 그리고 있다. 특히 '동기 없는 악의를 품고 동기를 찾아 다니는' 이아고라는 인물은 후대의 여러 작품에 지대한 영향을 미친 악당 캐릭터가 되었다. 이아고의 부추김에 오셀로는 질투심으로 거의 미쳐버린다. 이아고라는 악당의 존재와 오셀로의 고귀함은, 오셀로가 돌이킬 수 없는 실수를 저지름에도 관객들에게 강렬한 연민을 불러일으킨다. 과연 오셀로가 바보라서 그런 선택을 한 것일까? 우리가 오셀로의 선택을 통해 깨달아야 하는 것은 무엇일까?",https://audioclip.naver.com/audiobooks/2EEDA799EE
박희순이 읽는 지하련의 도정,지하련,"[100인의 배우, 우리 문학을 읽다] 오디오북 시리즈는, 최민식 문소리 정진영 강부자 등 우리 시대를 대표하는 배우 103명이 한국 근현대문학의 주요 중단편소설 100편을 낭독한 프로젝트입니다. ≪도정≫은 해방 후 이념 혼란 속에서 민족의 도정과 역사의 진로를 모색하는 지식인의 계급적 성찰과 각성을 다루고 있는 지하련의 작품이다. 1946년 8월 조선문학가동맹 기관지 ≪문학≫ 창간호에 발표되고 조선문학가동맹이 제정한 제1회 ‘조선문학상’ 후보작으로 추천되어 이태준의 ＜해방 전후＞와 경합을 벌였다.",https://audioclip.naver.com/audiobooks/FE72E35FBC
문성근이 읽는 박태원의 소설가 구보씨의 일일,박태원,"[100인의 배우, 우리 문학을 읽다] 오디오북 시리즈는, 최민식 문소리 정진영 강부자 등 우리 시대를 대표하는 배우 103명이 한국 근현대문학의 주요 중단편소설 100편을 낭독한 프로젝트입니다. ≪소설가 구보씨의 일일≫은1934년 8월부터 9월까지 ≪조선중앙일보≫에 연재된 박태원의 중편소설이다. 작중 주인공이 소설을 쓰기 위해 노트를 들고 서울 시내를 돌아다니면서 익명의 개인들을 만나고 관찰한 여정을 작품화했다. 소설 속의 소설 쓰기라는 새로운 소설미학을 선보였다는 점에서 한국 모더니즘 소설의 대표작으로 평가받는다.",https://audioclip.naver.com/audiobooks/7C33835D75
바람과 함께 사라지다 전권 세트(총 63장),마거릿 미첼,"""내일은 내일의 태양이 뜰 거야."" 아카데미 10관왕에 빛나는 불후의 명작 <바람과 함께 사라지다>의 원작 소설이 러닝타임 66시간의 오디오북으로 새롭게 태어났습니다. 총 분량 1,900여쪽에 달하는 방대한 소설의 장면장면을 빠짐없이 살려내며 영화보다 깊고 풍부한 이야기로 또 다른 감동을 전합니다. 미국 남북 전쟁의 폐허 속에서 피어나는 스칼렛 오하라의 운명과 사랑을 담은 장대한 드라마를 만나보세요. ▶ 오디오북 낭독 성우 인터뷰 :",https://audioclip.naver.com/audiobooks/9BA7AEDE4C
레몬,권여선,"레몬, 레몬, 레몬, 복수의 주문이 시작되었다 2002년, 언니가 살해됐다 누군가 봄을 잃은 줄도 모르고 잃었듯이 나는 내 삶을 잃은 줄도 모르고 잃었다 2016년 소설집 『안녕 주정뱅이』로 제47회 동인문학상을 수상하며 수많은 독자를 매료한 권여선이 3년 만에 신작 장편소설 『레몬』을 출간했다. 삶의 불가해함을 서늘한 문장으로 날카롭게 그려내며 특유의 비극적 기품을 보여주었던 권여선이 이번에는 작품세계의 또다른 확장으로 장르적인 솜씨까지 유감없이 발휘했다. 한국문학의 특출한 성취로 굳건히 자리매김하며 동료 작가들에게도 찬사를 받아온 권여선의 이번 변신은 독자들에게 완전히 새로운 권여선의 소설을 읽는 재미를 줄 것이 분명하다. 2002년 한일월드컵으로 떠들썩했던 여름, ‘미모의 여고생 살인사건’이라 불렸던 비극이 벌어지고, 이 사건을 둘러싼 모든 인물의 삶이 방향을 잃고 흔들린다. 사건의 중심에 있는 세 여성의 목소리가 번갈아가며 이야기를 끌고 가는 이 작품은 애도되지 못한 죽음이 어떤 파장을 남기는지 집요하게 파고들어가며 삶의 의미에 대한 묵직한 질문을 던진다. 출간 전 실시한 사전서평단 이벤트에서도 압도적 지지를 받으며 독자들의 뜨거운 반응을 불러일으킨 이번 작품은 권여선 소설의 새 지평을 증명할 것이다.",https://audioclip.naver.com/audiobooks/C61C1838B1
내 안의 스릴러,"방진호, 이상민, 장은호, 김용성, 김민준","긴장감, 치밀함, 반전, 공포가 어우러진 10 편의 웰메이드 스릴러 이 오디오북은 경기도와 경기콘텐츠진흥원의 오디오북 제작 지원 사업 선정작입니다. “긴장감, 치밀함, 반전, 공포가 어우러진 스릴러 소설집” - 요조 (책방주인, 작가) “차근차근 서사를 쌓아 올린 후에 허를 찌르는 반전이 돋보이는, 서스펜스가 있는 열 편의 스릴러 소설”- 시한책방 (북튜버) 공포영화 시나리오와 공포 문학에 오랜 시간 발을 담가온 작가들이 뭉쳐 출간한 소설집 『내 안의 스릴러』. 이 소설집에는 손에 땀을 쥐는 긴장감과 서스펜스가 넘치는 열 편의 장르 소설이 수록되어 있다.",https://audioclip.naver.com/audiobooks/26BE6600FB
"이선 프롬 (민음사 세계문학, 완독본)",이디스 워튼,"애정 없는 결혼 속에서 ‘낡은 폐선’처럼 살아가는 이선 프롬 도덕과 윤리의 이름으로 억압해 버린, 우리 내면의 슬픈 자화상 최초의 여성 퓰리처상 수상 작가, 이디스 워튼의 자전적인 작품 이디스 워튼의 작품 중에서도 가장 널리 읽히는 『이선 프롬』이 민음사 세계문학전집 367번으로 출간되었다. 애정 없는 결혼 속에서 무기력하게 살아가던 ‘이선’이 내면의 욕망을 자각해 가는 과정을 그린 이 작품은 도덕과 인습이라는 집단적 억압에 맞선 개인의 내면세계를 섬세하게 포착했다는 평가를 받는다. 뉴잉글랜드의 가난한 농부이자 병든 아내의 남편인 이선은 사회적 의무를 대변하는 아내 ‘지나’와 개인의 자유를 상징하는 ‘매티’ 사이에서 그동안 자신이 ‘죽음 속의 삶’을 살아왔음을 깨닫고 절망한다. 1911년 출간과 동시에 도덕적 논란에 휩싸인 이 작품은 작가 자신의 삶이 투영된 자전적 소설이다. 유서 깊은 뉴욕의 상류층 가문 출신이었던 워튼은 일찍 사교계에 데뷔해 결혼한 뒤 애정 없는 결혼 생활과 작가적 야심 사이에서 갈등했다. 1970년대 이후 페미니즘 열풍과 함께 본격적으로 재조명되었고, 파격적인 결말이 오랫동안 회자되며 수차례 연극과 영화로 재탄생했다. ▶ 워튼은 20세기를 통틀어 가장 뛰어난 작가 중 하나다. — 《옵저버》 ▶ 나는 이 책이 뿜어내는 암울한 분위기를 좋아한다. 혼자만 즐기고 싶어 다른 사람들에게 발견되지 않았으면 좋겠다고 생각할 정도로. — 톄닝(소설가)",https://audioclip.naver.com/audiobooks/7E008EB7B0
그 여름의 전설 (김동현),김해원,"""한여름 밤에 듣는 서늘한 수험생 기담-친구가 하루아침에 영영 사라졌는데도 마음 아파하지 않았다! *** AB6IX의 멤버인 김동현이 낭독하는 김해원 작가의 [그 여름의 전설]은 [EBS 아이돌이 읽다, 마음을 잇다] 라는 아이돌의 낭독과 기부가 결합된 프로젝트 참여 작품이다. 이시대 최고의 아이돌이 문학작품 낭독자로 참여해 목소리 재능을 기부하고, 이를 통해 발생되는 수익금 일부는 농어촌청소년육성재단에 기부되어 문화 교육 혜택에서 소외된 청소년들의 올바른 성장 지원을 위해 사용된다.",https://audioclip.naver.com/audiobooks/AD90995B4A
귀신보다 무서운,테즈몬,"“귀신보다 무서운 게 사람이라고들 하잖아."" 학교에서 연달아 발생하는 실족 사망 사건의 충격적인 진실! ‘유진’이 사평여고로 전학 온 지 4개월째 되던 즈음, 옆 반 아이들 두 명이 똑같은 장소에서 똑같은 방식으로 실족사하는 사건이 발생한다. 한편, 유진과 같은 반 친구인 ‘서연’은 평범한 모습과는 달리 과거에는 학교폭력 가해자로 유명한 존재였다. 이곳 사평여고로 전학 온 이후에도 피해자들이 더 생겼는데, 그 사실을 알고 있던 유진이 사과를 요구하지만 서연은 냉담하게 반응할 뿐이었다. 그리고 다음 날, 같은 반 아이가 지난번과 똑같은 경위로 추락사하는 사건이 발생한다. 이로써 죽은 아이들이 모두 과거 서연에게 괴롭힘을 당했던 피해자였다는 공통점이 밝혀지고, 아이들은 서연을 의심하는 동시에 점점 더 두려워하게 되는데……. 똑같은 경위로 발생한 사고사의 진실을 파헤치는 과정에서, 학교괴담과 학교폭력의 굴레가 맞물리며 충격적인 결말을 향해 거침없이 나아가는 이야기. 황금가지의 온라인 소설 플랫폼 브릿G와 네이버 오디오클립이 함께한 ‘YAH!(Young Adult Horror)’ 문학 공모전 가작 수상작으로, 원작 단편은 브릿G 웹사이트와 모바일앱에서 읽을 수 있다. - 📌성우들의 열연, 환상적인 BGM과 연출! 황금가지의 드라마형 오디오북 목록 [애거서 크리스티 추리 베스트 12] 나일 강의 죽음 커튼 애크로이드 살인 사건 스타일스 저택의 괴사건 서재의 시체 살인을 예고합니다 비뚤어진 집 다섯 마리 아기 돼지 ABC 살인사건 0시를 향하여 그리고 아무도 없었다 오리엔트 특급 살인사건 [이영도 판타지 시리즈] 눈물을 마시는 새 그림자 자국 오버 더 호라이즌 오버 더 네뷸러 오버 더 미스트 오버 더 초이스 에소릴의 드래곤 [하지은 작가 대표작] 얼음나무 숲 [공포 단편 오디오북] 증명된 사실 검은 책 홍수 심해어 공포의 ASMR 나 홀로 숨바꼭질 인형괴담 귀신보다 무서운",https://audioclip.naver.com/audiobooks/1E3577FB40
"순수의 시대 (민음사 세계문학, 완독본)",이디스 워튼,"최초의 여성 퓰리처 상 수상 작가 이디스 워튼의 대표작 오만하고 우아한 옛 뉴욕을 무대로 펼쳐지는 사랑과 회한의 이야기 순수라는 명분으로 욕망을 걸러 내는 사회에서 진정한 자신을 찾으려는 몸부림 이디스 워튼은 1차 세계대전이 끝난 후 발표한 이 소설에서 번영을 구가하던 옛 뉴욕의 상류 사회를 세밀화처럼 정교하게 복원했다. '순수'를 지키기 위해 개인의 감정을 억압하는 세계에서 욕망에 충실한 행복과 사회적 의무를 놓고 고민하는 주인공들의 모습은 전통적인 구체제와 역동적인 신체제의 대립을 암시한다. 워튼은 『순수의 시대』로 1921년 여성 최초로 퓰리처 상을 수상함으로써 여성 작가에 대한 편견을 불식했고, """"헨리 제임스와 어깨를 나란히 하는 거장""""이라는 평을 받았다. ▶ 미국 문학에서 비운의 올렌스카 부인처럼 매혹적인 여성은 없었다. - 고어 비달(소설가, 극작가) ▶ 슬프고 아름다운 러브 스토리인 동시에 재기 넘치는 풍자 소설. - ⟪뉴욕 타임스⟫",https://audioclip.naver.com/audiobooks/1BCBAB8454
