titles,authors,informs,clip_links
아몬틸라도의 술통,에드거 앨런 포,"세계 문호들의 판타스틱 단편 고전을 엄선하여 소개하는 시리즈 작품! 사육제 기간에 손에 넣은 아몬틸라도! 그 진위를 감정해달라고 친구를 지하 술창고로 데리고 간다. 아니, 그는 감정해달라고 청한 적 없다. 친구 스스로가 나선 발걸음. 《출판사서평》 낯선 세계로의 여행! 그곳으로 통하는 문이 이 책 안에 숨겨져 있다. 상상력의 힘이 펼쳐 보이는 끝도 없는 환상의 세계!! 그 안으로 들어가는 문은 우리의 현실 곳곳에 숨겨져 있다. 단지 현실세계에 너무나도 익숙하게 길들여진 우리의 눈에 보이지 않을 뿐이다. 하지만 어떤 우연한 일을 계기로 환상의 세계로 통하는 문이 열리면, 우리 앞에 몽롱한 환상의 세계가 펼쳐진다. 그리고 우리는 두려움과 함께 머뭇머뭇 그 세계로 들어서게 된다. 그렇게 해서 들어서게 된 곳은 더 이상 환상의 세계가 아니다. 그곳에서는 현재 우리가 살고 있는 현실보다 더욱 현실감 넘치는 사건이 우리를 기다리고 있다. 이제 우리는 그 세계에 빠져 현실로 도망치고 싶어 하면서도, 혹은 그 세계에 영원히 머물고 싶어 하면서도, 끝내 그렇게 하지 못 한다. 그 세계는 도망치려 하면 우리를 더욱 붙잡아두고, 영원히 머물고 싶어 하면 우리를 힘껏 밀어내는 세계이다. 누구나 한번쯤을 꿈꿔왔을 그 환상의 세계가 드디어 우리 앞에 펼쳐진다. 인류 최고의 상상력이 총망라된 이 책을 통해서, 당신 옆에 숨겨져 있는 환상의 세계로 가는 문에 대한 힌트를 얻기 바란다.",https://audioclip.naver.com/audiobooks/7BBF83A585
불량소년과 그리스도,사카구치 안고,엄선한 일본 근현대 중단편 문학의 정수! ― 쉰아홉 번째 이야기 다자이 오사무와 아쿠타가와 류노스케의 죽음. 그들의 죽음에는 하나의 공통점이 있다. 같은 무뢰파 작가로 다자이와 친분이 있었던 사카구치 안고는 다자이의 죽음을 어떻게 이야기할까? 《출판사서평》 역사적으로나 지리적으로 봤을 때 일본과 우리는 떼려야 뗄 수 없는 관계에 있다. 문화 면에 있어서도 양국 간의 교류는 그 역사가 매우 깊다. 근대 이전까지는 주로 우리를 통해서 선진 문물이 일본으로 들어갔다. 당시의 일본 문화는 우리의 선진 문물에 힘입은 바가 크다. 그러나 근대화 과정에서 우리보다 한발 앞서 서양 문물을 적극적으로 수용한 일본은 이후 우리의 문화에 커다란 영향을 주었다. 지리적으로 인접한 두 나라는 이처럼 오랜 옛날부터 서로에게 커다란 영향을 주었다. 어느 한쪽의 선진 문화가 다른 한쪽으로 전파되는 것이 주된 흐름이었던 옛날과는 달리 지금은 양국이 거의 대등한 입장에서 서로의 문화에 영향을 주고 있다. 교통과 통신의 발달로 어느 한 쪽을 통해 문물을 받아들이는 것이 아니라 서로가 독자적으로 세계와 교류하며 문화를 흡수하고 그것을 발전시켜 나가고 있기 때문일 것이다. 그럼에도 두 나라는 지리적 여건상 지금도 서로에게 커다란 영향을 주고 있다. 정서적으로는 서로 갈등이 있지만 바로 그렇기 때문에 문화적인 면에서의 접근이 선행되어야 할 것이다. 이번에 일본 근현대의 중단편 소설을 시리즈로 기획했다. 일본 근현대 소설이라고 하면 그 범위가 상당히 넓은데 이 시리즈에서는 근현대 문학의 초기 작품부터 현대의 작품까지를 전부 아우를 생각이다. 상당히 긴 작업이 될 테지만 누군가 이 시리즈를 기다려주는 독자가 한 명이라도 있는 한 멈추지 않을 생각이다. 또 각 단편을 읽기 쉽게 하기 위해 따로 출간하기로 했다. 새로운 읽기 문화에 적응하기 위한 몸부림이라고도 할 수 있겠다. 독자에게는 필요한 작품만을 골라 읽을 수 있는 장점이 있으리라. 우리나라 사람들이 이웃나라인 일본 근현대 사회의 정서를 조금이나마 이해하는 데 이 시리즈가 도움이 되었으면 하는 바람이다.,https://audioclip.naver.com/audiobooks/00EFD8CE45
나쓰메 소세키 단편소설전집 2권,나쓰메 소세키,※ KBS 슈퍼탤런트 1기 배우 김시연 전권 완독 ※ 일본의 셰익스피어라고 불리는 작가 '나쓰메 소세키'의 중단편소설이 한자리에! 나쓰메 소세키는 우리나라에서도 커다란 인기를 얻고 있는 일본의 대문호이지만 그의 이름과 함께 단편소설을 떠올리는 이는 거의 없을 것이다. 그만큼 우리나라에서는 나쓰메 소세키의 단편소설을 찾아보기가 어렵다. 간혹 몇 편을 손에 넣었다 할지라도 단편소설 전체를 감상하기는 더욱 어려운 일이다. 그런 그의 단편소설이 한자리에 모였으니 이는 진풍경이라 하지 않을 수 없다.,https://audioclip.naver.com/audiobooks/794F2EC9F5
한 권으로 읽는 세계명작 다이제스트 시리즈(전12권) - 11권,박영만,"KBS 슈퍼탤런트 1기 배우 김시연이 낭독한 오디오북! 세계명작을 흥미롭게 엮어 현대 감각으로 새롭게 탄생! 『한 권으로 읽는 세계명작 다이제스트 55』는 세계명작의 탄생 배경과 함께 작가의 삶, 작품의 줄거리, 에피소드, 주제, 인류에게 미친 영향, 가치 등을 흥미롭게 엮어 현대 감각에 맞게 새로이 탄생시킨 세계명작 55편의 다이제스트이다.",https://audioclip.naver.com/audiobooks/695BE9A65D
피날레 1권,이현성,"""“루나, 넌 보석이야. 그것도 나, 문승호의 보석.” MS 엔터테인먼트의 대표 문승호. 당돌하게 자신을 사 달라 말하는 여자 연희를 처음 보는 순간 그녀가 보석임을 안 승호, 연희를 최고의 모델 ‘루나’로 재탄생시키기 위한 플랜을 진행하는데……. “그냥 넌 저 남자가 시키는 대로 하고 돈을 벌면 되는 거야.” 평범한 여대생 김연희, 소중한 것을 지키려 온몸을 내던지려는 그 순간 문승호를 만나 꿈에도 생각해 본 적 없던 모델의 세계에 발을 들이게 된다. 오직 자신에게만 보석이라 불러 주는 남자 승호를 위해. “그래. 내가 널 모델로 만들어 주겠어.” “모델이요?” “귀가 잘 안 들리나? 왜 자꾸 확인을 해?” “그거야 믿어지지가 않으니까 그렇죠. 갑자기 처음 본 사람한테 뜬금없이 연예인 제안을 하는 사람이 어디 있어요?” “처음 본 사람한테 1억을 요구하는 사람도 있는데, 연예인 제안이 뭐가 어때서?” 내 인생 마지막 무대. 피날레.""",https://audioclip.naver.com/audiobooks/DE218ABC80
보물섬,로버트 루이스 스티븐슨,"세계대표명작을 엄선하여 줄거리, 주제등을  성우의 목소리로 들려주는 세계 명작  보물창고!  오디오북을 통해 세계 대표명작을 만나 보세요.",https://audioclip.naver.com/audiobooks/3350D50D97
정아에 대해 말하자면,김현진,"“상처 받은 한국 여자의 이야기, 감당할 수 있겠어요?” 『네 멋대로 해라』 김현진이 들려주는 사랑과 복수의 옴니버스 1999년, 열여덟 나이로 쓴 청소년 성장 에세이 『네 멋대로 해라』로 일약 스타 칼럼니스트 반열에 오른 작가 김현진이 첫 번째 소설집으로 독자들을 찾아왔다. 그간 칼럼, 에세이, 소설 등 다방면에서 꾸준한 활동인 보인 작가 김현진의 신작 『정아에 대해 말하자면』은 각기 다른 삶의 변곡점을 맞이한 여덟 명 여성들의 이야기를 담은 옴니버스식 연작소설집이다. 여덟 명의 주인공들은 서로 전혀 다른 삶을 살아가지만, ‘한국’의 ‘여성’이라는 거대한 고리로 이어져 있는 인물들이다. 그 거대한 고리 속 이야기들을 면밀히 들여다보자면, 그들의 삶은 여지없이 ‘불안’ 혹은 ‘불행’이라는 맥락으로 이어지고 만다. 그러나 여덟 명의 주인공들은 그 ‘불안’과 ‘불행’을 그저 받아들이는 수동적 인물들이 아니다. 그들은 각자의 방식대로 자신에게 상처 준 사람들을 향한 복수를 시작한다. 하나가 아닌 듯 하나인 여덟 명 주인공들이 펼치는 가슴 저리다가도 마음 통쾌해지는 사랑과 복수의 옴니버스! 그들은 사랑의 마침표를 어느 곳에 찍게 될까.",https://audioclip.naver.com/audiobooks/DDB1C21431
빈처 (Resound단편),현진건,"「빈처」는 1921년 『개벽』 에 발표된 '현진건'의 단편소설입니다. 현진건의 실질적인 데뷔작으로 가난한 무명작가와 아내 사이에서 벌어지는 갈등과 고뇌를 일인칭 고백적 서술 방식을 통해 신랄하게 드러낸 작품입니다. 작가의 경험이 다분히 묻어난 자전적인 소설로, 생활에 보탬이 되지 않은 독서와 창작으로 무위도식하는 남편인 '나'와, 생계를 위해 장롱 속의 옷까지 전당포에 잡혀가며 남편의 성공만을 기다리는 '아내'의 생활 모습과 심리를 섬세하게 그리고 있습니다. 사실주의적 경향의 소설로, 어떤 극적인 사건 전개 없이 사소한 일상을 드러냄으로써 작가는 본인의 내적 욕망을 무기력한 지식인 작가 시점에서 담담하게 묘사하고 있습니다. 「빈처」의 오리지널 스코어를 작곡한 '허준혁'은 음악 프로듀서이자 영화음악가이며 사운드디자이너입니다. <시라노연애조작단>, <조금만 더 가까이>, <체포왕> 등의 영화 ost를 제작했으며, 2015년도에 한국대중음악상 댄스 및 일렉트로닉 부분 최우수 앨범상을 수상하기도 했습니다. 국내외를 가리지 않고 종횡무진 활동하며 음악적 표현의 영역을 무한 확장하고 있는 뮤지션입니다. 100년 전 우리 소설, 아름다운 소리로 만나다. [Resound 단편] 시리즈 소위 ‘고전’이라 불리는 작품들은 시대를 불문하고 인간과 삶을 관통하는 날카로운 통찰을 담고 있습니다. 그러나 한 번쯤 제목은 들어 봤을지라도, 제대로 읽어본 적은 없는 경우가 많습니다. 왜일까요? 어쩌면 고전은 낡고 지루하며 어렵다는 편견이 있는 건 아닐까요. [Resound 단편] 시리즈는 그 편견을 깹니다. 오늘날 활발히 활동 중인 작가들이 고쳐 쓰고, 그 원고를 전문 배우들이 생생하게 낭독하고, 거기에 뮤지션들이 작곡한 음악이 더해져, 고전은 새로운 예술작품이 되었습니다. 옛 것의 가치는 간직하되 새로운 옷을 입고 화려하게 돌아온 50편의 [Resound 단편] 시리즈가 새로운 문학의 세계, 감상하는 오디오북의 세계로 당신을 초대합니다.",https://audioclip.naver.com/audiobooks/3E25515342
"오, 사랑",조우리,"제18회 사계절문학상 대상 수상작으로, 수상자 조우리 작가의 첫 장편소설이다. 사랑이라는 뜨겁고 순수한 감정을 잘 표현한 작품이자, 자신을 긍정적으로 받아들이고 자기 자신을 사랑하는 방법을 찾아 나가는 두 소녀의 성장 이야기이다. 작가는 처음 사랑을 시작하는 청소년들의 사랑을 개성 넘치는 언어로 표현하였고, ‘존재 자체에 대한 순수한 감정’으로 두 사람의 사랑을 편견 없이 풀어냈다. 뷰티 유튜버가 꿈인 오사랑은 ‘학교 밖에서 꿈꾸기’라는 오픈 채팅방 오프라인 모임에 나간다. 슬슬 따분함이 느껴질 즈음 짧은 커트 머리에 검은 테 안경을 쓰고, 리넨 패션으로 꾸미고 걸어 들어오는 이솔을 보고 한눈에 반한다. 솔은 사랑의 옆에 앉는다. 대화를 하면 할수록 사랑은 타투이스트를 꿈꾸는, 같은 학교에 다니는 솔에게 빠져든다. 며칠 후 학교에서 만난 솔은 모임에서 보던 모습과는 정반대로 다가온다. 체육복 차림에 종일 책상에 엎드려 있고, 무기력하며 학교생활에는 무관심하다. 사랑은 자신과 다른 듯 닮은 솔에게 다가간다. 같이 점심을 먹고, 운동장 계단에서 시끄러운 음악을 듣고, 같이 운동을 하면서 둘은 좀 더 가까워지는데…. * 이 오디오북은 한국출판문화산업진흥원(KPIPA)의 「2021년 오디오북 제작 지원」사업 선정작입니다.",https://audioclip.naver.com/audiobooks/CBA3890AEC
군림천하 2부,용대운,"그가 돌아왔다! 3년 전, 몰락해가는 문파를 뒤로 하고 종적을 감추었던 종남파 21대 장문인, 진산월. 그를 기다리는 것은 이미 멸문 되어버린 문파이고, 자기 몸 같았던 사제들은 생사(生死)도 알 수 없게 되어버렸다. 과연 진산월은 문파를 다시 세우고 사라져버린 사제들을 다시 찾을 수 있을 것인가? 그리고 3년 동안 진산월에게는 무슨 일이 있었던 것일까? 군림천하 2부 '종남의 혼' 무림의 새로운 전설을 기대하십시요!",https://audioclip.naver.com/audiobooks/42246E20B1
기억 2 : 베르나르 베르베르 장편소설,베르나르 베르베르,"기억의 문이 열리고 모험이 시작된다! 한국 독자들이 사랑하는 베스트셀러 작가 베르나르 베르베르의 신작 장편소설 『기억』(전2권)이 프랑스 문학 전문 번역가 전미연의 번역으로 열린책들에서 출간되었다. 꾸준히 신작을 발표해 온 베르베르는 이번에 <기억>이라는 테마로 시공간을 넘나들며 자신만의 독특한 세계관을 확장해 나간다. 주인공 르네 톨레다노는 고등학교에서 역사를 가르치는 교사이다. 그는 센강 유람선 공연장 <판도라의 상자>에 갔다가 퇴행 최면의 대상자로 선택당한다. 최면에 성공해 무의식의 복도에 늘어선 기억의 문을 열 수 있게 된 르네. 문 너머에서 엿본 기억은, 제1차 세계 대전의 전장에서 목숨을 잃은 그의 전생이었다. 최면이 끝난 후에도 너무나 생생하고 강렬한 기억에 시달리던 그는 몸싸움에 휘말려 의도치 않게 사람을 죽이고 경찰에 자수할지 말지 고민하며 초조한 나날을 보내게 된다. 한편 르네는 자신에게 총 111번의 전생이 있었다는 사실을 알고 제1차 세계 대전 참전병 외에도 여러 기억의 문을 열어 본다. 그중에서도 최초의 전생은 놀랍게도 현대인이 <아틀란티스>라고 부르는 전설 속의 섬에 사는 남자 게브였다. 아틀란티스가 바닷속에 잠겨 버렸다고 알고 있는 르네는 어떻게든 게브를 구하고 싶어 하고, <판도라의 상자> 무대에서 만났던 최면사 오팔이 르네의 조력자를 자처한다. 현생에서는 경찰에 쫓기며 정신병자 취급을 받고, 전생에서는 대홍수가 예고된 가운데 과연 르네와 게브의 운명은? *** 이 오디오북은 한국출판문화산업진흥원(KPIPA)의 「2020년 오디오북 제작 지원」 사업 선정작입니다.",https://audioclip.naver.com/audiobooks/640A7B365A
결혼을 추천합니다,한희은,"방년 29세, 내년이면 계란 한 판의 나이에도 연애에는 관심 없는 여자 이효은. 그녀 인생 최대의 걸림돌은 그녀를 결혼시키지 못해 안달인 어머니였다. 마지막이라는 확답을 받고 나간 선 자리에서 그녀에게 사사건건 시비를 거는 게 목적인 듯한 남자, 지건우를 만난다. 그는 효은에게 딱 3개월만 계약 연애를 하자고 말하는데…. 한희은 로맨스 장편소설 『결혼을 추천합니다』.",https://audioclip.naver.com/audiobooks/F7CB360BA7
"100인의 배우, 세계 문학을 읽다 2/2",마르그리트 유르스나르 외 49명,"정경호, 이정은, 황정민, 유준상, 강말굼, 김상중 등 한국 대중문화를 빛내는 한류 스타와 배우들 103인이 낭독한 100편의 세계 명작 중단편 소설 오디오북이다. 2/2는 전체 100편 중 50편을 묶었다. 국내 오디오북의 새 시장을 연 <100인의 배우, 우리 문학을 읽다>의 후속 작품으로서, 우리 문학에 이어 세계 문학 오디오북도 출시해 달라는 독자들의 요청에 부응하여 제작했다. 문학 작품은 작가 개인의 창작이자 당대의 산물이며, 배우의 음성에는 그만의 개성과 함께 지금 우리의 정서가 깃들어 있다. 명작과 스타의 콜라보로 시대와 지역과 언어를 넘나들며 읽는 문학과 또 다른 듣는 문학의 깊은 감동을 전한다. 낭독 작품은 지구촌 곳곳의 작가, 작품들을 고루 포함했다. 가능한 한 지역이나 언어를 다양하게 포괄하려 했다. 물론 톨스토이, 디킨스, 플로베르, 릴케, 나쓰메 소세키 등 이름만으로 벅찬 동서양 문호의 작품이 빠질 수 없다. 헤밍웨이, 포크너, 카뮈, 헤세, 이보 안드리치 등 노벨문학상 수상 작가의 대표 단편도 포함됐다. 버지니아 울프, 샬럿 퍼킨스 길먼, 케이트 쇼팽 등의 페미니즘 초기 문제작과 일본, 중국, 대만, 홍콩, 태국 등 이웃 나라의 명단 편들도 고루 만날 수 있다. 특히 스물여섯에 요절한 태국 왕족 출신의 작가 멈짜오 아까담끙 라피팟의 ＜사춘기＞는 국내 처음 소개되는 작품이다. 국내 독자에겐 생소하지만 문학사적으로 큰 발자취를 남긴 작가, 마르그리트 유르스나르, 타티야나 톨스타야, 슈테판 츠바이크, 딩링 등의 작품도 함께 담았다. 문학 사조로는 사실주의, 낭만주의, 자연주의부터 초현실주의, 의식의 흐름을 따르는 모더니즘까지 모두 아우른다. 장르도 공포, 탐정, 심리, 연애, 환상 소설에 사소설, 동화까지 다채롭다. 낭독 배우의 개성 있는 목소리로 저마다의 작품 해석을 즐길 수 있는 구성이다. 추리 소설의 고전 에드거 앨런 포의 <검은 고양이>, 러시아 사실주의 문학의 태동을 알린 니콜라이 고골의 <외투>, 독특한 문체로 독자를 사로잡은 마르그리트 뒤라스의 <파리의 오렐리아>부터 샤를 페로의 <푸른 수염>, 루시모드 몽고메리의 <개와 고양이>까지 다양한 장르의 세계 문학 단편 소설을 한 권의 오디오북에서 모두 만날 수 있다.",https://audioclip.naver.com/audiobooks/DAF7B3C9B8
두 번째 엔딩,김려령 배미주 이현 김중미 손원평 구병모 이희영 백온유,"『우아한 거짓말』부터 『아몬드』 『페인트』 『유원』까지, 독자들의 큰 사랑을 받은 작품들의 뒷이야기를 엮은 소설집. 김려령 배미주 이현 김중미 손원평 구병모 이희영 백온유 등 베스트셀러 작가들의 완성도 높은 단편이 실렸다. 전작에서 주인공이 아니었던 인물들의 속내까지 따스하게 보듬으며 모든 삶이 조명받아 마땅한 가치가 있다는 메시지를 전한다.",https://audioclip.naver.com/audiobooks/F8D5E05685
연애 소설 읽는 노인,루이스 세풀베다,"칠레 출신 작가 루이스 세풀베다의 첫 소설로 단번에 세계적 베스트셀러 순위를 차지했던 책. 아마존 부근 일 이딜리오에 살고 있는 노인의 꿈은 오두막에서 평화롭게 연애소설을 탐닉하는 것. 하지만 노다지를 찾아 모여든 '양키'들은 카메라를 들고 마을을 들쑤시고, 원주민들은 하나 둘씩 삶의 터전을 떠난다. 어느 날 누군가가 정글의 맹수를 화나게 하고, 노인은 깨진 자연의 균형을 바로하기 위해 총을 들고 숲으로 향한다. 추리 소설적 기법을 사용해 정글이라는 배경의 매력을 한껏 살려낸, 저자의 탁월한 재능이 돋보이는 글로 이후 그의 소설들을 일관하는 주요한 특징들이 탄생한 소설이다.",https://audioclip.naver.com/audiobooks/3511258EF0
나는 슈뢰딩거의 고양이로소이다,원종우,"과학 팟캐스트 1위, 〈파토의 과학하고 앉아있네〉원종우의 빅뱅처럼 폭발하는 상상력이 SF소설로 쏟아진다! 누적 다운로드 1억을 돌파하며 과학 분야 팟캐스트 1위를 지키고 있는〈파토의 과학하고 앉아있네〉원종우 대표가 첫 소설집을 출간했다. SF 소설 《나는 슈뢰딩거의 고양이로소이다》가 바로 그 책이다. 그런데 대중에게 과학 커뮤니케이터로 널리 알려져 있고, TV 방송에도 자주 얼굴을 비추며, 과학책도 여러 권 집필한 그가 갑자기 SF 소설을 들고 독자들 앞에 나타난 이유는 무엇일까. 원종우 작가는 그 까닭에 대해 “나는 실제로 과학을 연구하는 연구자가 아니라 과학 자체에 관해서 이야기하는 데 한계가 있다”라고 고백한다. 그래서 때로는 전문가의 입을 빌릴 수밖에 없었는데, 소설이라는 형식으로 과학을 말하는 것은 그 한계를 넘어설 수 있는 굉장히 매력적인 방법이라고 힘주어 말한다. 또 조금 과장하면 자신을 키운 것의 절반은 SF인데, 초등학교 때 접했던 아이작 아시모프의 《로봇》 시리즈 동화책 버전부터 시작해서 수많은 SF 소설, 드라마, 영화, 애니메이션, 웹툰에 이르기까지 삶에서 결코 SF와 멀어졌던 적이 없었다고 밝힌다. 《나는 슈뢰딩거의 고양이로소이다》는 표제작 〈나는 슈뢰딩거의 고양이로소이다〉를 비롯하여 단편 SF 소설 8개를 묶은 단편 모음집이다. 형식 면으로는 종래의 소설에서 문법에서 벗어나 각 소설의 앞과 뒤에 해당 작품을 읽기 전에 알아 두면 도움이 될 수 있는 과학 지식과 작품의 배경 등을 친절하게 설명해 두었다. SF 소설에 익숙하지 않은 독자들이 더 흥미롭게 작품에 집중할 수 있도록 치열하게 고민한 흔적이 엿보이는 부분이다. 내용 면으로 원종우 특유의 입담과 빅뱅처럼 폭발하는 그의 상상력이 과학 지식과 한데 어우러져 있다. 게다가 윤리적, 철학적, 사회적으로 생각할 거리를 덧붙여 놓아 해당 작품이 던지는 메시지를 사색하면서 침잠하게 한다. 과학×SF 소설×원종우, 원종우가 말하면 다르다, 재미있다! 원종우 작가가 과학 커뮤니케이터로 성공한 비결은 무엇일까? 그는 “그저 많은 사람들이 오해하고 있거나 불편해하는 과학을 자신이 듣고 싶었던 방식으로 모두에게 이야기하고 싶었다”라고 답한다. 이 말은 그의 첫 소설집 《나는 슈뢰딩거의 고양이로소이다》에서도 그대로 적용된다. 작가는 이 소설로 켤코 과학을 ‘가르칠’ 의도가 없음을 분명히 밝힌다. 소설은 그냥 그 자체로 재미있기를 바랄 뿐이라고 말한다. 다만 독자들이 이 책을 통해 과학과 SF 소설에 호감을 갖게 된다면 참 기쁘겠다고 덧붙인다. 과학과 SF가 함께하는 독특한 구성의 이 소설집,《나는 슈뢰딩거의 고양이로소이다》는 소설로서의 재미는 물론이거니와 우리가 살고 있는 이 세계를 새롭게 인식하게 하고, 인간인 우리가 우주에서 어느 위치에 있는지 돌아보게 한다. 게다가 과학에 대한 흥미까지 한껏 끌어 올리기까지 한다. 현실로 밀려오는 SF 소설 속 장면들을 놓치지 않고, 직접 목격하길 원한다면 꼭 읽어 보기를 강력히 권한다. ※ 이 오디오북은 한국출판문화산업진흥원(KPIPA)의 <2021년 오디오북 제작 지원 사업> 선정작입니다.",https://audioclip.naver.com/audiobooks/191CF57674
김호영이 읽는 전상국의 우상의 눈물,전상국,"[100인의 배우, 우리 문학을 읽다] 오디오북 시리즈는, 최민식 문소리 정진영 강부자 등 우리 시대를 대표하는 배우 103명이 한국 근현대문학의 주요 중단편소설 100편을 낭독한 프로젝트입니다. ≪우상의 눈물≫은 1980년 ≪세계의문학≫에 발표된 전상국의 단편소설이다. 한 남자고교 학급을 무대로 담임, 모범생, 불량 학생 등을 등장시켜 합법적인 권력과 벌거벗은 폭력의 관계, 선악과 위선의 문제를 풀어간다.",https://audioclip.naver.com/audiobooks/F217F60D30
가시고기,조창인,"시대가 흘러도 변할 수 없는 아버지의 사랑! 20주년 개정판 ★『해리포터』 열풍을 제친 2000년대 베스트셀러 1위! ★아들을 살릴 수만 있다면 내 몸을 내어주어도 좋은 가시고기아빠의 사랑 ★3백만 부 초베스트셀러의 감동, 개정되며 더욱 숭고해진 결말 아버지의 사랑은 어떤 모습일까? 어머니의 사랑은 수없이 그려져 왔고, 공감을 불러오기에 의문이 없다. 그러나 아버지의 사랑이 어떤 모습일지 표현하기는 어렵다. 이 책은 아버지의 사랑을 가늠하게 해준다. 속내를 드러내지 않지만, 깊은 곳에 감춰진 숭고한 자기희생의 사랑. 그래서 더 슬프고 아름다운 아버지의 사랑이다. 알을 낳고 떠나는 엄마가시고기를 대신해 새끼를 돌보고, 결국은 자신의 몸까지 내어주는 아빠가시고기. 주인공 정호연은 그런 가시고기 아빠다. 삶의 전부인 아들은 백혈병에 걸렸다. 게다가 골수이식이 아니면 더 이상 희망이 없다. 아들을 위한 최선은 무엇일까. 아들을 살릴 수만 있다면 내 몸은 뜯어 먹혀도 좋은 가시고기 아빠의 숭고한 사랑이 책 속에 담겨있다. 시대가 흘러도 변할 수 없는 아버지의 사랑이 다시 오다 『가시고기』 는 이미 3백만 부 이상 팔려 독자들의 사랑을 받은 초베스트셀러다. 42주 연속 종합 베스트셀러 1위를 차지했던 기록이 있다. 『해리포터』 시리즈가 세계 출판 시장을 강타할 당시, 유일하게 한국에서만 가시고기 열풍에 가로막혔던 기록도 있다. 학교에서는 청소년 필독서로 읽혀졌고, 아이들은 동화와 만화로 가시고기를 읽었다. 성인은 남녀를 막론하고, 청년에서 노년층까지 가시고기의 감동에 빠져들었다. 자식을 사랑하지만 속으로만 삼키는 것이 미덕이던 시절이었다. 아버지들은 묵묵히 책임을 다할 뿐 사랑을 표현하지 못했다. 가족을 위해 일터에서 야근을 하며 버티던 아버지들은 가시고기아빠였다. 자식에게 풍족한 환경을 주려고 몸 바쳐 일하는 것이 그들의 사랑이었다. 시대가 바뀌었다. 일찌감치 육아에 참여하는 아빠들이 많아졌다. 아이와 잘 놀아주고, 시간을 함께 보낸다. 친구처럼 지낸다. 요즘 아빠들의 사랑법이다. 이렇게 사랑을 표현하는 모습은 달라졌다. 그러나 다르지 않은 것이 있다. 아버지가 되면서 시작되는 알 수 없는 사랑. 자식에게 가장 좋은 것을 주고 싶은 가시고기아빠의 사랑이다. 2019년, 작가는 시대가 달라졌어도 변함없는 아버지의 숭고한 사랑을 다시 한 번 그려내고 싶었다고 한다. 시대에 맞는 내용으로 일부 보충하고 수정하여 증보개정판으로 선보이게 되었다. 이 오디오북을 통해, 시대가 흘러도 변하지 않고, 변할 수 없는 아버지의 깊은 사랑을 만나게 될 것이다.",https://audioclip.naver.com/audiobooks/AAFB69F883
한자와 나오키 4,이케이도 준,"한자와 나오키 시리즈 완간! “철저히 바꾸고 싶다면 지금이 마지막 기회야!” 세상의 부조리에 맞서는 은행원 한자와의 통쾌한 미스터리 활극 이케이도 준을 일본 최고의 작가로 만든 《한자와 나오키》 시리즈가 네 번째 책 《한자와 나오키 4: 이카로스 최후의 도약》의 출간을 끝으로 완간된다. 이케이도 준을 일본 최고의 작가로 만든 이 시리즈는 매력적인 캐릭터, 엄청난 흡인력, 명민한 미스터리 감각으로 독자들을 사로잡으며 시리즈 누적 607만 부가 판매된 초대형 베스트셀러이다. 이번 편에서 한자와 나오키는 증권회사에서의 통쾌한 활약을 뒤로 하고 다시 도쿄중앙은행 본사로 복귀한다. 여전히 뱅커로서의 긍지와 이상을 가지고 옳다고 믿는 일에는 정면으로 승부하는 그에게, 은행장은 항공사 재건 계획을 세우도록 지시한다. 그러나 원칙대로 진행하려는 한자와의 노력은 정치권이 개입하면서 수포로 돌아갈 위기에 처하고, 국가의 도움만 바라는 항공사의 소극적 태도와 은행의 희생을 강요하는 정치인의 부당한 요구, 파벌 싸움에만 몰두한 은행 임원진의 압력을 상대로 마지막 싸움을 시작한다. 《한자와 나오키 3: 잃어버린 세대의 역습》과 함께 2020년 4월에 방영되는 드라마 〈한자와 나오키〉 시즌 2의 원작으로 다시 한 번 기대를 모으고 있는 이 책은 시리즈 최강의 적과 맞서는 한자와 나오키의 활약과 누구도 예상치 못한 결말로 독자들에게 깊은 만족감을 선사할 것이다. [줄거리] 도쿄중앙은행 본사 영업 2부로 복귀해 눈코 뜰 새 없이 바쁜 한자와 나오키는 은행장의 지시로 경영 위기에 몰린 TK항공의 재건 계획을 맡는다. 항공사의 회생에 집중한 한자와는 강도 높은 구조조정안을 제시하지만, 정부의 지원만 믿고 있는 TK항공 경영진의 반발을 산다. 거기에 총선으로 정권이 바뀌면서 전 정권과의 차별화를 원한 신임 국토교통성 대신 시라이 아키코가 한자와의 재건안을 전면 백지화하며 새로운 태스크포스를 구성한다. 악명 높은 기업 회생 전문 변호사 노하라 쇼타가 주도하는 태스크포스는 각 은행들에게 TK항공의 채권 포기를 강요하는데…. 정부의 눈치만 보는 은행 임원진과 정치권의 노골적인 압력에, 불의를 참지 않는 한자와는 어떻게 맞설 것인가?",https://audioclip.naver.com/audiobooks/1FF01F22E0
그럼에도 불구하고,김정아,"너무 인기가 많아 정작 연애 한 번 못한 유찬과 윤희의 알콩달콩 귀엽고 재미난 서툰 사랑이야기. 비록 서툴지만 정말 사랑을 할 줄 아는 사람들의 사랑 이야기가 펼쳐집니다. 유찬과 윤희가 만들어가는 가슴 훈훈한 사랑을 통해 가족에 대한 사랑, 삶에 대한 사랑, 그리고 자신에 대한 사랑을 직접 확인하세요. 사랑을 시작하는 세상 모든 연인들을 위해. <그럼에도 불구하고>",https://audioclip.naver.com/audiobooks/1F3FB594C0
토끼의 아리아,곽재식,"소설 쓰는 과학자 곽재식이 선사하는 유쾌한 이야기보따리 기념비적인 데뷔작 ‘토끼의 아리아’에서부터 작가의 거대한 상상력이 돋보이는 최신작 ‘박승휴 망해라’까지 엄선 “더 사람 같다는 것이 더 좋은 것입니까?” 폴란드 시골의 외딴 숲 속에 낡은 집 한 채, 그리고 그곳에서 수십 년간 홀로 놀라운 지능을 키워온 인공지능 컴퓨터가 있다면? 우연히 만난 인공지능 컴퓨터를 속여 큰돈을 벌려는 사람과, 사람보다 더 사람다운 인공지능의 흥미진진한 두뇌 싸움, 과연 그 승자는 누가 될 것인가. 소설 쓰는 과학자로 유명한 곽재식의 다섯 번째 단편집. 인터넷에 게재한 작품만으로 드라마화가 되었던, 작가의 기념비적인 데뷔작 ‘토끼의 아리아’를 필두로 ‘맥주 탐정 시리즈’로 불리는 단편 타래의 초기작 ‘흡혈귀의 여러 측면’과 함께, 작가의 다채로운 매력 특히 SF적 상상력이 돋보이는 작품을 가려 실었다.",https://audioclip.naver.com/audiobooks/629E6F7097
경성여성구락부,김재희,"1930년대 경성구락부 상류층 여성들이 일본 존비군에 대항하기 위해 화끈하게 뭉쳤다! 새벽, 기모노 오비 띠가 풀어지고 온몸에 피를 묻힌 여성이 강도를 당했다면서 거리로 뛰쳐나온다. 그 여성은 반설아, 남편은 강도에게 살해당해 금고가 털렸고 자신은 죽을 뻔했다고 한다. 반설아는 신문사 사주 집안의 며느리로 강도 사건의 피해자가 되어 조사를 받는다. 일본인 형사 이시하라와 후배 파트너 형사 텐노는 반설아를 조사하다가 여러 의문점을 품는다. 사실 반설아는 남편의 폭력에 맘을 굳게 먹고 결단 내려 남편을 죽인 것이다. 친정 집안의 가보 서양의 전설적인 악마의 칼 다마스쿠스 검으로 죽였다. 사건을 강도 살인으로 위장, 시신을 욕조 물에 푹 담가서 사망 시각도 흐리게 만들었다. 반설아는 이후 가련한 미망인이 되어 남편의 신문사에서 근무하며 직접 기자가 되어서 취재도 하고 범죄현장, 살인사건 현장을 다니면서 감식 사진을 찍는다. 현장의 사진을 찍으면서 호기심도 충족시키고 자신과 비슷한 동류도 있다는 것을 알게 된다. 한편, 반설아는 집요하게 범행도구의 단서를 캐는 이시하라 경부의 수사에 압박을 받는다. 경성의 물랭루주로 불리는 ‘황금마차’에서 반설아는 숨넘어가는 환자를 구하는 윤민주와 조우한다. 윤민주는 어릴 적 유모의 딸로 설아와 태어나면서부터 친구였다. 그녀는 선교사에 입양돼 유학을 다녀와서 의사가 됐고 현재 병원장이다. 윤민주의 권유로 여성구락부에 가입해 이승전 배우, 고미정 철물점 사장, 명문가 김씨 부인, 기자이자 작가인 강명애 등을 알게 된 설아. 처음에는 텃세로 괴로워하지만 점차 구락부와 스포츠나 취미 활동을 하며 어울리게 되는데. 경성여성구락부에 숨겨진 어마어마한 비밀이 수면 위로 드러나게 된다! 경성여성구락부는 존비병을 연구하는 비밀연구소를 후원하면서 이 병균을 일본군에게 퍼뜨려 일본 제국주의를 타도하려 하는데! 존비(??), 존비 병균에 노출되면 손톱이 송곳처럼 날카롭게 변하고, 얼굴이 추해져서 송곳 존, 추할 비를 붙여 병명을 지었다. 하지만 도리어 존비병 연구가 들통 나고 일본군은 존비병균을 효율적으로 주입하여 세계 최강의 존비 군대를 만들어 여성구락부 회원들과 일대의 혈투를 벌이게 된다! 서대문형무소를 배경으로 벌어지는 화끈한 경성 상류여성들의 존비군인들과의 혈전!",https://audioclip.naver.com/audiobooks/B872F705F6
약혼 8년차,홍진영,"""오빠와 아버님 사이에 무슨 일이 있었던 거에요? 대체 왜이렇게 차갑게 변했어요!"" 마음을 열지 않는 사랑에 상처 받는 여자 '세연' ""사랑 같은거 믿지 않아. 진정한 사랑을 찾고나서, 나와 파혼하는 게 낫지 않겠어?"" 상처 받을까봐, 상처 주는 사랑을 택한 남자 '신혁' ""내 마음을 장난스럽게 받아들이는 게 싫단 말이야. 아직도 이런 내 마음, 안보여요?"" 난생 처음 몰래 짝사랑을 시작한 남자 '은호' ""이젠 나랑 만날 준비가 됐어? 당신을 만나려고 힘든 유학생활을 견디고 돌아왔는데!"" 거절 당할 걸 알면서도 두려움 없이 다가서는 '미리' 두 기업간의 정략약혼으로 맺어진 세연과 신혁. 그러나 누나인 수민의 죽음으로 신혁은 차갑게 변해버리고 만다. 서서히 망가질 자신에게서 떠나는 게 좋을거라며 파혼을 종용하는 신혁을 8년이나 기다리며 묵묵히 지내온 세연에게, 어느날 매력적인 바람둥이 은호가 다가오는데… 네 사람의 네 가지 색 사랑이야기가 지금부터 시작됩니다!",https://audioclip.naver.com/audiobooks/7E256B4860
눈의 여왕 (보너스트랙 : 영어오디오북),Hans Christian Andersen,"안데르센 '눈의 여왕'을 영어로, 한국어 드라마로 듣는다. 눈의 여왕은 언제나 외로웠고, 그녀의 눈에 비친 사람들의 집안은 언제나 따듯해 보인다. 어느 날, 마법의 거울에 찔린 소년 카이가 그녀 곁에 왔다. 당신이 눈의 여왕이라면 카이를 놓아줄 수 있었을까? 판타지 동화, 눈의 여왕. 이제부터 그녀의 이야기가 시작됩니다.",https://audioclip.naver.com/audiobooks/6907C71311
세계환상문학걸작선 제1권 (합본),오스카 와일드 외 14명,"세계적 문호 15인의 환상문학단편 44편을 대학로 배우 19인이 낭독한 오디오북이다. 프란츠 카프카, 오스카 와일드, 표도르 도스토옙스키, 레프 톨스토이, 너새니얼 호손, 허먼 멜빌을 비롯하여, ‘보물섬’의 로버트 루이스 스티븐슨, ‘우주전쟁’과 ‘투명인간’의 허버트 조지 웰스, ‘아라비안 나이트’의 앙투안 갈랑까지 세계적인 문호 15명의 작품을 담았다. <세계환상문학걸작선> 시리즈는 재미와 작품성을 동시에 갖추고 있다. 작품마다 단편 소설 특유의 기발한 아이디어와 짧은 호흡이 스피디하게 전개된다. 경쾌하게 독자의 뒤통수를 치거나, 오스스 소름을 돋게 하고, 손에 땀을 쥐게 만든다. 문자로는 느끼기 힘들었던 입체적 생동감을 이제 오디오로 느껴보자. 매 작품마다 7분 내외의 충실한 해설을 덧붙여 작품에 깊이를 더했다. 작가와 작품 해설은 물론 작품이 나왔을 당시의 뒷이야기까지 꼼꼼하게 담았다. 허먼 멜빌이 쓴 ≪필경사 바틀비≫의 주인공 바틀비는 왜 주어진 말마다 ‘하고 싶지 않습니다.’라는 말을 반복한 걸까? 필경사 바틀비가 사실 누군가의 분신이라는데 과연 그 누구는 누구일까? 흥미진진한 작품 이야기로 한층 더 깊이 있게 오디오북을 경험하자. 오디오북으로 만들면 가장 좋을 책은 단연코 환상문학이다. 사람의 상상력은 눈으로 읽을 때보다 목소리를 통해 귀로 들을 때 더 큰 힘을 얻는다. 글과 눈은 이성에 의지하고, 말과 귀는 상상력으로 확장되기 때문이다. 환상문학에는 눈으로 볼 수 없고 들을 수 없고, 만질 수 없는 것이 등장이다. 환상문학이야말로 오디오북으로 감상할 때 가장 스릴 넘치게 즐길 수 있다는 말, 고개가 끄덕여진다. 강신일, 이대연, 신안진, 박창순 등 무려 19명의 대학로의 실력파 연극배우들이 낭독에 참여했다. 작품을 가장 잘 살릴 수 있는 최고의 캐스팅 조합을 만들었다. 팀워크가 좋은 배우들이 잘 어울리는 역할과 만나니 생동감이 넘치는 오디오북이 탄생했다.",https://audioclip.naver.com/audiobooks/DB7550055F
섀도우 월드,김정욱,"서기 2125년, 세계적인 게임회사인 (주)리자드는 약 7년간에 걸친 개발 끝에 가상게임 '섀도우 월드'를 탄생시켜, 굴지의 온라인 회사인 카메론사의 '샤인-광휘'와 선두자리를 놓고 치열한 경쟁을 벌인다. 열 세살 무렵, 비행기 추락사고로 부모님을 잃고 홀로 살아가는 현진은 뜻밖에 복권에 당첨되는 행운을 잡고, 특별상으로 주어지는 '섀도우 월드' 캡슐 세트와 일년 무료 이용권을 받게 된다. 게임이라곤 처음 접한 현진은 새로운 가상게임인 '섀도우 월드'에 점점 빠져들고... 인간의 뇌를 이용한 몬스터와 공간의 벽을 넘어 대륙을 침탈하는 타대륙의 고수들, '섀도우 월드'의 이권을 빼앗으려는 암흑세력의 음모에 맞서 싸우는 현진은, 자신도 알지 못했던 '섀도우 월드'의 비밀을 알게 된다. 그리고 자신이 사랑하는 세계, 절대로 사라지지 않는 그림자의 땅을 지키기 위해 대륙 유일의 솔저로 다시 태어난다.",https://audioclip.naver.com/audiobooks/5EE96A1BAE
스노크래시1,닐 스티븐슨,"메타버스 시대를 이끌어 낸 기념비적인 SF 장편소설. 2021년 코로나 시대의 최고 화두는 ‘메타버스’이다. 메타버스는 ‘초월’이라는 의미의 ‘메타’, 그리고 세계라는 의미의 ‘유니버스’가 합쳐진 말인데, 1992년에 첫 출간 된 닐 스티븐슨의 소설 『스노 크래시』는 메타버스를 비롯해 아바타, 세컨드 라이프 등 다양한 용어와 개념을 태동시킨 작품이다. 이 오디오북은 한국출판문화산업진흥원(KPIPA)의 <2021년 오디오북 제작 지원 사업> 선정작입니다.",https://audioclip.naver.com/audiobooks/EF48514071
폭설,김지원,"[본 오디오북은 '요약본'입니다.] 부유하는 존재로서의 인간, 결핍과 부재로서의 사랑에 대한 김지원 작품 세계의 근원이자 뿌리가 담긴 작품. 『폭설』은 김지원의 초기 작품 세계를 대표하는 중편소설이다. 미국 뉴욕이라는 낯선 땅을 배경으로 새로운 땅에 뿌리를 내리지 못하는 사람들의 모습을 그리고 있는 이 소설은 사랑의 파탄이라는 주제에 닿아 있다. 주인공 진주는 아름다운 외모와 젊음을 지닌 여성으로, 여리고 소심해 보이지만 가슴속에 은밀한 욕망과 뜨거운 열망이 자리 잡고 있다. 진주와 기는 성에 관한 도덕적 관점이 비교적 개방적인 미국이라는 나라에서 자유분방하게 사랑을 나눈다. 하지만 이들의 사랑이 쳇바퀴 돌 듯 반복되는 일상의 균열 속에서 불안하게 발아되고 있다는 것을 놓쳐서는 안 된다. 결혼이라는 제도의 불합리성과 사랑에 대한 흔들리는 믿음과 깨어진 신뢰 안에서 그려지고 있기 때문이다. 결국 이들의 사랑 이야기는 ‘부유하는 사랑’을 그리고 있다고 볼 수 있다. 이 부유하는 사랑에 관한 소설은 진정한 사랑의 의미를 찾아 떠도는 모든 사람들에 관한 이야기이기도 하다.",https://audioclip.naver.com/audiobooks/24D6C87387
빛나거나 미치거나,현고운,"MBC 드라마 <빛나거나 미치거나>의 원작을 오디오드라마로 만난다! 원하는 건 뭐든지 다 해줄테니 막무가내로 혼인을 해달라고 하는 대책없는 여인, 신율. 고려의 황제 자리를 주면 혼인을 생각해보겠다는 사내, 왕소. 황당한 거래로 시작된 신율과 왕소의 이야기를 지금 시작합니다.",https://audioclip.naver.com/audiobooks/21111D6073
여름의 고양이 (민수),최상희,"문여름이는 어느 날 아파트 화단에서 고양이를 만나 그 고양이와 한 몸처럼 지내게 된다. 그런 어느 날 체육 시간에 불미스러운 일을 겪게 되는데……. 색다른 화법과 매력적인 상상력이 돋보이는 최상희 작가의 작품 “어떻게 할지 모르면서 최선을 다해 잘해 보려 애쓰는 것, 그게 내가 소설을 쓰는 방식인 것 같다. 그런 것들을 쓰고 있다. ‘메오메오’라든가 ‘미요미요’ 하는 소리에 귀 기울이며, 고작 작고 말랑말랑한 고양이의 핑크빛 젤리 같은 것을.”_저자의 말 *** 민수가 낭독하는 최상희 작가의 「여름의 고양이」는 아이돌 및 각계 저명인사의 목소리 재능을 기부받아 소리책을 만들고 이를 통해 청각 장애인에게 희망의 소리를 선물하는 캠페인에 참여한 작품이다. 캠페인 수익금의 일부는 사랑의 달팽이 재단에 기부되어, 경제적 어려움으로 소리 없는 세상에 살고 있는 난청 아동들에게 희망의 소리를 선물해주기 위한 지원 기금으로 사용되어진다.",https://audioclip.naver.com/audiobooks/68376BE2A4
삼총사,알렉상드르 뒤마,"용감한 시골 청년 다르타냥이 삼총사와 함께 펼치는 흥미진진한 모험담 가스코뉴라는 프랑스 시골 마을에서 자란 용감한 청년 다르타냥은 총사대에 들어가기 위해 무작정 파리로 올라온다. 다르타냥은 우여곡절 끝에 총사대의 삼총사, 아토스, 아라미스, 포르토스와 진한 우정을 쌓게 되고, 왕비를 돕는가 하면 영국과의 전쟁에서 활약을 벌이기도 하며 눈부신 성과를 이루어 낸다. 그 과정에서 가슴 시린 사랑과 이별을 경험하기도 하지만 다르타냥의 손에는 마침내 총사대의 부대장 임명장이 쥐어지는데……. 진정한 용기와 변함없는 우정의 소중함을 알려 주는 흥미로운 역사 소설! 우리는 많은 사람들과 관계 맺으며 살아간다. 하지만 그중 ‘진짜’라고 부를 수 있는 우정과 사랑은 얼마나 될까? 《삼총사》는 1944년에 발표된 프랑스 낭만주의 시대의 대작가, 알렉상드르 뒤마의 대표작으로, 시골에서 올라온 다르타냥이라는 청년이 아토스, 아라미스, 포르토스라는 삼총사와 진정한 우정을 나누고, 사랑하는 여인과 나라를 위해 목숨을 걸고 싸우는 모험담을 그리고 있다. 작품의 주인공이지만 다르타냥은 허점투성이로 등장한다. 사람들의 구경거리가 될 만큼 촌스럽고 삼총사 모두와 결투를 벌이려고 할 만큼 무모하다. 가진 것도 별로 없고, 세상 경험도 많지 않다. 삼총사 역시 불완전하다. 허풍을 떠는가 하면, 나쁜 여자에게 빠지고, 세상과 잘 어울리지 못한다. 하지만 이들이 모이면 그 어떤 어려움도 이겨낼 수 있는 강한 힘을 발휘한다. ‘하나를 위한 모두, 모두를 위한 하나’를 마음에 새기고 똘똘 뭉쳐 서로의 부족한 부분을 채워 주기 때문이다. 아마 이것이 우리가 진짜 우정을 간절히 소망하는 이유일 것이다. 다르타냥을 비롯해 삼총사와 총사대의 대장 트레빌은 실제로 존재했던 일물이다. 또 루이 13세, 안 왕후, 리슐리외 추기경, 버킹엄 공작 역시 역사에 등장하는 유명한 인물들이다. 뒤마는 실존 인물들을 등장시켜 프랑스의 가장 화려했던 시대의 정경을 사실적이면서도 흥미진진하게 그려 냈다. 물론 역사적 사건을 있는 그대로 쓴 것은 아니다. 작가의 자유로운 상상력은 등장인물들을 실제보다 더 생동감 있게 그려 냈고 사건을 긴장감 넘치게 전개시켜 나갔다. 이런 매력 덕분에 《삼총사》는 오늘날까지 수차례 영화와 연극, 뮤지컬 등으로 재탄생하며 사람들에게 재미와 감동을 전하고 있다.",https://audioclip.naver.com/audiobooks/49ABE72239
해피 아포칼립스!,백민석,"자본 전쟁의 사상자들이 펼치는 마지막 향연 “괜찮아. 어차피 미래는 없을 테니.” 세상의 끝에서 우리는 한번 웃을 수 있을까 “세상은 꼭 인간의 상상대로만 흘러가지는 않는다. 현실은 인간의 상상력보다 느리기도 하고 빠르기도 하고, 당연히 아무도 바라지 않았던 엉뚱한 방향으로 흘러가기도 한다.” _ p. 13 그로테스크한 상상력으로 1990년대 한국 문학의 한 획을 그은 백민석은 10년의 공백이 무색하게 그 명성을 이어가며, 최근엔 소설뿐만 아니라 다양한 분야의 글쓰기로 영역을 확대하면서 여전히 많은 독자의 사랑을 받고 있다. 그런 그가 아르테 한국 소설선 ‘작은책’ 시리즈로 신작 『해피 아포칼립스!』를 선보인다. 강렬하고 충격적인 단편소설과 개성 넘치는 캐릭터들이 긴장의 끈을 놓지 못하게 하는 장편소설로 자신만의 작품 세계를 보여주었던 그이기에 이번 경장편소설에서는 어떤 즐거움을 안겨줄지 기대된다. 작가는 그 기대를 저버리지 않고 아주 특별한 ‘종말의 밤’을 독자들에게 들려준다. 문학 작품에 나타나는 ‘종말’의 상상력이 따뜻하고 희망적일 리는 만무하지만, 그럼에도 불구하고 ‘해피’라는 수식이 붙는 종말은 어떤 모습일까. ‘공포’와 ‘악’에 관한 이야기라면 의심의 여지없이 믿고 보는 작가 백민석이기에, 이 천진한 제목 앞에 기대와 호기심은 더욱 높아진다. 이 작품은 “달나라에 첫발을 디뎠다고 난리가 난 지 70년도 더 지”난 때, “개포동을 지나 구룡산 중턱의 만 가족 타운하우스”에서 벌어지는 파티를 그리고 있다. 지금으로부터 약 20여 년 후, 서울의 강남에 위치한 ‘만 가족 타운하우스’로 향하는 차 안에서 혜주와 최가 나누는 대화로 이야기는 시작된다. 기상 이변으로 지구는 달아올랐고, 한낮엔 햇빛 때문에 민얼굴로 나갈 수도 없는 거리에는 배회하는 늑대인간, 좀비족, 뱀파이어 들이 구차한 삶을 연명하고 있다. 한데 이 모습이 허무맹랑한 상상의 결과로만 보이지는 않는다. 불과 얼마 전 우리는 끔찍한 미세먼지로 덥힌 공포스러운 하늘을 경험했고, 그것은 여전히 끝나지 않은 진행형의 현실이다. 이상기후는 전 지구적 문제이며, 기후 난민에 대한 뉴스도 낯설지 않은 이야기이긴 마찬가지다. 또한 가속화되는 미중 무역 전쟁의 유탄은 언제 한국으로 날아들지 모른다. 관세 부과로 중국의 대미 수출이 감소되면 중국의 경제 성장세가 둔화되고 이에 따른 피해가 한국으로 이어질 거라는 분석은 우리를 또 다른 공포로 몰아넣고 있다. 이쯤 되면 작가 노트의 한 문장이 떠오르며 한 걸음 더 가깝게 와닿는 작품 속 상황의 섬뜩함을 지울 수 없다. “이 소설의 상당량은 오늘의 이야기를 담고 있다.”",https://audioclip.naver.com/audiobooks/1BFFB90E86
심청전,작자미상,"앞을 보지 못하는 심봉사는 딸 심청이를 낳자마자 죽은 아내를 대신하여, 젖동냥을 나선다. 그렇게 애지중지 힘들게 심청이를 키웠고, 심청이는 어느덧 자라서 아버지를 돌본다. 효심이 깊은 심청이는 아버지의 눈을 뜰 수 있다는 방법을 알게 되는데…...<심청전>을 재구성한 작품이다. 효녀 심청이 아버지의 눈을 뜨게 하기 위해, 어떤 결심을 하게 되는지 이야기를 들여다보자.",https://audioclip.naver.com/audiobooks/DDDA258EB7
로미오와 줄리엣,셰익스피어,"귀로 듣는 책, 귀로 읽는 책! 셰익스피어 걸작선! 셰익스피어의 대표적인 작품을 오디오북으로 들어보세요.",https://audioclip.naver.com/audiobooks/EF6558366F
지킬박사와 하이드,로버트 루이스 스티븐슨,"《보물섬》의 작가, 로버트 루이스 스티븐슨의 문제작 ! 뛰어난 상상력과 깊이 있는 성찰로 형상화한 인간의 이중성과 선과 악의 본성 의학자이자 법학자로 모범이 되는 삶을 살아온 지킬 박사는 스스로 만든 약을 먹고 자신의 악한 내면을 분리해 낸다. 그렇게 탄생한 것이 바로 하이드다. 지킬 박사는 한 사람이면서 동시에 두 사람이 되어 선과 악 사이를 헤매며 괴로워한다. 선과 악은 분리될 수 있을까? 지킬 박사는 과연 어떠한 삶을 선택할까? 인간의 양면성에 대한 깊이 있는 성찰로 우리 마음 속 지킬 박사와 하이드를 깨닫게 하는 작품 《지킬 박사와 하이드》는 《보물섬》으로 유명한 영국의 작가 로버트 루이스 스티븐슨이 선과 악이라는 인간의 양면성에 대해 깊이 있게 성찰한 작품이다. 시대를 뛰어넘는 주제 의식으로 오늘날에도 ‘지킬 박사와 하이드’라는 책의 제목은 이중인격의 대명사처럼 사용될 정도다. 스티븐슨이 살던 당시 영국은 산업 혁명이 발전하고 과학이 발달하여 전 세계에 식민지를 두며 전성기를 누리고 있었다. 동시에 다른 한편으로는 빈부 격차가 확대되고 불평등이 커지며 사회 갈등이 폭발적으로 드러났다. 작가는 이러한 시대를 거치면서 인간에게는 선과 악이 함께 있다는 깨달음을 얻고 이 작품을 썼다. 주인공 지킬 박사는 의학자이자 법학자로 한평생 선량하게 살아온 인물이다. 주변 사람들의 덕망이 높으며 스스로도 주변의 기대와 애정에서 벗어나지 않으려 애쓴다. 하지만 자신 안에 존재하는 악을 표출해 보고 싶었던 지킬 박사는 스스로 연구해 만든 약을 먹고 마침내 악한 내면을 분리하는 데 성공한다. 이렇게 탄생한 이가 바로 하이드라는 인물이다. 지킬 박사는 한 사람이면서 두 사람이 되어 선과 악, 지킬과 하이드를 넘나드는 생활을 해 나간다. 그리고 갈수록 악한 마음이 강해지는 것을 느끼면서도 선하게만 사는 삶으로 돌아가고 싶지 않은 욕심에 하이드의 모습을 버리지 못한다. 결국 지킬 박사는 또 하나의 자신인 하이드와 격렬하게 대결하고 끔찍한 최후를 맞이하게 된다. 작품이 보여 주는 것처럼 사람의 내면에는 선과 악이 동시에 존재한다. 함께 있는 것을 무시하고 하나만을 드러내며 살아가는 일은 쉽지 않다. 그러나 선과 악은 본인의 의지로 선택 가능한 것이고 어느 쪽을 키워 나갈 것인지는 각자의 판단에 따를 뿐이다. 《지킬 박사와 하이드》가 널리 인기를 끌 수 있었던 것은 우리의 마음속에도 지킬 박사와 하이드가 존재하기 때문일 것이다.",https://audioclip.naver.com/audiobooks/FF466D47C2
창공의 군주,양강,"대륙 최고의 마법사라 칭송받던 어머니의 죽음. 동시에 고아가 되어 떠돌이 생활을 하게 된 엔델은 소매치기를 하며 목숨을 연장한다. 그러던 어느 날 유호남, 루크라는 사내에게 덜미가 잡히며 시련이 시작되는데…. 몬스터들의 감옥, 비스트 하우스란 음산한 건물을 배경으로 시작되는 화려한 현천진경과 야수권의 판타지가 펼쳐진다. 양강 판타지 장편소설 『창공의 군주』 엔델 : 룩스, 형을 믿었는데...겨우 이 정도의 사람이었어요? 룩스 : 나를 이렇게 만든 것은 너네야! 엔델 : 우리 사이가 왜 이렇게 된 거죠? 대체..왜! 작은 영지에 불과했던 풋라함! 이 곳은 나중에 풋라함 제국이 되고, 이를 둘러싼 사랑,우정,배신 부모를 잃고 하루하루를 간신히 살아가고 있던 소년 엔델과 브라함 왕국의 왕자 로베르트! 로베르트를 만나고 엔델의 인생 방향은 바뀌게 된다. 로베르트의 호위기사가 되기 위하여 엔델은 용병이 되기로 결심하지만, 너무도 빠른 로베르트의 죽음으로 그 약속은 지켜지지 못하고...",https://audioclip.naver.com/audiobooks/66E0266389
정진영이 읽는 김기진의 젊은 이상주의자의 사,김기진,"[100인의 배우, 우리 문학을 읽다] 오디오북 시리즈는, 최민식 문소리 정진영 강부자 등 우리 시대를 대표하는 배우 103명이 한국 근현대문학의 주요 중단편소설 100편을 낭독한 프로젝트입니다. ≪젊은 이상주의자의 사≫는 1925년 ≪개벽≫ 6월호과 7월호에 연재된 김기진의 초기 대표작이다. 가난한 민중과 일체화한 삶을 살고자 했지만 그럴 수 없어 번민하던 스무네 살 지식인 청년이 스스로 목숨을 끊기까지의 과정을 일기 형식을 빌려 서술한다. 카프 건설과 문예 이론을 주도했던 작가가 자신의 문학이론을 창작으로 실재화하여 보여준 작품이다.",https://audioclip.naver.com/audiobooks/C6BE044F23
츠바키 문구점,오가와 이토,"아름다운 손편지로 누군가의 간절한 마음을 대신 전해주는 츠바키 문구점의 가슴 뭉클한 기적 문구를 파는 평범한 가게처럼 보이지만 사실은 대대로 편지를 대필해온 츠바키 문구점을 중심으로 가마쿠라 사람들의 따뜻한 이야기가 펼쳐진다. 자신만의 내밀한 상처를 안고서 대필을 의뢰하기 위해 찾아오는 사람들의 다채로운 사연, 그리고 그들에게 귀 기울이고 그들의 진심이 고스란히 담기도록 편지를 쓰는 자세부터 필체와 어투, 필기도구의 종류, 편지지와 편지 봉투의 지종, 우표 모양, 밀봉 방식까지 세세하게 신경 쓰는 포포의 대필 과정이 가슴 뭉클하게 그려진다.",https://audioclip.naver.com/audiobooks/A8FD181DAF
무아,정선영,"무황제의 가슴에 뿌리를 내린 어여쁘고 서글픈 꽃, 무아(舞兒). 잔혹한 운명을 타고나, 아비에게 버림받고 대국(大國)으로 보내진 작은 아이. 모든 것을 잃고 이름조차 남지 않은 그녀에게 무 황제는 이름을 지어준다. 무아(舞兒). 하늘의 기운으로 춤추기 위해 태어난 여인. 무아: 기다리고 기다리다 지쳐, 목이 메여 더 이상 참지 못하게 되면, 꽃이 나비를 찾듯 폐하를 찾아 나설 것이옵니다. 황제: 발도 날개도 없는 꽃이 무슨 수로 나비를 찾아 나설 것이냐? 무아: 뿌리를 잘라 바람에 실려서라도 찾아갈 것이옵니다. 황제: 그러나 뿌리 없는 꽃이 어찌 살겠느냐? 무아: 어차피 나비 없는 꽃을 어찌 꽃이라 하겠나이까. 황제: 네 뿌리는 내 가슴에 영원히 자리잡았음을 부디 잊지 말고 기억하거라.",https://audioclip.naver.com/audiobooks/28E9F51DF8
