titles,authors,informs,clip_links
축복받은 집,줌파 라히리,"2013년 9월에 발표한 두 번째 장편소설 <로랜드The Lowland>로 영국 맨부커상 최종심과 미국 내셔널북어워드 본심에 오르며 작가로서 자신의 자리를 굳힌 줌파 라히리의 첫 소설집 <축복받은 집>의 개정판. 첫 소설집으로 1999년에 오 헨리 문학상과 펜/헤밍웨이 문학상, 2000년에 퓰리처상을 수상하며 미국 문단에 등장한 줌파 라히리도 어느덧 데뷔한 지 십 년이 훌쩍 넘은 중견 작가다. 단편소설집과 장편소설을 각각 두 권씩 번갈아 발표하며 자신의 문학 이력을 차곡히 쌓은 그의 문학사는 단순히 작가 한 사람의 문학사가 아니라 미국 문학, 세계문학 전체의 역사와 맞닿아 있다. '이민자 문학'은 없다며, 그런 문학이 있다면 '거주자 문학'이 따로 있느냐고 반문하는 라히리의 목소리는 정체성을 규정당하기를 거부하는 문학 본연의 목소리 자체다. 미국인이라는 말도, 인도인이라는 말도 어색한 인간 줌파 라히리의 의구심 가득한 시선이 특유의 담담한 필체와 만나 묘한 아이러니를 자아낸다. ""보기 드물게 우아하고 침착한 작가""의 ""세련된 등단집""이라며 극찬을 받은 <축복받은 집>에는 <이름 뒤에 숨은 사랑> <그저 좋은 사람> <로랜드>를 관통하는 줌파 라히리의 문제의식이 압축적으로 담겨 있다. 그 묘미를 번역가 서창렬의 새로운 번역으로 맛볼 수 있다.",https://audioclip.naver.com/audiobooks/A51EE8C750
천로역정,존 번연,"세계대표명작을 엄선하여 줄거리, 주제등을  성우의 목소리로 들려주는 세계 명작  보물창고!  오디오북을 통해 세계 대표명작을 만나 보세요.",https://audioclip.naver.com/audiobooks/A3A1A2E341
아직 멀었다는 말,권여선,"발표하는 작품마다 동료 작가와 평단의 비상한 관심을 모으며 한국문학의 품격과 깊이를 더하는 작가 권여선의 여섯번째 소설집. 작가는 소설을 쓸 때 어쩔 수 없이 이끌리게 되는 ‘익숙한 것’에서 벗어나 자신이 ‘모르는 영역’으로 한 발 한 발 걸어들어간다. 스물한 살의 스포츠용품 판매원인 ‘소희’(「손톱」)에서부터 레즈비언 할머니인 ‘데런’과 ‘디엔’(「희박한 마음」)에 이르기까지, 기존의 익숙한 것을 금지시킴으로써 어느 때보다 다양한 인물들을 향해 뻗어나가는 이번 소설집은 권여선 소설의 전환을 보여주는 작품으로 우리에게 “한 번도 먹어본 적 없는 생선의 맛처럼 부드러운 놀람”(「전갱이의 맛」)을 선사할 것이다. * 본 오디오북은 한국산업단지공단의 지원을 받아 제작되었습니다.",https://audioclip.naver.com/audiobooks/9167C32B59
명탐정 푸아로 오디오북 베스트 세트,애거서 크리스티,"‘추리 소설의 여왕’ 애거서 크리스티, 그녀가 창조한 최고의 명탐정 푸아로의 걸작들을 오디오북 할인 세트로 만나다! ‘추리 소설의 여왕’ 애거서 크리스티가 탄생시킨 명탐정 푸아로, 그가 등장하는 최고의 작품들만을 엄선한 「명탐정 푸아로 오디오북 베스트 세트」가 황금가지에서 출간되었다. 윌리엄 셰익스피어와 성경 다음으로 전 세계에서 가장 많이 팔리는 작가인 애거서 크리스티를 대표하는 명탐정 캐릭터인 푸아로는 셜록 홈즈, 브라운 신부와 더불어 세계 3대 명탐정으로 꼽힌다. 푸아로의 데뷔작 『스타일스 저택의 괴사건』을 비롯하여 출간과 함께 부고가 《뉴욕 타임스》에 실림으로써 푸아로를 《뉴욕 타임스》에 부고가 실린 유일한 가상의 인물이라는 기록을 남길 수 있게 한 푸아로의 은퇴 작품 『커튼』까지, 푸아로가 활약하는 대표작 7종을 한데 묶어 할인가로 영구 소장할 수 있는 특별 세트로 선보인다. ☑️구성 오디오북(푸아로 활약 연대순) 1. 스타일스 저택의 괴사건 2. 애크로이드 살인 사건 3. 오리엔트 특급 살인 4. ABC 살인 사건 5. 나일 강의 죽음 6. 다섯 마리 아기 돼지 7. 커튼",https://audioclip.naver.com/audiobooks/5FF549CD79
변신,프란츠 카프카,"""그 사건은 어느 날 아침에 일어났다! 잠에서 깨어난 그레고르는 자신이 침대 속에서 흉측한 벌레로 변한 것을 발견했다."" 인간의 고독과 불안을 담아낸 체코의 이상, 프란츠 카프카(1883~1924). 무대위에서 노래하듯 벌레 그레고르를 낭독한 뮤지컬 배우 김무열. 젊은 이들이 꼭 한번은 들어봐야 할, 절망의 밑바닥 그 소리를 들려드립니다.",https://audioclip.naver.com/audiobooks/6BA2F1575D
레인보우시리즈 RED,오디언,"전 이제 그 애에게 뭐라고 말햐야 할까요? 어렸을 때 부터 함께 해온 여주인공을 짝사랑하는 지후와 그녀의 애인이자 지후의 대학 동창인 우빈은 서로를 의식하며 살아가고 있다. 그러던 어느 날, 다큐멘터리 사진기자로 오지를 떠돌며 여주인공을 외롭게 하던 우빈에게 커다란 사건이 터지게되는데… 우빈이 이대로 사라져 버릴까 불안해하는 지후와 한편으론 그녀 곁에 지후가 있어 안심하는 우빈. 과연 이 이야기의 끝은? 레인보우프로젝트시리즈는 청자가 여자주인공이 되어보는 참여형 오디오드라마입니다. 직접 여주인공이되어 대화해보세요~",https://audioclip.naver.com/audiobooks/48DFA83930
요약) 전쟁과 평화,원작 : 톨스토이 / 요약 : 북코스모스,"1864∼1869년 작품. 전 4편과 에필로그로 되어 있다. 전반에는 중심인물인 귀족들의 생활과 국외에서의 전투, 후반에서는 국내에서의 전투와 '어떻게 살 것인가' 하는 사상적 문제가 다루어져 있다. 이 작품은 역사소설과 예술소설의 훌륭한 융합이다. 우선 러시아 건국 이래의 일대 역사적 사건인 1812년 전쟁을, 아우스터리츠·볼로디노·셴그라벤 등 각지의 주요 전투를 비롯하여 모스크바 소실(燒失), 프랑스군 퇴각에 이르기까지를 상세하고도 높은 예술성과 명확성으로써 묘사하여 단순한 역사소설로서도 러시아 문학뿐만 아니라 세계문학에서 최고의 위치를 점하고 있다.",https://audioclip.naver.com/audiobooks/CE4A3AE7F6
푸른 달 스무하루 3권,하라,"“고리야, 절대, 절대로 여자애란 걸 들키면 안 된다. 알았지?” 쌍둥이 오라비 은고를 대신해 남장하고 들어간 황궁. 여섯 살의 고리는 인생 최대 악연을 만났다. 일명 지옥의 어린 야차. 제 2황자 유강. “꼬맹이 각오는 하고 날 찼겠지?” 신발 한 짝으로 시작된 험난한 인생 가시밭길. 십 년을 숨겼으나, 비밀에는 한계가 있었다. 절대로! 결코! 여자인 게 밝혀지면 안 돼! 하지만 냉혹한 피의 황자로 성장한 유강은 남장한 그녀를 의미심장하게 응시했다. “오늘 밤, 내 처소로 오너라.”",https://audioclip.naver.com/audiobooks/A772DAC433
심해어,배현,"갑자기 지하철이 무너졌다 극한의 재난 속에서 드러나는 적나라한 인간군상의 면면을 파고드는 공포 소설! 원인이 밝혀지지 않은 붕괴 사고로 지하철이 무너진다. 단순한 운행 지연으로 치부하던 사람들은 고립이 길어지자 점차 예민해지고, 견디다 못한 누군가의 제안으로 문을 열고 선로를 따라 탈출을 시도한다. 꼬박 하루 동안 아무것도 먹지 못한 나는 가방에 숨겨 둔 빵을 몰래 꺼내 겨우 한입 베어 무는데, 굶주렸던 사람들은 음식 냄새를 맡자 잔뜩 날을 세운 채 웅성거린다. 그리고 잠시 후, 어디선가 누군가가 칼에 찔렸다는 이야기가 들려오고 암흑 속에 갇힌 이들은 더욱 극심한 공포와 불안에 떨게 되는데……. 극단적인 상황 속에서 점차 본성을 드러내는 이들의 천태만상을 심해어의 속성에 비유하며, 어두운 군중 심리를 예리한 시선으로 담아내는 재난 공포 소설! 황금가지의 온라인 소설 플랫폼 브릿G와 네이버 오디오클립이 함께한 ‘YAH!(Young Adult Horror)’ 문학 공모전 우수상 수상작으로, 원작 단편은 브릿G 웹사이트와 모바일앱에서 읽을 수 있다. - 📌성우들의 열연, 환상적인 BGM과 연출! 황금가지의 드라마형 오디오북 목록 [애거서 크리스티 추리 베스트 12] 나일 강의 죽음 커튼 애크로이드 살인 사건 스타일스 저택의 괴사건 서재의 시체 살인을 예고합니다 비뚤어진 집 다섯 마리 아기 돼지 ABC 살인사건 0시를 향하여 그리고 아무도 없었다 오리엔트 특급 살인사건 [이영도 판타지 시리즈] 눈물을 마시는 새 그림자 자국 오버 더 호라이즌 오버 더 네뷸러 오버 더 미스트 오버 더 초이스 에소릴의 드래곤 [하지은 작가 대표작] 얼음나무 숲 [공포 단편 오디오북] 증명된 사실 검은 책 홍수 심해어 공포의 ASMR 나 홀로 숨바꼭질 인형괴담 귀신보다 무서운",https://audioclip.naver.com/audiobooks/7EC502CF02
홍수,배명은,"“소용없어. 지금 주위에 아무도 없어. 아가씨와 나뿐이라고.” 홍수로 밀폐된 상황에서 맞닥뜨린 의문의 남자, 그리고 서서히 드러나는 공포! 태풍이 강타하자 온 마을이 삽시간에 물에 잠긴다. 살림살이 하나라도 더 챙겨보겠다고 안간힘을 다하던 ‘은화’는 갑자기 불어 오른 물길에 까무룩 정신을 잃고 만다. 가까스로 살아남았지만 깨어보니 가족들과 마을 사람들은 온데간데없고 웬 낯선 남자만 보이는 상황. 외지인으로 보이는 남자는 쩝쩝거리는 소리와 알 수 없는 혼잣말을 반복하며 은화를 점점 더 극한의 공포로 몰아넣는다. 그런데 그때, 밖에서 자신의 이름을 부르는 소리가 들려 구조 요청을 하자 갑자기 돌변한 남자가 은화를 강하게 붙들기 시작하는데……. 홍수라는 예측불가의 자연재해에 더해, 홀로 고립된 화자의 상태까지 맞물리며 불안과 공포의 위력을 이중으로 배가시키는 작품. 흥미로운 반전까지 놓치지 마시길! 황금가지의 온라인 소설 플랫폼 브릿G와 네이버 오디오클립이 함께한 ‘YAH!(Young Adult Horror)’ 문학 공모전 우수상 수상작으로, 원작 단편은 브릿G 웹사이트와 모바일앱에서 읽을 수 있다. - 📌성우들의 열연, 환상적인 BGM과 연출! 황금가지의 드라마형 오디오북 목록 [애거서 크리스티 추리 베스트 12] 나일 강의 죽음 커튼 애크로이드 살인 사건 스타일스 저택의 괴사건 서재의 시체 살인을 예고합니다 비뚤어진 집 다섯 마리 아기 돼지 ABC 살인사건 0시를 향하여 그리고 아무도 없었다 오리엔트 특급 살인사건 [이영도 판타지 시리즈] 눈물을 마시는 새 그림자 자국 오버 더 호라이즌 오버 더 네뷸러 오버 더 미스트 오버 더 초이스 에소릴의 드래곤 [하지은 작가 대표작] 얼음나무 숲 [공포 단편 오디오북] 증명된 사실 검은 책 홍수 심해어 공포의 ASMR 나 홀로 숨바꼭질 인형괴담 귀신보다 무서운",https://audioclip.naver.com/audiobooks/702E3E6535
셜록 홈즈 단편선 2,아서 코난 도일,"전 세계인이 사랑하는 탐정 셜록 홈즈의 이야기!
셜록 홈즈 시리즈 중 유명하고도 작품성이 있는 단편들을 뽑아 완역한 번역본입니다.",https://audioclip.naver.com/audiobooks/BA4B4E3CC8
폭군에게 차이는 10가지 방법 2권,서귀조,"아름다운 폭군 남주에게 집착하다가 죽임당하는 약혼녀가 되어 버렸다. 나는 부지런히 그에게 차일만한 행동을 한 열 개쯤 한 뒤, 생각보다 나쁘지 않은 폭군과 건전한 친구 관계가 되는 데 성공했다. 그 리고 여주를 처음으로 본 그에게 물었다. “어땠어요?” “음?” “디엘 영애 말이에요, 폐하.” 그가 고개를 슬쩍 기울였다. 관심 없는 척하기는! 첫눈에 반했다고 써 있었는데. 내가 다 봤는데. 흐흥, 웃으며 그의 팔뚝을 손가락으로 한 번 콕 찔렀다. “있잖아요. 혹시라도 달리 좋아하는 사람 생기면 꼭 말해 주세요.” “왜요? 죽이게?” 에이. 내가 자긴 줄 아나. 나는 그에게 의미심장하게 웃으며 답해 주었다. “그야, 적당히 타이밍 봐서 파혼해 드린다는,” “영애.” 그의 얼굴에서 순식간에 웃음기가 사라졌다. 나는 어쩐지 이글거리는 그의 눈빛에 말을 잇지 못했다. 나를 빤히 보던 그가 조금 허스키한 목소리로 작게 웃더니, 가라앉은 목소리로 말했다. “그런 농담은 하지 마요.” 볼에 묻은 머리카락을 부드럽게 떼어내는 손길이 자못 은밀했다. “그러다 내가 돌면 어쩌려고 그래.” ……거기서 왜 네가 돌아 버리는 거죠?",https://audioclip.naver.com/audiobooks/676EBCA7E8
"적빈 (RESOUND 단편, 문예주 낭독)",백신애,"「적빈」은 1934년 11월 『개벽』에 처음 발표된 백신애(1908-1939)의 소설입니다. 이후 1938년 개작본이 『현대조선문학전집』 에 수록되었습니다. ‘적빈(赤貧)’은 매우 가난하다는 뜻으로, 이 작품은 제목 그대로 일제 강점기 처참한 빈곤에 휩싸인 농촌 지역 민중들의 어려운 현실을 핍진하게 형상화하였습니다. 남의 집 허드렛일로 간신히 연명하는 ‘매촌댁’은 자신의 생계 뿐 아니라, 무능력한 아들들과 며느리들의 생계까지 떠안고 있는 인물입니다. 두 며느리의 해산을 앞두고 매촌댁은 새 생명이 탄생한다는 것에 대한 어떤 기대나 희망도 품지 않습니다. 벗어날 길 없는 가난에 대한 절망이나 서글픔 등의 감정도 느낄 겨를이 없습니다. 그에게 절실한 것은 오로지 생존본능입니다. 자신이 생존하고, 식솔들을 생존시키기 위해 죽을힘을 다 합니다. 특히 매촌댁이 ‘사람은 똥힘으로 산다’면서 변의조차 참는 마지막 장면은 표현하기 어려운 압도적인 비애를 자아냅니다. 「적빈」의 오리지널 사운드트랙을 작곡한 '강이채'는 버클리 음대를 졸업하고 클래식과 재즈 등 다양한 장르를 섭렵한 바이올리니스트이자 싱어송라이터입니다. 신비로운 분위기와 보이스, 화려한 바이올린 연주, 실험적인 사운드부터 대중적인 멜로디까지 강이채만의 독특한 스타일로 평단과 대중 모두로 부터 열렬한 지지를 받고 있는 신세대 뮤지션입니다. 영화 ‘기생충’을 본 분이라면 누구나 짜파구리를 요리하는 장면이 떠오를 것입니다. 주인 가족이 갑자기 집으로 돌아오는 긴박한 상황에서 짜파구리를 끓일 때 흘러나오는 바이올린 솔로 곡이 강이채의 연주곡입니다. 그 외, 영화 ‘기생충’ OST의 메인 타이틀곡인 ‘믿음의 벨트’에도 바이올린 연주자로 참여했습니다. 100년 전 우리 소설, 아름다운 소리로 만나다 ‘Resound 단편’ 시리즈 소위 ‘고전’이라 불리는 작품들은 시대를 불문하고 인간과 삶을 관통하는 날카로운 통찰을 담고 있습니다. 그러나 한 번쯤 제목은 들어 봤을지라도, 제대로 읽어본 적은 없는 경우가 많습니다. 왜일까요? 어쩌면 고전은 낡고 지루하며 어렵다는 편견이 있는 건 아닐까요. ‘Resound 단편’ 시리즈는 그 편견을 깹니다. 오늘날 활발히 활동 중인 작가들이 고쳐 쓰고, 그 원고를 전문 배우들이 생생하게 낭독하고, 거기에 뮤지션들이 작곡한 음악이 더해져 고전은 새로운 예술작품이 되었습니다. 옛 것의 가치는 간직하되 새로운 옷을 입고 화려하게 돌아온 50편의 ‘Resound 단편’ 시리즈가 새로운 문학의 세계, 감상하는 오디오북의 세계로 당신을 초대합니다.",https://audioclip.naver.com/audiobooks/EE337A5F70
아빠가 된 일진짱,하얀고양이,뭐? 아직 결혼도 안한 새파랗게 젊은 고등학생이 아빠가 됐다구? 얼굴짱! 싸움짱! 공부짱! 쓰리 타이틀의 주인공 [권.강.한]과 얼굴 평범. 몸매 평범. 모두~ 평범한 여주인공 [류.신.아] 의 좌충우돌 하이틴로맨스~ 강아 : “으앙~~ 아빠! 나 배고파 집에 들어가자~~” 강한 : “뭐…!!!!? 너 지금 누구더러 아빠라는 거야???” 동생의 치료비를 받겠다고 겁도 없이 학교 짱을 찾아간 류신아. 강한은 치료비를 줄 테니 자신의 집으로 찾아오라고 하는데… 때마침 작은아버지의 부도로 졸지에 집을 잃게 된 류신아. 우여곡절 끝에 고아로 보이는 꼬마 강아와 함께 강한의 집에서 함께 살게 된다. 학교에서는 평범한 학생 신아와 잘생기고 전교1등인 짱 강한의 사이가 알려지며 일대 난리가 나는데… “아 놔~ 왜 나를 가만히 놔두질 않는 거야~ 잘난 것도 죄야?”,https://audioclip.naver.com/audiobooks/FB009D6126
조선 명탐정 정약용,이수광,"[본 오디오북은 '요약본'입니다.] 미궁에 빠진 살인사건을 풀어가는 명판관 정약용의 활약을 통해 조선 사회의 법과 정의, 어두운 권력의 그림자를 들여다본다. 조선왕조실록에 수록된 미스테리한 살인사건의 발생부터 해결 과정, 판결에 이르기까지, 명판관으로 활약하는 정약용의 모습을 만난다. 얼마 전 대법원은 ‘청소년용 재판교재’를 출간하면서 세계적인 명판관으로 솔로몬, 포청천, 그리고 우리나라의 다산 정약용을 꼽았다. 『흠흠신서』를 통해 치열한 법리 논쟁을 보여주었기 때문인데, 이 책에서는 조선시대 형조참의를 역임하면서 살인사건을 수사하고 판결한 유능한 판관으로서의 정약용의 삶을 다룬다. 이 책은 조선시대에 실제로 일어났던 사건을 재판하는 과정과 판결문까지를 담아낸다. 대한민국 팩션 역사서의 대가 이수광은 『조선 명탐정 정약용』에서 소설의 틀을 빌려 정약용의 삶과 당시 조선의 법, 그 집행에 관한 이야기를 긴장감 있게 풀어내고 있으며, 역사로 기록되어 전해지는 미스테리한 살인사건과 정조 독살설을 집중적으로 다루어 흥미를 더한다. 이 책에서 정약용은 법에 대한 흔들림 없는 잣대와 논리적인 접근으로 날카롭고 명쾌한 판단을 내리고 있다. 특히 책에서 다루고 있는 사건들은 여론과 실정법의 충돌로 법리논쟁이 치열하게 벌어지는 상황, 정당방위의 한계에 대한 논의, 법의 울타리를 넘어 남용되는 권력의 실태 등을 담아내며 현재를 살아가는 이들에게도 법과 정의에 관한 의미 있는 물음을 던진다.",https://audioclip.naver.com/audiobooks/BBB70E803A
프란츠 카프카의 시골의사,프란츠 카프카,"<프란츠 카프카, 그의 기괴하고 신비로운 이야기, 시골의사!!> 초현실적인 공간에 시골의사가 버려져있다. 환자에게 가야만하는 운명을 가진 시골의사. 그는 자신의 소중한 사람까지 잃고 눈길을 날아 환자곁으로 간다. 하지만, 그는 누구도 구원하지 못한다. 시골의사, 그는 또 다른 모습의 누구인가? 그 기괴하고 신비로운 이야기가 시작됩니다.",https://audioclip.naver.com/audiobooks/2290EFEBB8
별뜨기에 관하여 2 - 별뜨기에 관하여,이영도,"『드래곤 라자』, 『눈물을 마시는 새』의 작가 이영도가 선보이는 기상천외한 SF 권성혁, 이새아 성우의 생동감 넘치는 연기와 풍성한 음향 효과로 만나는 위탄인 시리즈 드라마 오디오북! ""별을 만들어내지야 않습니다. 적절한 시점을 찾아낼 뿐이지요. 저는 그걸 별뜨기라 부릅니다."" 문교촉위를 통해 다수의 외계 문화권을 인지하게 된 바야흐로 우주 개척 시대, 지구인 '나'와 위탄인 '제르비'는 다른 외계 문화권의 계급 갈등을 해결하기 위한 화합의 별자리를 찾기 위해 파트너로서 우주를 함께 여행하는 중이다. 이들은 같은 템섹 우주선에 탑승한 채 스크린과 번역기를 통해 소통하지만 생활 방식이 완전히 다르기 때문에 철저히 분리된 격벽을 가운데 두고 생활하고 있다. 그러던 어느 날, 별자리 찾기에 대한 논쟁을 벌이던 제르비는 점성학자로 과거 '나'의 행적을 두고 살인자라는 비난을 퍼붓기 시작하는데……. 새로운 외계 문명과 함께 우주를 개척해 나아가는 과정을 이영도 작가 특유의 위트와 주제의식으로 담아낸 SF 단편! ""조금만 기다리라고. 짝패. 늦었지만 우리 아이들 중 일부는 너희들을 따라갈 수 있을 거야. 우리 아이들과 별들은 무슨 그림을 그릴지 궁금해."" *원작 소설인 위탄인 시리즈 순서상 <카이와판돔의 번역에 관하여>를 먼저 듣는 것을 추천드립니다. - 📌 성우들의 열연, 환상적인 BGM과 연출! 황금가지의 드라마형 오디오북 목록",https://audioclip.naver.com/audiobooks/89307D1929
"위폐범들 (민음사 세계문학, 완독본)",앙드레 지드,"1926년 출간된 『위폐범들』은 앙드레 지드가 자신의 유일무이한 ‘소설’이라고 했을 뿐만 아니라 ‘마지막 작품’이라 생각하고 자신의 모든 것을 담고자 한 작품이다. 자신이 사생아임을 우연히 알고 집을 나온 혈기왕성한 청년 베르나르, 온화하지만 세상과 마주보는 것이 서툴렀던 문학소년 올리비에, ‘글쓰기’에 대해 진지하게 고민하는 지식인 에두아르, 그리고 이들을 둘러싼 수많은 등장인물들의 일화가 얽히고설킨 이 ‘소설’은 마치 위조화폐처럼 거짓된 모습으로 거짓 세계 속을 표류하는 이들이 진정한 자아와 삶의 의미를 발견해 가는 여정을 그린다. 『위폐범들』에서 앙드레 지드는 제도와 인습에 대한 반항, 동성애, 성실성, 선과 악 문제, 삶의 양식 등, 너무나 “지드적인” 주제를 통해 모순으로 가득한 현실과 자신에게 주어진 불합리한 환경에서도 ‘최선을 다해’ 살아가는 것이야말로 진정함 ‘삶’이며 눈부신 ‘내적 성장’임을 보여 준다. * “프랑스적 사유의 한 지표가 되는 작가,”-사르트르""",https://audioclip.naver.com/audiobooks/5D3A112A5B
데미안,헤르만 헤세,"‘나는 그저 내 속에서 저절로 우러나오는 삶을 살고자 했을 뿐이다. 그런데 그것이 왜 그토록 어려웠을까?’ 모든 인간의 인생은 자기 자신으로 향하는 길이고, 하나의 길을 가려는 시도이나 좁고 쓸쓸하고 외로운 길의 암시다. 일찍이 그 어떤 인간도 완전히 자기 자신이었던 적은 없다. 그럼에도 모든 인간은 자기 자신이 되고자 노력한다. 모든 인간은 자기 탄생의 잔재를, 태고의 점액과 껍질을 죽을 때까지 지니고 다닌다. 모든 개개인은 인간으로 향하는 자연의 자식이다. 어머니라는 기원은 우리 모두 똑같다. 우리는 모두 동일한 심연에서 유래한다. 그러므로 우리는 서로 이해할 수는 있지만, 해명할 수 있는 것은 오직 자기 자신뿐이다. ‘새는 알에서 나오려고 애쓴다. 알은 곧 세계다. 태어나고자 하는 자는 하나의 세계를 파괴하지 않으면 안 된다. 그 새는 신을 향해 날아간다. 그 신의 이름은 아브락사스.’ 나를 찾아가는 길, 헤르만 헤세의 <데미안>",https://audioclip.naver.com/audiobooks/EEBB4089DE
정우성이 읽는 조지 오웰의 코끼리를 쏘다,조지 오웰,코끼리를 쏘다(Shooting an Elephant) 1936년 ≪뉴라이팅(New Writing)≫ 가을호에 처음 실렸다. 작가 자신이 20대 초반 미얀마에서 제국 경찰로서 복무한 체험을 바탕으로 쓴 작품으로 오웰의 산문 중 최고의 작품으로 인정받고 있다. 제국주의를 증오하면서도 제국 경찰로서 복무하는 딜레마에 빠져 있는 주인공은 한 사건을 계기로 제국주의의 숨겨진 본질이 무엇인지 깨닫는다.,https://audioclip.naver.com/audiobooks/A665C58AC0
정범기 추락 사건,정은숙,"범기가 빌라에서 뛰어내렸다! 그 사건이 신문에 보도되면서 영원고가 발칵 뒤집힌다. 체육 특기생으로 대학에 가고자 양궁부에 든 범기는 양궁도, 공부도 제대로 하지 못하는 현실에 좌절하지만 예슬과 사귀기 시작하면서 일상의 소소한 행복 또한 맛보게 된다. 그러나 예슬은 상식이 턱없이 부족한 범기에게 싫증을 느껴 이별을 선언한다. 범기의 투신을 목격한 기자의 시선으로 시작된 소설은 뒤이어 범기의 투신에 죄책감을 느끼는 선생님과 양궁부 선배 그리고 예슬의 시선으로 그려지고, 마지막에 범기의 목소리가 등장하여 투신 사건의 전모가 밝혀진다……. *** A.C.E의 멤버 찬이 낭독하는 정은숙 작가의 [정범기 추락 사건]은 아이돌 및 각계 저명인사의 목소리 재능을 기부받아 소리책을 만들고 이를 통해 청각 장애인에게 희망의 소리를 선물하는 캠페인에 참여한 작품이다. 캠페인 수익금의 일부는 사랑의 달팽이 재단에 기부되어, 경제적 어려움으로 소리 없는 세상에 살고 있는 난청 아동들에게 희망의 소리를 선물해주기 위한 지원 기금으로 사용되어진다.",https://audioclip.naver.com/audiobooks/09BFC7487B
격렬한 청혼 2권,적랑,"19년 전, 몰래 숨어든 벽장 속에서 그의 어머니의 외도를 목격한 이후 늘 시선을 뗄 수 없던 남자, 허이건 호기심이 탐닉이 되고 연민과 동정이 욕망으로 변모한 19년이 지나 해늘은 이건에게 청혼한다. “내가 얻게 되는 건 뭐지?” “나요. 날 가질 수 있어요.” “그것 말고 내게 또 뭐가 있지?” “……욕망.” “그것뿐?” “사랑, 그딴 건 하고 싶지 않으니까. 당신도 그렇잖아요.”",https://audioclip.naver.com/audiobooks/643BE3176E
달의 행로,권비영,"[본 오디오북은 '요약본'입니다.] <덕혜옹주> 권비영 작가가 11년 만에 내놓은 중 단편소설집 <달의 행로>. 이 책에는 다섯 편의 주옥 같은 소설들이 수록되어 있다. 문학의 죽음을 말하는 요즘 《덕혜옹주》로 대중에게 널리 알려졌고, 영화화된 권비영 작가의 소설집이다. 소설집에서 작가는 단편미학의 정점에 다가서려고 노력하고 있다. 저자는 이번 소설집을 통해 인생의 궁극의 본질을 타자와의 관계에 대해 탐색한다. 특히 <달의 행로>는 맏딸이라는 이유로 가족들을 부양해야 했지만 희생하지 않고 자신의 꿈을 위해 끝까지 포기하지 않은 결과 여성학 교수가 되었지만, 평생을 죄스럽게 살아온 정연이라는 인물과 가족들을 위해 자신의 인생 전체를 희생했던 정혜라는 인물을 통해 여성으로 산다는 것에 힘겨움을 그리고 있다.",https://audioclip.naver.com/audiobooks/34368CFE1F
데이 포 나이트,김봉곤,「데이 포 나이트」는 소설가가 되어 모교로 돌아간 화자가 위험한 폭력 앞에서도 머뭇거릴 수밖에 없었던 자신의 지난날을 회상하며 한 걸음 더 성장해나가는 이야기를 감각적으로 그려낸다.,https://audioclip.naver.com/audiobooks/06831953DE
해시의 신루 - 통합본,윤이수,"""구르미 그린 달빛"" 작가 윤이수가 내놓은 또 하나의 역사 판타지 로맨스! 네이버 웹소설 누적 조회 5천만회, 평점 9.98점의 베스트셀러! 15세기 조선. 이곳에 운명을 거부하고 도망치는 여인, '해루'가 있다. 미래를 예언하는 신비한 능력은 그녀에게 독일 뿐. 어느 날, 그녀 앞에 천하 제일 길치에 공갈을 일삼는 해괴한 사내가 나타나는데. 그의 정체는 조선 최고의 천재 군주라 불리는 '이향'이다. 별이 가득한 밤하늘을 사랑하고 동경하는 그와, 자신의 운명에 기꺼이 맞서는 그녀. 두 사람의 시간이 맞닿아 돌아가기 시작한다. 오디오드라마로 선보이는 <해시의 신루> 자타공인 대한민국 최고의 성우진들과 1년 간의 기획/녹음/편집을 거쳐 34시간의 러닝타임으로 탄생한 <해시의 신루> 통합본이 출시되었습니다! ✔ 1권은 무료 듣기로 제공 됩니다. ✔ 네이버 시리즈에서 원작보기",https://audioclip.naver.com/audiobooks/2B77CF507A
"그림형제 동화집: 백설공주, 라푼젤, 헨젤과 그레텔 등 아홉 가지 이야기 (영국영어 낭독) - Grimm's Fairy Tales",brothers Grimm,"영국영어와 만난 그림형제 걸작 동화 시리즈 전 세계 어린이들은 물론, 한때 어린이였던 모든 성인들의 마음까지 매료시키는 그림형제의 아홉 가지 이야기! 단순한 듯, 누구나 다 알고 있는 내용이지만 지금까지도 다양하게 재해석 되며 여러 형태로 끊임없이 재탄생하는 이야기들에는 창의력을 자극하는 강력한 힘이 있습니다. 신데렐라부터 시작해 백설공주, 라푼젤, 잠 자는 숲속의 공주 그리고 우스꽝스러운 난쟁이 럼펠스틸트스킨에 이르기까지 사랑스러운 캐릭터들과 그들이 사는 세상을 영국영어로 만나보세요!",https://audioclip.naver.com/audiobooks/432D8B36C1
키다리 아저씨 2,진 웹스터,"[본 오디오북은 '요약본'입니다.] 오랫동안 가슴에 남아 문득문득 떠오르는 아름다운 이야기들이 있다. 사춘기 시절에 읽었던 가슴 찡한 사랑 이야기가 그렇고, 성인이 되어 읽은 독특한 다른 문화 이야기들이 또 그렇다. 고아 주디가 자신을 대학에 보내준 키다리 아저씨에게 보낸 편지 내용으로 이루어진 이 작품은 어려움 속에서도 발랄함과 기발한 상상력을 잃지 않은 주디의 성장 과정이 잘 묘사되어 있다. 향수와 그리움에 젖어볼 수 있는 책, 그리고 그 속에서 행복과 즐거움을 찾을 수 있는 책이다.",https://audioclip.naver.com/audiobooks/5A7EB85D06
포 단편선,에드가. A 포,근대 단편소설 창시자의 한 사람으로 일컬어지는 포의 주옥 같은 단편 모음집. <검은 고양이>를 시작으로 <어셔 가의 몰락>과<모르그 가의 살인사건> 등에 이르기까지 총 9편의 단편소설을 수록했다.,https://audioclip.naver.com/audiobooks/F9DA2D7CB6
이방인,알베르 카뮈,세상엔 불변의 정의나 법칙이 없으며 설령 있다고 하더라도 그것은 이해할 수 없는 ‘부조리’로 가득 차 있음을 보여준다. 그러나 ‘부조리 문학’이라 불리는 그의 작품들은 아이러니하게도 정해진 윤리가 존재하지 않는 만큼 ‘인간의 윤리란 매순간 최선을 다해 살아가는 것’임을 강조한다.,https://audioclip.naver.com/audiobooks/7BA39E3CF0
