titles,authors,informs,clip_links
옹고집전,작가미상,"옹고집은 아주 심술궂고 행실이 고약해서, 어머니에겐 불효하고 스님을 보면 학대를 하였는데, 어느 날 옹고집이 두 명이 된다. 생김새부터 걸음걸이까지 똑같은 두 옹고집은 서로가 진짜라고 우기는데…",https://audioclip.naver.com/audiobooks/6465B25FA6
두통 치통 사랑통,이윤정,"""처음 만난 순간부터 널 사랑했어!"" ""시간이 지나니까 널 사랑했던 날 깨달았어!"" 서로의 이런 엇갈린 사랑의 타이밍 때문에 결국 그들은 아픈 사랑통을 겪게 됩니다. 놓쳐버린 지난 사랑에 아파해본 적 있나요? 그 사람의 기억에 눈물 흘려본 적 있나요? 그렇다면 당신, 놓치지 마세요. 왜냐하면 이건 바로 당신의 이야기니까요. 완이와 잎새의 슬프고도 아름다운 10년간의 사랑 이야기가 시작됩니다!",https://audioclip.naver.com/audiobooks/CF0A55E72D
이솝 우화 전집,이솝,"소크라테스와 아리스토텔레스가 극찬한 고전 중의 고전! 고대 그리스 원전에서 직접 번역한 358편의 우화 전집 이솝 우화는 원래 어린이를 대상으로 한 재미있고 교훈적인 이야기 모음집이 아니었다. 처음부터 성인들을 일깨우고 일상에서 겪은 여러 경험과 삶의 지혜를 재치 있게 전달할 목적으로 구전되다가 조금씩 수집되었다. 아리스토텔레스가 이솝과 그의 우화를 본격적으로 연구했다는 사실에서 그 진가가 드러난다. 이솝 우화에는 농민과 상인과 같은 평범한 고대 그리스인의 삶이 곳곳에 나오는데, 플라톤을 비롯한 고전 저술가의 글에서는 찾아보기 힘든 부분이다. 즉, 이솝 우화에는 귀족이나 지식인이 아닌, 그리스에서 살다간 평범한 사람들의 민낯과 사회 분위기가 그대로 반영되어 있다. 기원전 4세기에 아테네의 정치인이자 대중 연설가였던 데메트리오스는 연설가들이 사용할 수 있도록 10권으로 이솝 우화를 펴내기도 했으며, 사본 중에 많게는 600개 가까운 우화 모음집도 있다. 현대지성 클래식의 『이솝 우화 전집』은 서양인의 입맛에 맞게 많이 각색되고 분칠된 영어 판본이 아닌, 그리스어 원전에서 직접 옮겼다. 이솝 시대부터 구전을 통해 수집되면서 원형이 대체로 잘 보존된 이야기 중에서 정선된 그리스어 원전 358편을 완역하여 성인은 물론 어린이도 즐겁게 읽을 수 있도록 했다.",https://audioclip.naver.com/audiobooks/72E192D28E
가스통 르루 : 노란방의 비밀,가스통 르루,"한밤의 정적을 깨는 한 여인의 처절한 절규! 여인의 울부짖음이 메아리치는 가운데 사람들은 어떻게든 방으로 들어가는 입구를 찾으려고 애쓴다. 유일한 통로인 문은 안으로 잠겼고 작은 창문조차 쇠창살로 가로막혀 있다. 문을 부수고 들어간 방 안에는, 한 여자가 정신을 잃은 채 쓰러져 있다. 벽에 찍힌 범인의 선명한 손자국과 침대에 흩어져 있는 발자국. 분명한 범인의 흔적이었다. 그러나 범인의 모습은 어디에도 없었다. 범인은 사방이 막힌 방에서 어떻게 모습을 감추었는가?",https://audioclip.naver.com/audiobooks/1082665AD8
사랑학 수업,알퐁스 도데,"[본 오디오북은 '요약본'입니다.] 『사랑학 수업』은 진정한 사랑의 의미를 되새겨 볼 수 있는 세계 유명작가들의 ‘사랑과 이별’을 주제로 엮은 단편소설 모음집이다. 사랑하는 사람은 세상이 내게 준 선물...사랑의 숲에서 길을 묻다. 이별까지도 아름다운 우리들의 사랑이야기, 세계 명작 소설로 참사랑을 배운다. 사랑은, 진정한 사랑은, 그리고 운명적인 사랑은 평생 단 한 번밖에 할 수 없다. 그 사랑은 벼락과도 같아서 지나가고 나면 마음과 정신은 지치고 황폐해진다. 또한 사랑은 타오르는 불꽃같아서 그것이 닿는 모든 것은 재가 되어 버리기 때문에 또다시 사랑이 찾아온다고 해도 어떤 감정도, 또 어떤 꿈조차도 다시 싹틀 수가 없는 것이다. 모파상의 ‘의자 고치는 여인’ 오 헨리의 ‘황금의 신과 사랑의 신’ 이반 투르게네프의 ‘밀회’ 현진건의 ‘B사감과 러브레터’ 등 사랑을 주제로 한 세계 명작 소설을 감상해 보자.",https://audioclip.naver.com/audiobooks/E4C2C4FC71
황정민이 읽는 프란츠 카프카의 학술원에 보내는 보고서,프란츠 카프카,학술원에 보내는 보고서 (Ein Bericht für eine Akademie) 사냥꾼에게 붙잡힌 피터는 살아남기 위해 원숭이로서의 본성마저 포기하고 인간을 닮으려 노력했다.마침내 사람의 언어까지 배웠다. 사람이 되는 길을 택할 수밖에 없었던 원숭이 피터의 절절한 고백이 펼쳐진다. 고 추송웅 선생의 ＜빨간 피터의 고백＞이란 모노드라마로도 잘 알려진 작품이다.,https://audioclip.naver.com/audiobooks/C5D1F3C716
사랑에 빠지다,박수현,"나이 30이 되도록 제대로 된 연애는 딱 3번밖에 못 해본 여자 현영주! 그나마 매번 ‘헌신하다가 헌신짝 된다’는 연애박사들의 지론을 입증이나 하듯 최선을 다해 사랑하다 결국 남자한테 차이고 만다. 그런데 실연의 아픔이 채 가시지 않은 상태에서 우연히 대한민국 최고의 톱스타를 만나게 되는데… 현영주는 우연히 강정욱의 관심이 되고, 관심이 사랑이 되는 과정을 경험하며 지상 최고의 연애를 하게 된다. 주인공이 사랑에 빠지는 과정을 지켜보면서 청취자 모두 연애 할 때의 설렘을 다시 한번 느끼게 될 것이다. 여느 소설과 달리 현실감 있는 연예인과 일반인의 사랑과 감동이 아름답고 긴박하게 그려진다.",https://audioclip.naver.com/audiobooks/3456E84148
[페로 동화집] 도가머리 리케 (VAV 세인트반),샤를 페로 (Charles Perrault),"17세기 전반부를 대표하는 극작가인 코르네유의 질녀이자 작가로도 활동한 여류 문인 베르나르의 단편집에 포함된 이야기에서 영감을 얻은 것으로 전해진다. 왕자로 등장하는 ‘리케’라는 이름을 고유명사로 보는 견해도 있으나, 베르나르 부인의 출신 지역 이름이자 노르망디어로 ‘곱사등이’를 뜻한다는 점에서 주인공의 흉측한 외모를 강조하기 위한 작명으로 해석된다. 오래전부터 전해지는 민담에서 영향을 받은 동화와 달리 당시 사교계에서 활발하게 논의되었던 화두를 반영한다. *** 세인트반(VAV)이 낭독하는 페로 동화집의 「도가머리 리케」는 아이돌 및 각계 저명인사의 목소리 재능을 기부받아 소리책을 만들고 이를 통해 청각 장애인에게 희망의 소리를 선물하는 캠페인에 참여한 작품이다. 캠페인 수익금의 일부는 사랑의 달팽이 재단에 기부되어, 경제적 어려움으로 소리 없는 세상에 살고 있는 난청 아동들에게 희망의 소리를 선물해주기 위한 지원 기금으로 사용되어진다.",https://audioclip.naver.com/audiobooks/D431980B60
사라지는 건 여자들뿐이거든요,"강화길,손보미,임솔아,지혜,천희란,최영건,최진영,허희정","<이 오디오북은 한국출판문화산업진흥원(KPIPA)의 ‘2021년 오디오북 제작 지원’ 사업 선정작입니다.> 여성의 불안을 매혹적으로 형상화한 '고딕-스릴러' 테마 소설집. 강화길, 손보미, 임솔아, 지혜, 천희란, 최영건, 최진영, 허희정, 한국문학을 이끌어가는 젊은 여성 소설가 8인이 2020년을 살아가는 여성이 겪는 불안을 다양한 시공간 속에서 재현한다. 여덟 편의 서로 다른 소설들에서 두드러지는 특징은 여성 인물의 불안이 자의로든 타의로든 다른 여성을 겨누고 영향을 미친다는 점이다. 그러나 이러한 서사가 단순히 '여자의 적은 여자'라는 구도로 이해될 수는 없다. 이 불안의 중첩은 '반복'과 '세대감'을 통해 재현하는 수난사의 일환이며, 사라져왔던 여성들을 적합한 방식으로 구현하고자하는 애씀의 발로다. 평론가 강지희는 '발문'에서 에이드리언 리치의 말을 빌려 이 여덟 편의 소설을 ""극단적인 상태에 대한 소설""이라 칭한다. 소설 속의 비현실적 목소리, 유령, 환각 등은 소설의 끝까지 규명되지 않은 채 남는다. 남아서 하나의 지표가 된다. 누군가 이전에 여기 있었다는 신호가 된다. 그것은 미약하게나마 불균형하고 불합리한 방식으로나마 연대의 가능성이 된다.",https://audioclip.naver.com/audiobooks/E152E5BB59
