titles,authors,informs,clip_links
옹고집전,작가미상,"옹고집은 아주 심술궂고 행실이 고약해서, 어머니에겐 불효하고 스님을 보면 학대를 하였는데, 어느 날 옹고집이 두 명이 된다. 생김새부터 걸음걸이까지 똑같은 두 옹고집은 서로가 진짜라고 우기는데…",https://audioclip.naver.com/audiobooks/6465B25FA6
두통 치통 사랑통,이윤정,"""처음 만난 순간부터 널 사랑했어!"" ""시간이 지나니까 널 사랑했던 날 깨달았어!"" 서로의 이런 엇갈린 사랑의 타이밍 때문에 결국 그들은 아픈 사랑통을 겪게 됩니다. 놓쳐버린 지난 사랑에 아파해본 적 있나요? 그 사람의 기억에 눈물 흘려본 적 있나요? 그렇다면 당신, 놓치지 마세요. 왜냐하면 이건 바로 당신의 이야기니까요. 완이와 잎새의 슬프고도 아름다운 10년간의 사랑 이야기가 시작됩니다!",https://audioclip.naver.com/audiobooks/CF0A55E72D
이솝 우화 전집,이솝,"소크라테스와 아리스토텔레스가 극찬한 고전 중의 고전! 고대 그리스 원전에서 직접 번역한 358편의 우화 전집 이솝 우화는 원래 어린이를 대상으로 한 재미있고 교훈적인 이야기 모음집이 아니었다. 처음부터 성인들을 일깨우고 일상에서 겪은 여러 경험과 삶의 지혜를 재치 있게 전달할 목적으로 구전되다가 조금씩 수집되었다. 아리스토텔레스가 이솝과 그의 우화를 본격적으로 연구했다는 사실에서 그 진가가 드러난다. 이솝 우화에는 농민과 상인과 같은 평범한 고대 그리스인의 삶이 곳곳에 나오는데, 플라톤을 비롯한 고전 저술가의 글에서는 찾아보기 힘든 부분이다. 즉, 이솝 우화에는 귀족이나 지식인이 아닌, 그리스에서 살다간 평범한 사람들의 민낯과 사회 분위기가 그대로 반영되어 있다. 기원전 4세기에 아테네의 정치인이자 대중 연설가였던 데메트리오스는 연설가들이 사용할 수 있도록 10권으로 이솝 우화를 펴내기도 했으며, 사본 중에 많게는 600개 가까운 우화 모음집도 있다. 현대지성 클래식의 『이솝 우화 전집』은 서양인의 입맛에 맞게 많이 각색되고 분칠된 영어 판본이 아닌, 그리스어 원전에서 직접 옮겼다. 이솝 시대부터 구전을 통해 수집되면서 원형이 대체로 잘 보존된 이야기 중에서 정선된 그리스어 원전 358편을 완역하여 성인은 물론 어린이도 즐겁게 읽을 수 있도록 했다.",https://audioclip.naver.com/audiobooks/72E192D28E
가스통 르루 : 노란방의 비밀,가스통 르루,"한밤의 정적을 깨는 한 여인의 처절한 절규! 여인의 울부짖음이 메아리치는 가운데 사람들은 어떻게든 방으로 들어가는 입구를 찾으려고 애쓴다. 유일한 통로인 문은 안으로 잠겼고 작은 창문조차 쇠창살로 가로막혀 있다. 문을 부수고 들어간 방 안에는, 한 여자가 정신을 잃은 채 쓰러져 있다. 벽에 찍힌 범인의 선명한 손자국과 침대에 흩어져 있는 발자국. 분명한 범인의 흔적이었다. 그러나 범인의 모습은 어디에도 없었다. 범인은 사방이 막힌 방에서 어떻게 모습을 감추었는가?",https://audioclip.naver.com/audiobooks/1082665AD8
사랑학 수업,알퐁스 도데,"[본 오디오북은 '요약본'입니다.] 『사랑학 수업』은 진정한 사랑의 의미를 되새겨 볼 수 있는 세계 유명작가들의 ‘사랑과 이별’을 주제로 엮은 단편소설 모음집이다. 사랑하는 사람은 세상이 내게 준 선물...사랑의 숲에서 길을 묻다. 이별까지도 아름다운 우리들의 사랑이야기, 세계 명작 소설로 참사랑을 배운다. 사랑은, 진정한 사랑은, 그리고 운명적인 사랑은 평생 단 한 번밖에 할 수 없다. 그 사랑은 벼락과도 같아서 지나가고 나면 마음과 정신은 지치고 황폐해진다. 또한 사랑은 타오르는 불꽃같아서 그것이 닿는 모든 것은 재가 되어 버리기 때문에 또다시 사랑이 찾아온다고 해도 어떤 감정도, 또 어떤 꿈조차도 다시 싹틀 수가 없는 것이다. 모파상의 ‘의자 고치는 여인’ 오 헨리의 ‘황금의 신과 사랑의 신’ 이반 투르게네프의 ‘밀회’ 현진건의 ‘B사감과 러브레터’ 등 사랑을 주제로 한 세계 명작 소설을 감상해 보자.",https://audioclip.naver.com/audiobooks/E4C2C4FC71
황정민이 읽는 프란츠 카프카의 학술원에 보내는 보고서,프란츠 카프카,학술원에 보내는 보고서 (Ein Bericht für eine Akademie) 사냥꾼에게 붙잡힌 피터는 살아남기 위해 원숭이로서의 본성마저 포기하고 인간을 닮으려 노력했다.마침내 사람의 언어까지 배웠다. 사람이 되는 길을 택할 수밖에 없었던 원숭이 피터의 절절한 고백이 펼쳐진다. 고 추송웅 선생의 ＜빨간 피터의 고백＞이란 모노드라마로도 잘 알려진 작품이다.,https://audioclip.naver.com/audiobooks/C5D1F3C716
사랑에 빠지다,박수현,"나이 30이 되도록 제대로 된 연애는 딱 3번밖에 못 해본 여자 현영주! 그나마 매번 ‘헌신하다가 헌신짝 된다’는 연애박사들의 지론을 입증이나 하듯 최선을 다해 사랑하다 결국 남자한테 차이고 만다. 그런데 실연의 아픔이 채 가시지 않은 상태에서 우연히 대한민국 최고의 톱스타를 만나게 되는데… 현영주는 우연히 강정욱의 관심이 되고, 관심이 사랑이 되는 과정을 경험하며 지상 최고의 연애를 하게 된다. 주인공이 사랑에 빠지는 과정을 지켜보면서 청취자 모두 연애 할 때의 설렘을 다시 한번 느끼게 될 것이다. 여느 소설과 달리 현실감 있는 연예인과 일반인의 사랑과 감동이 아름답고 긴박하게 그려진다.",https://audioclip.naver.com/audiobooks/3456E84148
[페로 동화집] 도가머리 리케 (VAV 세인트반),샤를 페로 (Charles Perrault),"17세기 전반부를 대표하는 극작가인 코르네유의 질녀이자 작가로도 활동한 여류 문인 베르나르의 단편집에 포함된 이야기에서 영감을 얻은 것으로 전해진다. 왕자로 등장하는 ‘리케’라는 이름을 고유명사로 보는 견해도 있으나, 베르나르 부인의 출신 지역 이름이자 노르망디어로 ‘곱사등이’를 뜻한다는 점에서 주인공의 흉측한 외모를 강조하기 위한 작명으로 해석된다. 오래전부터 전해지는 민담에서 영향을 받은 동화와 달리 당시 사교계에서 활발하게 논의되었던 화두를 반영한다. *** 세인트반(VAV)이 낭독하는 페로 동화집의 「도가머리 리케」는 아이돌 및 각계 저명인사의 목소리 재능을 기부받아 소리책을 만들고 이를 통해 청각 장애인에게 희망의 소리를 선물하는 캠페인에 참여한 작품이다. 캠페인 수익금의 일부는 사랑의 달팽이 재단에 기부되어, 경제적 어려움으로 소리 없는 세상에 살고 있는 난청 아동들에게 희망의 소리를 선물해주기 위한 지원 기금으로 사용되어진다.",https://audioclip.naver.com/audiobooks/D431980B60
사라지는 건 여자들뿐이거든요,"강화길,손보미,임솔아,지혜,천희란,최영건,최진영,허희정","<이 오디오북은 한국출판문화산업진흥원(KPIPA)의 ‘2021년 오디오북 제작 지원’ 사업 선정작입니다.> 여성의 불안을 매혹적으로 형상화한 '고딕-스릴러' 테마 소설집. 강화길, 손보미, 임솔아, 지혜, 천희란, 최영건, 최진영, 허희정, 한국문학을 이끌어가는 젊은 여성 소설가 8인이 2020년을 살아가는 여성이 겪는 불안을 다양한 시공간 속에서 재현한다. 여덟 편의 서로 다른 소설들에서 두드러지는 특징은 여성 인물의 불안이 자의로든 타의로든 다른 여성을 겨누고 영향을 미친다는 점이다. 그러나 이러한 서사가 단순히 '여자의 적은 여자'라는 구도로 이해될 수는 없다. 이 불안의 중첩은 '반복'과 '세대감'을 통해 재현하는 수난사의 일환이며, 사라져왔던 여성들을 적합한 방식으로 구현하고자하는 애씀의 발로다. 평론가 강지희는 '발문'에서 에이드리언 리치의 말을 빌려 이 여덟 편의 소설을 ""극단적인 상태에 대한 소설""이라 칭한다. 소설 속의 비현실적 목소리, 유령, 환각 등은 소설의 끝까지 규명되지 않은 채 남는다. 남아서 하나의 지표가 된다. 누군가 이전에 여기 있었다는 신호가 된다. 그것은 미약하게나마 불균형하고 불합리한 방식으로나마 연대의 가능성이 된다.",https://audioclip.naver.com/audiobooks/E152E5BB59
밤이 지나간다,편혜영,"치밀한 문장에 서린 여덟가지 고독의 빛깔 편혜영은 평단과 독자들의 뜨거운 관심에 보답하듯 꾸준히 작품을 발표하고 있다. 이번 소설집은 2010년부터 현재까지 발표한 단편을 묶었다. 세번째 소설집 『저녁의 구애』(2011)에서 사회의 부조리를 폭로함과 더불어 현대인의 일반적인 불안과 고독을 이야기하며 그 어둠의 내막을 드러냈다면 이번에는 조금 다른 양상의 이야기를 선보인다. 고독한 개인의 삶에 균열이 생기고 그 틈으로 불안이 스며드는 것으로 이야기의 틀을 갖추는 작가의 능력은 이미 증명되어온바 이제 작가는 절대고독 너머, 삶의 파국 이후에 은밀히 찾아오는 희망의 기미를 포착하고 있다. 재산을 모두 축낸 아들 탓에 철거를 앞둔 아파트에서 불편한 몸으로 외로이 삶을 연명하는 노년의 여인(「야행」), 오점 없는 삶을 단번에 파괴할 만한 비밀을 안고 살아야만 하는 중년의 남자(「밤의 마침」), 말년을 함께하자며 찾아온 여동생을 요양원에 보내면서까지 노년의 허허로운 일상을 지키고자 하는 노인(「비밀의 호의」), 층간소음에 시달려 정상적인 생활을 하는 데 어려움을 겪는 이혼남(「개들의 예감」), 매일 똑같이 반복되는 일을 하며 조금의 감정의 동요도 허락지 않는 주인공 조(「서쪽으로 4센티미터」), 주눅 들어 자라온 환경 탓에 농담도 쉬이 내뱉지 못하는 한윤수(「가장 처음의 일」), 아들을 잃어버린 고통에 중독되어가는 여인 엠(「해물 1킬로그램」), 벙커를 제작하는 회사에 근무하며 갖가지 잠재적 재앙에 대한 불안에 잠식돼버린 조효석(「블랙아웃」)까지. 여덟명의 주인공은 서로 다른 고독의 빛깔을 품고 있다. 이런 고독한 인간 군상을 엮어내는 하나의 키워드는 바로 ‘비밀’이다. 모든 고독의 내부에는 은밀한 비밀이 자리한다. 그리고 긴장과 불안, 다중으로부터 분별시켜주는 모종의 우월감이 비밀의 속성이다. 작가는 노년이 되어서야 비로소 모든 비밀과 아쉬움 없이 이별하는 「비밀의 호의」의주인공을 설정함으로써 우리 삶에서 비밀이 갖는 기묘한 힘을 생각하게 한다.",https://audioclip.naver.com/audiobooks/0EA40AAA6B
크로이처 소나타,레프 똘스또이,"대문호 똘스또이가 사랑, 결혼, 여성 문제에 대해 세상에 던지는 메세지 레프 똘스또이의 문학 작품과 일기, 서간, 기고문, 논집을 모두 아우르는 「레프 똘스또이 전집」의 보급판 「똘스또이 클래식」 시리즈의 첫 번째 책이다. 『크로이처 소나타』는 똘스또이의 후기 작품으로 '회심' 이후 자연주의에 경도된 작가의 도덕적, 사상적 측면을 잘 보여 주는 작품이다. 소설은 주인공 뽀즈드느이셰프가 왜 그리고 어떻게 아내를 살해하게 되었는지를 기차에서 만난 화자에게 참회하며 고백하는 형식으로 이야기가 전개되며, 사랑, 결혼, 여성 문제 등이 심도 있게 다뤄지고 있다.",https://audioclip.naver.com/audiobooks/86B6ED0D60
책들의 부엌,김지혜,"갓 지은 맛있는 책 냄새가 폴폴 풍기는 여기는 ‘소양리 북스 키친’입니다 스타트업을 창업해 몇 년간 앞만 보며 달려왔던 주인공 유진, 우연히 찾아간 소양리에서 마법에 걸리듯 북 카페를 열기로 마음먹고 서울 생활을 미련 없이 정리한다. 입맛에 맞는 음식을 추천해 주듯 꼭 맞는 책을 추천해 주고, 책과 어울리는 맛있는 음식을 먹으며 힐링하는 곳, 숨겨뒀던 마음까지 위로받고 격려받는 곳, ‘소양리 북스 키친’은 그렇게 문을 연다. 그곳을 찾아온 9명의 손님들에게는 어떤 사연이 있는 걸까? 『책들의 부엌』에서는 ‘소양리 북스 키친’을 찾아온 인물 각각의 에피소드를 통해 다양한 고민을 말한다. 삶에서 휴식이 필요한 순간, 우연히 방문하게 된 소양리 북스 키친에서 그들은 휴식과 대화를 통해 자신을 되돌아보고 한 발 앞으로 나아갈 힘을 충전하며 어느덧 조금은 가벼운 마음으로 일상으로 돌아간다. 쉬는 것만으로도 일상의 원동력이 되는 것처럼 아무것도 하지 않아도 되는 곳, 시간이 한 템포 느리게 흘러가는 소양리 북스 키친에서의 하루는 우리가 바라는 ‘일상의 작은 쉼표’가 될 것이다. 이곳은 누군가에겐 숨겨뒀던 마음을 꺼내서 보여주고 삶에서 잠깐씩 휘청일 때마다 마음이 쉬어가는 비밀스러운 아지트 공간이다.",https://audioclip.naver.com/audiobooks/C11F8BD0D8
도시와 나 - 애인의 애인에게 들은 말,백영옥,"대한민국 최초의 여행소설집 당대 작가 7인이 순수문학으로 풀어쓴 해외 도시 여행 이 책은 성석제, 정미경, 함정임 등 현재 대한민국을 대표하는 중견 작가와 백영옥, 서진 등 대중성을 겸비한 소설가 그리고 윤고은, 한은형 등 곧 문단을 이끌어갈 젊은 작가들이 해외 도시를 배경으로 쓴 단편소설 7편을 모은 소설집이다. 등단 연도와 실제 나이와 상관없이 참여 작가들은 모두 여행을 진심으로 사랑하고 즐길 줄 아는 소설가들이다. [도시와 나]는 평이한 에세이가 아닌 문학성 짙은 단편소설로 해외 도시의 이국적인 뉘앙스와 낯선 여행의 묘미, 아울러 읽는 재미를 풍성하게 담고자 했다. 성석제는 ‘사냥꾼의 지도-프로방스의 자전거 여행’을 통해 연극제 참석차 방문한 프랑스 남부 도시 아비뇽에서 고집스럽도록 자전거 여행에 도전하는 희곡작가의 우여곡절 여정을 그렸고, 백영옥은 ‘애인의 애인에게 들은 말’에서 짝사랑하는 유부남의 자취를 들여다보려는 스토커적 여성의 면모와 정작 남자가 아닌 그의 아내에게 동화되어가는 주인공의 심리를 파고드는 식이다. 이 외에도 정미경, 함정임, 윤고은, 서진, 한은형 등의 작가들이 고쿄, 브장송, 세비야, 로스앤젤레스, 튀니스를 배경으로 소설을 써 내려간다. 단편소설 7편과 별개로 책 후미에 실린 ‘작가 인터뷰’는 기존 소설집에 실리는 문학 평론을 대체하며 이번 소설에 대한 일곱 명 작가들의 뒷얘기와 작가 개개인마다 다른 여행에 대한 생각을 들여다볼 수 있는 지면이기도 하다. [도시와 나]는 깊은 문학성을 기반으로 하되 우리 시대 가장 사랑받는 소설가들이 풀어낸 해외 도시 배경 소설로서 보다 대중적인 독자와의 만남을 유도한다. 단편소설로 만나는 도시 이야기를 통해 우리는 낯선 여행을 체험하고, 익숙한 도시의 새로운 뉘앙스를 받아들이게 되며, 소설가만의 고유한 문체와 은유와 상징을 읽을 수 있게 된다. 독자들은 이 도시 단편소설집을 통해 빼어난 소설가들의 도시 이야기는 물론 낯선 도시들의 매력을 흠뻑 흡입할 수 있을 것이다. * 백영옥 <애인의 애인에게 들은 말> - 뉴욕 짝사랑하는 그의 집에 서블렛(Sublet)을 통해 찾아간 나. 그의 집 곳곳에 묻어있는 그의 흔적을 따라가며 그와 은밀한 데이트를 즐기려 한다. 하지만 그의 집에는 그의 애인인 그녀의 흔적만이 가득하다. 난 그녀의 집같은 그의 집에 왜 와 있는거지?",https://audioclip.naver.com/audiobooks/839D955082
레트와 진 (온리원오브 MILL),이안아,"안드로이드 펫 산업이 발달하면 사람들은 진짜 개와 로봇 개 가운데 어느 쪽을 더 선호할까? 작가는 할머니가 ‘진짜배기’라고 소년에게 선물한 진짜 개와 로봇 개를 주인공으로 삼아 각각의 특성을 섬세하게 그려 보인다. 사고로 두 마리 개가 크게 다치기 전까지는 누가 진짜 개이고 누가 로봇 개인지 독자들은 판단할 수 없다. 이 두 마리 개 모두가 소년에게는 자신의 모든 사랑과 다짐과 간절함을 전하고픈 진짜배기일 뿐 *** 온리원오브의 MILL이 낭독하는 이인아 작가의 「레트와 진」는 아이돌 및 각계 저명인사의 목소리 재능을 기부받아 소리책을 만들고 이를 통해 청각 장애인에게 희망의 소리를 선물하는 캠페인에 참여한 작품이다. 캠페인 수익금의 일부는 사랑의 달팽이 재단에 기부되어, 경제적 어려움으로 소리 없는 세상에 살고 있는 난청 아동들에게 희망의 소리를 선물해주기 위한 지원 기금으로 사용되어진다.",https://audioclip.naver.com/audiobooks/A695676FD9
"거장과 마르가리타 (민음사 세계문학, 완독본)",미하일 불가코프,"20세기 러시아 문학사에서 빼놓을 수 없는 소설가이자 희곡 작가 미하일 불가코프의 『거장과 마르가리타』가 민음사 세계문학전집(254)으로 출간되었다. 환상 소설, 사회 비판 소설, 종교 소설 등 어느 범주에 넣어도 손색이 없는 이 작품은 초자연적인 대소동과 매력적인 캐릭터, 회화적인 묘사가 어우러져 독자를 환상적인 비행(飛行)의 세계로 초대한다. ‘반(反)소비에트 작가’라는 평단의 혹평과 “불가코프는 우리 편이 아니다.”라는 스탈린의 비난 속에서도 문학에 대한 열정을 놓지 않았던 불가코프는 자신의 삶을 투영한 ‘거장’의 삶을 통해 독자들 곁에 여전히 살아 있다.",https://audioclip.naver.com/audiobooks/6EB3797362
[단편] 노크하지 않는 집,김애란,작가 김애란의 출현을 알린 데뷔작. 나는 휴학중인 대학생으로 대학가 하숙집에 다섯명의 여자와 함께 살고 있다. 나는 그녀들과 한 건물에서 살아갈 뿐 어떤 관계를 맺거나 하지 않는다. 모두 각자를 소음과 흔적으로만 인지하고 있을 뿐이다. 그런 공동생활 속에서 화장실이나 냉장고 사용 등 소소한 갈등과 긴장이 생기고 예고없이 입주자가 들고나는 일이 이어진다. 어느날 나는 그녀들의 잠긴 방을 하나씩 열어보는 꿈을 꾸는데...,https://audioclip.naver.com/audiobooks/3A6380CC54
조성하가 읽는 장용학의 요한 시집,장용학,"[100인의 배우, 우리 문학을 읽다] 오디오북 시리즈는, 최민식 문소리 정진영 강부자 등 우리 시대를 대표하는 배우 103명이 한국 근현대문학의 주요 중단편소설 100편을 낭독한 프로젝트입니다. ≪요한 시집≫은 1955년 ≪현대문학≫에 발표된 장용학의 단편으로 전후 실존주의 문학을 대표하는 작품 중 한 편이다. 반공포로로 석방된 주인공 ‘동호’는 수용소에서 자살한 친구 ‘누혜’의 어머니를 찾는다. 극한 상황에 내몰린 인물들을 통해 인간의 실존과 자유의 의미를 아프게 묻고 있다.",https://audioclip.naver.com/audiobooks/94D1E00F5E
기록되지 않은 이야기 (ENOi 진우),최영희,"나를 중딩이라 부르시오. 지구를 새로운 관광특구로 개발하기에 앞서 지구로 현지답사를 나온 트룹행성 공무원은 워싱턴 DC의 햄버거 가게에서 우연히 “외계인도 대한민국 중딩들 무서워서 못 쳐들어온다”는 말을 듣는다. 진원지는 미국 동부 명문대 탐방 패키지 관광을 온 대한민국 학부모들이었는데, 트룹인들은 대한민국 중딩을 지구의 비밀 병기로 간주하고 조사에 나선다. ‘핏발 선 눈, 유니폼, 힘없는 걸음걸이, 공격성, 심한 감정 기복, 자기중심적’이란 단서만 갖고 대한민국 중딩 납치에 나선 트룹행성 공무원은 어떤 노인을 대한민국 중딩으로 간주하고 우주선에 태우려 한다. 그걸 발견한 사람은 대한민국 고양시 낙석중학교 우기영. 기영이는 첫사랑 라임이를 친구한테 빼앗기고 그 충격으로 학교에 가는 대신 공원 벤치에 누워 있다 얼토당토않은 일이 눈앞에 펼쳐지는 걸 보고 부랴부랴 우주선에 탑승한다. 기영이는 대한민국 중딩의 실체를 우주인에게 어떻게 설명할까? 우리가 알고 있는 대한민국 중딩은 진짜 지구의 비밀 병기일까? *** ENOi의 멤버 진우가 낭독하는 최영희 작가의 [기록되지 않은 이야기]는 아이돌 및 각계 저명인사의 목소리 재능을 기부받아 소리책을 만들고 이를 통해 청각 장애인에게 희망의 소리를 선물하는 캠페인에 참여한 작품이다. 캠페인 수익금의 일부는 사랑의 달팽이 재단에 기부되어, 경제적 어려움으로 소리 없는 세상에 살고 있는 난청 아동들에게 희망의 소리를 선물해주기 위한 지원 기금으로 사용되어진다.",https://audioclip.naver.com/audiobooks/7946BA1919
문소리가 읽는 기 드 모파상의 목걸이,기 드 모파상,"목걸이(La Parure) 사회계급 간 격차가 벌어지고 있던 19세기 프랑스 사회를 배경으로 인생의 아이러니를 날카롭게 풍자한 작품이다. 주인공 마틸드는 예쁘고 매력적이지만 사치를 좋아하고 허영심이 있는 여성이다. 하급 관리 남편과 함께 파티에 참석하기 위해 친구로부터 빌린 다이아몬드 목걸이를 잃어버린다. 극적 반전으로 유명하며, TV드라마, 영화로도 수차례 제작되었다.",https://audioclip.naver.com/audiobooks/E4CADB2EAD
[단편] 영원한 화자,김애란,일인칭 화자의 집요한 내면 응시를 통해 오해와 아이러니로 가득한 일상의 단면을 보여주는 작품이다. 나는 어느날 오후 지하철을 타고 헤어진 연인을 만나러 가는 길이다. 한적한 오후의 지하철 차량 안에서 오래전 동창을 만난다. 그녀는 내게 예전 친구들의 안부를 묻고 일러준다. 나는 그녀와의 대화 속에서도 여전히 헤어진 연인의 기억을 떠올린다. 나는 여전히 ‘당신’을 상상하는 속에서만 존재하는 사람인 것 같다. 나는 결국 연인을 만나러 가지 못한다.,https://audioclip.naver.com/audiobooks/DD3522B280
구운몽,김만중,"중국 남쪽 형산 연화봉에 서역 천축국에서 온 육관대사가 법당을 차린다. 그에게는 수많은 제자가 있었고, 그 중 성진이 으뜸 이였다. 어느 날, 육관대사의 명을 받아 동정호수의 용왕에게 가게 된 성진은 술을 마시고 연화봉으로 돌아오는 길에 팔선녀를 만나 서로 희롱하게 된다. 그 날 성진은 불제자로서 삶의 허망함을 생각한다. 그 사실을 알게 된 육관대사는 성진과 팔선녀를 신선계에서 인간계로 쫓아내는데… 조선시대 한글 문학의 선구자, 김만중의 대표작 전문 한글 소설 <구운몽>",https://audioclip.naver.com/audiobooks/08A639BCE4
오늘의 거짓말 <익명의 당신에게>,정이현,"<달콤한 나의 도시> <낭만적 사랑과 사회> 의 작가 정이현의 두 번째 단편 소설집. ‘오늘의 거짓말’ 총 10개의 단편 중 '익명의 당신에게' 편. 나는 병원에서 근무한다. 나에게는 남자가 있다. 같은 병원에 근무하지만, 얼굴 보기가 정말 힘든 남자친구가 있다. 그래도 전화 통화는 한다. 그런 남자친구가 며칠 째 연락이 끊겼다. 그리고 병원에는 항문외과에 변태가 침입해 환자에게 이상한 짓을 했다는 소문이 돈다. 어차피 나와는 상관이 없었는 일이었다. 며칠 째 연락이 통 되지 않는 남자친구가 더 중요했었다. 그런데, 남자친구에게 연락이 왔다. ""연희씨가 날 좀 도와주면 좋겠는데…""",https://audioclip.naver.com/audiobooks/3F83284766
왕의 초상,서철원,"[본 오디오북은 '요약본'입니다.] 어진이 완성되는 순간, 복수가 시작된다! 2013년 대한민국 스토리공모대전 최우수상 수상작 『왕의 초상』. 국가 개창기의 역동성이 빛나는 조선 태종 시대를 배경으로, 죽은 아버지의 복수를 위해 어진화사가 되어 시해를 시도하는 여인의 이야기를 담은 역사소설이다. 심사위원으로부터 작가의 주제의식과 시점의 참신함으로 정형적인 사극을 뛰어넘었다는 극찬을 받은 이 작품은 문학적 긴장과 장르적 특성을 동시에 품으며, 독자를 태종 어진경연장으로 끌고 들어간다. 여말선초, 고려유민들은 공안정국에 저항하며 목숨을 잃어가고 태종 이방원의 신임을 받던 도화서 화원 명현서 역시 조선을 반역하고 고려유민을 도왔다는 의심을 받고 태종에게 죽임을 당한다. 이 광경을 목격한 명현서의 딸, 명무는 간신히 살아남아 아비의 스승과 몸을 피한다. 6년 후, 태종어진을 그리기 위한 경연이 열리고 조정은 화가들을 경복궁으로 불러 모은다. 명무도 붓과 칼을 들고 궁궐로 향한다. 복수를 하기 위해서는 쟁쟁한 경쟁자를 물리치고 최종 어진에 선택되어야 한다. 어진경연이 막바지에 접어들어 어진화사들이 최종적으로 자신의 그림이 선택되길 기다리고 있을 때, 한 어진화사가 죽임을 당하고 그 현장에서 명무의 붓이 발견된다. 뒤이어 한 폭의 어진에 숨어 있는 반역의 증거가 나타나고, 궁궐은 걷잡을 수 없는 분위기에 휩싸이는데…….",https://audioclip.naver.com/audiobooks/BF78404D26
셰익스피어20,윌리엄 셰익스피어,"『햄릿』, 『한여름 밤의 꿈』, 『베니스의 상인』, 『로미오와 줄리엣』…… 역사상 최고의 극작가 윌리엄 셰익스피어! “셰익스피어 말고는 그 누구도 이토록 엄청난 작품을 만들 수 없다.” T. S. 엘리엇의 말처럼 셰익스피어의 작품들은 인류의 보물이다. 하지만 38편에 달하는 그의 전 작품을 모두 읽기란 쉽지 않다. 이 책은 『로미오와 줄리엣』 등 제목은 익숙하지만 자세히는 몰랐던 셰익스피어의 이야기들을 접할 수 있도록 기획되었다. 장편 희곡이었던 각 편의 원문을 단편 소설 형식으로 읽기 쉽게 편집했으며, 셰익스피어 4대 비극, 5대 희극을 비롯한 그의 대표작 20편을 쉽게 만날 수 있는 ‘셰익스피어 작품 입문서’다. 셰익스피어의 작품을 통해 변화무쌍한 운명에 관한 이야기, 인간의 고뇌와 다양한 본성들을 생생하게 느낄 수 있을 것이다.",https://audioclip.naver.com/audiobooks/CB1BC7E320
메밀꽃 필 무렵,이효석,"메밀꽃 필 무렵은 1936년 조광 10월호에 발표된 이효석의 대표 단편작으로 한 폭의 그림을 연상시키는 아름다운 시골풍경의 서정적인 자연 묘사와 시적 문체, 그리고 장돌뱅이들의 유랑생활과 토속적인 언어 구사로 작품의 호소력과 신비로운 분위기를 물씬 느끼게 한다. 자연과 인간이 만나 아름다운 조화를 이루고 사는 우리가 꿈꾸는 이상적인 삶의 모형을 그리고 있다.",https://audioclip.naver.com/audiobooks/9184A02217
알파에게 가는 길 (ENOi 제이키드),최영희,"독자들의 강력한 요구로 탄생한 「안녕, 베타」 스핀오프 대체 인간 미카는 시각 장치를 흑백 모드로 전환한 채 ‘늪지’로 갈 날을 기다리고 있다. 늪지는 원자력발전소 붕괴 사고 때문에 버려진 피폭 지역으로, 인간의 발길이 끊긴 그곳에 대체 인간이 모여 산다고 한다. 그런데 미카는 가끔 통증과 함께 흑백 모드를 뚫고 떠오르는 색감을 가진 기억에 당황스럽다. 자신을 베타라 부르는 진아라는 아이에 대한 기억인데, 이 데이터는 미카의 기억이 아니다. 미카는 자신이 과수원집 노부부의 양자로 입양된 대체 인간으로 알고 있는데 이게 가상의 데이터였음을 알게 된다. 미카는 지금의 외양과 목소리를 만들어 준, 대체 인간 신체 개조 엔지니어 악차이 영감을 찾아간다. 그리고 본래 기억을 지우고 인공 기억을 넣은 것이 미카 자신이란 사실을 알게 된다. 미래의 어느 시점에 과거의 기억을 되찾기 위해 바이러스 형태의 복원 시스템을 심었다는 것도. 미카는 자신이 베타-진아였으며 이 모든 과정이 결국 진아를 만나러 가기 위해 스스로 벌인 일이란 사실을 알게 된다. 카트리지 생산 공장의 감독관으로 일하는 20대 노동자 진아를 만나러 간 베타, 둘은 과연 서로를 알아볼 수 있을까? 1회 한낙원과학소설상을 받은 「안녕, 베타」와 짝을 이루는 소설. *** ENOi의 멤버 제이키드가 낭독하는 최영희 작가의 [알파에게 가는 길]은 아이돌 및 각계 저명인사의 목소리 재능을 기부받아 소리책을 만들고 이를 통해 청각 장애인에게 희망의 소리를 선물하는 캠페인에 참여한 작품이다. 캠페인 수익금의 일부는 사랑의 달팽이 재단에 기부되어, 경제적 어려움으로 소리 없는 세상에 살고 있는 난청 아동들에게 희망의 소리를 선물해주기 위한 지원 기금으로 사용되어진다.",https://audioclip.naver.com/audiobooks/0A31BBB00F
치숙,채만식,"1938년 동아일보에 발표된 단편 풍자 소설로, 일제 시대 서울을 배경으로 하고 있다. 1인칭 관찰자 시점으로 일제 치하에서의 삶의 고뇌를 풍자적을 그리고 있다. 아저씨는 일본에서 대학도 다녔고 나이가 서른 셋이나 되었는데 철이 들지 않아서 딱하기만 하다. 착한 아주머니를 친가로 쫓아 보내고 대학에 다니다가 신교육을 받았다는 여자와 살림을 차리고 무슨 사회주의 운동인지를 하다가 감옥살이 5년 만에 풀려났을 때는 피를 토하는 폐병환자가 되었다. 식모살이로 돈 100원을 모아 이제 쉬려던 아주머니는 아무짝에도 쓸모 없이 된 아저씨를 데려다 할 짓 못할 짓 다해서 구완하여 이제 병도 나아가는데 꼼지락 꼼지락 드러누워서는 일어나면 또 사회주의 운동을 한다고 한다. 경제학을 공부했다면서 돈벌어 아주머니 은혜 갚을 생각은 않고 남의 재산을 빼앗아 나누어 먹자는 불한당질을 또 하겠다니 분명 헛공부한 게 뻔하다. 내가 친정살이하던 아주머니 손에 자라서 그 은공으로 딱하게 여겨 정신 좀 차리라고 해도 막무가내다. 도리어 일본인 주인의 눈에 들어 일본 여자와 장가들어 잘 살겠다는 나를 도리어 딱하다고 한다. 참 한심한 노릇이었다. 나 - 보통학교 4학년을 마치고 일본인 밑에서 일하면서 일제치하의 현실에 잘 순응하고 있는 청년. 아저씨 - 대학을 나온 뒤 사회주의 운동을 하다가 감옥살이를 하고 이제는 병이 들어 폐인이 되다시피한 지식인으로 ‘나’의 조롱과 비난의 대상이다. 아주머니 - 감옥살이를 하고 첩까지 얻은 아저씨를 아무 불평 없이 돌보아주는 조선의 전형적인 여성.",https://audioclip.naver.com/audiobooks/E5F8677551
놀러 가자고요 <놀러 가자고요>,김종광,"“사는 날 동안 얼굴 붉히면서 살 거 뭐 있나. 같이 놀러나 댕기자” 거침없이 콸콸 쏟아지는 ‘썰’의 향연! 8년 만에 선보이는 김종광의 다섯 번째 소설집 소싯적 놀 만큼 놀아본 범골 어르신들이 건네는 노는 법의 진수 나들이하듯 가벼이 세상을 활보하는 그들이 ‘한 수’ 가르쳐주러 때 빼고 광 내고 행차하셨다! 김유정의 반어, 채만식의 풍자, 이문구의 능청스런 입담을 갖춘 작가로 평가받는 김종광의 『놀러 가자고요』가 작가정신에서 출간되었다. 『경찰서여, 안녕』, 『모내기 블루스』, 『짬뽕과 소주의 힘』 등의 소설을 발표하고, 청소년 및 역사 소설을 아우르는 등 폭넓은 행보를 이어온 그가 8년 만에 선보이는 소설집이다. 2011년에서 2017년까지 잡지 지면에 발표했던 소설들 가운데 9편을 수록한 이 책은농촌 소도시를 배경으로 세련된 삶의 뒷전으로 밀려난 정답고 순박한 마음과 풍경들을 그려낸다. 특유의 걸출한 입담과 페이소스는 더 깊어졌고, 도시와 농촌, 노인과 아이, 표준어와 방언, 구술과 서술, 전설과 역사 등 대극점에 위치한 요소를 하나로 눙쳐 세계를 조형하는 기술은 더 노련해졌다. 어쩌면 김종광에게는 소설가라기보다 ‘썰’을 풀어내는 재담꾼 또는 만담가가 더 어울릴지도 모른다. 분명한 사실은 그가 눈물을 쏙 빼도록 웃기고 울리는 천상 이야기꾼이라는 것이다. 이번 소설집 또한 역시 김종광이고, 참으로 김종광답다.",https://audioclip.naver.com/audiobooks/61B7CA5031
괴담과 사람들: 101가지 이야기,Q씨,"“기이한 이야기가 있다고 들었습니다. 들려주실 수 있을까요?” 익명의 타자가 겪은 기묘한 체험과 이야기들을 익명의 화자 ‘Q씨’가 수집해 들려주는 독특한 익명 괴담 시리즈! 정재헌, 남유정 성우가 참여한 완독형 오디오북 익명의 화자가 저마다의 경험과 사연을 지닌 사람들의 기이한 이야기를 들려주는 개성 있는 연작 괴담 시리즈 『괴담과 사람들: 101가지 이야기』 완독형 오디오북이 전자책과 동시 출간되었다. 『괴담과 사람들: 101가지 이야기』는 온라인 소설 플랫폼 브릿G에서 꾸준히 연재되며 독자들의 사랑을 받았던 작품으로, 괴담이 향유되는 문화를 오랫동안 즐기고 아껴 온 저자의 공력과 다양한 시도가 압축된 결과물이다. 미증유의 기현상을 다룬 일화부터 일상을 날카롭게 파고드는 오싹한 경험담까지 총 101편의 다채로운 괴담이 수록되어 있는데, 어릴 적 즐기던 학교 괴담이나 도시 괴담의 추억과 향수를 자극하는 이야기들은 물론 현대 일상의 공간을 배경으로 다루며 시대를 넘나드는 새로운 괴담의 면모를 제시한다. 약 9시간에 달하는 러닝타임의 완독형 오디오북은 정재헌, 남유정 성우가 익명의 화자 ‘Q씨’의 역할을 나누어 맡아 목소리 연기를 선보이며, 풍성한 음향 효과가 가미되어 신선한 청각적 경험을 선사한다. 인터뷰의 문답 형식을 차용한 독보적인 콘셉추얼 괴담 『괴담과 사람들: 101가지 이야기』는 존재를 특정하기 힘든 익명의 발화자 ‘Q씨’가 익명의 인물 ‘A씨’에게 괴담을 요청하는 것으로 시작된다. ‘Q: 기이한 이야기가 있다고 들었습니다. 들려주실 수 있을까요?’, ‘A: 네. 저와 옆에 있는 제 친구가 대학교 때 겪었던 일입니다.’라는 짤막한 대화만으로도 이 작품이 표방하는 Q&A 형식의 완벽한 문답이 완성된다. 이처럼 이야기 전체를 이끌어 나가는 인터뷰어인 Q씨는 언제 어디서나 사람들의 기이한 이야기를 듣는 투사된 존재로서 자리하고 기능한다. 미야베 미유키의 미시마야 변조괴담 시리즈에서 흑백의 방을 찾아온 손님으로부터 괴담을 듣는 ‘오치카’와도 일면 비슷하지만, Q씨는 성별도 나이도 특정되지 않는 두루뭉술한 존재로서 어떤 개별적인 캐릭터에 국한되지 않는다. 또한 Q씨는 이 책의 ‘작가’로도 이름을 올림으로써 작자 미상의 익명 괴담집이라는 이 작품의 독보적인 콘셉트에 완결성을 더한다. 이처럼 『괴담과 사람들: 101가지 이야기』는 내용뿐만 아니라 형식적으로도 다양한 아이디어를 결합해 새로운 괴담의 양식을 완성한다. 100편의 이야기로 완결된 한 편의 괴담집인 동시에 1편의 후일담을 통해 또 다른 이야기가 시작되는 대미의 구성은, 결코 종결되지 않는 괴담의 묘미와 여운을 충만하게 선사한다. “기이한 이야기를 들으면, 지나온 삶의 경험에 이야기를 맞춰 그 기이함을 설명하고자 하는 마음이 생긴다. 이야기를 계속 듣고 싶다면, 믿음과 의심 사이 그 어딘가에서 배회하는 수밖에 없다.” ―「101화. 후일담」 중에서 - 📗원작 연재 보러 가기 📌 성우들의 열연, 환상적인 BGM과 연출! 황금가지의 드라마형 오디오북 목록",https://audioclip.naver.com/audiobooks/A356A88688
