titles,authors,informs,clip_links
(요약) 대지,원작 : 펄 벅 / 요약 : 북코스모스,퓰리처상과 노벨문학상 수상작. 왕룽은 황 부잣집에서 오란이라는 하녀를 아내로 맞아 온다. 아내 오란은 인내심이 강하고 헌신적이며 애처로울 만큼 자기 희생적인 여성의 본보기이다. 그런데 왕릉은 집이 부유해지자 하인처럼 일하고 살림을 아끼는 아내의 찌들은 모습에서 그만 싫증을 느끼고 렌화라는 여자를 집으로 맞아들이기까지 하는데. 가난한 농부였던 왕룽은 피와 땀으로써 부유한 지주가 되고 자기가 경작하는 토지를 무엇보다 소중하게 생각하는 농부의 의지가 집약된 작품이다.,https://audioclip.naver.com/audiobooks/4E9C0AF545
친절한 복희씨 <친절한 복희씨>,박완서,"<친절한 복희씨> 중 단편 '친절한 복희씨' 일흔이 넘은 나이에도 은퇴를 모르는 작가 박완서. 그녀는 자신이 70이 넘게 살아오면서 쌓아온 통찰과 이해, 그리고 세상을 보는 관점과 지혜로 자신만의 노년문학을 개척했다. 그런 그녀가 이 시대를 사는, 어디서나 볼 수 있는 흔한 노인들을 통해 누구에게나 보일 수 있는 이중성과 위선을 통렬하고 적나라하게 드러냈다. 그 작품이 바로 ‘친절한 복희씨! 겉으로는 벌레 한 마리도 못 죽이는 여자이지만 속으로는 그 누구보다 영악하고 독한 면을 갖고 있다고 자신을 평가하는 복희씨! 미묘한 인간심리를 섬뜩하게 발견하고 부끄러워하게 만들 복희씨! 그저 잉여인간으로 평가되고 있는 노인들도 각자의 삶과 섬뜩한 내면 세계, 자신만의 세계관을 갖고 있음을 느끼게 만든 복희씨! 삶의 정곡을 찌르는 재치와 유머, 원숙한 지혜가 빚어낸 이야기! 그 누구보다 친절하지만, 섬뜩한 이중성의 복희씨가 지금 당신을 찾아갑니다.",https://audioclip.naver.com/audiobooks/89DB5693FD
거인의 정원,오스카 와일드,"귀로 듣는 책, 귀로 읽는 책! 오스카 와일드 걸작선! 이기적인 거인에게 찾아온 아이들. 사랑하는 마음은 꽁꽁 언 거인의 정원과 마음을 따뜻하게 녹여주었습니다. 오스커 와일드의 기독교 사랑이 드러난 걸작단편!",https://audioclip.naver.com/audiobooks/9ABDD9E773
할매가 돌아왔다,김범,"요절복통 60억 할머니의 미스터리 코미디 “세상을 내 맘대로 주무르는 시한폭탄 할매가 온다!” ★★★ 영화, 드라마, 연극, 뮤지컬 판권 계약 ★★★ 『82년생 김지영』 조남주 작가 강력 추천 67년 만에 60억 원을 들고 돌아온 할매. 이런, 우리 할매는 광복 직전 염병에 걸려 죽었다고 하지 않았나? 그럼 저 할매는 누구인가? 가짜인가? 부활했나? 상관없다. 유산이 60억이라는데……. 마치 원래 이 집에 살았다는 듯 능청스러운 모습으로 돌아와, 온 집안을 들쑤시는 그녀는 역대 최강의 캐릭터! 그녀의 귀환으로 촉발된 가족들의 60억 쟁탈전은 그야말로 포복절도의 연속! 김범 장편소설 『할매가 돌아왔다』는 돈이 전부인 이 세상에서 자신의 일생을 인정받기 위한 제니 할머니의 투쟁을 유머러스하게 그려낸 작품이다. 일본 군인과 눈이 맞아 남편과 자식을 버리고 도망쳤고 세상에 원래 없었던 사람처럼 완전히 잊혔던 할머니. 그런 그녀에게, 할아버지, 아버지, 고모 등은 너나 할 것 없이 무슨 낯으로 이제야 돌아왔냐며 당장 나가라고 야단이다. 하지만 그때 내뱉는 할머니의 한마디. “너희에게 줄 유산 60억이 있다.” 그러자 다들 자신도 모르게 바뀌는 표정을 숨길 수가 없는데……. 가족들의 60억 쟁탈전은 어떻게 될까. 아니 60억이 진짜 있기는 한 걸까. 아무도 관심이 없던 할머니가 돌아온 진짜 이유는 무엇일까. 복잡하기 그지없는 지난 역사와 찌질하기 짝이 없는 오늘 우리의 풍경이 이토록 유쾌하고 가슴 뛰는 소설로 다시 태어났다.",https://audioclip.naver.com/audiobooks/B1D9AD0281
안경,에드거 앨런 포,"세계 문호들의 판타스틱 단편 고전을 엄선하여 소개하는 시리즈 작품! 극장에서 우연히 만나게 된 미모의 여성. 온갖 역경을 극복하고 그토록 원하던 그녀와 결혼하게 되는데. 경쾌한 문장의 코믹 판타지문학. 《출판사서평》 낯선 세계로의 여행! 그곳으로 통하는 문이 이 책 안에 숨겨져 있다. 상상력의 힘이 펼쳐 보이는 끝도 없는 환상의 세계!! 그 안으로 들어가는 문은 우리의 현실 곳곳에 숨겨져 있다. 단지 현실세계에 너무나도 익숙하게 길들여진 우리의 눈에 보이지 않을 뿐이다. 하지만 어떤 우연한 일을 계기로 환상의 세계로 통하는 문이 열리면, 우리 앞에 몽롱한 환상의 세계가 펼쳐진다. 그리고 우리는 두려움과 함께 머뭇머뭇 그 세계로 들어서게 된다. 그렇게 해서 들어서게 된 곳은 더 이상 환상의 세계가 아니다. 그곳에서는 현재 우리가 살고 있는 현실보다 더욱 현실감 넘치는 사건이 우리를 기다리고 있다. 이제 우리는 그 세계에 빠져 현실로 도망치고 싶어 하면서도, 혹은 그 세계에 영원히 머물고 싶어 하면서도, 끝내 그렇게 하지 못 한다. 그 세계는 도망치려 하면 우리를 더욱 붙잡아두고, 영원히 머물고 싶어 하면 우리를 힘껏 밀어내는 세계이다. 누구나 한번쯤을 꿈꿔왔을 그 환상의 세계가 드디어 우리 앞에 펼쳐진다. 인류 최고의 상상력이 총망라된 이 책을 통해서, 당신 옆에 숨겨져 있는 환상의 세계로 가는 문에 대한 힌트를 얻기 바란다.",https://audioclip.naver.com/audiobooks/3098E121BF
셜록 홈즈 단편선 3,아서 코난 도일,"전 세계인이 사랑하는 탐정 셜록 홈즈의 이야기!
셜록 홈즈 시리즈 중 유명하고도 작품성이 있는 단편들을 뽑아 완역한 번역본입니다.",https://audioclip.naver.com/audiobooks/E5EAE51DD8
젊은 베르테르의 슬픔,요한 볼프강 폰 괴테,"독일의 대문호 괴테의 자전적 소설. 괴테의 나이 25세때 쓰여진 이 작품은, 18세기 독일의 작은 도시를 무대로, 한 청년의 사랑과 자살을 그리고 있다. 비극적 주 인공 베르테르는 괴테 자신과 유부녀와 사랑끝에 자살한 친구를 복합한 인물로 알려지고 있다. [책 속으로] 빌헬름! 괴로운 하룻밤이었소. 이제 나는 모든 것을 참고 견디어 나갈 생각이오. 다시는 롯테와 만나지 않으려오. 당신한테 달려가 목이라도 껴안고 끝없이 눈물을 흘리며 황홀감에 젖어 내 가슴 속에 휘몰아치는 감정의 회오리를 열어 보이지 못하는 것만이 유감이라오. 나는 지금 애써 마음을 가라앉히고 아침 해가 떠오르기를 기다리고 있소. 날이 밝으면 마차가 오도록 되어 있소. 아아, 롯테는 고요히 잠들어 있을 것이오. 다시는 내 얼굴을 보지 못하리라고는 꿈에도 생각지 못할 것이오. 두 시간이나 그녀와 이야기를 나누면서도 나는 이 계획에 대한 눈치를 조금도 보이지 않았소. 이를테면 마음을 다져 먹을 수 있었다오. 그런데 그 이야기의 내용은 어떠했던가? 알베르트는 저녁 식사가 끝나면 곧 롯테와 함께 정원으로 나오겠다고 나에게 약속을 했소. 나는 테라스의 밤나무 밑에서 서성거리며 정든 골짜기와 유유히 흐르는 강물 위로 저물어 가는 저녁 해를 바라보고 있었소. 나는 몇 번이나 롯테와 함께 이 곳에서 그 장엄한 광경을 바라보았는지 모르겠소. 그러나 지금은 - 나는 내가 좋아하던 가로수 밑을 혼자서 여기저기 거닐어 보았소. 아직 롯테와 서로 알기 전부터 나는 일종의 신비로운 힘에 끌려서 이 곳에 자주 찾아 왔었소.그 후 내가 그녀와 서로 사귀게 되었을 때, 그녀도 이 곳을 좋아하고 있는 것을 알고 얼마나 기뻐했는지 모르오. 여기는 그야말로 내가 본 가장 낭만적인 한 폭의 풍경화였소",https://audioclip.naver.com/audiobooks/BDF11E097D
박상원이 읽는 김승옥의 무진기행,김승욱,"[100인의 배우, 우리 문학을 읽다] 오디오북 시리즈는, 최민식 문소리 정진영 강부자 등 우리 시대를 대표하는 배우 103명이 한국 근현대문학의 주요 중단편소설 100편을 낭독한 프로젝트입니다. ≪무진기행≫은 1964년 ≪사상계≫에 발표됐을 당시 평단에서 ‘감수성의 혁명’이란 찬사를 받은 김승옥의 대표작이다. 오랜만에 고향을 찾은 한 남자와 주변 인물의 이야기를 통해 현대인의 불안한 존재와 심리를 감각적으로 잡아낸다. ‘무진(霧津)’이란 고향 이름 역시 안개와 같은 모호함을 상징한다. 작가 자신의 각색을 거쳐 영화(＜안개＞)로도 제작되었다.",https://audioclip.naver.com/audiobooks/A09A2C4F12
위대한 개츠비,F. 스콧 피츠제럴드,"욕망과 사랑, 청춘 같은 통속적인 소재와 섬세한 심리 묘사로 제1차 세계대전 후인 1920년대 미국의 사회상을 그려낸 소설 <위대한 개츠비> 가난한 농부의 아들 개츠비는 운명을 거부하고 화려한 출세를 꿈꾼다. 제 1차 세계대전이 발발하고 육군 장교가 된 그는 테일러 기지에 주둔하던 중 아름다운 상류층 여인 데이지를 만나 사랑에 빠진다. 그러나 그가 유럽으로 파병을 나간 사이, 데이지는 시카고의 부호 톰 뷰캐넌과 결혼한다. 가난했기에 사랑하는 여인에게 버림받은 개츠비는 옛 연인의 사랑을 다시 얻기 위해, 잃어버린 지난 5년의 시간을 되돌리기 위해 부자가 되기로 결심한다. 1만 6천 킬로미터나 떨어진 곳에서 발생하는 지진을 탐지하고 기록하는 복잡한 장치처럼 탁월한 민감성으로 삶의 가능성을 잡아냈던 남자. 희망을 포기하지 않는 탁월한 능력과 어떤 상황에도 대처할 수 있는 낭만적인 적응력을 가졌던 남자. 멀어져만 가는 쾌락의 절정과도 같은 미래를 믿었던 남자. 개츠비, 그의 위대한 이야기가 펼쳐진다.",https://audioclip.naver.com/audiobooks/A25E12291B
적과 흑,스탕달,"‘적과 흑’은 프랑스의 비평가이자 소설가인 스탕달에 의해 1830년에 씌여졌다. 이 소설의 배경이 된 1830년대의 프랑스는 나폴레옹이 몰락하고 부르봉 왕가가 복귀하여 왕정을 세운 시기로서, 1830년 7월 대혁명 직전의 지배자 교체에 따른 격동의 시대에 한 평민 청년 줄리앙 소렐을 통하여 귀족, 승려, 부르주아의 3자가 서로 세력다툼을 벌이는 사회의 반동성을 비판적으로 묘사한 심리학과 역사철학의 연구서이다. 목수의 아들로 태어난 줄리앙 소렐은 나폴레옹의 군대에서 은퇴한 늙은 군인으로부터 라틴어와 학문을 전수받는다. 그가 소유하던 책을 물려받고 그것을 읽으며 성장한 줄리앙은 군인이 되어 나폴레옹 같은 영웅으로 입신양명하기를 꿈꾸지만, 시대는 변하고 나폴레옹은 몰락한다. 줄리앙은 제정왕조가 복원된 프랑스 사회에서 성공하는 길은 오직 성직자가 되는 길 뿐이라는 것을 깨닫는다. 이렇게 출세에의 야심을 불태우며 뛰어난 라틴어 실력 덕분에 레날 시장의 집에 가정교사로 들어간 줄리앙. 그 곳에서 그는 부유층에 대한 증오심을 불태우며 시장의 아내인 레날 부인을 유혹하지만, 그녀의 순수한 정열은 그를 진정한 사랑에 빠지게 만든다. 그러던 중 둘의 관계는 사람들의 소문과 시장의 의심으로 인해 끊어지게 되고, 줄리앙은 브장송에 있는 신학교로 보내진다. 그리고 그곳에서 교장인 피라르 신부의 추천으로 파리에 사는 대귀족 라 몰 후작의 비서로 들어가게 된다. 비서로서 유능함을 인정받아 후작의 신뢰를 얻어가는 줄리앙. 라 몰 후작의 딸 마틸드는 그의 비범함을 눈치채고 그를 사랑하게 되는데…",https://audioclip.naver.com/audiobooks/C2E4147F92
개,김훈,"""이 오디오북은 한국출판문화산업진흥원(KPIPA)의 「2021년 오디오북 제작 지원」 사업 선정작입니다. 인간의 아픔과 기쁨, 그리움을 함께하는 세상의 모든 ‘보리’에게 소설가 김훈이 2005년에 쓴 동명 소설 「개」의 2021년 개정판. 댐 건설로 수몰을 앞두고 주민들이 하나둘 떠나는 시골 마을에서 태어난 진돗개 ‘보리’가 소설의 주인공이다. 개정판에서는 이야기의 뼈대는 유지하면서 내용의 상당 부분을 손보았다. “이번에 글을 고쳐 쓰면서, 큰 낱말을 작은 것으로 바꾸고, 들뜬 기운을 걷어내고, 거칠게 몰아가는 흐름을 가라앉혔다.”(「군말」에서) 지난 몇 년간 작가는 매일 공원을 산책하며 다가오고 지나가는 사람과 개들을 들여다보았다. 그때 떠오른 생명의 이야기들이 「개」에 스며들었다. 덕분에 모진 매를 견딘 보리 엄마와 가혹하게 죽어간 흰순이의 삶이 다르게 변주되고, 보리의 눈에 비친 세상엔 온기가 더해졌다.""",https://audioclip.naver.com/audiobooks/63CF27F3C1
"채털리 부인의 연인 2 (민음사 세계문학, 완독본)",D. H. 로렌스,"케임브리지 대학교 출판부에서 간행한 무삭제 결정판 텍스트(1993) 완역 ▶『채털리 부인의 연인』을 읽지 않고 20세기 소설에 대해 안다고 할 수 없다. – 로렌스 더렐 ▶ 로렌스는 상상력이 풍부한, 우리 시대 가장 위대한 작가이다.- E. M. 포스터 ▶『채털리 부인의 연인』은 이제껏 영어로 쓰여진 작품 가운데 가장 훌륭하게 성적 경험을 묘사해 냈다. -《뉴 리퍼블릭》 로렌스 재단과 정식 계약을 맺고 출간하는 결정판 텍스트 D. H. 로렌스의 마지막 소설이자 20세기를 대표하는 문제작 『채털리 부인의 연인』이 (주)민음사에서 출간되었다. 『채털리 부인의 연인』은 그동안 우리나라에서 에로티시즘의 대명사쯤으로만 인식된 채 ‘채털리 부인의 사랑’ 혹은 ‘차타레 부인의 사랑’과 같은 부정확한 제목을 달고 수십 종이 출간되었다. 출판 금지 과정을 거치면서 훼손되었던 원고가 이후에도 그대로 출판되면서, 우리나라에서도 이를 바탕으로 번역이 이루어졌던 것이다. 영국 케임브리지 대학교 출판부에서는 이러한 문제점을 인식하고 1993년 ‘결정판’ 무삭제 텍스트를 출간하였으며, 민음사에서는 로렌스 재단과 이 판본을 정식으로 계약하여 『채털리 부인의 연인』을 완역, 출간하였다. 제1차 세계대전이 끝날 무렵, 코니의 남편 클리퍼드 경은 전쟁에서 부상을 입어 절름발이에 성불구가 되어 돌아온다. 그는 육체적 관계보다 정신적 통제와 질서가 우월하다고 주장하며 아내 역시 그러한 생활에 만족하도록 이끈다. 코니는 클리퍼드를 비롯한 그 주변의 지성적 남성들에게 무의식적인 반감을 보이고 체념 상태에 빠진다. 이러한 코니에게 우연히 만난 사냥터지기 멜러즈는 전혀 다른 종류의 남자로 다가온다. 자연과 어우러지는 그의 모습을 목격한 코니는 그의 부드러운 몸에서 살아 있는 존재가 주는 감동을 느낀다. 코니와 멜러즈는 이후 숲 속에서 만나 성적인 결합에 이른다. 둘의 만남이 거듭될수록 코니는 정신주의적 삶의 허위를 깨닫고 그것이 산업 체제의 냉혹함과 불가분의 것임을 인식하게 된다. 코니가 언니와 이탈리아로 여행을 떠나 있는 동안 마을에는 채털리 부인과 사냥터지기의 염문이 퍼지고, 임신한 것을 확인한 코니는 마침내 클리퍼드와 결별할 결심을 한다. 그러나 클리퍼드는 이를 받아들이지 않고, 코니와 멜러즈는 이혼 소송이 마무리될 때까지 서로 헤어져 있기로 한다. 작품은 재회를 기다리며 멜러즈가 코니에게 쓴 편지로 마무리된다.",https://audioclip.naver.com/audiobooks/99B09B8263
"테스 2 (민음사 세계문학, 완독본)",토머스 하디,"영국 문학을 대표하는 소설가 토머스 하디의 『테스』(Tess of the D\’Urbervilles)는 1891년 처음 출간된 후 일 년 만에 초판본 1천 부의 스물세 배가 넘게 판매되는 등 당시로서는 센세이셔널한 반응을 일으켰다. 일반 독자들이 이렇듯 폭발적인 반응을 보여 준 반면, 교회와 보수적 비평가들은 한목소리로 하디를 비난했다. 테스가 결혼도 하지 않고 아이를 낳는 것이나, 그 아이에게 직접 세례하는 것 등이 당시의 인습과 사회에서는 받아들여지기 어려웠던 것이다. 실제로 이 소설이 출간 전에 잡지에 실릴 때도 테스가 알렉에게 유린되는 장면이나 그녀가 아기를 세례하는 장면이 삭제되었다. 그러나 토머스 하디는 대담하게도 그런 테스를 ‘순수한 여인’이라 부르며 내면의 순수함과 정신적 순결을 강조하였고, 빅토리아 시대의 불합리한 종교적, 사회적 관행을 정면으로 고발하였다. 이러한 하디의 용감하고 부단한 시도가 이 작품을 19세기 근대 문학에서 20세기 현대 문학으로 발돋움하게 만들었다. 또한 이번 민음사 세계문학전집으로 출간된 『테스』는 Tess of the D’Urbervilles: A Pure Woman(Modern Library Classics)을 완역한 것으로, 기존의 축약본과 분명한 차별성을 두고 있다. 근대 문학의 한계를 넘어 현대 문학으로 발돋움한 토머스 하디의 대표작 “가슴 위에 꽂힌 장미를 순진하게 내려다보고 있는 테스는 그 마약 같은 푸른 연기 뒤에 그녀 일생의 비극적인 재난이 서려 있음을, 그녀의 젊은 인생의 스펙트럼에서 핏빛 붉은 광선이 될 사람이 도사리고 있음을 예측하지 못했다.” 가난한 행상의 장녀 테스는 귀족의 후손이라는 헛된 망상에 사로잡힌 부모 때문에 먼 친척이라는 더버빌 가로 일자리를 찾아간다. 그 가문의 아들 알렉을 만나면서 그녀의 모진 운명이 시작된다. 그의 아이를 임신한 테스는 집으로 돌아와 혼자 아이를 낳아 키우지만, 사회와 교회로부터 외면당한 아이는 병에 걸리고, 테스에 의해 세례를 받은 후 숨진다. 세상으로부터 숨을 곳을 찾아 외진 농장에서 젖을 짜며 살아가던 그녀에게 새로운 세상에 눈뜨게 하는 남자 에인절이 다가온다. 그는 목사의 아들이었지만 편협한 종교를 거부하며 다른 삶을 살고자 했고, 그의 열정적인 구애에 테스는 처음으로 행복을 맛본다. 테스는 자신의 과거 때문에 그의 사랑을 거부하지만 자기 안에서 솟아나오는 그를 향한 애정을 부정하지 못하고 그들의 사랑은 마침내 결실을 맺는다. 결혼 첫날밤, 테스는 양심의 가책으로, 그리고 에인절이 모든 것을 용서하리라는 기대로, 그에게 과거를 털어놓는다. 그러나 에인절 역시 스스로가 부정하고자 했던 사회의 뿌리 깊은 인습과 편견에서 자유롭지 못했고, 테스를 버리고 떠나간다. 가장 사랑하고 신뢰하던 에인절에게 버림받은 채 절망에 빠져 있던 테스 앞에 다시 알렉이 나타난다. 그는 열렬한 신자가 되어 이전의 모습은 어디서도 찾아볼 수 없을 정도로 변모된 모습이었다. 테스는 그의 그런 모습에서조차 공포를 느끼며 그를 피하려 하지만, 알렉은 얕은 신념이 흔들리는 것을 느끼며 다시 그녀 주위를 맴돈다. 테스가 알지 못할 두려움을 느끼며 에인절에게 편지를 보내지만, 그는 이미 남미로 떠나 버린 후였다.",https://audioclip.naver.com/audiobooks/FD8C192A8C
지금 아니면 못 할 일,정은숙,"민지영의 맥도날드 알바 분투기. 지영이 아르바이트를 하며 만나게 된 다양한 인물들의 이야기가 흥미진진하게 펼쳐진다. 학교를 그만두고 맥도날드에서 일하는 보미는 지영의 앙숙이다. 그러나 두 사람은 공공의 적을 물리치며 비밀을 나누는 친구 사이로 발전한다. 한편 성추행 사건을 겪으며 친해진 승효와 지영은 풋풋한 감정을 나누는데, 뇌성마비로 다리를 저는 승효의 꿈은 K2에 오르는 것이고 지영의 꿈은 돈을 모아 파리 여행을 떠나는 것이다. 그러나 승효가 당장, 바로 지금 하고 싶은 일은 지영의 남자친구가 되는 것이다. *** A.C.E의 멤버 와우가 낭독하는 정은숙 작가의 [지금이 아니면 못할 일]은 아이돌 및 각계 저명인사의 목소리 재능을 기부받아 소리책을 만들고 이를 통해 청각 장애인에게 희망의 소리를 선물하는 캠페인에 참여한 작품이다. 캠페인 수익금의 일부는 사랑의 달팽이 재단에 기부되어, 경제적 어려움으로 소리 없는 세상에 살고 있는 난청 아동들에게 희망의 소리를 선물해주기 위한 지원 기금으로 사용되어진다.",https://audioclip.naver.com/audiobooks/03B9B7B181
한 권으로 읽는 세계명작 다이제스트 시리즈(전12권) - 4권,박영만,"KBS 슈퍼탤런트 1기 배우 김시연이 낭독한 오디오북! 세계명작을 흥미롭게 엮어 현대 감각으로 새롭게 탄생! 『한 권으로 읽는 세계명작 다이제스트 55』는 세계명작의 탄생 배경과 함께 작가의 삶, 작품의 줄거리, 에피소드, 주제, 인류에게 미친 영향, 가치 등을 흥미롭게 엮어 현대 감각에 맞게 새로이 탄생시킨 세계명작 55편의 다이제스트이다.",https://audioclip.naver.com/audiobooks/C105BF07F8
월궁정인,김인선,"[본 오디오북은 '요약본'입니다.] 타임 슬립 역사로맨스 소설, 이번엔 백제다! 천방지축 주얼리 디자이너 서영과 까칠한 백제 태자 순타! 천오백 년 시대를 뛰어넘어 아찔한 밀당의 세계가 펼쳐진다. “국조모 팔찌가 완성되는 순간, 우리는 더 이상 한 공간에 있지 못할 거예요!” 현재 드라마 대본을 집필 중인 김인선 작가가 내놓은 타임슬립 역사 로맨스, <월궁정인>. 백제 무령왕비 팔찌에 새겨진 의문의 한 문장에서 시작된 시공을 넘나드는 사랑 이야기! 천방지축 주얼리 디자이너와 까칠한 백제 태자의 1500년 시대를 뛰어넘는 밀당 로맨스가 펼쳐진다.",https://audioclip.naver.com/audiobooks/362329D9BE
겨울연꽃 서리연,주단영,"""당신이 내 곁에 있는 한, 이 세상은 아직 멸망하지 않았습니다!"" 권력 탐닉의 시대, 왕조 교체기 혼란의 소용돌이 속에서 한 송이 서리 연꽃 같은 사랑이 피었다. 고려 왕씨 멸족 사건에서 살아남은 마지막 왕실 여인 ‘보화’. 그녀를 살리기 위해서 신흥왕국 조선에서 출사표를 던진 ‘정’. 죽여야만 하는 숙명과 사랑해선 안 되는 운명에 고뇌하는 ‘중업’. 그들의 파란만장한 이야기가 연꽃처럼 피어난다. ""당신 아버지와 오라버니는 끔찍한 살인자야!"" ""나는, 절대로 그렇게 되고 싶지 않아, 허나 이 또한 헛된 발버둥으로 끝날지도 모르지!"" ""더 오랫동안 도와드리고 싶었습니다! 가능하다면 당신 곁에서…"" 멸망한 왕국 고려의 왕족 여인과 신흥 왕조 조선의 촉망받는 젊은 관료가 왕조 교체기의 혼란스러운 시대 속에서 이루어질 수 없는 사랑을 꽃피운다. 과연 ‘서리연’은 어떻게 피고 또 언제 질 것인가?",https://audioclip.naver.com/audiobooks/350C3ECBA7
계속해보겠습니다,황정은,"지금 황정은을 읽지 않는다면 처연하게 아름다운 세계를 놓치고 있는 것이다 『계속해보겠습니다』는 2012년 가을호부터 2013년 여름호까지 ‘소라나나나기’라는 제목으로 계간 『창작과비평』에 연재되었던 작품이다. 연재 종료 후 일년여 동안 심혈을 기울여 개고한 끝에 주인공 소라와 나나, 나기의 감정선이 더욱더 깊고 선명해져 행간에서조차 세 인물의 호흡이 느껴질 정도로 작품의 농도가 짙어졌다. 황정은은 앞선 두권의 소설집에서 기발한 상상력과 그것을 구현해내는 뛰어난 언어 조탁력을 보여주었고 그의 첫 장편이자 한국일보문학상 수상작인 『백의 그림자』에서 기저에 품은 서정성을 유감없이 보여주었다. 『계속해보겠습니다』는 그 서정의 결을 이어가면서도 잔잔하게 흘러가 폭발적으로 파급되는 황정은식 서정의 마력은 더욱 강력해졌다. 소라, 나나, 나기 세사람의 목소리가 각 장을 이루며 순차적으로 진행되는 『계속해보겠습니다』는 같은 시간, 한공간에 존재하는 세사람의 서로 다른 감정의 진술을 각각의 온도로 느낄 수 있다. 서로 갈등하는 소라와 나나의 속마음을 보는 것이나, 공유한 과거를 서로 다르게 기억하는 소설적 장치는 독자에게 새로운 즐거움을 선사한다. 등장인물의 작은 행동 하나, 대사 한줄에까지 감정을 밀도있게 싣고 마지막까지 그 긴장을 놓지 않고 이야기를 완성하는 작가의 집중력에는 감탄할 수밖에 없다. 다시금 황정은 소설의 자기갱신을 볼 수 있는 지점이다. 문학평론가 신형철은 최근 “황정은 소설이 이제는 좀 무섭다”(젊은작가상 심사평)라고 표현했다. 그리고 이 경이에 가까운 감탄은 비단 그만 느끼는 것은 아닐 터다. 그의 이름을 첫손에 꼽으며 다음 작품을 기다린다는 이야기는 문단에서도 심심치 않게 들려온다. 과연 그의 소설은 어디까지이며, 그 간명하고도 아름다운 문장의 점층은 우리를 어디로 이끌 것인가.",https://audioclip.naver.com/audiobooks/34E98AB1A6
독일인의 사랑,막스 뮐러,"""우리는 서서 걷는 법, 읽고 말하는 법을 배운다. 하지만 어느 누구도 우리에게 사랑을 가르쳐주지는 않는다. 한 송이의 꽃도 햇빛이 없으면 만개하지 못하듯, 인간도 사랑 없이는 한 순간도 살아갈 수 없다."" 아름답고 순결한 그러나 유리처럼 잘 깨질 것만 같은 내면을 지닌 시한부 인생을 사는 한 귀족가의 소녀와 그런 소녀에게 동경을 느끼는 순수한 소년의 플라토닉 사랑을 묘사한 독일 낭만주의 작가 막스 뮐러의 명작, 독일인의 사랑. 이 책이 문학 역사상 대단한 성공을 거둔 것은 언어의 쓰임이 어느 작품보다 우수하고, 단어 하나하나가 문장 속에 살아 진동하며, 막스 뮐러의 풍부한 지식을 동반한 비유와 묘사가 독자를 머나먼 상상의 세계로 데려갔다가는 다시 현실로 데려오는 듯한 신비감을 안겨주기 때문이다. 희생과 사랑, 그리고 환희에 대한 의미가 명료하면서도 서정시라 느껴질 만큼 아름답게 쓰여진 이 책은 오늘의 젊은이들에게 가슴 깊은 감동과 함께 인생의 의미를 깨우쳐 줄 것이다. 소설은 주인공 ‘나’와 심장병 때문에 몸을 움직이지 못하는 소녀 마리아가 신분과 육체의 문제를 극복하고 서로의 사랑을 확인하지만, 마리아의 죽음으로 결국 이별을 하게 된다는 단순한 줄거리를 가지고 있다. 그러나 이 소설의 진정한 가치는 주인공 ‘나’와 마리아가 대화를 통해 성장하는 과정에 있다.",https://audioclip.naver.com/audiobooks/0DB2CDE77D
즐거운 나의 집 3,공지영,"공지영 신작 장편소설! 엄마 같은 딸, 딸 같은 엄마. 그들이 펼치는 맥주처럼 알싸한 가족 이야기. 세 번 결혼하고 세 번 이혼한 친엄마와 사는 18세 당찬 소녀 위녕이 들려주는 좌충우돌 엉뚱 발랄 유쾌한 가족 이야기와, 가족이기에 감내해야 했던 상처, 사랑이기에 거부할 수 없었던 고통을 작가 특유의 문체로 치유하고 있다. 이 소설은 시대와 함께 호흡하며 우리의 현재를 이야기하는 작가, 공지영이 발견한 가족, 그 평범함과 특별함에 관한 이야기다. 지금까지 수많은 독자들에게 감동의 눈물을 선사한 작가가 이제는 웃음으로 우리 문학의 새로운 성취를 이루어냈다. 이 소설은 철없는 엄마와 너무 일찍 철든 딸, 그들의 가족 스케치로, 평범하지만 알고 보면 특별한 우리 모두의 이야기를 하고 있다. 소설은 불완전해 보이는 가족 대문에 마음의 지독한 몸살을 앓으며 사춘기를 넘어야 했던 위녕의 목소리로 시작된다. 십대의 마지막을 엄마와 함께 보내면서, 그토록 간절했던 진정한 이해와 사랑을 통해 자신의 소중함을 되찾아가면서 삶의 주체로 당당하게 성장하는 위녕의 이야기를 통해 가족과 사랑이라는 이름으로 새겨진 상처와 고통을 치유하고 있다. 사랑이 있으면 우리는 가족이다. 내 소설과 내 마음이 모두 사랑이기를 바라고 살면 설사 실수투성이 삶일지라도 소중해진다. 그 소중한 마음들이 모이는 곳이 우리 집, ‘즐거운 나의 집’이다. ―저자 인터뷰 중에서 ▶ 줄거리 자세히 들여다보기! 열여덟 살 주인공 위녕은 고 삼이 되기 전 십대의 마지막을 자신이 낳아준 엄마와 함께 보내기 위해 아버지와 새엄마의 집을 떠난다. 여름방학을 이용해 B로 거처를 옮긴 위녕은 새로 자리 잡은 엄마의 집에서 여섯 번의 계절을 보낸다. 그러는 동안 위녕은 새로운 가족(외가 식구들과 형제)을 발견하기도 하고, 사랑하는 존재(고양이 코코)와 동생 둥빈 아빠의 죽음을 맞기도 한다. 또한, 엄마의 새 남자친구를 만나고 또래 친구를 통해 평범한(?) 가족이라는 환상을 깨기도 한다. 무엇보다 위녕 스스로 자신의 상처를 돌아보고 치유하며 엄마의 부재로 인해 혼란스러웠던 자신의 정체성과 함께 가족의 의미를 되찾아간다.",https://audioclip.naver.com/audiobooks/23DF2FB96F
폭군에게는 악녀가 어울린다 5,유이란,"웹툰 55만, 웹소설 45만 조회수를 기록한 유이란 작가의 인기작 <폭군에게는 악녀가 어울린다> 의 오디오북이 전격 출시되었습니다. 오디오북에는 서혜정, 강수진, 김영선, 이규화, 홍시호, 김옥경, 최덕희, 장경희, 등 국내 유명 성우가 대거 참여하여 원작의 재미와 더불어 수준 높은 오디오북의 경험을 독자들에게 선사합니다. ✔홍보동영상 “살려 줘…….” 내가 왜 황제와 결혼해야 하는 건데! 하루아침에 희대의 촉군 에스티안의 신부가 된 세실. 인생 망했다 한탄하던 그녀는 그를 본 순간 생각을 고쳐먹었다. “미남이시네요?” 당신을 나의 남편으로 임명(?)합니다. 기왕 이렇게 된 거 오래오래 잘 살려면 폭군보다 더 악명 높은 악녀가 되어야만 한다! “그런데 제가 잘할 수 있을까요……?” “그대에게는 재능이 있어.” ……악녀가 될 재능요?",https://audioclip.naver.com/audiobooks/AC3340002E
다정한 유전,강화길,"복잡한 마음으로 세상을 견디는 여자들, 서로를 미워하면서도 사랑하는 여자들의 이야기 우리 사회가 앓아온 오랜 병증을 파헤치며 이 시대가 기다려온 여성-서사를 펼쳐내고 있는 작가 강화길의 새로운 소설 『다정한 유전』이 아르테 ‘작은책’ 여덟 번째 책으로 출간되었다. 한겨레문학상, 구상문학상 젊은작가상, 문학동네 젊은 작가상 대상을 수상한 강화길 작가는 소설집 『괜찮은 사람』, 『화이트 호스』, 장편소설 『다른 사람』을 통해 현세대 공통감을 가장 잘 표현해내는 작가로 손꼽히며 자신만의 지평을 넓혀가고 있다. 신작 『다정한 유전』은 산골 마을 소녀들의 이야기와 그 소녀들이 써내는 글이 교차하는 콜라주 형태의 소설이다. 더 나은 삶을 찾기 위해 더 좋은 글을 쓰고자 하는 소녀들이 써낸, 자라는 동안 깨지고 망가지고 불안하고 아파하는 이야기들은 서로에게 ‘너무나 내 것이라 있는 그대로 느껴지는 마음’의 기록들이다. 인간은 태어나 성장하는 과정에서 오롯이 자신을 살피느라 누군가를 돌보기 어렵다. 그러나 그 홀로 서는 과정에서도 세상의 고통은 함께 경험한다. 나의 고통뿐 아니라 타인의 고통도 아프게 앓는다. 작가는 어린 소녀들을 통해 이 ‘공교롭게도 그렇게 연결되어 있는 우리의 삶’이 결국 서로를 보듬는다는 것을 아주 다정하게 말해준다. 소녀들이 쓴 소설 속에서 한 친구는 자신에게 벌어진 일, 기분, 수치심, 모멸감, 행복, 거듭해서 기억하고 싶은 일, 잊지 않고 싶은 일을 기록한다. 자신만의 마음을 누군가에게 맡겨두지 않고 스스로 간직하는 방식으로 ‘견딜 만하게’ 만드는 것이다. 이 방식을 배운 또 한 친구도 글을 쓰게 된다. 그렇게 이들은 서로를 읽고, 서로를 쓴다. 본래적인 제한, 공공연한 폭력의 고통을 함께 경험한 소녀-친구들의 이야기는 “서로를 미워하면서 사랑”하는 마음, “그럼에도 불구하고 함께 있고 싶은 마음”을 깨닫게 한다. 상대를 향한 ‘그 마음을 이해할 수 있을 것 같다’는 느낌은 곧 이해받을 수 있을 것 같은 기분, 세파에도 인간을 견디게 하는 마음의 큰 기운인 ‘다정’을 나누게 한다.",https://audioclip.naver.com/audiobooks/89D850EFA5
정경호가 읽는 한스 크리스티안 안데르센의 그림자,한스 크리스티안 안데르센,그림자 (Skyggen) 동화 작가 안데르센이 쓴 단편소설이다. 인간의 본성을 철학적이면서도 시적으로 그려 냈다. 이 작품을 통해 작가는 우리 내면에 숨어 있는 어두운 자아를 들여다보고 마주하라고 말한다. 추운 나라에서 온 학자는 문득 건너편 집에 참을 수 없는 호기심을 느낀다. 학자는 자기 그림자에게 ‘네가 대신 들어가서 보고 오라’고 말한다. 그러자 그 말을 들은 그림자가 정말로 학자의 몸에서 떨어져 나가 건너편 집 문 안으로 쏙 들어가 버린다. 학자의 몸에서 떨어져 나온 그림자는 어느 날 사람이 되어 학자 앞에 모습을 드러낸다.,https://audioclip.naver.com/audiobooks/362FA31A74
바람과 함께 사라지다 제1부,마거릿 미첼,"""내일은 내일의 태양이 뜰 거야."" 아카데미 10관왕에 빛나는 불후의 명작 <바람과 함께 사라지다>의 원작 소설이 러닝타임 66시간의 오디오북으로 새롭게 태어났습니다. 총 분량 1,900여쪽에 달하는 방대한 소설의 장면장면을 빠짐없이 살려내며 영화보다 깊고 풍부한 이야기로 또 다른 감동을 전합니다. 미국 남북 전쟁의 폐허 속에서 피어나는 스칼렛 오하라의 운명과 사랑을 담은 장대한 드라마를 만나보세요. ▶ 오디오북 낭독 성우 인터뷰 : ▶ 오디오북 전권 세트(66시간) 바로가기 :",https://audioclip.naver.com/audiobooks/6B0CA7BB39
"운명론자 자크와 그의 주인 (민음사 세계문학, 완독본)",드니 디드로,"자크와 그의 주인의 여정을 따라 이어지는 삶과 사회, 예술에 대한 성찰 “우리가 운명을 이끌고 간다고 믿지만 실은 운명이 우리를 이끌고 가는 것이다.” 자크와 그의 주인은 목적지도 이유도 모르는 여행을 하는 중이다. 주인은 여행의 무료함과 피로를 덜기 위해 자크에게 이야기를 요청하고, 자크는 자신의 사랑 이야기를 하기 시작한다. 싸구려 포도주에 취해 아버지에게 맞고 홧김에 입대한 것부터 시작해 전투에서 입은 무릎 부상, 초가에서 치료를 받다가 데글랑 성주의 성에 가게 되는 이야기 등 자크는 자신의 이야기를 이어 가려고 하지만 예상치 못한 사건과 모험으로 그의 이야기는 자꾸만 중단된다. 도중에 들른 그랑세르 여인숙에서 여인숙 여주인으로부터 포므레 부인의 처절한 복수극을 듣거나 목 병에 걸려 말을 할 수 없게 된 자크 대신 주인이 자신의 사랑 이야기를 하기도 하며 과거의 사랑과 현재의 모험들이 여행 속에서 정신없이 섞이고 끊임없이 이어진다. ‘말하는 자유’를 통해 지배계급인 주인 곁에서 자유를 실행하는 자크가 행동하는 지식인의 표상이라면 주인은 그와 같은 행동의 필요성을 인지하면서도 그 시도가 헛되다는 걸 알고 무력감과 나태에 빠진 회의적인 지식인을 대변한다. 주인과 하인, 혹은 주인과 노예라는 화두는 훗날 헤겔을 거쳐 라캉에 이르기까지 현대 철학의 핵심적인 화두로 자리 잡으며, 디드로는 자신이 처한 세계에 질문을 던지고 그 모순되는 불확실한 움직임을 문학이라는 공간에 끌어들인다. 『운명론자 자크와 그의 주인』은 자크라는 한 비범한 민초를 통해 그의 유물론적인 결정론, 그리고 휴머니즘적인 열정과 에너지를 끊임없이 분출하고 사회와 예술에 대해 지칠 줄 모르는 성찰을 수행하는 디드로 문학의 열쇠라 할 수 있을 것이다.",https://audioclip.naver.com/audiobooks/93DC325362
프랑켄슈타인,메리셜리,"이미 영화와 연극, 동화화된 형태로 널리 알려진 메리 셸리의 <프랑켄슈타인>이 완역 출간됐다. <프랑켄슈타인>은 SF 소설의 효시로도 알려져 있는데, 과학기술에 대한 맹신이 초래하는 위험성과 인간의 오만함을 경고하고 있기 때문이다. 이 소설은 메리 셸리 자신의 악몽에서부터 구상되었다고 한다. '현대의 프로메테우스'라는 부제처럼, 인간의 영역과 신의 영역에 대한 질문을 던지는 책이며, 고딕적인 분위기가 작품 전체를 지배한다. [등장인물] 프랑켄슈타인 - 어머니의 죽음을 곁에서 바라보던 어린 프랑켄슈타인은 죽음에 대해 두려움과 신비감에 사로 잡힌다. 그때부터, 코넬리우스 아그리파의 신비철학과 파라셀수스의 연금술을 탐독하게 되고 생명의 비밀을 풀고자 끊임없는 광적인 연구를 시작한다. 하지만 그 결과 끔찍한 괴물을 탄생시키고 가족까지 잃어 버리는 비극을 맞이한다. 괴물 - 프랑켄슈타인에 의해 만들어진 괴물. 시체들의 조합과 화학물질로 이루어진 생명체. 그의 부자연스런 탄생은 흉측한 외모와 8피트 신장의 괴물로 만들어 놓는다. 창조주에게 버림 받고 사람들에게 멸시를 당하던 괴물은 프랑켄슈타인에게 복수를 하기 위해 그의 일가족들을 무참히 살해한다. 로버트 월튼(탐험가) – 북극행 탐사선을 지휘하는 선장. 폭풍 속에 빙하에 좌초되어 꼼짝도 하지 못하는 신세가 된다. 얼음이 녹기 기다리던 그들 앞에 괴물을 쫓다 쓰러진 프랑켄슈타인을 발견하게 되고 그를 도와준다. 월튼은 프랑켄슈타인이 들려주는 이야기를 일기에 기록한다. 엘리자베스 - 밀라노 어느 귀족의 딸. 이탈리아를 여행 중이던 알퐁스 프랑켄슈타인 부부가 홀로 남겨진 그녀를 양녀로 거둔다. 그 어느 누구보다 아름답고 청초한 그녀는 프랑켄가문의 좋은 환경에서 자라며 빅터 프랑켄슈타인의 정혼자가 된다. 앙리 크레발 - 빅터 프랑켄슈타인의 단짝 친구. 제네바 상인의 아들로, 재능과 상상력이 뛰어날 뿐 아니라 모험과 역경, 그에 따르는 위험도 즐기는 성격이다. 기사도 이야기에 관한 문학에 큰 관심을 가지고 있다. 크렘프 교수 - 독일 대학의 자연과학 담당 교수. 빅터 프랑켄슈타인이 가지고 있는 자연과학의 지식을 탐욕스런 쓰레기라 욕하며 그를 질타한다. 발트만 교수 - 독일 대학의 화학담당 교수. 빅터 프랑켄슈타인의 이론을 이해하며 그를 도와준다. 크렘프 교수와는 천적. 알퐁스 프랑켄슈타인 – 빅터의 아버지, 스위스 제네바의 여러 공직을 거치면서 명예와 신임을 얻는다. 부인 캐롤린과 함께 페스트에 감염된 사람들을 도와주는 인자함을 갖추고 있다. 캐롤린 – 빅터의 어머니, 아들과 양녀로 들인 엘리자베스를 끔찍이 여긴다. 마음이 여린 그녀는 불쌍한 사람들을 성심껏 도와준다. 어느 날, 엘리자베스가 페스트에 감염되자 그녀를 간호하다 병에 감염되어 죽음을 맞이한다. 저스틴 – 프랑켄슈타인 가문의 하녀. 윌리엄(8세/남) - 프랑켄슈타인의 어린 남동생.",https://audioclip.naver.com/audiobooks/35E4436D9C
안녕 주정뱅이,권여선,"인생이 던지는 잔혹한 농담, 그 비극을 견디는 자들이 그리는 아름다운 생의 무늬 2007년 제15회 오영수문학상, 2008년 제32회 이상문학상, 2012년 제44회 한국일보문학상, 그리고 2014년 “작품을 만들어내는 솜씨가 장인의 경지”에 올랐다는 상찬을 받으며 장편소설 『토우의 집』으로 제18회 동리문학상을 수상한 소설가 권여선이 다섯번째 소설집 『안녕 주정뱅이』를 선보인다. 2013년 여름부터 2015년 겨울까지 바지런히 발표한 일곱편의 단편소설을 묶었다. 한국문학의 특출한 성취로 굳건히 자리매김한 권여선의 이번 소설집은 이해되지 않는, 그러면서도 쉽사리 잊히지 않는 지난 삶의 불가해한 장면을 잡아채는 선명하고도 서늘한 문장으로 삶의 비의를 그려낸다. 인생이 던지는 지독한 농담이 인간을 벼랑 끝까지 밀어뜨릴 때, 인간은 어떠한 방식으로 그 불행을 견뎌낼 수 있을까. 미세한 균열로도 생은 완전히 부서질 수 있다는 것을 보여주는 데 탁월한 감각을 발휘해온 권여선은 그럼에도 그 비극을 견뎌내는 자들의 숭고함을 가슴 먹먹하게 그려낸다.",https://audioclip.naver.com/audiobooks/03FB5D4E63
주홍글씨,나다니엘 호손(Nathaniel Hawthorne),"미국 낭만주의 문학의 선구자, 너새니얼 호손의 대표작! 19세기 미국의 대표적인 작가 너새니얼 호손의 장편소설. 소설은 헤스터와 딤스데일, 칠링워스 세 사람을 통해 죄악이 그들의 인생을 어떻게 파멸과 구원의 길로 이끌어 가는지 보여 준다. 이를 통해 인간 영혼의 어두운 본성과 19세기 청교도 사회의 불안전성, 개인과 사회에 내재한 나약함을 날카로운 통찰력으로 형상화하고 있다. 17세기 미국 보스턴. 순수하고 신성한 유토피아를 꿈꾸는 이 청교도 마을에서 '간음하지 말라' 라는 일곱 번째 십계명을 어긴 죄인으로, 헤스터는 '간통(Adultery)'을 상징하는 글자 'A'를 평생 가슴에 달고 살아야 하는 형벌을 받는다. 사람들의 경멸에도 죄악의 징표인 'A'를 주홍빛 천으로 만들어 그 둘레에 금실로 화려하게 수를 놓아 당당하게 달고 다닌다. 그런 헤스터와는 달리, 그녀의 간통 상대인 딤스데일 목사는 자신의 죄를 차마 세상에 드러내지 못하고 죄책감에 사로잡혀 나날이 쇠약해져만 간다. 한편 뒤늦게 미국에 도착한 헤스터의 전 남편 칠링워스는 우연히 목사의 비밀을 알아차리고, 신분을 드러내지 않은 채 자신의 의사 직을 이용해 병약한 목사의 곁에 머물며 복수할 기회를 엿보는데….",https://audioclip.naver.com/audiobooks/85B405EE09
좀도둑과 목격자,정은숙,"긴박감 넘치게 펼쳐지는 흥미로운 소설. 기찬은 친구 승효의 집에 물건을 훔치러 갔다가 우연히 날라리 민지영이 성추행당하는 모습을 목격한다. 도둑질을 하고 있던 터라 경찰에 신고도 하지 못한 채 그 자리를 빠져나온 기찬. 그런데 어찌 된 일인지 민지영으로부터 그날 일을 알고 있다는 문자를 받게 된다. 지영은 기찬에게 성추행범을 같이 잡자고 제안하고, 약점을 잡힌 기찬은 꼼짝없이 범인 잡기에 투입되는데. *** A.C.E의 멤버 준이 낭독하는 정은숙 작가의 [좀도둑과 목격자]는 아이돌 및 각계 저명인사의 목소리 재능을 기부받아 소리책을 만들고 이를 통해 청각 장애인에게 희망의 소리를 선물하는 캠페인에 참여한 작품이다. 캠페인 수익금의 일부는 사랑의 달팽이 재단에 기부되어, 경제적 어려움으로 소리 없는 세상에 살고 있는 난청 아동들에게 희망의 소리를 선물해주기 위한 지원 기금으로 사용되어진다.",https://audioclip.naver.com/audiobooks/31646D148E
못 먹어도 go!,정은숙,"우등생 진욱과 유나는 함께 과외를 받으며 사랑을 키우고 있다. 훤칠한 키에 꽃미남인 진욱. 그러나 유나는 도무지 진도 나갈 생각을 않는 답답한 진욱에게 화가 나 있다. 자존심을 죽여가며 갖은 방법을 써 겨우 첫 키스를 끌어내지만, 동생의 교통사고에 대처하는 진욱의 태도를 보면서 유나의 마음이 흔들리기 시작한다. 결국 비겁한 방법으로 진욱이 타협한 사실을 알게 된 유나는 빼앗긴 첫 키스를 도로 받아오고야 만다. *** A.C.E의 멤버 김병관이 낭독하는 정은숙 작가의 [못먹어도 go]는 아이돌 및 각계 저명인사의 목소리 재능을 기부받아 소리책을 만들고 이를 통해 청각 장애인에게 희망의 소리를 선물하는 캠페인에 참여한 작품이다. 캠페인 수익금의 일부는 사랑의 달팽이 재단에 기부되어, 경제적 어려움으로 소리 없는 세상에 살고 있는 난청 아동들에게 희망의 소리를 선물해주기 위한 지원 기금으로 사용되어진다.",https://audioclip.naver.com/audiobooks/AA4170B119
원한 (Resound단편),나혜석,"「원한」은 1926년 『조선문단』에 발표된 '나혜석'의 단편소설입니다. 소설의 주인공은 '이 씨'는 아버지와 그의 친구가 술자리에서 사돈을 맺기로 함에 따라 그의 아들과 결혼을 하게됩니다. 그녀의 남편은 술에 중독돼 죽게 되고, 23살에 과부가 된 그녀는 시아버지의 친구인 박참판에게 봉변을 당하고 그의 첩이 된 후 온갖 수모를 겪다가 결국은 광주리 장수로 전락하고 맙니다. 소설은 남성 중심의 가부장제 사회에 의해 일방적인 희생과 수탈을 강요받는 여성상을 제시하며 전통적 관습과 도덕적 횡포를 고발하고 있습니다. '조혼의 악습'과 '이중적 성규범', '부조리한 현실'에 복속된 여성의 젠더는 왜곡됩니다. 「원한」의 오리지널 스코어를 작곡한 '성찬경'은 서울대학교 음대를 졸업하고, 한국예술종합학교에서 석사 학위를 받았습니다. 국내 작곡부문 콩쿠르에서 다수의 상을 수상했으며, 성악이나 합창곡 외에도 <니진스키>, <구내과병원> 등 다수의 뮤지컬에도 작곡가로 참여하면서 활동 반경을 넓혀가고 있습니다. 100년 전 우리 소설, 아름다운 소리로 만나다 [Resound 단편] 시리즈 소위 ‘고전’이라 불리는 작품들은 시대를 불문하고 인간과 삶을 관통하는 날카로운 통찰을 담고 있습니다. 그러나 한 번쯤 제목은 들어 봤을지라도, 제대로 읽어본 적은 없는 경우가 많습니다. 왜일까요? 어쩌면 고전은 낡고 지루하며 어렵다는 편견이 있는 건 아닐까요. [Resound 단편] 시리즈는 그 편견을 깹니다. 오늘날 활발히 활동 중인 작가들이 고쳐 쓰고, 그 원고를 전문 배우들이 생생하게 낭독하고, 거기에 뮤지션들이 작곡한 음악이 더해져, 고전은 새로운 예술작품이 되었습니다. 옛 것의 가치는 간직하되 새로운 옷을 입고 화려하게 돌아온 50편의 [Resound 단편] 시리즈가 새로운 문학의 세계, 감상하는 오디오북의 세계로 당신을 초대합니다.",https://audioclip.naver.com/audiobooks/A8810503BE
나의 아름다운 이웃,박완서,"우리 시대의 영원한 이웃, 박완서를 다시 만나는 시간 한국 문단의 대표 작가 박완서의 첫 소설집. 이 책은 박완서 작가가 일반적인 단편소설보다 더 짧은 길이인 '콩트' 형식으로 쓴 48편의 이야기를 모은 소설집이다. 1970년대에 쓴 소설이지만 2019년 오늘이 아닌가 싶은 그의 문장을 읽다보면 시대를 관통하고, 사회의 단면을 예리하게 담아낸 거장의 통찰을 느낄 수 있다. 윌라 오디오북에는 특별히 박완서 작가의 장녀이자 수필가인 호원숙 여사가 직접 낭독한 서문, 딸로서 혹은 문인의 후배로서 박완서 작가를 추억하는 인터뷰가 함께 수록되어있다.",https://audioclip.naver.com/audiobooks/A67AA68D20
"내가 그린 히말라야시다 그림 (라운드어바웃 남주희,허준서)",성석제,"어린 시절 미술보다 축구를 좋아했던 백선규는 자라서 유명한 화가가 되었다. 하지만 그는 누군가 자신보다 뛰어난 재능을 가지고 있으리라는 의심과 자괴감에 시달린다. 반면 그림에 타고난 소질이 있었지만 화가가 되지 않은 여성은 이제 미술관에 오가는 감상자로만 남아 “나는 그림을 좋아하고 저 사람은 자신의 그림을 열심히 그리면 그만이지.”라고 체념한다. ‘독보적인 이야기꾼’이라는 수식에 걸맞게 성석제 작가는 유려한 필치로 두 인물의 목소리를 번갈아 들려주며 팽팽한 긴장감을 유지한다. *** 라운드 어바웃의 멤버 남주희와 허준서가 낭독하는 성석제 작가의 「내가 그린 히말라야시다 그림」은 아이돌 및 각계 저명인사의 목소리 재능을 기부받아 소리책을 만들고 이를 통해 청각 장애인에게 희망의 소리를 선물하는 캠페인에 참여한 작품이다. 캠페인 수익금의 일부는 사랑의 달팽이 재단에 기부되어, 경제적 어려움으로 소리 없는 세상에 살고 있는 난청 아동들에게 희망의 소리를 선물해주기 위한 지원 기금으로 사용되어진다.",https://audioclip.naver.com/audiobooks/E5E12597DB
찰리 챈 : 중국 앵무새,얼 데어 비거스,어마어마한 금액의 필리모어 진주를 둘러싼 의문의 살인사건! 그 살인사건의 단서를 쥐고 있는 것은 다름 아닌 앵무새뿐이었다. 중국 앵무새와 주인 루이의 죽음을 파헤쳐 가는 중국인 경찰 찰리 챈과 보석상 아들 밥이 풀어 나가는 본격 추리소설. 1900년대초 미국에서 선풍적인 인기를 끌었던 찰리 챈 시리즈의 최고봉. 내는 작품마다 영화화 되었던 미드의 원조. 추리소설의 진수를 맛보세요.,https://audioclip.naver.com/audiobooks/4581A202D2
뒤바뀐 신부,은휘,"<엇갈린 운명 속에서 사랑하는 사람을 만났습니다.> “안 맞는 방법은 몰라요. 그저 덜 아프게 맞는 방법만 알아요.” - 어린 시절부터 학대에 시달린 지극히 연약한 여자. “상대방이 때리면 같이 때려버려! 그래서 복수해주는 거야!” - 어린 시절부터 복수를 꿈꾼 채 자신의 모습을 속이며 살아가는 강한 남자. 본인의 의지와 상관없이 만났던 그들. 그러나 점차 서로를 이해하고 빠져들게 되는데... <오디언이 준비한 야심찬 로맨스 기업 복수극, '뒤바뀐 신부'> 모두 함께 주영과 승우의 달콤한 복수를 응원해주세요!!!",https://audioclip.naver.com/audiobooks/65AAB0E402
비 오는 날 (Resound단편),손창섭,"「비 오는 날」은 1953년 『문예』지에 발표된 '손창섭'의 단편소설입니다. 손창섭의 초기 단편소설인 '비 오는 날'은 6·25 직후의 부산을 배경으로 하여 동욱 남매의 불행을 그린 작품입니다. 한국전쟁으로 부산으로 피난 온 대학생 '원구'는 비오는 날이면 친구인 '동욱'과 그의 여동생이 '동옥'이 살고 있는 집을 찾습니다. 동옥이 미군 초상화를 그려주며 생계를 유지하고 있던 남매에게 그마저도 일이 없어지고, 동옥이 그동안 모아 두었던 돈마저 집주인 노파가 빌려간 뒤 도망가버립다. 이후 동욱은 군대에 끌려가고, 동옥도 집에서 쫒겨납니다. 동옥을 부탁하던 친구 동욱을 생각하며 원구는 자기가 동옥을 팔아먹었다는 자괴감에 빠지고 맙니다. 작품 전반에 흐르는 비 내리는 음산한 풍경과 시간적, 공간적 배경은 전쟁 이후의 처참한 상황과 그 시대를 살아가는 인물의 삶을 포착하고 있습니다. 「비 오는 날」의 오리지널 스코어를 작곡한 '서영도'는 베이시스트로, 현재 국내에서 가장 왕성하게 활동하고 있는 뮤지션중의 한 명이다. 공연뿐만 아니라, 세션, 뮤지컬 등 다양한 영역에서 전방위적으로 활약하고 있습니다. 2007년 제 4회 한국 대중음악상에서 앨범 <서클(Circle)> 로 '올해의 연주'와 '최우수 재즈&크로스오버 앨범' 2개 부문을 수상했습니다. <나는 가수다 시즌1>,< 보이스코리아 시즌1>의 세션으로 대중에게 알려졌습니다. 100년 전 우리 소설, 아름다운 소리로 만나다. [Resound 단편] 시리즈 소위 ‘고전’이라 불리는 작품들은 시대를 불문하고 인간과 삶을 관통하는 날카로운 통찰을 담고 있습니다. 그러나 한 번쯤 제목은 들어 봤을지라도, 제대로 읽어본 적은 없는 경우가 많습니다. 왜일까요? 어쩌면 고전은 낡고 지루하며 어렵다는 편견이 있는 건 아닐까요. [Resound 단편] 시리즈는 그 편견을 깹니다. 오늘날 활발히 활동 중인 작가들이 고쳐 쓰고, 그 원고를 전문 배우들이 생생하게 낭독하고, 거기에 뮤지션들이 작곡한 음악이 더해져, 고전은 새로운 예술작품이 되었습니다. 옛 것의 가치는 간직하되 새로운 옷을 입고 화려하게 돌아온 50편의 [Resound 단편] 시리즈가 새로운 문학의 세계, 감상하는 오디오북의 세계로 당신을 초대합니다.",https://audioclip.naver.com/audiobooks/83726AE072
미스터방 (Resound단편),채만식,"「미스터방」은 1946년 7월 『대조』에 연재된 '채만식'의 단편소설입니다. 소설 속 주인공인 방삼복은 보잘 것 없는 인물이었으나 미군정기 시절, S소위의 통역이 되면서 부를 축적하고 권세를 잡게 되는 인물입니다. 백주사는 친일파로써 해방 이후 민중의 습격을 받아 권세를 다 잃게 되고, 방삼복에게 복수를 부탁합니다. 방삼복은 위세를 과시하며 흔쾌히 그의 요청을 수락하게 되고, 습관대로 양치질을 하다 방삼복이 내뱉은 물에 S소위가 맞게 되자 주먹질을 당하게 됩니다. 채만식은 이 작품을 통해 단지 영어를 조금 할 줄 안다는 이유로 부와 권세를 누리고 사소한 실수로 권세를 잃게 되는 주인공 방삼복이라는 인물을 통해 시대상을 풍자하고 있습니다.작가는 해방기 사회가 도래함에 따라 일본 권력에 빌붙었던 자리에 미국을 추종하는 인물들이 새롭게 들어서게 되는 시기를 주목한 것입니다. 「미스터방」의 오리지널 스코어를 작곡한 '한웅원'은 프렐류드, 고희안 트리오, 서영도 일렉트릭 앙상블, 트리오 클로저 등 한국을 대표하는 재즈 그룹의 '드러머'로, 2013, 2015년 두 차례에 걸쳐 네이버 뮤직 리더스폴 ‘올해의 재즈드러머’ 부문을 수상했습니다. 드럼 연주뿐만 아니라, 2017 국립극장 여우락 페스티벌 음악감독, 2018 평창 동계올림픽 개·폐막식의 음악 조감독 등 다양한 영역에서 작곡가, 프로듀서로서 그 활동 영역을 넓혀가고 있습니다. 100년 전 우리 소설, 아름다운 소리로 만나다. [Resound 단편] 시리즈 소위 ‘고전’이라 불리는 작품들은 시대를 불문하고 인간과 삶을 관통하는 날카로운 통찰을 담고 있습니다. 그러나 한 번쯤 제목은 들어 봤을지라도, 제대로 읽어본 적은 없는 경우가 많습니다. 왜일까요? 어쩌면 고전은 낡고 지루하며 어렵다는 편견이 있는 건 아닐까요. [Resound 단편] 시리즈는 그 편견을 깹니다. 오늘날 활발히 활동 중인 작가들이 고쳐 쓰고, 그 원고를 전문 배우들이 생생하게 낭독하고, 거기에 뮤지션들이 작곡한 음악이 더해져, 고전은 새로운 예술작품이 되었습니다. 옛 것의 가치는 간직하되 새로운 옷을 입고 화려하게 돌아온 50편의 [Resound 단편] 시리즈가 새로운 문학의 세계, 감상하는 오디오북의 세계로 당신을 초대합니다.",https://audioclip.naver.com/audiobooks/B20A97C5CF
까칠한 재석이가 사라졌다,고정욱,"학교 폭력 아웃! 재석이가 나선다! 베스트셀러작가 고정욱 선생님의 첫 번째 청소년 소설, 20만 독자가 선택한 가슴 뜨거운 ‘희망’의 힘 20만 독자가 열광한 까칠한 재석이 첫 번째 이야기 까칠한 재석이가 사라졌다 베스트셀러 작가 고정욱이 최근 ‘까칠한 재석이’ 무선제본 시리즈를 출간했다. 20만 명의 독자들에게 큰 사랑을 받은 ‘까칠한 재석이’ 시리즈는 국내 청소년 소설 시장에서 시리즈물로서 신지평을 열었다는 평가다. 여태껏 이렇게까지 큰 인기를 누리며 연작물로 청소년소설을 출간한 작가가 없으며, 지금까지 청소년들 사이에서 이만큼이나 출간 때마다 이슈화되고 사랑받은 학생 캐릭터도 없었다고 하겠다. 무선제본 까칠한 재석이 시리즈 1,2,3권은 그동안 재석이 캐릭터를 사랑해주신 감사의 마음을 담아 고정욱 작가님과 출판사가 함께 기획하였다. 착한 가격으로 책의 정가를 낮추고 손에 잡기 편안한 판형 크기로 조정해 독자들에게 손에 꼭 쥐고 다닐 수 있는 친구 같은 책이 되고자 하였다. 기존의 양장제본 형태와 무선 제본 형태 중에서 독자의 기호대로 선택할 수 있는 폭을 넓혔으니, 독자는 즐겁기만 하다. 앞으로도 애플북스출판사는 고정욱 작가님과 함께 좌충우돌하며 성장해가는 ‘재석이 시리즈’를 연속 기획 출간할 예정이다.",https://audioclip.naver.com/audiobooks/5F40AD57C6
하얀 기억 속의 너,김상옥,"꾸준히 많은 사랑을 받았던 실화 소설 『하얀 기억 속의 너』 상옥은 경기도 이천에서 한의원집 4대 독자로 태어나, 고1 때부터 서울 장충동에서 하숙한다. 하숙집에는 유현식과 유수빈이라는 연년생 남매가 살고 있었는데, 상옥과 현식은 나이가 같아서 바로 친해진다. 그리고 한 살 아래인 수빈과는 연인으로 발전한다. 이후 두 사람은 서로 대학 재학 중에 결혼하게 된다. 그러나 어린 나이에 한 두 사람의 결혼 생활은 순탄하지 못했다. 수빈이 유산을 하고, 그 휴유증으로 석녀(石女)가 되어버린 것이다. 4대 독자에게서 대(代)가 끊길 것을 염려한 완고한 아버지의 강요에 의해 상옥은 불시에 군에 가게 되고, 그 사이 수빈은 소박을 맞고 시댁에서 나오게 된다. 그 사실을 모르는 상옥은 의가사제대를 한 뒤, 그 모든 각본이 아버지에 의해 저질러진 것을 알게 되고 분노한다. 서울로 급히 수빈을 찾아가지만, 수빈은 이미 자신의 처지를 비관하면서도 상옥을 위해 부모와 함께 지방으로 숨어버린다. 그날부터 상옥의 방황은 시작된다. 술집 웨이터, 약장사 등 생전 경험하지 못한 일들을 겪으면서 사랑하는 아내를 찾아 전국을 돌아다니게 된다. 그 와중에 삼청교육대에 끌려가고, 원양어선도 타게 된다. 원치 않은 결혼과 동거, 그리고 또 재혼 등이 얼룩진 40여 년의 잠시도 쉴 틈을 주지 않고 쏘아논 화살처럼 빠르게 흐르는데...",https://audioclip.naver.com/audiobooks/241FFE5F76
