titles,authors,informs,clip_links
원고료이백원 (Resound단편),강경애,"「원고료 이백원」은 1935년『신가정』에 발표된 '강경애'의 단편소설로 사회주의 사상이 드러난 작품입니다. 주인공이 후배 K에게 보내는 편지 형식으로 쓰인 소설로, 신문에 소설을 연재하고 받은 원고료 '이백 원'을 어떻게 쓸 것인가로 남편과 갈등이 생겼다가 해결하는 과정을 그리고 있습니다. (참고로 원고료 이백 원은 현재 가치로 보면 약 이천만 원 정도 된다고 합니다.) 소설은 당시 여성 지식인의 고통과 자기 성찰과 함께, 대의를 위해 자신을 희생해야 한다는 교훈적 결말을 보여주고 있습니다. 「원고료 이백원」의 오리지널 스코어를 작곡한 '박석주'는 음악 밴드 ‘주스 프로젝트’의 리더이자 기타리스트입니다. 전통 음악에 바탕을 두고 때로는 고요하게 때로는 화려하게 음을 넘나들며 음악의 본질적 가치를 탐색하는 뮤지션입니다. 국악과 크로스오버, 영화음악 등 무수히 많은 영역에서 활동하고 있는 박석주는 장편독립영화 '이수아'와 연극 '비명자들' 등에서 음악감독으로 활동하기도 했습니다. 100년 전 우리 소설, 아름다운 소리로 만나다. [Resound 단편] 시리즈 소위 ‘고전’이라 불리는 작품들은 시대를 불문하고 인간과 삶을 관통하는 날카로운 통찰을 담고 있습니다. 그러나 한 번쯤 제목은 들어 봤을지라도, 제대로 읽어본 적은 없는 경우가 많습니다. 왜일까요? 어쩌면 고전은 낡고 지루하며 어렵다는 편견이 있는 건 아닐까요. [Resound 단편] 시리즈는 그 편견을 깹니다. 오늘날 활발히 활동 중인 작가들이 고쳐 쓰고, 그 원고를 전문 배우들이 생생하게 낭독하고, 거기에 뮤지션들이 작곡한 음악이 더해져, 고전은 새로운 예술작품이 되었습니다. 옛 것의 가치는 간직하되 새로운 옷을 입고 화려하게 돌아온 50편의 [Resound 단편] 시리즈가 새로운 문학의 세계, 감상하는 오디오북의 세계로 당신을 초대합니다.",https://audioclip.naver.com/audiobooks/1C2DF19620
향수,파트리크 쥐스킨트,"파트리크 쥐스킨트의 장편소설『향수』는 냄새에 대한 탁월한 재능을 가지고 태어났으나 정작 자신은 아무런 냄새도 가지지 못한, 한 악마적 천재의 기이한 일대기를 그린 작품이다. 쥐스킨트 특유의 치밀한 필치로 복원된 18세기 프랑스를 배경으로 지상 최고의 향기를 얻기 위해 스물다섯 번에 걸친 살인도 마다하지 않는 집념의 일생이 흥미진진하게 펼쳐진다. 후각을 통해 세계를 인식하고 타인을 지배한다는 독특한 발상과 그것을 형상화시키는 쥐스킨트의 탁월한 작가적 역량이 결합된 이 작품은 전 세계 언론으로부터 재미와 문학성을 모두 갖춘 보기 드문 작품이라는 찬사를 받았다. 특히 프랑스의『르 피가로』는 <지금까지의 어떤 것과도 다른, 유례없는 작품으로 동시대의 문학에서 하나의 사건으로 남을 것>이라고 평하였는데, 이러한 평가를 증명이라도 하듯이 1985년 출간된 이래 현재까지 49개 언어로 번역, 전 세계적으로 2천만 부 판매를 기록하는 놀라운 성공을 거두었다. 이 소설의 매력은 냄새, 즉〈향수〉라는 이색적인 소재에서 이끌어 낸 작가의 탁월한 상상력과 위트에서 비롯된다고 할 수 있다. 너무나 놀라우면서도 동화 같고, 그러면서도 무서우리만큼 공포심을 자극한다. 또한 2006년 영화화되면서 국내에서만 개봉한 그 해에 16만 부의 판매고를 올렸다. 시대와 세대를 뛰어넘어 여전히 공감을 일으키는『향수』가 오디오북으로 제작 되었다.",https://audioclip.naver.com/audiobooks/DE74D9A99D
부서진 여름(이정명 장편소설),이정명,"* 이 오디오북은 한국출판문화산업진흥원(KPIPA)의 ‘2021년 오디오북 제작 지원’ 사업 선정작입니다. 성공의 절정에 이른 그날 아침, 아내가 사라졌다 『뿌리 깊은 나무』『별을 스치는 바람』 이정명 신작 장편소설 『뿌리 깊은 나무』 『바람의 화원』 『별을 스치는 바람』 등 굵직한 소재를 소설적 상상력에 절묘하게 결합한 작품들로 한국형 팩션의 새 지평을 연 이정명의 신작 장편소설 『부서진 여름』이 출간되었다. 탁월한 심리묘사와 치밀하게 구성된 서사, 극적 긴장감을 놓치지 않는 전개, 이정명만의 뛰어난 가독성을 담보하는 신작 『부서진 여름』은 거짓말과 오해가 인간의 삶에 개입해, 행복하고 단란했던 가정을 무너뜨리고 그들의 삶을 어떻게 송두리째 빼앗아 가는지를 세 남녀의 비틀린 운명을 통해 그려낸다. 어느 지방도시의 18세 여고생 살인사건으로 인해 사슬처럼 얽혀 들어가는 세 남녀의 착각과 오해. 진실을 오해하고 드러난 사실을 거짓으로 착각해 벌어지는 징벌과 복수. 세 남녀를 통해 소설은 운명처럼 파괴된 시간은 쉽게 돌이킬 수 없다는 삶의 완곡한 진실을 보여준다. 또한 모두에게 고통을 주는 진실이 인간 삶 속에서 어떤 의미를 남기는지 반추하며, 삶을 지탱하는 착각과 오해 그 위태로움이 사랑이라는 이름으로 혹은 행복이라는 이름으로 우리 곁에 존재하는 것은 아닌지에 대해 묻는다.",https://audioclip.naver.com/audiobooks/15665759F8
위대한 개츠비,F.스콧 피츠제럴드,"사랑의 가장 강력한 방해자는 ‘시간’이다. 과거의 ‘그녀’가 아니고 현재의 ‘그’가 미래에도 똑같다는 보장은 없다. 시간이 흐를수록 언제나 변하는 인간에게 사랑은 어쩌면 형벌이다. 그녀에 대한 나의 시간은 멈추어 있지만 이미 그녀는 변해있다. 전 세계를 통틀어 가장 아름답고 슬픈 사랑이야기를 꼽아 보았을 때 빠질 수 없는 것이 ‘위대한 개츠비’이다. 영화와 드라마로 만들어져 많은 사람을 감동 시켰지만 오디오 드라마는 감동 이상의 것을 보여준다. 개츠비와 닉, 톰 과 데이지의 말은 더 이상 대사가 아니다. 당신의 귓가에 쏟아져 들어오는 사랑의 호흡을 느껴보라. “그래서 매일 저녁, 파티를 여는 거죠. 우연히 그녀와 다시 만나기 위해…” “그래요 난, 그녀를 바라보던 그의 눈빛을 기억해요… 그 눈빛은 세상 어느 여자라도 자기를 그렇게 바라봐주길 꿈꾸는 그런 눈빛이었죠.” 한 여자만을 위한 눈물 어린 열정, 그리고 사랑. 자신의 모든 것을 걸 수 있는 간절하고 애틋한 사랑의 경험이 한 번이라도 있다면 꼭 들어야 할 드라마. 증권업에 종사하기 위해 뉴욕으로 온 닉의 바로 옆집에는 제이 개츠비라는 사람이 살고 있는데 여름 내내 수백명의 손님이 참석하는 화려한 파티를 벌이는 수수께끼같은 인물이다. 데이지는 웨스트 에그 건너편의 이스트 에그에서 엄청난 부자인 남편 톰 부캐넌과 살고 있다. 닉은 오랫동안 만나지 못했던 데이지 집안과 교류를 시작하면서 옆집에 사는 개츠비의 파티에도 초대된다. 개츠비의 수수께끼같은 과거 때문에 그에 관한 여러 가지 소문이 무성하다. 개츠비와 점점 가깝게 지내면서 닉은 그가 데이지와 연인 사이였으며 전쟁에 나간 사이에 데이지가 부자인 톰과 결혼을 했다는 것을 알게 된다. 5년동안 데이지만을 생각하며 재산을 모은 개츠비는 데이지를 만나려는 희망으로 그녀의 집이 보이는 곳에 집을 사고 언젠가는 그녀가 자신의 파티에 걸어 들어오기를 바라면서 날마다 파티를 여는 것이었다. 닉은 개츠비의 부탁으로 데이지와 자연스럽게 만날 기회를 만들어주는데… 개츠비의 파티에 참석한 데이지는 개츠비의 재력과 그의 변함없는 사랑에 빠져든다. 데이지의 남편 톰은 아내와 개츠비와의 사이를 불쾌해 하면서 개츠비의 뒷조사를 한다. 데이지는 점점 노골적으로 개츠비와의 사랑을 과시하고 뉴욕에 놀러갈 것을 제안한다. 톰과 개츠비는 서로의 차를 바꿔 타고 뉴욕으로 향한다. 뉴욕의 한 호텔에 도착한 다섯 사람. 5년의 세월이 만들어낸 데이지와의 간격에 조바심을 느낀 개츠비는 과거로 되돌아가기를 바라면서 데이지가 톰을 사랑한 적이 한번도 없었다고 말하도록 강요한다. 분위기가 격해지면서 데이지와 개츠비는 먼저 호텔을 나와 집으로 향하고, 그 과정에서 끔찍한 사고가 일어나게 된다. 허무한 죽음과 쓸쓸한 장례식을 지켜본 닉은 동부에서의 생활에 염증을 느끼고 자신의 고향으로 돌아가기로 결심한다.",https://audioclip.naver.com/audiobooks/D20FD2D414
(요약) 도요새에 관한 명상,원작 : 김원일 / 요약 : 북코스모스,6·25 전쟁으로 말미암은 역사의 비극과 가족사의 아픔 등을 주제로 한 작품을 주로 발표해 온 김원일 씨의 중단편을 엮은 다섯 권짜리 전집. 이 전집은 훼손된 가족사와 당시의 사회구조 속에서 소외된 민중의 삶을 그려내는 데 천착해 온 작가의 문학세계를 정리한다는 의미를 지니고 있다.,https://audioclip.naver.com/audiobooks/DFF28A3CDD
망나뇽의 눈물 (길미),박상영,"도이언은 포켓몬 스티커를 모으려고 빵을 사 먹다가 비만이 생긴다. 친구들의 놀림을 웃음으로 무마하며 외롭게 생활하던 어느 날, 승규라는 아이가 이언의 삶에 파문을 일으킨다. 전매특허가 된 박상영표 ‘웃픈(웃기고 슬픈)’ 소설로, 자아 정체성을 깨달아 가는 십 대 시절의 아릿한 모습을 그린 작품 “시트콤 속 세상은 안전하고, 편안하고, 아무리 극심한 갈등 속에서도 언제나 웃음이 있었다. 나는 그게 왠지 좋았다. 어쩌면 나는 시트콤 속에서 세상을 버티는 방식을 배운 것인지도 모르겠다.”_저자의 말 *** 길미가 낭독하는 박상영 작가의 「망나뇽의 눈물」은 아이돌 및 각계 저명인사의 목소리 재능을 기부받아 소리책을 만들고 이를 통해 청각 장애인에게 희망의 소리를 선물하는 캠페인에 참여한 작품이다. 캠페인 수익금의 일부는 사랑의 달팽이 재단에 기부되어, 경제적 어려움으로 소리 없는 세상에 살고 있는 난청 아동들에게 희망의 소리를 선물해주기 위한 지원 기금으로 사용되어진다.",https://audioclip.naver.com/audiobooks/9CAE594A85
채만식의 이상한 선생님,채만식,"진숙의 학교에는 강 선생님과 박 선생님이 있다. 성격부터 외모까지 모두 다른 둘은 만나기만 하면 싸우는데, 그 와중에 해방을 맞이하고, 둘의 생활은 달라지게 된다. 채만식의 이상한 선생님을 보기 쉽게, 현대적 해석에 맞춰 재구성한 작품이다. 일제강점기, 해방, 해방 이후의 복잡한 시대상을 살아내는 지식인들의 다양한 삶을 표현하고 있다.",https://audioclip.naver.com/audiobooks/DBA0344F7C
플라워스토리 제2장 현호색 : 비밀,오디언,"""심심해…우리 진실게임, 아니 거짓말 게임이나 할까?"" ""시엔! 널 구한건 나야."" ""치앙을 보면…숨이 막히고… 가슴이 뛰어…"" 90년대 초. 중국 심천. 김림에서 일어난 연쇄살인사건으로 시끄러운 가운데, 한여자가 복부에 큰 상처를 입고 발견된다. 기억까지 읽은 그녀. 시엔! 그런 시엔을 돌봐주며 시넹을 모델로 쓰게된 인물사진 전무가 치앙. 하지만 그의 피사체가 되는 인물은 모두 죽음을 맞이한다. 그리고 시엔의 사랑을 좇는 치앙의 동생 리이가 있는데…",https://audioclip.naver.com/audiobooks/12A6C24E08
하긴,이미상,"「하긴」은 딸의 대입에 투신한 민주화운동 세대 아버지의 모습을 풍자적으로 묘사하면서 입시제도의 모순, 중산층 가정의 도덕적 허위 등을 개성 있는 문체로 드러낸다.",https://audioclip.naver.com/audiobooks/3DA005DA56
