titles,authors,informs,clip_links
도쿄 팔경,다자이 오사무,엄선한 일본 근현대 중단편 문학의 정수! ― 쉰 번째 이야기 30대 초반의 다자이 오사무가 그린 자신의 삶. 대표작 「인간실격」을 읽기 전에 반드시 읽어야 할 작품. 도쿄에서 생활을 시작한 이후의 다자이 오사무의 마음속 풍경. 《출판사서평》 역사적으로나 지리적으로 봤을 때 일본과 우리는 떼려야 뗄 수 없는 관계에 있다. 문화 면에 있어서도 양국 간의 교류는 그 역사가 매우 깊다. 근대 이전까지는 주로 우리를 통해서 선진 문물이 일본으로 들어갔다. 당시의 일본 문화는 우리의 선진 문물에 힘입은 바가 크다. 그러나 근대화 과정에서 우리보다 한발 앞서 서양 문물을 적극적으로 수용한 일본은 이후 우리의 문화에 커다란 영향을 주었다. 지리적으로 인접한 두 나라는 이처럼 오랜 옛날부터 서로에게 커다란 영향을 주었다. 어느 한쪽의 선진 문화가 다른 한쪽으로 전파되는 것이 주된 흐름이었던 옛날과는 달리 지금은 양국이 거의 대등한 입장에서 서로의 문화에 영향을 주고 있다. 교통과 통신의 발달로 어느 한 쪽을 통해 문물을 받아들이는 것이 아니라 서로가 독자적으로 세계와 교류하며 문화를 흡수하고 그것을 발전시켜 나가고 있기 때문일 것이다. 그럼에도 두 나라는 지리적 여건상 지금도 서로에게 커다란 영향을 주고 있다. 정서적으로는 서로 갈등이 있지만 바로 그렇기 때문에 문화적인 면에서의 접근이 선행되어야 할 것이다. 이번에 일본 근현대의 중단편 소설을 시리즈로 기획했다. 일본 근현대 소설이라고 하면 그 범위가 상당히 넓은데 이 시리즈에서는 근현대 문학의 초기 작품부터 현대의 작품까지를 전부 아우를 생각이다. 상당히 긴 작업이 될 테지만 누군가 이 시리즈를 기다려주는 독자가 한 명이라도 있는 한 멈추지 않을 생각이다. 또 각 단편을 읽기 쉽게 하기 위해 따로 출간하기로 했다. 새로운 읽기 문화에 적응하기 위한 몸부림이라고도 할 수 있겠다. 독자에게는 필요한 작품만을 골라 읽을 수 있는 장점이 있으리라. 우리나라 사람들이 이웃나라인 일본 근현대 사회의 정서를 조금이나마 이해하는 데 이 시리즈가 도움이 되었으면 하는 바람이다.,https://audioclip.naver.com/audiobooks/22F9D29538
게토의 주인,지미준,"“기다려!”라는 주인의 말을 믿은 개와 인간의 먹이가 될 운명의 개들, 그리고 목숨을 테러당한 고양이들의 이야기 이 책은 반려동물의 동물권만을 이야기하지 않는다. 소설의 마지막 한 장을 덮는 시간까지 예측할 수 없는 순간들 속에 독자는 한 걸음씩 미스터리 미로 속으로 흡입될 것이다. 23일 폐쇄 구역에서 벌어지는 생사를 오가는 동물과 사람의 이야기. 개와 고양이를 사랑한다는 인간, 인간을 사랑했던 동물. 모두에게 경고의 메시지가 도착했다. 그들의 운명은 어떻게 될까. “내가 하고 싶은 이야기의 시작은 비극적이고 잔혹한 것은 아니었다.” -지미준 작가 지미준 지음 l 포춘쿠키 출간 l 김보영, 서반석 낭독 l 프로스플레이 제작 2020 경기도 우수출판물 제작지원(오디오북분야) 선정",https://audioclip.naver.com/audiobooks/52E30610A5
무기여 잘 있거라,어니스트 헤밍웨이,"세계대표명작을 엄선하여 줄거리, 주제등을  성우의 목소리로 들려주는 세계 명작  보물창고!  오디오북을 통해 세계 대표명작을 만나 보세요.",https://audioclip.naver.com/audiobooks/5DB23BE629
나의 할머니에게,"윤성희, 백수린, 강화길, 손보미, 최은미, 손원평","틀림없이 우리 곁에 있어왔지만 정확하게 응시된 적은 없었던 여성들 일본군 위안부 피해자 고(故) 김복동 할머니는, 피해 사실을 고발한 이후 30년 가까이 여성 인권 향상에 힘쓰다 “나는 희망을 잡고 사니 내 뒤를 따르라”라는 말을 남긴 채 지난해 세상을 떠났다. 그러나 ‘텔레그램 n번방’ 사건처럼 여성에 대한 범죄와 폭력이 공공연하게 이루어지는 ‘지금-여기’에서 여성이 마음 놓고 희망을 붙들고 살기란 여전히 난망한 일이다. 더욱이 ‘할머니’는 여성주의 담론에서조차 주변부에 머물며 현실에서까지 약자를 향한 까닭 없는 분노와 원망의 대상이 되기도 한다. 하여 ‘희망’을 유언으로 남긴 김복동 할머니처럼, 눈앞에서 떠드는 충고나 조언보다 자신이 살아온 인생으로 소곤소곤하게 희망을 말하는 할머니란 존재는 더없이 소중하다. 이러한 할머니라면 “그럼에도 불구하고, 기대하는 것을 멈추지 못하리라는 것, 이런 게 살아 있다는 것”(강화길, 「선베드」)이고, “그 우여곡절과 슬픔과 상처로 인해 인간이란 이렇듯 사랑스러운 존재”(오정희, 추천의 글)라고 말해줄 것 같기 때문이다. 『나의 할머니에게』는 사회 곳곳에서 여전히 소외되고 주목받지 못하지만, 어려운 시절을 충실히 살아낸 우리 시대의 소중한 어른으로서 ‘할머니’들의 이름을 제대로 불러보고 싶다는 마음에서 시작되었다. 현재 한국 문단에서 가장 활발히 활동 중인 여성 작가 6명(윤성희, 백수린, 강화길, 손보미, 최은미, 손원평)이 유해한 시대를 무해한 사랑으로 헤쳐 나온 이들의 믿지 못할 삶의 드라마를 각자의 고유한 감각과 개성으로 그려냈다. 가족의 의미가 흐려져가는 시대에도 부모를 대신해 우리를 키우고 보듬었던 존재. 가족을 위해, 또 여성을 억누르는 부당한 세상에 의해 자신의 이름을 지우고도 한 시대를 오롯이 버텨낸 역사의 증언자. 떠올리면 언제나 마음이 따뜻해지는 단어. “틀림없이 우리 곁에 있어왔지만 정확하게 응시된 적은 없었던 여성들”(황예인, 발문)인 할머니에 대한 여섯 편의 소설이 실려 있다. 누구도 주목하지 않았던 ‘할머니’의 존재성을 전면에 내세운 첫 소설집 ‘여자 어른’으로서 할머니는 여전히 우리와 같은 시대를 살아가고 있다. 맞벌이 가정의 아이들 중 절반가량이 할머니의 손에 길러지는 현실에서 우리의 할머니들은 관절염과 우울증에 시달리면서도, 제대로 된 양육비를 받지 못하면서도 중노동에 가까운 ‘두 번째 육아’를 묵묵히 감내하고 있다. 남편에게도 가정에서의 동등한 권위를 (아마도) 인정받지 못했을, 또 (다분히) 사회적으로도 동등한 기회를 보장받지 못했을 우리의 할머니들은 왜 여전히 인생을 충실히 살아낸 어른으로서 대접받지 못하는 걸까? 이 책은 누구도 주목하지 않았던 ‘할머니’의 존재성을 전면에 내세운 첫 소설집이다. 2019년 김승옥문학상 대상을 수상한 윤성희의 「어제 꾼 꿈」은 남편의 제삿날에도 연락하지 않는 자식들에게 서운해하면서도, “손주가 태어나면 구연동화를 해주는” 좋은 할머니가 되기를 빌어보는 화자의 주문을 생생한 문장으로 풀어낸다.",https://audioclip.naver.com/audiobooks/886B71DE03
사춘기라서 그래?,이명랑,"하루라도 조용히 지나가면 입안에 가시가 돋친다! 이제 막 중학생이 된 현정이는 엄마와 매일 신경전을 치르기 바쁘다. 하루에도 열두 번씩 즐거웠다, 짜증 났다를 오락가락하는 이상한 나날. 사춘기 딸과 열혈 엄마의 아슬아슬한 줄다리기, 너 정말 왜 그러니? 사춘기라서 그래?",https://audioclip.naver.com/audiobooks/F7EC7DF55F
림 로드 (위키미키 김도연),배미주,"아기 때부터 친구였던 현수가 아이돌로 데뷔한 뒤 현영은 외로움을 느낀다. 현영은 방학을 맞아 미국에 있는 이모할머니 댁에 가고, 할머니가 들려준 이야기 덕분에 위로를 받는다. 작가 배미주가 들려주는 열여섯 살 첫사랑 이야기. *** 위키미키의 멤버인 김도연이 낭독하는 배미주 작가의 [림로드]는 [EBS 아이돌이 읽다, 마음을 잇다] 라는 아이돌의 낭독과 기부가 결합된 프로젝트 참여 작품이다. 이시대 최고의 아이돌이 문학작품 낭독자로 참여해 목소리 재능을 기부하고, 이를 통해 발생되는 수익금 일부는 농어촌청소년육성재단에 기부되어 문화 교육 혜택에서 소외된 청소년들의 올바른 성장 지원을 위해 사용된다.",https://audioclip.naver.com/audiobooks/BD814A0F3F
나의 스파링 파트너,박하령,"“나를 비추는 거울은 선명할수록 좋다” 지금 우리를 단련시킬 여섯 가지 이야기 서울시 올해의 한 책 『발버둥치다』 박하령 작가의 신작 소설집 장편소설 『발버둥치다』 『의자뺏기』 『반드시 다시 돌아온다』 등으로 탄탄한 독자층을 형성한 동시에, 청소년문학을 대표하는 작가 중 한 사람으로 자리매김한 박하령 작가의 소설집 『나의 스파링 파트너』가 출간되었다. 이 소설집은 청소년에게 갈급한 주제들, 혹은 자신을 들여다볼 수 있는 주제를 짧은 소설로 그려냈다. 단숨에 써 내린 듯한 속도감 있는 이야기에는 박하령 작가의 장편에서 만날 수 있는 장점이 고스란히 담겨 있다. 주먹을 내지르는 듯한 빠른 전개와 마음을 파고드는 공감 어린 문장을 따라가다 보면 끝내 압도적인 감동에 가닿는 반가운 신작이다. 발표하는 작품마다 속도감 있는 전개, 현실적인 소재와 명징한 문장을 통해 현재 청소년의 이야기를 누구보다 실감나게 꾸려 낸 박하령 작가. 특유의 명랑하고 사려 깊은 목소리로 십대들이 오랫동안 읽고 싶었고 지금 필요한 이야기들을 들려준다. 난해하거나 모호한 글은 지양하고 주제가 선명하고 잘 읽히도록 썼다. 이번 소설집은 짧은 소설에 최적화된 속도감 있는 문장과 선명한 주제, 유머와 감성으로 독자를 끌어당긴다. 지금 십대를 통과하고 있는 이들의 두려움과 자유에 대한 갈망, 외로움과 고통 등의 미세한 감성을 어루만지는 여섯 가지 이야기는 청소년과 소통하기에 부족함이 없는 작품들이다.",https://audioclip.naver.com/audiobooks/B5C0242479
꿈을 지키는 카메라 (위키미키 지수연),김중미,"아람이는 학생을 성적으로 나누는 우열반에 반대해 보충 수업을 거부한다. 명품반에 든 단짝 친구 연수마저 보충 수업을 신청하자 서운함을 느끼고, 억울하면 공부 열심히 하라는 언니의 말에 화가 나기도 한다. 한편 아람이네 만두 가게가 있는 시장에 재개발 바람이 불어닥치고, 상인들은 삶의 터전을 빼앗길 위험에 처한다. 곧 사라질 시장 풍경을 사진으로 담기 위해 아람이는 카메라를 드는데……. 소외된 이웃을 향한 따뜻한 시선이 담긴 이야기. *** 위키미키의 멤버인 지수연이 낭독하는 김중미 작가의 [꿈을 지키는 카메라]는 [EBS 아이돌이 읽다, 마음을 잇다] 라는 아이돌의 낭독과 기부가 결합된 프로젝트 참여 작품이다. 이시대 최고의 아이돌이 문학작품 낭독자로 참여해 목소리 재능을 기부하고, 이를 통해 발생되는 수익금 일부는 농어촌청소년육성재단에 기부되어 문화 교육 혜택에서 소외된 청소년들의 올바른 성장 지원을 위해 사용된다.",https://audioclip.naver.com/audiobooks/E71D6FCC57
이방인,알베르 카뮈,"죽음, 자유, 반항, 행복, 부조리의 소설 삶과 죽음, 부조리와 반항, 현대 사회에서 소외된 비극적 인간상! 1942년에 발표된 알베르 카뮈의 데뷔작으로 군더더기 없는 정교한 문체가 두드러진 작품. 어미니의 죽음 후 살인을 저지르게 되는 주인공 뫼르소의 수기를 통해 부조리한 세상과 부조리의 인간을 표현하고 있다. 알베르 까뮈의 대표작 『이방인』 오디오북은 주인공의 수기 형식인 작품의 특징이 살아나 더 생생한 까뮈의 작품 세계를 만날 수 있다.",https://audioclip.naver.com/audiobooks/EEB153725D
"내 사랑, 내 비서 차보리",이경미,"- 비서수칙 - 첫 번째, 사장은 회사의 주인이다. 주인의 말은 곧 법이다. 두 번째, 출퇴근 시간 엄수. 출근은 사장보다 먼저, 퇴근은 사장 업무가 끝날 때까지. 세 번째, 대답은 항시 '예, 아니오'로 한다. 쓸데없는 토 달지 말 것. 2년 동안의 눈물겨운 백수 생활을 접고, 제법 잘 나가는 중소기업의 비서로 취직하게 된 보리. 취직을 했다는 기쁨도 잠시, 사장 종만의 성격이 만만치 않다! ""머냐고! 저, 저 왕싸이코 같은 성질머리는!"" 심심하면 비서수칙 시리즈를 읊어 대는 종만과 지지 않고 꼬박꼬박 말대꾸하는 간 큰 비서 보리의 코믹 로맨스! ""조존만이, 내가 월급 탈 때까지는 버틸테다!""",https://audioclip.naver.com/audiobooks/5D25F17245
에도가와 란포 소년 탐정단 시리즈 3,에도가와 란포,"일본의 유명 만화 <명탐정 코난>의 원전에 해당하는 유명작! 변신의 귀재 20가면, 명탐정 아케치 고고로, 소년탐정단이 펼치는 손에 땀을 쥐는 대결! 진짜 모습을 감추고 값비싼 보물, 고대 유물, 명화만 훔치는 괴도 20가면과 그를 뒤쫓는 천재 탐정 아케치 고고로의 흥미진진한 추리대결이 펼쳐진다. 또한 용감하고 영리한 꼬마 조수 고바야시가 이끄는 소년탐정단의 통쾌한 활약도 빼놓을 수 없다. 기상천외한 수법으로 범행을 벌이는 괴도 20가면과 그를 막기 위해 활약하는 명탐정 아케치 고고로, 고바야시 요시오, 소년탐정단 등 시리즈의 주축을 이루는 등장인물들이 기념비적인 첫 대결을 벌인다.",https://audioclip.naver.com/audiobooks/6053E3A3FE
(어린이를 위한) 셜록 홈즈 대표 단편선 2,아서 코난 도일,"어린이를 위한 재미, 추리력, 상상력의 보고 셜록 홈즈의 세계로 초대합니다. “셜록 홈즈를 읽고 나면 책이 얼마나 재미있는지 깨달을 수 있다.” 재미, 상상력, 사고력을 기를 수 있는 명탐정 홈즈의 세계, 명탐정 홈즈의 추리기법을 직접 눈으로 확인하자 수많은 사람들에게 독서의 참 재미를 알려준 셜록 홈즈. 에르큘 포와로와 더불어 셜록 홈즈는 추리 소설에 등장한 최고의 명탐정 중 한 명입니다. 아서 코난 도일은 '홈즈'를 창조해냄으로써 세계 최고의 추리 소설 작가가 되었습니다. 아서 코난 도일의 추리물은 직감에 의존한 해결이 아닌 철저한 과학적 추리를 통한 사건 해결로 과학적인 범죄학을 성립시켰고 단순히 범죄소설에 머무르던 추리문학을 당당히 소설의 한 장르로 자리잡게 했습니다. 『어린이를 위한 셜록 홈즈 대표 단편선 2』은 어린이들의 구미에 맞는 대표적인 작품 4편을 엄선하여 이전과는 새로운 감각의 일러스트를 배치하여 품격을 높였으며 작품별로 소제목을 달아 전개될 내용에 대한 궁금증을 증폭시킵니다. 책에는 총 4편의 단편이 소개됩니다. '얼룩무늬 끈', '춤추는 사람들', '소어 다리', '서섹스의 흡혈귀'가 그것입니다. 각각의 이야기들은 고딕적인 으스스함, 탁월한 논리성, 사건의 기묘함, 홈즈의 매력 등이 잘 배합되어 잊을 수 없는 고전의 깊고 풍부한 맛을 제공합니다. 독서의 가장 원초적인 매력, 즉 재미가 있는 소설입니다. 책장을 펼치자마자 독자들은 짙은 안개가 낀 베이커 가 221B로 안내될 것입니다. 가스등과 이륜마차, 증기기관차, 프록코트, 드레스는 소품으로 제공됩니다. 오늘 당신은 그곳에서 세계에서 제일 유명한 탐정 셜록 홈즈를 만날 수 있을 것입니다",https://audioclip.naver.com/audiobooks/8B7EFDFB8D
달려라 메로스,다자이 오사무,"엄선한 일본 근현대 중단편 문학의 정수! ― 마흔두 번째 이야기 전시 일본의 어두운 사회 분위기 속에서도 순문학에 대한 열정을 놓지 않았던 다자이 오사무. 그의 대표 단편소설 가운데 하나인 달려라 메로스. 괴로운 것은 기다리는 사람일까, 기다리게 하는 사람일까? 《출판사서평》 역사적으로나 지리적으로 봤을 때 일본과 우리는 떼려야 뗄 수 없는 관계에 있다. 문화 면에 있어서도 양국 간의 교류는 그 역사가 매우 깊다. 근대 이전까지는 주로 우리를 통해서 선진 문물이 일본으로 들어갔다. 당시의 일본 문화는 우리의 선진 문물에 힘입은 바가 크다. 그러나 근대화 과정에서 우리보다 한발 앞서 서양 문물을 적극적으로 수용한 일본은 이후 우리의 문화에 커다란 영향을 주었다. 지리적으로 인접한 두 나라는 이처럼 오랜 옛날부터 서로에게 커다란 영향을 주었다. 어느 한쪽의 선진 문화가 다른 한쪽으로 전파되는 것이 주된 흐름이었던 옛날과는 달리 지금은 양국이 거의 대등한 입장에서 서로의 문화에 영향을 주고 있다. 교통과 통신의 발달로 어느 한 쪽을 통해 문물을 받아들이는 것이 아니라 서로가 독자적으로 세계와 교류하며 문화를 흡수하고 그것을 발전시켜 나가고 있기 때문일 것이다. 그럼에도 두 나라는 지리적 여건상 지금도 서로에게 커다란 영향을 주고 있다. 정서적으로는 서로 갈등이 있지만 바로 그렇기 때문에 문화적인 면에서의 접근이 선행되어야 할 것이다. 이번에 일본 근현대의 중단편 소설을 시리즈로 기획했다. 일본 근현대 소설이라고 하면 그 범위가 상당히 넓은데 이 시리즈에서는 근현대 문학의 초기 작품부터 현대의 작품까지를 전부 아우를 생각이다. 상당히 긴 작업이 될 테지만 누군가 이 시리즈를 기다려주는 독자가 한 명이라도 있는 한 멈추지 않을 생각이다. 또 각 단편을 읽기 쉽게 하기 위해 따로 출간하기로 했다. 새로운 읽기 문화에 적응하기 위한 몸부림이라고도 할 수 있겠다. 독자에게는 필요한 작품만을 골라 읽을 수 있는 장점이 있으리라. 우리나라 사람들이 이웃나라인 일본 근현대 사회의 정서를 조금이나마 이해하는 데 이 시리즈가 도움이 되었으면 하는 바람이다.",https://audioclip.naver.com/audiobooks/46ED250CD8
방과 후 지구 (레인즈 장대현),서윤후,"2009년 스무 살의 나이로 등단한 서윤후 시인. 지난 2016년 2월에 출간한 첫 시집 <어느 누구의 모든 동생>에 이어 첫 산문집 <방과 후 지구>를 펴냈다. 제목에서 느껴지듯 틈틈이 다녀온 '지구' 여행을 바탕으로, 시집과는 다른 분위기의 산문을 직접 찍은 사진과 함께 묶은 책이다. 시인은 이 책에 대해 다음과 같이 말한다. """"이것은 여행 지침서가 아니다. 여행 정보가 가득 든 책이 아니다. 걷는 이야기다. 걷다 보면 머뭇거릴 때가 있다. 멈춰 있다가 이윽고 걸어 나가고 싶은 마음이 들었던 순간을 모아 놓은 이야기다. 멈춰서 책을 펼친 순간에도 함께 걷고 있음을 말하고 싶은 책이다. …… 오늘도 걸었을 당신에게, 내일도 걸어야 할 내가 걸어온 이야기를 드린다."""" 시인은 세계의 곳곳에서 걷는 일에 대해 생각했다면서, 자신이 밟은 모든 발자국을 '산책'이라고 말한다. 산책이라는 말에는 이미 걷는 사람이 있는 것 같아서 좋다고도 한다. 시인은 대부분 혼자서 산책(여행)에 나서지만, 결국 하나의 길로 모여드는 산책로를 걷다 보면 서로 만나게 되리라는 것을 알아차린다. 길에서 만난 우리는 함께 나란히 걷는다. - 낭독 부분 - •프롤로그-'오늘도 걸었을 당신에게'(8쪽)~'소유의 목적'(35쪽) •'방과 후 지구'(138쪽)~'빨래덕후'(203쪽) •'이후의 삶- 고모 같은 동유럽'(322쪽)~'안녕을 빌게'(374쪽_끝) *** 장대현이 낭독하는 서윤후 작가의 「방과 후 지구」는 아이돌 및 각계 저명인사의 목소리 재능을 기부받아 소리책을 만들고 이를 통해 청각 장애인에게 희망의 소리를 선물하는 캠페인에 참여한 작품이다. 캠페인 수익금의 일부는 사랑의 달팽이 재단에 기부되어, 경제적 어려움으로 소리 없는 세상에 살고 있는 난청 아동들에게 희망의 소리를 선물해주기 위한 지원 기금으로 사용되어진다.",https://audioclip.naver.com/audiobooks/B8297DCEED
사람에겐 얼마만큼의 땅이 필요한가,톨스토이(Leo Tolstoy),사람이 불행해지는 이유는 무엇일까? 그것은 아마도 다른 사람과 자신을 비교하는 것과 지금 가지고 있는 것보다 더 많이 가지려고 하는 욕심 때문일 것이다. 그럼 과연 얼마나 더 가져야 우리는 행복해질 수 있는 것일까?,https://audioclip.naver.com/audiobooks/8276066ADB
김의성이 읽는 최인호의 타인의 방,최인호,"[100인의 배우, 우리 문학을 읽다] 오디오북 시리즈는, 최민식 문소리 정진영 강부자 등 우리 시대를 대표하는 배우 103명이 한국 근현대문학의 주요 중단편소설 100편을 낭독한 프로젝트입니다. ≪타인의 방≫은 1971년 ≪문학과지성≫ 봄호에 발표된 최인호의 단편소설로 현대인의 고독감과 소외 의식을 초현실주의적 기법으로 담았다. 주인공 ‘그’는 출장에서 돌아와 자기 집을 찾는다. 아내는 친정에 간다는 쪽지를 남긴 채 외출하고 없다. 아내가 없는 아파트, 집안의 가구와 기물들이 어느 순간부터 왠지 낯설게 느껴지기 시작한다.",https://audioclip.naver.com/audiobooks/FFC0A23C82
거짓말 로봇 (VAV 바론),정명섭,"인간에 의해 쓸모로만 사용되는 로봇들과 그 로봇들을 테스트하기 위해 만들어진 거짓말을 할 줄 아는 로봇 이야기를 다루고 있다. *** 바론(VAV)이 낭독하는 정명섭 작가의 「거짓말 로봇」은 아이돌 및 각계 저명인사의 목소리 재능을 기부받아 소리책을 만들고 이를 통해 청각 장애인에게 희망의 소리를 선물하는 캠페인에 참여한 작품이다. 캠페인 수익금의 일부는 사랑의 달팽이 재단에 기부되어, 경제적 어려움으로 소리 없는 세상에 살고 있는 난청 아동들에게 희망의 소리를 선물해주기 위한 지원 기금으로 사용되어진다.",https://audioclip.naver.com/audiobooks/062E290842
백지원이 읽는 김동리의 무녀도,김동리,"[100인의 배우, 우리 문학을 읽다] 오디오북 시리즈는, 최민식 문소리 정진영 강부자 등 우리 시대를 대표하는 배우 103명이 한국 근현대문학의 주요 중단편소설 100편을 낭독한 프로젝트입니다. ≪무녀도≫는 운명과 실존에 대한 탐구라는 문학 주제가 샤머니즘과 기독교의 비극적 대립과 충돌이라는 소재를 통해 표출된 김동리의 대표작이다. ≪중앙≫ 1936년 5월호에 처음 발표됐으나 1946년 단행본으로 묶을 때 작가 자신이 개작했다. 낭독은 1946년 판본으로 진행했다. 1936년 초판본보다 좀 더 세련된 비장미를 선사한다고 판단했기 때문이다.",https://audioclip.naver.com/audiobooks/AA39A31D5C
보건실의 화성인 (온리원오브 준지),서진,"중학교 때 발작 증세를 일으킨 ‘나’는 보건실의 단골손님이다. ‘나’는 보건실에서 자신보다 더 아파 보이는 친구 남호를 만나게 되고, 남호에게 조금씩 마음을 기울인다. 자신보다 더 아픈 친구를 웃게 해 주려는 진심과 우정을 표현한 서진 작가의 작품 “선생님이 늘 강조하던, 성공한 어른은 되지 못했지만 많이 웃을 수 있는 어른은 되었습니다. 쓸데없는 농담도 잘하니까 그럭저럭 성공한 겁니다. 힘이 들 때 억지로 웃을 필요는 없어요. 다만 여러분이 힘들 때, 누군가가 옆에 있으면 참 좋겠다는 생각으로 이 소설을 썼습니다. _저자의 말 *** 온리원오브의 멤버 준지가 낭독하는 서진 작가의 「보건실의 화성인」은 아이돌 및 각계 저명인사의 목소리 재능을 기부받아 소리책을 만들고 이를 통해 청각 장애인에게 희망의 소리를 선물하는 캠페인에 참여한 작품이다. 캠페인 수익금의 일부는 사랑의 달팽이 재단에 기부되어, 경제적 어려움으로 소리 없는 세상에 살고 있는 난청 아동들에게 희망의 소리를 선물해주기 위한 지원 기금으로 사용되어진다.",https://audioclip.naver.com/audiobooks/4D418B76AA
아름다움이 나를 멸시한다,은희경,"1995년 등단한 이래, 서정적 감수성과 냉철한 관찰력을 결합한 유머러스한 필치로 현대인의 삶의 조건을 예리하게 묘파하는 화제작을 선보였던 은희경의 5년 만의 신작 소설집이 출간되었다. 단편의 특성을 최대한 살려 형식과 내용의 다양성을 시도하며 공들여 쓴 중단편 6편이 실려 있다. 매편마다 개성과 색깔이 제각각 뚜렷하지만, 비루하고 초라한 삶들을 조용하게 연민하며 공감의 시선을 보내는 점과, 특유의 경쾌한 문체는 한결같이 빛을 발한다. ‘아버지’라는 존재를 포함한 가족관계 속에서 삶과 정체를 탐구했던 이전의 작품들과 달리, 현대의 고독하고도 분열적인 인물을 다루고, 그 소소한 일상의 국면에서 희극적이거나 비극적인 상황에 주목하는 은희경 특유의 섬세한 시선과 서사가 빛을 발하는 소설집이다. 2006년 황순원문학상 최종후보작이던 표제작 「아름다움이 나를 멸시한다」에서는 서른다섯번째 생일날, 가족을 버린 아버지가 위독하다는 전화를 받고 다이어트를 결심하는 남자가 주인공으로 등장한다. 이 작품에서는 전작이었던 장편 『비밀과 거짓말』이나 소설집 『상속』의 표제작에서 은희경이 바라보던 ‘가족’과 ‘아버지’의 모습과 사뭇 다르다. 어릴 적 아버지와 만나던 이태리 식당에 걸려 있던 보띠첼리의 「비너스의 탄생」을 잊을 수 없었지만, 어렸을 때부터 아버지에게는 뚱뚱한 모습만을 보였고, 이제 돌아가실 날이 멀지 않은 아버지에게 달라진 모습을 보여주고 싶은 것이다. 매일 먹는 밥을 거부하는 다이어트란 결국 인간의 문명화와도 밀접한 연관이 있다고 주장하는 주인공은, 끝내 아버지가 돌아가신 후에야 달라진 모습으로 빈소를 찾고, 아버지는 「비너스의 탄생」을 유품으로 남긴다. “모든 아름다운 것들”이 자신을 거부하는 현실에서 가족과 아버지에 대한 부정이 음식에 대한 거부와 연결된다.",https://audioclip.naver.com/audiobooks/CE153AA14D
템페스트,셰익스피어,"귀로 듣는 책, 귀로 읽는 책! 셰익스피어 걸작선! 셰익스피어의 대표적인 작품을 오디오북으로 들어보세요.",https://audioclip.naver.com/audiobooks/5B62076C2C
귀여운 여인,안톤 체호프,"누군가를 사랑하지 않고는 잠시고 견디지 못하는 여인, 올가세묘노브나. 극장 지배인을 사랑할 때는 오직 연극에 관한 얘기만. 목재상을 사랑할 때는 오직 목재에 관한 얘기만. 그리고 수의관을 사랑할 때엔 도살장 이야기만을 늘어놓는 사랑스러운 그녀. 세계 3대 단편작가로 손꼽히는 러시아 천재작가 안톤체호프의 단편소설. 귀여운 여인.",https://audioclip.naver.com/audiobooks/75DDC97135
"[단편] 달려라, 아비",김애란,"어머니와 단둘이 반지하 단칸방에 사는 ‘나’가, 만삭의 어머니를 버려둔 채 집을 나간 아버지에 대해 떠올리는 상상을 의뭉스러운 서사와 경쾌한 문장으로 빚은 작품이다. 무책임한 아버지는 소식 한번 전해오지 않았고, 나는 그가 어디서 무얼하는지 알지 못한다. 그는 그저 떠났을 뿐이므로, 상상 속에서 늘 떠나던 날의 모습 그대로 달리고 있다. 어느날 영어로 씌어진 부고(訃告)가 날아든다. 발신자는 아버지가 미국에서 결혼한 부인의 자식. 얼마 안 가서 아버지는 이혼했고, 전처의 정원에서 잔디깎이 신세로 지내다가 교통사고로 사망했다고 한다. 씩씩하던 어머니는 어처구니없는 소식에 슬픔에 빠진다. 나는 거짓말로 그녀를 위로하며 그동안의 상상을 되돌아본다. 그날 밤 나는 다시 달리는 아버지를 상상한다. 근원적 결핍 또는 실존적 상처이기 쉬운 아버지 부재의 아픔과 페이소스를 아련히 전달하면서, 정신적 상처의 기원과 상처받은 자신을 긍정하는 즐거운 의지를 보여주는 작품이다.",https://audioclip.naver.com/audiobooks/E75D05396B
어둠의 심장,조지프 콘래드,"세계대표명작을 엄선하여 줄거리, 주제등을  성우의 목소리로 들려주는 세계 명작  보물창고!  오디오북을 통해 세계 대표명작을 만나 보세요.",https://audioclip.naver.com/audiobooks/636B0A67BD
내가 죽어 누워있을 때,윌리엄 포크너,"세계대표명작을 엄선하여 줄거리, 주제등을  성우의 목소리로 들려주는 세계 명작  보물창고!  오디오북을 통해 세계 대표명작을 만나 보세요.",https://audioclip.naver.com/audiobooks/4976FFAF80
부자 (Resound단편),강경애,"「부자」는 1933년 『제일선』에 발표된 '강경애'의 단편소설입니다. 야학을 다닌다는 이유로 농장에서 쫒겨난 '바위'와 어렸을 적부터 힘이 쎄 '김장사'라는 이름을 가진 바위의 아버지에 대한 이야기를 그리고 있습니다. 바위의 아버지는 어선을 타고 고기를 잡던 어부였지만, 풍랑으로 배와 동료 어부들을 모두 잃고 단신으로 살아 돌아옵니다. 선주가 배를 아끼지 않던 김장사를 더는 어부로 고용하지 않게 되자, 김장사는 범죄를 저지르고, 세상을 원망하게 됩니다. 결국 선주를 죽이고, 이 때문에는 바위는 도적놈의 아들, 살인자의 아들이라는 오명을 얻게 됩니다. 소설은 아버지와 아들의 2대에 걸친 장면 설명을 번갈아 묘사하며 현실을 벗어나고자 하는 아들의 내적 갈등과 자기연민을 그리고 있습니다. 이 작품은 인간적 이해관계를 감동으로 치환하여 폭 넓은 시각과 다층적인 인간관을 사실적으로 제시하였다는 평을 받습니다. 「부자」의 오리지널 스코어를 작곡한 '지박'은 첼리스트이자 작곡가로 클래식과 대중음악 등 다양한 장르를 넘나들며 전방위적 활동을 하고 있습니다. 일반적인 첼로 주법을 넘어서서 동양적인 선율과 사운드로 현대인들의 아픔을 어루만지는 뮤지션으로 평가 받고 있습니다. <살롱 드 오수경>밴드의 멤버로 2014년 한국 대중음악상 최우수 재즈크로스오버 음반상을 수상했습니다. 2014년 첫 번째 정규앨범 <9000Km+>을, 2019년 두 번째 정규 앨범 <DMZ>를 발매했습니다. 100년 전 우리 소설, 아름다운 소리로 만나다. [Resound 단편] 시리즈 소위 ‘고전’이라 불리는 작품들은 시대를 불문하고 인간과 삶을 관통하는 날카로운 통찰을 담고 있습니다. 그러나 한 번쯤 제목은 들어 봤을지라도, 제대로 읽어본 적은 없는 경우가 많습니다. 왜일까요? 어쩌면 고전은 낡고 지루하며 어렵다는 편견이 있는 건 아닐까요. [Resound 단편] 시리즈는 그 편견을 깹니다. 오늘날 활발히 활동 중인 작가들이 고쳐 쓰고, 그 원고를 전문 배우들이 생생하게 낭독하고, 거기에 뮤지션들이 작곡한 음악이 더해져, 고전은 새로운 예술작품이 되었습니다. 옛 것의 가치는 간직하되 새로운 옷을 입고 화려하게 돌아온 50편의 [Resound 단편] 시리즈가 새로운 문학의 세계, 감상하는 오디오북의 세계로 당신을 초대합니다.",https://audioclip.naver.com/audiobooks/DD5F2054BC
버드 스트라이크,구병모,"한국 영어덜트 소설의 눈부신 진화! “무섭더라도 지켜봐 줘, 그게 우리의 비행이니까.” 작은 날개로 세상을 크게 안는 법 구병모의 작품 세계를 좋아한다면, 한국 영어덜트 소설의 새로운 성취를 확인하고자 한다면 놓쳐서는 안 될 작품이 우리 앞에 도착했다. 『파과』 『한 스푼의 시간』 『네 이웃의 식탁』 『단 하나의 문장』 등 활발한 행보를 이어 오며 독자들의 큰 사랑을 받아 온 작가 구병모가 신작 장편소설 『버드 스트라이크』를 통해 압도적인 환상 세계로 독자들을 다시 한번 초대한다. 2011년 구상을 시작해 초고를 완성하기까지 7년여의 시간이 걸린 역작이자 작가의 첫 소설 『위저드 베이커리』의 발간 10주년을 맞는 해에 출간되어 더욱 뜻깊고 반가운 책이다. 이번 소설에서 작가는 마음을 홀리는 비범한 ‘스토리텔러’로서의 면모를 더욱 선명히 드러낸다. 날개를 펼쳐 하늘을 날 수 있고, 그 날개로 아픈 생명을 감싸서 치유할 수 있는 ‘익인’들의 존재가 눈앞에 그려지는 듯 생생하다. 그들 사이에서 성장하며 새로운 내일을 만들어 가는 주인공들의 모습 또한 놀라운 매력과 흡인력으로 마음을 사로잡는다. 누군가 혹독한 세상 끝으로 내몰려 아찔한 절벽 위에 서 있을 때 우리는 손 내밀어 그를 잡아 줄 수 있을까. 그와 손을 잡고 이곳과 저곳, 우리와 그들을 경계 짓는 날카로운 절벽 너머로 함께 날아오를 수 있을까. 작가는 그 답을 찾는 여정을, 이 흥미로운 소설을 통해 뜨겁게 펼쳐 보인다.",https://audioclip.naver.com/audiobooks/84D2F77E6E
상록수,심훈,"지금 나는 어디에 있는가? 지금 나는 내가 이루고자 하는 것을 위해 얼마나 노력하고 있는가? 자신의 위치에서, 자신만의 무기로, 자신의 꿈을 이루어 가는 1920 ~ 30년대 젊은이들의 모습이 그려진 오디오북 [상록수]를 통해 여러분 모두의 모습을 확인해보시기 바랍니다. 박동혁 - 고등농림학교에 재학할 당시 학생계몽운동에 참가했다가 고향인 한곡리로 내려가 농촌운동에 전념한다. 계몽적인 문화운동에 머물렀던 농촌운동을 모진 고난과 시련을 겪으며 모든 토대가 되는 경제 운동으로 성장시켜야 함을 깨닫는다. 채영신 - 여자신학교에서 공부하며 동혁과 마찬가지로 학생계몽운동에 참가했다. 그러나 동혁과는 달리 기독연합회에서 지정해준 청석골에서 농촌운동을 시작한다. 혼자 힘으로 아이들을 가르치며 부인회를 조직하고 학원 건립에 애쓰다가 병마를 얻고 만다.",https://audioclip.naver.com/audiobooks/28128AB0DB
플랫랜드,에드윈 A. 에보트,"이 오디오북은 한국출판문화산업진흥원(KPIPA)의 ‘2020년 오디오북 제작 지원’ 사업 선정작입니다. 2차원의 세상은 어떨까? 모든 것이 납작한 평면의 나라 플랫랜드에 대한 이야기는 판에 박힌 듯 메마르고 생동감 없는 빅토리아 시대 영국 상황에 대한 절묘한 풍자이다. 예를 들어 사회의 최하층인 직선 여자들과 성직자인 동그라미에 대한 묘사 등은 19세기 말 영국 사회에서 여성들에 대한 성차별과 성직자의 특권의식 등을 날카롭게 비판한 것이다. “우리가 아는 한, 공간의 여러 차원을 인식하는 방법에 대해서 가장 잘 소개한 작품.” SF 공상과학 소설의 시조이며 대가인 아시모프가 이렇게 침이 마르도록 격찬한 작품이 바로 플랫랜드다. 이 소설이 처음 세상에 선보인 것은 1884년이다. 지금으로부터 100년도 더 전이며, 조나단 스위프트의 『걸리버 여행기』가 출판되고 150여 년이 지난 후이다. 그리고 『걸리버 여행기』가 그러하듯이, 『플랫랜드』는 오늘날까지 널리 읽히고 있다. 뿐만 아니라 이 소설은 주로 대학 신입생들(특히 수학이나 물리학 전공생)이 꼭 읽어야 할 교양서로 자리매김했다. 일찍부터 여러 나라에 번역된 사실보다 더 이 소설의 가치를 웅변하는 것은 이 소설이 그 후의 문화 콘텐츠에 미친 영향이다. 많은 과학자나 문학자들이 『플랫랜드』에서 영감을 받았음을 고백했고, 이 소설의 후속편을 창작함으로써 그에 대한 애정을 과시했다. 이를테면 미국 산호세대학의 수학 교수인 러커는 대학교 때 이 책을 처음 읽고 여러 차원의 세계에 대해서 관심을 갖게 되었다고 고백했다. 실제로 그는 이 소설의 후속편 격인 『스페이스랜드』를 2002년에 출판했고 『플랫랜드』는 영상매체로도 다양하게 제작되었다. 이미 1965년에 마틴 감독이 애니메이션 영화로 제작한 바 있고, 1982년에는 수학자인 엠머가 연출한 단편영화로 제작되었다. 2007년에도 이 소설을 바탕으로 한 애니메이션 영화가 두 편이나 제작되었다. 우주에 관한 과학 다큐멘터리인 『코스모스』에서 천문학자인 칼 세이건은 우리 3차원 세상과 다른 차원의 세상에 대해 이야기하면서 이 소설을 하나의 유추로 언급했다. 미국 SF TV 시리즈인 『아웃터 리미트』중 한 에피소드는 2차원 세상인 플랫랜드에서 온 사람들에 대해서 다루었다. 이 소설은 게임의 원천이 되기도 한다. 1998년 로우랜드가 「The Flatland Role Playing Game」을 개발했고, 이어서 2006년에 「The Original Flatland Role Playing Game」을 선보였다. 뮤지컬로도 재창조되었는데, 2009년 5월에 프린스턴 대학에서 『플랫랜드』를 각색하여 뮤지컬로 선보였다. 『플랫랜드』는 크게 두 부분으로 구성되어 있다. 첫째 부분은 이 책의 주인공인 정사각형이 사는 평면의 나라, 플랫랜드에 대한 이야기이다. 플랫랜드는 모든 것이 납작한 2차원의 세상으로서 기하학적 도형들이 사는 곳이다. 이 2차원의 세계에서 기하학적 도형들은 어떻게 살고 있으며, 평면의 상태에서 서로를 어떻게 알아보며, 여자인 직선이 어떻게 차별받고 있으며, 무채색의 이 세계에 색깔이 사용됨으로써 어떤 사회변동을 초래했으며 그 결과 폭발했던 하층계급들의 반란이 누구의 배신에 의해 어떻게 진압되었으며, 성직자 계급의 허구적 지배이데올로기가 무엇인지 등이 이 소설의 제 1부에서 꽤나 그럴듯하게 묘사되고 있다. 두 번째 부분은 주인공 정사각형이 1999년 마지막 날의 마지막 시간에 플랫랜드를 벗어나서 다른 차원의 세계로 여행하는 이야기이다. 그리하여 점의 나라인 포인트랜드와 직선의 나라인 라인랜드와 3차원 공간의 나라인 스페이스랜드를 경험하고, 더 나아가 4차원, 5차원, 6차원 등 고차원 세계의 신비까지 알게 된다. 그리고 다시 자신의 플랫랜드에 돌아와서 다른 차원의 세상도 있다는 비밀을 말했다가 감옥에 갇혀 종신형에 처해진다. 이 소설은 감옥에 갇힌 지 7년이 되었는데도 자신의 신념을 굽히지 않은 이 플랫랜드의 프로메테우스가 자신의 경험을 기록한 일종의 여행기인 셈이다.",https://audioclip.naver.com/audiobooks/293717EE02
