titles,authors,informs,clip_links
(요약) 대지,원작 : 펄 벅 / 요약 : 북코스모스,퓰리처상과 노벨문학상 수상작. 왕룽은 황 부잣집에서 오란이라는 하녀를 아내로 맞아 온다. 아내 오란은 인내심이 강하고 헌신적이며 애처로울 만큼 자기 희생적인 여성의 본보기이다. 그런데 왕릉은 집이 부유해지자 하인처럼 일하고 살림을 아끼는 아내의 찌들은 모습에서 그만 싫증을 느끼고 렌화라는 여자를 집으로 맞아들이기까지 하는데. 가난한 농부였던 왕룽은 피와 땀으로써 부유한 지주가 되고 자기가 경작하는 토지를 무엇보다 소중하게 생각하는 농부의 의지가 집약된 작품이다.,https://audioclip.naver.com/audiobooks/4E9C0AF545
친절한 복희씨 <친절한 복희씨>,박완서,"<친절한 복희씨> 중 단편 '친절한 복희씨' 일흔이 넘은 나이에도 은퇴를 모르는 작가 박완서. 그녀는 자신이 70이 넘게 살아오면서 쌓아온 통찰과 이해, 그리고 세상을 보는 관점과 지혜로 자신만의 노년문학을 개척했다. 그런 그녀가 이 시대를 사는, 어디서나 볼 수 있는 흔한 노인들을 통해 누구에게나 보일 수 있는 이중성과 위선을 통렬하고 적나라하게 드러냈다. 그 작품이 바로 ‘친절한 복희씨! 겉으로는 벌레 한 마리도 못 죽이는 여자이지만 속으로는 그 누구보다 영악하고 독한 면을 갖고 있다고 자신을 평가하는 복희씨! 미묘한 인간심리를 섬뜩하게 발견하고 부끄러워하게 만들 복희씨! 그저 잉여인간으로 평가되고 있는 노인들도 각자의 삶과 섬뜩한 내면 세계, 자신만의 세계관을 갖고 있음을 느끼게 만든 복희씨! 삶의 정곡을 찌르는 재치와 유머, 원숙한 지혜가 빚어낸 이야기! 그 누구보다 친절하지만, 섬뜩한 이중성의 복희씨가 지금 당신을 찾아갑니다.",https://audioclip.naver.com/audiobooks/89DB5693FD
거인의 정원,오스카 와일드,"귀로 듣는 책, 귀로 읽는 책! 오스카 와일드 걸작선! 이기적인 거인에게 찾아온 아이들. 사랑하는 마음은 꽁꽁 언 거인의 정원과 마음을 따뜻하게 녹여주었습니다. 오스커 와일드의 기독교 사랑이 드러난 걸작단편!",https://audioclip.naver.com/audiobooks/9ABDD9E773
할매가 돌아왔다,김범,"요절복통 60억 할머니의 미스터리 코미디 “세상을 내 맘대로 주무르는 시한폭탄 할매가 온다!” ★★★ 영화, 드라마, 연극, 뮤지컬 판권 계약 ★★★ 『82년생 김지영』 조남주 작가 강력 추천 67년 만에 60억 원을 들고 돌아온 할매. 이런, 우리 할매는 광복 직전 염병에 걸려 죽었다고 하지 않았나? 그럼 저 할매는 누구인가? 가짜인가? 부활했나? 상관없다. 유산이 60억이라는데……. 마치 원래 이 집에 살았다는 듯 능청스러운 모습으로 돌아와, 온 집안을 들쑤시는 그녀는 역대 최강의 캐릭터! 그녀의 귀환으로 촉발된 가족들의 60억 쟁탈전은 그야말로 포복절도의 연속! 김범 장편소설 『할매가 돌아왔다』는 돈이 전부인 이 세상에서 자신의 일생을 인정받기 위한 제니 할머니의 투쟁을 유머러스하게 그려낸 작품이다. 일본 군인과 눈이 맞아 남편과 자식을 버리고 도망쳤고 세상에 원래 없었던 사람처럼 완전히 잊혔던 할머니. 그런 그녀에게, 할아버지, 아버지, 고모 등은 너나 할 것 없이 무슨 낯으로 이제야 돌아왔냐며 당장 나가라고 야단이다. 하지만 그때 내뱉는 할머니의 한마디. “너희에게 줄 유산 60억이 있다.” 그러자 다들 자신도 모르게 바뀌는 표정을 숨길 수가 없는데……. 가족들의 60억 쟁탈전은 어떻게 될까. 아니 60억이 진짜 있기는 한 걸까. 아무도 관심이 없던 할머니가 돌아온 진짜 이유는 무엇일까. 복잡하기 그지없는 지난 역사와 찌질하기 짝이 없는 오늘 우리의 풍경이 이토록 유쾌하고 가슴 뛰는 소설로 다시 태어났다.",https://audioclip.naver.com/audiobooks/B1D9AD0281
안경,에드거 앨런 포,"세계 문호들의 판타스틱 단편 고전을 엄선하여 소개하는 시리즈 작품! 극장에서 우연히 만나게 된 미모의 여성. 온갖 역경을 극복하고 그토록 원하던 그녀와 결혼하게 되는데. 경쾌한 문장의 코믹 판타지문학. 《출판사서평》 낯선 세계로의 여행! 그곳으로 통하는 문이 이 책 안에 숨겨져 있다. 상상력의 힘이 펼쳐 보이는 끝도 없는 환상의 세계!! 그 안으로 들어가는 문은 우리의 현실 곳곳에 숨겨져 있다. 단지 현실세계에 너무나도 익숙하게 길들여진 우리의 눈에 보이지 않을 뿐이다. 하지만 어떤 우연한 일을 계기로 환상의 세계로 통하는 문이 열리면, 우리 앞에 몽롱한 환상의 세계가 펼쳐진다. 그리고 우리는 두려움과 함께 머뭇머뭇 그 세계로 들어서게 된다. 그렇게 해서 들어서게 된 곳은 더 이상 환상의 세계가 아니다. 그곳에서는 현재 우리가 살고 있는 현실보다 더욱 현실감 넘치는 사건이 우리를 기다리고 있다. 이제 우리는 그 세계에 빠져 현실로 도망치고 싶어 하면서도, 혹은 그 세계에 영원히 머물고 싶어 하면서도, 끝내 그렇게 하지 못 한다. 그 세계는 도망치려 하면 우리를 더욱 붙잡아두고, 영원히 머물고 싶어 하면 우리를 힘껏 밀어내는 세계이다. 누구나 한번쯤을 꿈꿔왔을 그 환상의 세계가 드디어 우리 앞에 펼쳐진다. 인류 최고의 상상력이 총망라된 이 책을 통해서, 당신 옆에 숨겨져 있는 환상의 세계로 가는 문에 대한 힌트를 얻기 바란다.",https://audioclip.naver.com/audiobooks/3098E121BF
셜록 홈즈 단편선 3,아서 코난 도일,"전 세계인이 사랑하는 탐정 셜록 홈즈의 이야기!
셜록 홈즈 시리즈 중 유명하고도 작품성이 있는 단편들을 뽑아 완역한 번역본입니다.",https://audioclip.naver.com/audiobooks/E5EAE51DD8
젊은 베르테르의 슬픔,요한 볼프강 폰 괴테,"독일의 대문호 괴테의 자전적 소설. 괴테의 나이 25세때 쓰여진 이 작품은, 18세기 독일의 작은 도시를 무대로, 한 청년의 사랑과 자살을 그리고 있다. 비극적 주 인공 베르테르는 괴테 자신과 유부녀와 사랑끝에 자살한 친구를 복합한 인물로 알려지고 있다. [책 속으로] 빌헬름! 괴로운 하룻밤이었소. 이제 나는 모든 것을 참고 견디어 나갈 생각이오. 다시는 롯테와 만나지 않으려오. 당신한테 달려가 목이라도 껴안고 끝없이 눈물을 흘리며 황홀감에 젖어 내 가슴 속에 휘몰아치는 감정의 회오리를 열어 보이지 못하는 것만이 유감이라오. 나는 지금 애써 마음을 가라앉히고 아침 해가 떠오르기를 기다리고 있소. 날이 밝으면 마차가 오도록 되어 있소. 아아, 롯테는 고요히 잠들어 있을 것이오. 다시는 내 얼굴을 보지 못하리라고는 꿈에도 생각지 못할 것이오. 두 시간이나 그녀와 이야기를 나누면서도 나는 이 계획에 대한 눈치를 조금도 보이지 않았소. 이를테면 마음을 다져 먹을 수 있었다오. 그런데 그 이야기의 내용은 어떠했던가? 알베르트는 저녁 식사가 끝나면 곧 롯테와 함께 정원으로 나오겠다고 나에게 약속을 했소. 나는 테라스의 밤나무 밑에서 서성거리며 정든 골짜기와 유유히 흐르는 강물 위로 저물어 가는 저녁 해를 바라보고 있었소. 나는 몇 번이나 롯테와 함께 이 곳에서 그 장엄한 광경을 바라보았는지 모르겠소. 그러나 지금은 - 나는 내가 좋아하던 가로수 밑을 혼자서 여기저기 거닐어 보았소. 아직 롯테와 서로 알기 전부터 나는 일종의 신비로운 힘에 끌려서 이 곳에 자주 찾아 왔었소.그 후 내가 그녀와 서로 사귀게 되었을 때, 그녀도 이 곳을 좋아하고 있는 것을 알고 얼마나 기뻐했는지 모르오. 여기는 그야말로 내가 본 가장 낭만적인 한 폭의 풍경화였소",https://audioclip.naver.com/audiobooks/BDF11E097D
박상원이 읽는 김승옥의 무진기행,김승욱,"[100인의 배우, 우리 문학을 읽다] 오디오북 시리즈는, 최민식 문소리 정진영 강부자 등 우리 시대를 대표하는 배우 103명이 한국 근현대문학의 주요 중단편소설 100편을 낭독한 프로젝트입니다. ≪무진기행≫은 1964년 ≪사상계≫에 발표됐을 당시 평단에서 ‘감수성의 혁명’이란 찬사를 받은 김승옥의 대표작이다. 오랜만에 고향을 찾은 한 남자와 주변 인물의 이야기를 통해 현대인의 불안한 존재와 심리를 감각적으로 잡아낸다. ‘무진(霧津)’이란 고향 이름 역시 안개와 같은 모호함을 상징한다. 작가 자신의 각색을 거쳐 영화(＜안개＞)로도 제작되었다.",https://audioclip.naver.com/audiobooks/A09A2C4F12
위대한 개츠비,F. 스콧 피츠제럴드,"욕망과 사랑, 청춘 같은 통속적인 소재와 섬세한 심리 묘사로 제1차 세계대전 후인 1920년대 미국의 사회상을 그려낸 소설 <위대한 개츠비> 가난한 농부의 아들 개츠비는 운명을 거부하고 화려한 출세를 꿈꾼다. 제 1차 세계대전이 발발하고 육군 장교가 된 그는 테일러 기지에 주둔하던 중 아름다운 상류층 여인 데이지를 만나 사랑에 빠진다. 그러나 그가 유럽으로 파병을 나간 사이, 데이지는 시카고의 부호 톰 뷰캐넌과 결혼한다. 가난했기에 사랑하는 여인에게 버림받은 개츠비는 옛 연인의 사랑을 다시 얻기 위해, 잃어버린 지난 5년의 시간을 되돌리기 위해 부자가 되기로 결심한다. 1만 6천 킬로미터나 떨어진 곳에서 발생하는 지진을 탐지하고 기록하는 복잡한 장치처럼 탁월한 민감성으로 삶의 가능성을 잡아냈던 남자. 희망을 포기하지 않는 탁월한 능력과 어떤 상황에도 대처할 수 있는 낭만적인 적응력을 가졌던 남자. 멀어져만 가는 쾌락의 절정과도 같은 미래를 믿었던 남자. 개츠비, 그의 위대한 이야기가 펼쳐진다.",https://audioclip.naver.com/audiobooks/A25E12291B
적과 흑,스탕달,"‘적과 흑’은 프랑스의 비평가이자 소설가인 스탕달에 의해 1830년에 씌여졌다. 이 소설의 배경이 된 1830년대의 프랑스는 나폴레옹이 몰락하고 부르봉 왕가가 복귀하여 왕정을 세운 시기로서, 1830년 7월 대혁명 직전의 지배자 교체에 따른 격동의 시대에 한 평민 청년 줄리앙 소렐을 통하여 귀족, 승려, 부르주아의 3자가 서로 세력다툼을 벌이는 사회의 반동성을 비판적으로 묘사한 심리학과 역사철학의 연구서이다. 목수의 아들로 태어난 줄리앙 소렐은 나폴레옹의 군대에서 은퇴한 늙은 군인으로부터 라틴어와 학문을 전수받는다. 그가 소유하던 책을 물려받고 그것을 읽으며 성장한 줄리앙은 군인이 되어 나폴레옹 같은 영웅으로 입신양명하기를 꿈꾸지만, 시대는 변하고 나폴레옹은 몰락한다. 줄리앙은 제정왕조가 복원된 프랑스 사회에서 성공하는 길은 오직 성직자가 되는 길 뿐이라는 것을 깨닫는다. 이렇게 출세에의 야심을 불태우며 뛰어난 라틴어 실력 덕분에 레날 시장의 집에 가정교사로 들어간 줄리앙. 그 곳에서 그는 부유층에 대한 증오심을 불태우며 시장의 아내인 레날 부인을 유혹하지만, 그녀의 순수한 정열은 그를 진정한 사랑에 빠지게 만든다. 그러던 중 둘의 관계는 사람들의 소문과 시장의 의심으로 인해 끊어지게 되고, 줄리앙은 브장송에 있는 신학교로 보내진다. 그리고 그곳에서 교장인 피라르 신부의 추천으로 파리에 사는 대귀족 라 몰 후작의 비서로 들어가게 된다. 비서로서 유능함을 인정받아 후작의 신뢰를 얻어가는 줄리앙. 라 몰 후작의 딸 마틸드는 그의 비범함을 눈치채고 그를 사랑하게 되는데…",https://audioclip.naver.com/audiobooks/C2E4147F92
개,김훈,"""이 오디오북은 한국출판문화산업진흥원(KPIPA)의 「2021년 오디오북 제작 지원」 사업 선정작입니다. 인간의 아픔과 기쁨, 그리움을 함께하는 세상의 모든 ‘보리’에게 소설가 김훈이 2005년에 쓴 동명 소설 「개」의 2021년 개정판. 댐 건설로 수몰을 앞두고 주민들이 하나둘 떠나는 시골 마을에서 태어난 진돗개 ‘보리’가 소설의 주인공이다. 개정판에서는 이야기의 뼈대는 유지하면서 내용의 상당 부분을 손보았다. “이번에 글을 고쳐 쓰면서, 큰 낱말을 작은 것으로 바꾸고, 들뜬 기운을 걷어내고, 거칠게 몰아가는 흐름을 가라앉혔다.”(「군말」에서) 지난 몇 년간 작가는 매일 공원을 산책하며 다가오고 지나가는 사람과 개들을 들여다보았다. 그때 떠오른 생명의 이야기들이 「개」에 스며들었다. 덕분에 모진 매를 견딘 보리 엄마와 가혹하게 죽어간 흰순이의 삶이 다르게 변주되고, 보리의 눈에 비친 세상엔 온기가 더해졌다.""",https://audioclip.naver.com/audiobooks/63CF27F3C1
"채털리 부인의 연인 2 (민음사 세계문학, 완독본)",D. H. 로렌스,"케임브리지 대학교 출판부에서 간행한 무삭제 결정판 텍스트(1993) 완역 ▶『채털리 부인의 연인』을 읽지 않고 20세기 소설에 대해 안다고 할 수 없다. – 로렌스 더렐 ▶ 로렌스는 상상력이 풍부한, 우리 시대 가장 위대한 작가이다.- E. M. 포스터 ▶『채털리 부인의 연인』은 이제껏 영어로 쓰여진 작품 가운데 가장 훌륭하게 성적 경험을 묘사해 냈다. -《뉴 리퍼블릭》 로렌스 재단과 정식 계약을 맺고 출간하는 결정판 텍스트 D. H. 로렌스의 마지막 소설이자 20세기를 대표하는 문제작 『채털리 부인의 연인』이 (주)민음사에서 출간되었다. 『채털리 부인의 연인』은 그동안 우리나라에서 에로티시즘의 대명사쯤으로만 인식된 채 ‘채털리 부인의 사랑’ 혹은 ‘차타레 부인의 사랑’과 같은 부정확한 제목을 달고 수십 종이 출간되었다. 출판 금지 과정을 거치면서 훼손되었던 원고가 이후에도 그대로 출판되면서, 우리나라에서도 이를 바탕으로 번역이 이루어졌던 것이다. 영국 케임브리지 대학교 출판부에서는 이러한 문제점을 인식하고 1993년 ‘결정판’ 무삭제 텍스트를 출간하였으며, 민음사에서는 로렌스 재단과 이 판본을 정식으로 계약하여 『채털리 부인의 연인』을 완역, 출간하였다. 제1차 세계대전이 끝날 무렵, 코니의 남편 클리퍼드 경은 전쟁에서 부상을 입어 절름발이에 성불구가 되어 돌아온다. 그는 육체적 관계보다 정신적 통제와 질서가 우월하다고 주장하며 아내 역시 그러한 생활에 만족하도록 이끈다. 코니는 클리퍼드를 비롯한 그 주변의 지성적 남성들에게 무의식적인 반감을 보이고 체념 상태에 빠진다. 이러한 코니에게 우연히 만난 사냥터지기 멜러즈는 전혀 다른 종류의 남자로 다가온다. 자연과 어우러지는 그의 모습을 목격한 코니는 그의 부드러운 몸에서 살아 있는 존재가 주는 감동을 느낀다. 코니와 멜러즈는 이후 숲 속에서 만나 성적인 결합에 이른다. 둘의 만남이 거듭될수록 코니는 정신주의적 삶의 허위를 깨닫고 그것이 산업 체제의 냉혹함과 불가분의 것임을 인식하게 된다. 코니가 언니와 이탈리아로 여행을 떠나 있는 동안 마을에는 채털리 부인과 사냥터지기의 염문이 퍼지고, 임신한 것을 확인한 코니는 마침내 클리퍼드와 결별할 결심을 한다. 그러나 클리퍼드는 이를 받아들이지 않고, 코니와 멜러즈는 이혼 소송이 마무리될 때까지 서로 헤어져 있기로 한다. 작품은 재회를 기다리며 멜러즈가 코니에게 쓴 편지로 마무리된다.",https://audioclip.naver.com/audiobooks/99B09B8263
"테스 2 (민음사 세계문학, 완독본)",토머스 하디,"영국 문학을 대표하는 소설가 토머스 하디의 『테스』(Tess of the D\’Urbervilles)는 1891년 처음 출간된 후 일 년 만에 초판본 1천 부의 스물세 배가 넘게 판매되는 등 당시로서는 센세이셔널한 반응을 일으켰다. 일반 독자들이 이렇듯 폭발적인 반응을 보여 준 반면, 교회와 보수적 비평가들은 한목소리로 하디를 비난했다. 테스가 결혼도 하지 않고 아이를 낳는 것이나, 그 아이에게 직접 세례하는 것 등이 당시의 인습과 사회에서는 받아들여지기 어려웠던 것이다. 실제로 이 소설이 출간 전에 잡지에 실릴 때도 테스가 알렉에게 유린되는 장면이나 그녀가 아기를 세례하는 장면이 삭제되었다. 그러나 토머스 하디는 대담하게도 그런 테스를 ‘순수한 여인’이라 부르며 내면의 순수함과 정신적 순결을 강조하였고, 빅토리아 시대의 불합리한 종교적, 사회적 관행을 정면으로 고발하였다. 이러한 하디의 용감하고 부단한 시도가 이 작품을 19세기 근대 문학에서 20세기 현대 문학으로 발돋움하게 만들었다. 또한 이번 민음사 세계문학전집으로 출간된 『테스』는 Tess of the D’Urbervilles: A Pure Woman(Modern Library Classics)을 완역한 것으로, 기존의 축약본과 분명한 차별성을 두고 있다. 근대 문학의 한계를 넘어 현대 문학으로 발돋움한 토머스 하디의 대표작 “가슴 위에 꽂힌 장미를 순진하게 내려다보고 있는 테스는 그 마약 같은 푸른 연기 뒤에 그녀 일생의 비극적인 재난이 서려 있음을, 그녀의 젊은 인생의 스펙트럼에서 핏빛 붉은 광선이 될 사람이 도사리고 있음을 예측하지 못했다.” 가난한 행상의 장녀 테스는 귀족의 후손이라는 헛된 망상에 사로잡힌 부모 때문에 먼 친척이라는 더버빌 가로 일자리를 찾아간다. 그 가문의 아들 알렉을 만나면서 그녀의 모진 운명이 시작된다. 그의 아이를 임신한 테스는 집으로 돌아와 혼자 아이를 낳아 키우지만, 사회와 교회로부터 외면당한 아이는 병에 걸리고, 테스에 의해 세례를 받은 후 숨진다. 세상으로부터 숨을 곳을 찾아 외진 농장에서 젖을 짜며 살아가던 그녀에게 새로운 세상에 눈뜨게 하는 남자 에인절이 다가온다. 그는 목사의 아들이었지만 편협한 종교를 거부하며 다른 삶을 살고자 했고, 그의 열정적인 구애에 테스는 처음으로 행복을 맛본다. 테스는 자신의 과거 때문에 그의 사랑을 거부하지만 자기 안에서 솟아나오는 그를 향한 애정을 부정하지 못하고 그들의 사랑은 마침내 결실을 맺는다. 결혼 첫날밤, 테스는 양심의 가책으로, 그리고 에인절이 모든 것을 용서하리라는 기대로, 그에게 과거를 털어놓는다. 그러나 에인절 역시 스스로가 부정하고자 했던 사회의 뿌리 깊은 인습과 편견에서 자유롭지 못했고, 테스를 버리고 떠나간다. 가장 사랑하고 신뢰하던 에인절에게 버림받은 채 절망에 빠져 있던 테스 앞에 다시 알렉이 나타난다. 그는 열렬한 신자가 되어 이전의 모습은 어디서도 찾아볼 수 없을 정도로 변모된 모습이었다. 테스는 그의 그런 모습에서조차 공포를 느끼며 그를 피하려 하지만, 알렉은 얕은 신념이 흔들리는 것을 느끼며 다시 그녀 주위를 맴돈다. 테스가 알지 못할 두려움을 느끼며 에인절에게 편지를 보내지만, 그는 이미 남미로 떠나 버린 후였다.",https://audioclip.naver.com/audiobooks/FD8C192A8C
지금 아니면 못 할 일,정은숙,"민지영의 맥도날드 알바 분투기. 지영이 아르바이트를 하며 만나게 된 다양한 인물들의 이야기가 흥미진진하게 펼쳐진다. 학교를 그만두고 맥도날드에서 일하는 보미는 지영의 앙숙이다. 그러나 두 사람은 공공의 적을 물리치며 비밀을 나누는 친구 사이로 발전한다. 한편 성추행 사건을 겪으며 친해진 승효와 지영은 풋풋한 감정을 나누는데, 뇌성마비로 다리를 저는 승효의 꿈은 K2에 오르는 것이고 지영의 꿈은 돈을 모아 파리 여행을 떠나는 것이다. 그러나 승효가 당장, 바로 지금 하고 싶은 일은 지영의 남자친구가 되는 것이다. *** A.C.E의 멤버 와우가 낭독하는 정은숙 작가의 [지금이 아니면 못할 일]은 아이돌 및 각계 저명인사의 목소리 재능을 기부받아 소리책을 만들고 이를 통해 청각 장애인에게 희망의 소리를 선물하는 캠페인에 참여한 작품이다. 캠페인 수익금의 일부는 사랑의 달팽이 재단에 기부되어, 경제적 어려움으로 소리 없는 세상에 살고 있는 난청 아동들에게 희망의 소리를 선물해주기 위한 지원 기금으로 사용되어진다.",https://audioclip.naver.com/audiobooks/03B9B7B181
한 권으로 읽는 세계명작 다이제스트 시리즈(전12권) - 4권,박영만,"KBS 슈퍼탤런트 1기 배우 김시연이 낭독한 오디오북! 세계명작을 흥미롭게 엮어 현대 감각으로 새롭게 탄생! 『한 권으로 읽는 세계명작 다이제스트 55』는 세계명작의 탄생 배경과 함께 작가의 삶, 작품의 줄거리, 에피소드, 주제, 인류에게 미친 영향, 가치 등을 흥미롭게 엮어 현대 감각에 맞게 새로이 탄생시킨 세계명작 55편의 다이제스트이다.",https://audioclip.naver.com/audiobooks/C105BF07F8
월궁정인,김인선,"[본 오디오북은 '요약본'입니다.] 타임 슬립 역사로맨스 소설, 이번엔 백제다! 천방지축 주얼리 디자이너 서영과 까칠한 백제 태자 순타! 천오백 년 시대를 뛰어넘어 아찔한 밀당의 세계가 펼쳐진다. “국조모 팔찌가 완성되는 순간, 우리는 더 이상 한 공간에 있지 못할 거예요!” 현재 드라마 대본을 집필 중인 김인선 작가가 내놓은 타임슬립 역사 로맨스, <월궁정인>. 백제 무령왕비 팔찌에 새겨진 의문의 한 문장에서 시작된 시공을 넘나드는 사랑 이야기! 천방지축 주얼리 디자이너와 까칠한 백제 태자의 1500년 시대를 뛰어넘는 밀당 로맨스가 펼쳐진다.",https://audioclip.naver.com/audiobooks/362329D9BE
겨울연꽃 서리연,주단영,"""당신이 내 곁에 있는 한, 이 세상은 아직 멸망하지 않았습니다!"" 권력 탐닉의 시대, 왕조 교체기 혼란의 소용돌이 속에서 한 송이 서리 연꽃 같은 사랑이 피었다. 고려 왕씨 멸족 사건에서 살아남은 마지막 왕실 여인 ‘보화’. 그녀를 살리기 위해서 신흥왕국 조선에서 출사표를 던진 ‘정’. 죽여야만 하는 숙명과 사랑해선 안 되는 운명에 고뇌하는 ‘중업’. 그들의 파란만장한 이야기가 연꽃처럼 피어난다. ""당신 아버지와 오라버니는 끔찍한 살인자야!"" ""나는, 절대로 그렇게 되고 싶지 않아, 허나 이 또한 헛된 발버둥으로 끝날지도 모르지!"" ""더 오랫동안 도와드리고 싶었습니다! 가능하다면 당신 곁에서…"" 멸망한 왕국 고려의 왕족 여인과 신흥 왕조 조선의 촉망받는 젊은 관료가 왕조 교체기의 혼란스러운 시대 속에서 이루어질 수 없는 사랑을 꽃피운다. 과연 ‘서리연’은 어떻게 피고 또 언제 질 것인가?",https://audioclip.naver.com/audiobooks/350C3ECBA7
계속해보겠습니다,황정은,"지금 황정은을 읽지 않는다면 처연하게 아름다운 세계를 놓치고 있는 것이다 『계속해보겠습니다』는 2012년 가을호부터 2013년 여름호까지 ‘소라나나나기’라는 제목으로 계간 『창작과비평』에 연재되었던 작품이다. 연재 종료 후 일년여 동안 심혈을 기울여 개고한 끝에 주인공 소라와 나나, 나기의 감정선이 더욱더 깊고 선명해져 행간에서조차 세 인물의 호흡이 느껴질 정도로 작품의 농도가 짙어졌다. 황정은은 앞선 두권의 소설집에서 기발한 상상력과 그것을 구현해내는 뛰어난 언어 조탁력을 보여주었고 그의 첫 장편이자 한국일보문학상 수상작인 『백의 그림자』에서 기저에 품은 서정성을 유감없이 보여주었다. 『계속해보겠습니다』는 그 서정의 결을 이어가면서도 잔잔하게 흘러가 폭발적으로 파급되는 황정은식 서정의 마력은 더욱 강력해졌다. 소라, 나나, 나기 세사람의 목소리가 각 장을 이루며 순차적으로 진행되는 『계속해보겠습니다』는 같은 시간, 한공간에 존재하는 세사람의 서로 다른 감정의 진술을 각각의 온도로 느낄 수 있다. 서로 갈등하는 소라와 나나의 속마음을 보는 것이나, 공유한 과거를 서로 다르게 기억하는 소설적 장치는 독자에게 새로운 즐거움을 선사한다. 등장인물의 작은 행동 하나, 대사 한줄에까지 감정을 밀도있게 싣고 마지막까지 그 긴장을 놓지 않고 이야기를 완성하는 작가의 집중력에는 감탄할 수밖에 없다. 다시금 황정은 소설의 자기갱신을 볼 수 있는 지점이다. 문학평론가 신형철은 최근 “황정은 소설이 이제는 좀 무섭다”(젊은작가상 심사평)라고 표현했다. 그리고 이 경이에 가까운 감탄은 비단 그만 느끼는 것은 아닐 터다. 그의 이름을 첫손에 꼽으며 다음 작품을 기다린다는 이야기는 문단에서도 심심치 않게 들려온다. 과연 그의 소설은 어디까지이며, 그 간명하고도 아름다운 문장의 점층은 우리를 어디로 이끌 것인가.",https://audioclip.naver.com/audiobooks/34E98AB1A6
독일인의 사랑,막스 뮐러,"""우리는 서서 걷는 법, 읽고 말하는 법을 배운다. 하지만 어느 누구도 우리에게 사랑을 가르쳐주지는 않는다. 한 송이의 꽃도 햇빛이 없으면 만개하지 못하듯, 인간도 사랑 없이는 한 순간도 살아갈 수 없다."" 아름답고 순결한 그러나 유리처럼 잘 깨질 것만 같은 내면을 지닌 시한부 인생을 사는 한 귀족가의 소녀와 그런 소녀에게 동경을 느끼는 순수한 소년의 플라토닉 사랑을 묘사한 독일 낭만주의 작가 막스 뮐러의 명작, 독일인의 사랑. 이 책이 문학 역사상 대단한 성공을 거둔 것은 언어의 쓰임이 어느 작품보다 우수하고, 단어 하나하나가 문장 속에 살아 진동하며, 막스 뮐러의 풍부한 지식을 동반한 비유와 묘사가 독자를 머나먼 상상의 세계로 데려갔다가는 다시 현실로 데려오는 듯한 신비감을 안겨주기 때문이다. 희생과 사랑, 그리고 환희에 대한 의미가 명료하면서도 서정시라 느껴질 만큼 아름답게 쓰여진 이 책은 오늘의 젊은이들에게 가슴 깊은 감동과 함께 인생의 의미를 깨우쳐 줄 것이다. 소설은 주인공 ‘나’와 심장병 때문에 몸을 움직이지 못하는 소녀 마리아가 신분과 육체의 문제를 극복하고 서로의 사랑을 확인하지만, 마리아의 죽음으로 결국 이별을 하게 된다는 단순한 줄거리를 가지고 있다. 그러나 이 소설의 진정한 가치는 주인공 ‘나’와 마리아가 대화를 통해 성장하는 과정에 있다.",https://audioclip.naver.com/audiobooks/0DB2CDE77D
