titles,authors,informs,clip_links
기주봉이 읽는 하근찬의 수난이대,하근찬,"[100인의 배우, 우리 문학을 읽다] 오디오북 시리즈는, 최민식 문소리 정진영 강부자 등 우리 시대를 대표하는 배우 103명이 한국 근현대문학의 주요 중단편소설 100편을 낭독한 프로젝트입니다. ≪수난이대≫는1957년 ≪한국일보≫ 신춘문예 당선작이자 하근찬의 등단작이다. 징용에서 팔을 잃은 아버지, 전쟁에서 다리를 잃은 아들, 역사의 소용돌이 속에서 불구가 된 아버지와 아들의 이야기를 통해 우리 민족의 수난을 집약적으로 보여준다. 전후문학 대표작 중 하나로 손꼽힌다.",https://audioclip.naver.com/audiobooks/62A2478930
"감정 교육 1 (민음사 세계문학, 완독본)",귀스타브 플로베르,"19세기 프랑스 문학의 혁명가일 뿐 아니라 20세기 이후 모더니즘 문학과 누보로망의 선구자 귀스타브 플로베르의 대표작이자 자전적인 소설 『감정 교육』이 민음사 세계문학전집으로 출간되었다. 『보바리 부인』, 『살람보』에 이어 플로베르가 문학적 절정에 다다른 1869년 발표한 세 번째 장편 소설 『감정 교육』은 섬세하고 무기력한 한 청년의 생애를 음악적이며 균형 잡힌 문체로 그려 낸 걸작이다. 프랑스 몽펠리에 대학교에서 플로베르 연구로 문학 박사 학위를 수여 받은 역자 지영화는 불필요한 의역을 절제함으로써 사실주의 계열 작가로 국한되며 가려졌던 플로베르의 리듬감 있는 문체를 오롯이 살렸다. 『감정 교육』은 인생을 선형적이며 일차원적으로 보지 않는 플로베르의 심오한 세계관과 더불어 플로베르 문학에 담긴 세련된 균형과 실험적 미학을 맛볼 기회가 될 것이다. 『감정 교육』은 플로베르가 청년 시절 구상하여 『마담 보바리』의 성공으로 문학적 절정기에 이르렀을 때 소설의 미래에 대한 고민을 담아 완성한 대표작이다. 이 작품은 영웅과는 거리가 먼 평범하고 소심한 주인공, 교훈과 선악 판단을 배제한 서술, 음악적이고 균형 잡힌 문체로 모더니즘과 누보로망 작가들에게 소설이 나아가야 할 방향을 보여 준 현대 문학의 모태다. 어느 섬세하고 무기력한 청년의 이십칠 년 생애를 담은 『감정 교육』은 플로베르의 미학이 집약된 걸작이자 불안한 현대를 살아가는 우리 모두의 초상이다. 19세기 역사적 격동기 파리를 배경으로 섬세하며 우유부단한 한 청년의 성장을 그린 이 소설은 자전적 성격이 가장 짙은 작품이다. 작가가 열다섯 살 무렵 트루빌 해안으로 떠난 휴가에서 만난 슐레젱제의 부인 엘리자 푸코에 대한 첫사랑의 추억에서 모티프를 얻은 이 작품에는 호기심과 야망으로 가득 찬 한 젊은이가 사랑과 우정 등 여러 정서적 관계와 역사적 사건 들을 통해 겪는 감정의 파동과 세상에 대한 인식 변화의 흐름이 자연스럽게 그려져 있다. 소설은 열여덟 살 프레데릭 모로가 배 위에서 연상의 여인 마리 아르누를 만나 사랑에 빠지는 장면을 시작점으로 약 삼십 년 시간을 다룬다. 프레데릭은 혈기 왕성한 또래 젊은이들과 1848년 혁명, 나폴레옹 쿠데타 등을 겪지만 이러한 역사적 사건에서 멀찌감치 떨어진 채 아르누 부부의 집을 드나들며 내밀한 연정을 키워 간다. 감수성이 풍부하고 다방면에 재능이 있지만 주관이 약하며 끈기가 부족한 주인공은 예술혼을 적극적으로 추구하지도, 정치적으로 입신하지도 못하며 주변을 겉돌기만 할 뿐이다. 보답 없는 아르누 부인과의 사랑에 괴로워하던 그는 창녀 로자네트, 귀부인 당브뢰즈, 시골 처녀 루이즈 같은 여성들에게서 위로받으려 하지만 덧없는 사랑에 상처만 깊어진다. 급기야 사업 실패로 재정이 악화된 아르누 일가가 파리를 떠남으로써 아르누 부인과의 사랑은 불가능한 영역으로 남고 만다. 플로베르는 『감정 교육』의 전신이라 할 수 있는 「광인의 수기」를 1838년 쓰고 그로부터 육 년 후 『11월』을, 1845년 『감정 교육』의 첫 번째 원고를 써 내는데, 그 이후로도 구상과 집필, 퇴고를 반복하여 지금 우리가 알고 있는 『감정 교육』을 1869년에 이르러서야 발표했다. 전작들에서 낭만주의적인 요소를 철저하게 걷어 내고 완성한 최종판 『감정 교육』은, “프루스트는 두루마리 종이에 끝없이 덧붙이기 위해, 플로베르는 도로 빼고 지우기 위해 스스로를 가뒀다.”라는 롤랑 바르트의 말처럼, 십자가의 고행으로 곧잘 비유되는 플로베르 특유의 엄격하고 완벽한 글쓰기의 본질을 보여 주는 작품이다.",https://audioclip.naver.com/audiobooks/1D42AB19CF
해주는 남자,이현성,"""“네, 사랑과 정성으로 고객님께 보답하는, 해주는 남자 강해랑입니다.” 돈만 내면 모두에게 뭐든지 해주는 남자 강해랑. 처음으로 그의 시선을 사로잡은 여자, 특별하게 다가온 그 여자 하시원만을 위한 맞춤 서비스를 시작한다. “애인 역할 해 줄 사람이 필요해요. 곧 결혼할 애인 역할.” 남자를 믿지 못하는 여자 하시원. 부모님 앞에 내보일 애인이 필요해 뭐든지 해주는 그 남자 해랑과 애인 계약을 맺는다. 그 리고 시작되는 달콤한 연애. “가슴 보고 감탄하기 전에, 시원 씨 보고 감탄했어요.” “왜요? 가슴 커서요?” “아, 거참. 그 가슴 얘기 좀 그만합시다. 시원 씨 정도로 가슴 큰 여자들, 요새 쌔고 쌨어요. 그런데 그냥 가슴만 보고 감탄했겠습니까? 시원 씨 씩씩하고 당당한 모습에 감탄했었어요.” “날 몇 번이나 봤다고 씩씩하고 당당한 걸 알아요?” “시원 씨가 생각하는 거 이상으로 많이 봤어요.”""",https://audioclip.naver.com/audiobooks/8EB15DC695
추억,다자이 오사무,엄선한 일본 근현대 중단편 문학의 정수! ― 마흔여덟 번째 이야기 일본의 인기 작가 다자이 오사무의 데뷔작. 20대 초반에 유서를 쓰는 심정으로 집필한 걸작. 아련한 첫사랑의 풋내 가득한 성장소설. 《출판사서평》 역사적으로나 지리적으로 봤을 때 일본과 우리는 떼려야 뗄 수 없는 관계에 있다. 문화 면에 있어서도 양국 간의 교류는 그 역사가 매우 깊다. 근대 이전까지는 주로 우리를 통해서 선진 문물이 일본으로 들어갔다. 당시의 일본 문화는 우리의 선진 문물에 힘입은 바가 크다. 그러나 근대화 과정에서 우리보다 한발 앞서 서양 문물을 적극적으로 수용한 일본은 이후 우리의 문화에 커다란 영향을 주었다. 지리적으로 인접한 두 나라는 이처럼 오랜 옛날부터 서로에게 커다란 영향을 주었다. 어느 한쪽의 선진 문화가 다른 한쪽으로 전파되는 것이 주된 흐름이었던 옛날과는 달리 지금은 양국이 거의 대등한 입장에서 서로의 문화에 영향을 주고 있다. 교통과 통신의 발달로 어느 한 쪽을 통해 문물을 받아들이는 것이 아니라 서로가 독자적으로 세계와 교류하며 문화를 흡수하고 그것을 발전시켜 나가고 있기 때문일 것이다. 그럼에도 두 나라는 지리적 여건상 지금도 서로에게 커다란 영향을 주고 있다. 정서적으로는 서로 갈등이 있지만 바로 그렇기 때문에 문화적인 면에서의 접근이 선행되어야 할 것이다. 이번에 일본 근현대의 중단편 소설을 시리즈로 기획했다. 일본 근현대 소설이라고 하면 그 범위가 상당히 넓은데 이 시리즈에서는 근현대 문학의 초기 작품부터 현대의 작품까지를 전부 아우를 생각이다. 상당히 긴 작업이 될 테지만 누군가 이 시리즈를 기다려주는 독자가 한 명이라도 있는 한 멈추지 않을 생각이다. 또 각 단편을 읽기 쉽게 하기 위해 따로 출간하기로 했다. 새로운 읽기 문화에 적응하기 위한 몸부림이라고도 할 수 있겠다. 독자에게는 필요한 작품만을 골라 읽을 수 있는 장점이 있으리라. 우리나라 사람들이 이웃나라인 일본 근현대 사회의 정서를 조금이나마 이해하는 데 이 시리즈가 도움이 되었으면 하는 바람이다.,https://audioclip.naver.com/audiobooks/FCC589ADCB
그림자의 사랑,연두,"""이혼 해요."" 움찔하고 그의 손이 순간 멈췄다가 다시 움직였다. 그의 입에서 감정이 담기지 않은, 그러나 섬뜩할 정도로 날카로운 목소리가 흘러나왔다. ""입 다물어."" 다운이 맑은 눈동자로 민철을 올려다보았다. 잊는 평안한 듯 차분한 그 눈은 더 이상 괴로움이나 슬픔은 담고 있지 않았다. ""이혼해요."" 그녀의 말에 아무런 반응을 보이지 않은 채 그가 넥타이를 다 매고 두 손을 바지 주머니에 찔러 넣었다. 의미를 알 수 없는 눈으로 다운의 얼굴을 노려보던 민철이 입술을 한쪽으로 올리며 비웃는 표정으로 말했다. ""누구 맘대로?"" 말없이 조용하게 그를 응시하는 다운에게 민철이 차가운 미소를 지어주곤 그녀의 손에 있는 양복에 자신의 손을 가져갔다. 양복 상의를 손으로 가져가면서 민철이 딱딱한 어조로 말했다. ""오늘 저녁에 동창회 있으니까 준비나 하고 있어."" 그의 말을 못 들은 사람처럼 다운은 아무 반응 없이 그의 얼굴을 조용히 응시하고 있었다. 그녀의 맑은 눈을 잠시 뚫어지게 바라보던 민철이 안방을 나갔다. '평생 이러고 살아, 한다운. 이혼 같은 건 절대 해줄 생각 없으니까",https://audioclip.naver.com/audiobooks/31E9E206F3
도시와 나 - 어떤 여름,함정임,"대한민국 최초의 여행소설집. <도시와 나>는 깊은 문학성을 시반으로 하되 우리 시대 가장 사랑받는 소설가들이 풀어낸 해외 도시 배경 소설로서 보다 대중적인 독자와의 만남을 유도하고 있습니다. 단편소설로 만나는 도시 이야기를 통해 우리는 낯선 여행을 체험하고, 익숙한 도시의 새로운 뉘앙스를 받아들이게 되며, 소설가만의 고유한 문체와 은유와 상징을 알 수 있게 되실 것입니다. 오디오북 <도시와 나>를 통해 빼어난 소설가들의 도시 이야기는 물론 낯선 도시들의 매력에 흠뻑 빠져보시기 바랍니다. * 함정임 <어떤 여름> - 브장송 스탕달의 ""적과 흑""을 들고, 니스행 열차를 타고 있는 여자. 그런 여자에게 왠지 모를 관심이 가는 남자. 여자가 호텔들을 여행한다는 얘기에 남자는 자신이 안내를 해주겠다며 여자에게 동행을 자처한다. 그녀는 왜 호텔들을 여행하려 하는걸까?",https://audioclip.naver.com/audiobooks/741E041423
컴퍼스 콤플렉스 1권,백묘,"""“아니, 아니. 내 말을 오해하는 모양인데…… 지금 내 반응이 되게 사랑처럼 보인다는 거 알아. 내가 바보도 아니고, 그걸 모르겠냐?” 천재 자동차 디자이너 마승민. 자신의 천재성을 몰라주는 회사 생활에 지쳐 까칠해진 그의 앞에 소녀라기보다는 소년 같은 여자 현수가 나타난다. 이상하게도 현수 앞에서는 자신의 솔직한 모습을 보여 줄 수 있게 된 승민, 어느샌가 마음속 깊이 들어와 버린 현수를 향한 승민의 못 말리는 짝사랑! “네. 얄미운데도 사랑해 줘서 고마워요.” 시골 마을의 자동차 정비사인 정현수. 말 못할 콤플렉스로 여자인 자신을 부정하고 남자의 삶을 동경하던 그녀였지만 승민을 만나 제 안의 진정한 모습을 깨닫게 된다. 승민이 만든 자동차가 보고 싶어진 현수는 승민을 따라 서울로 올라오게 되는데…….""",https://audioclip.naver.com/audiobooks/7DF0296D0B
레인보우시리즈 BLUE,오디언,"""너의 눈을 보고 있으면 가슴이 뛰어, 울지 말아라!"" 세상과 안녕을 고하려 벼랑 끝에 선 왕자. 그러나 자신을 감싸안은 팔과 숨을 불어넣는 호흡에 다시 세상에 발을 들이게 된다. 왕자를 구해준 '나'는 바닷 속에 사는 인어였다. 목소리를 버리고 사람의 두 다리를 얻게 된 '나'는 왕자를 만나지만 그는 동화 속 멋지고 로맨틱한 왕자와는 다른 오만방자한 사람이었다. '나'를 아끼고 사랑해주는 오라비는 왕자를 사랑하는 마음을 버리라 계속 설득하지만 '나'로 인해 변해가는 왕자의 곁을 떠 날수 없는데.... 우리가 알고 있던 그들과의 조금은 다른 이야기! 레인보우프로젝트시리즈는 청자가 여자주인공이 되어보는 참여형 오디오드라마입니다. 직접 여주인공이되어 대화해보세요~~~",https://audioclip.naver.com/audiobooks/D807C070EC
필경사 바틀비,허먼 멜빌,"세계대표명작을 엄선하여 줄거리, 주제등을  성우의 목소리로 들려주는 세계 명작  보물창고!  오디오북을 통해 세계 대표명작을 만나 보세요.",https://audioclip.naver.com/audiobooks/7B2D887C0E
