titles,authors,informs,clip_links
원고료이백원 (Resound단편),강경애,"「원고료 이백원」은 1935년『신가정』에 발표된 '강경애'의 단편소설로 사회주의 사상이 드러난 작품입니다. 주인공이 후배 K에게 보내는 편지 형식으로 쓰인 소설로, 신문에 소설을 연재하고 받은 원고료 '이백 원'을 어떻게 쓸 것인가로 남편과 갈등이 생겼다가 해결하는 과정을 그리고 있습니다. (참고로 원고료 이백 원은 현재 가치로 보면 약 이천만 원 정도 된다고 합니다.) 소설은 당시 여성 지식인의 고통과 자기 성찰과 함께, 대의를 위해 자신을 희생해야 한다는 교훈적 결말을 보여주고 있습니다. 「원고료 이백원」의 오리지널 스코어를 작곡한 '박석주'는 음악 밴드 ‘주스 프로젝트’의 리더이자 기타리스트입니다. 전통 음악에 바탕을 두고 때로는 고요하게 때로는 화려하게 음을 넘나들며 음악의 본질적 가치를 탐색하는 뮤지션입니다. 국악과 크로스오버, 영화음악 등 무수히 많은 영역에서 활동하고 있는 박석주는 장편독립영화 '이수아'와 연극 '비명자들' 등에서 음악감독으로 활동하기도 했습니다. 100년 전 우리 소설, 아름다운 소리로 만나다. [Resound 단편] 시리즈 소위 ‘고전’이라 불리는 작품들은 시대를 불문하고 인간과 삶을 관통하는 날카로운 통찰을 담고 있습니다. 그러나 한 번쯤 제목은 들어 봤을지라도, 제대로 읽어본 적은 없는 경우가 많습니다. 왜일까요? 어쩌면 고전은 낡고 지루하며 어렵다는 편견이 있는 건 아닐까요. [Resound 단편] 시리즈는 그 편견을 깹니다. 오늘날 활발히 활동 중인 작가들이 고쳐 쓰고, 그 원고를 전문 배우들이 생생하게 낭독하고, 거기에 뮤지션들이 작곡한 음악이 더해져, 고전은 새로운 예술작품이 되었습니다. 옛 것의 가치는 간직하되 새로운 옷을 입고 화려하게 돌아온 50편의 [Resound 단편] 시리즈가 새로운 문학의 세계, 감상하는 오디오북의 세계로 당신을 초대합니다.",https://audioclip.naver.com/audiobooks/1C2DF19620
향수,파트리크 쥐스킨트,"파트리크 쥐스킨트의 장편소설『향수』는 냄새에 대한 탁월한 재능을 가지고 태어났으나 정작 자신은 아무런 냄새도 가지지 못한, 한 악마적 천재의 기이한 일대기를 그린 작품이다. 쥐스킨트 특유의 치밀한 필치로 복원된 18세기 프랑스를 배경으로 지상 최고의 향기를 얻기 위해 스물다섯 번에 걸친 살인도 마다하지 않는 집념의 일생이 흥미진진하게 펼쳐진다. 후각을 통해 세계를 인식하고 타인을 지배한다는 독특한 발상과 그것을 형상화시키는 쥐스킨트의 탁월한 작가적 역량이 결합된 이 작품은 전 세계 언론으로부터 재미와 문학성을 모두 갖춘 보기 드문 작품이라는 찬사를 받았다. 특히 프랑스의『르 피가로』는 <지금까지의 어떤 것과도 다른, 유례없는 작품으로 동시대의 문학에서 하나의 사건으로 남을 것>이라고 평하였는데, 이러한 평가를 증명이라도 하듯이 1985년 출간된 이래 현재까지 49개 언어로 번역, 전 세계적으로 2천만 부 판매를 기록하는 놀라운 성공을 거두었다. 이 소설의 매력은 냄새, 즉〈향수〉라는 이색적인 소재에서 이끌어 낸 작가의 탁월한 상상력과 위트에서 비롯된다고 할 수 있다. 너무나 놀라우면서도 동화 같고, 그러면서도 무서우리만큼 공포심을 자극한다. 또한 2006년 영화화되면서 국내에서만 개봉한 그 해에 16만 부의 판매고를 올렸다. 시대와 세대를 뛰어넘어 여전히 공감을 일으키는『향수』가 오디오북으로 제작 되었다.",https://audioclip.naver.com/audiobooks/DE74D9A99D
부서진 여름(이정명 장편소설),이정명,"* 이 오디오북은 한국출판문화산업진흥원(KPIPA)의 ‘2021년 오디오북 제작 지원’ 사업 선정작입니다. 성공의 절정에 이른 그날 아침, 아내가 사라졌다 『뿌리 깊은 나무』『별을 스치는 바람』 이정명 신작 장편소설 『뿌리 깊은 나무』 『바람의 화원』 『별을 스치는 바람』 등 굵직한 소재를 소설적 상상력에 절묘하게 결합한 작품들로 한국형 팩션의 새 지평을 연 이정명의 신작 장편소설 『부서진 여름』이 출간되었다. 탁월한 심리묘사와 치밀하게 구성된 서사, 극적 긴장감을 놓치지 않는 전개, 이정명만의 뛰어난 가독성을 담보하는 신작 『부서진 여름』은 거짓말과 오해가 인간의 삶에 개입해, 행복하고 단란했던 가정을 무너뜨리고 그들의 삶을 어떻게 송두리째 빼앗아 가는지를 세 남녀의 비틀린 운명을 통해 그려낸다. 어느 지방도시의 18세 여고생 살인사건으로 인해 사슬처럼 얽혀 들어가는 세 남녀의 착각과 오해. 진실을 오해하고 드러난 사실을 거짓으로 착각해 벌어지는 징벌과 복수. 세 남녀를 통해 소설은 운명처럼 파괴된 시간은 쉽게 돌이킬 수 없다는 삶의 완곡한 진실을 보여준다. 또한 모두에게 고통을 주는 진실이 인간 삶 속에서 어떤 의미를 남기는지 반추하며, 삶을 지탱하는 착각과 오해 그 위태로움이 사랑이라는 이름으로 혹은 행복이라는 이름으로 우리 곁에 존재하는 것은 아닌지에 대해 묻는다.",https://audioclip.naver.com/audiobooks/15665759F8
위대한 개츠비,F.스콧 피츠제럴드,"사랑의 가장 강력한 방해자는 ‘시간’이다. 과거의 ‘그녀’가 아니고 현재의 ‘그’가 미래에도 똑같다는 보장은 없다. 시간이 흐를수록 언제나 변하는 인간에게 사랑은 어쩌면 형벌이다. 그녀에 대한 나의 시간은 멈추어 있지만 이미 그녀는 변해있다. 전 세계를 통틀어 가장 아름답고 슬픈 사랑이야기를 꼽아 보았을 때 빠질 수 없는 것이 ‘위대한 개츠비’이다. 영화와 드라마로 만들어져 많은 사람을 감동 시켰지만 오디오 드라마는 감동 이상의 것을 보여준다. 개츠비와 닉, 톰 과 데이지의 말은 더 이상 대사가 아니다. 당신의 귓가에 쏟아져 들어오는 사랑의 호흡을 느껴보라. “그래서 매일 저녁, 파티를 여는 거죠. 우연히 그녀와 다시 만나기 위해…” “그래요 난, 그녀를 바라보던 그의 눈빛을 기억해요… 그 눈빛은 세상 어느 여자라도 자기를 그렇게 바라봐주길 꿈꾸는 그런 눈빛이었죠.” 한 여자만을 위한 눈물 어린 열정, 그리고 사랑. 자신의 모든 것을 걸 수 있는 간절하고 애틋한 사랑의 경험이 한 번이라도 있다면 꼭 들어야 할 드라마. 증권업에 종사하기 위해 뉴욕으로 온 닉의 바로 옆집에는 제이 개츠비라는 사람이 살고 있는데 여름 내내 수백명의 손님이 참석하는 화려한 파티를 벌이는 수수께끼같은 인물이다. 데이지는 웨스트 에그 건너편의 이스트 에그에서 엄청난 부자인 남편 톰 부캐넌과 살고 있다. 닉은 오랫동안 만나지 못했던 데이지 집안과 교류를 시작하면서 옆집에 사는 개츠비의 파티에도 초대된다. 개츠비의 수수께끼같은 과거 때문에 그에 관한 여러 가지 소문이 무성하다. 개츠비와 점점 가깝게 지내면서 닉은 그가 데이지와 연인 사이였으며 전쟁에 나간 사이에 데이지가 부자인 톰과 결혼을 했다는 것을 알게 된다. 5년동안 데이지만을 생각하며 재산을 모은 개츠비는 데이지를 만나려는 희망으로 그녀의 집이 보이는 곳에 집을 사고 언젠가는 그녀가 자신의 파티에 걸어 들어오기를 바라면서 날마다 파티를 여는 것이었다. 닉은 개츠비의 부탁으로 데이지와 자연스럽게 만날 기회를 만들어주는데… 개츠비의 파티에 참석한 데이지는 개츠비의 재력과 그의 변함없는 사랑에 빠져든다. 데이지의 남편 톰은 아내와 개츠비와의 사이를 불쾌해 하면서 개츠비의 뒷조사를 한다. 데이지는 점점 노골적으로 개츠비와의 사랑을 과시하고 뉴욕에 놀러갈 것을 제안한다. 톰과 개츠비는 서로의 차를 바꿔 타고 뉴욕으로 향한다. 뉴욕의 한 호텔에 도착한 다섯 사람. 5년의 세월이 만들어낸 데이지와의 간격에 조바심을 느낀 개츠비는 과거로 되돌아가기를 바라면서 데이지가 톰을 사랑한 적이 한번도 없었다고 말하도록 강요한다. 분위기가 격해지면서 데이지와 개츠비는 먼저 호텔을 나와 집으로 향하고, 그 과정에서 끔찍한 사고가 일어나게 된다. 허무한 죽음과 쓸쓸한 장례식을 지켜본 닉은 동부에서의 생활에 염증을 느끼고 자신의 고향으로 돌아가기로 결심한다.",https://audioclip.naver.com/audiobooks/D20FD2D414
(요약) 도요새에 관한 명상,원작 : 김원일 / 요약 : 북코스모스,6·25 전쟁으로 말미암은 역사의 비극과 가족사의 아픔 등을 주제로 한 작품을 주로 발표해 온 김원일 씨의 중단편을 엮은 다섯 권짜리 전집. 이 전집은 훼손된 가족사와 당시의 사회구조 속에서 소외된 민중의 삶을 그려내는 데 천착해 온 작가의 문학세계를 정리한다는 의미를 지니고 있다.,https://audioclip.naver.com/audiobooks/DFF28A3CDD
망나뇽의 눈물 (길미),박상영,"도이언은 포켓몬 스티커를 모으려고 빵을 사 먹다가 비만이 생긴다. 친구들의 놀림을 웃음으로 무마하며 외롭게 생활하던 어느 날, 승규라는 아이가 이언의 삶에 파문을 일으킨다. 전매특허가 된 박상영표 ‘웃픈(웃기고 슬픈)’ 소설로, 자아 정체성을 깨달아 가는 십 대 시절의 아릿한 모습을 그린 작품 “시트콤 속 세상은 안전하고, 편안하고, 아무리 극심한 갈등 속에서도 언제나 웃음이 있었다. 나는 그게 왠지 좋았다. 어쩌면 나는 시트콤 속에서 세상을 버티는 방식을 배운 것인지도 모르겠다.”_저자의 말 *** 길미가 낭독하는 박상영 작가의 「망나뇽의 눈물」은 아이돌 및 각계 저명인사의 목소리 재능을 기부받아 소리책을 만들고 이를 통해 청각 장애인에게 희망의 소리를 선물하는 캠페인에 참여한 작품이다. 캠페인 수익금의 일부는 사랑의 달팽이 재단에 기부되어, 경제적 어려움으로 소리 없는 세상에 살고 있는 난청 아동들에게 희망의 소리를 선물해주기 위한 지원 기금으로 사용되어진다.",https://audioclip.naver.com/audiobooks/9CAE594A85
채만식의 이상한 선생님,채만식,"진숙의 학교에는 강 선생님과 박 선생님이 있다. 성격부터 외모까지 모두 다른 둘은 만나기만 하면 싸우는데, 그 와중에 해방을 맞이하고, 둘의 생활은 달라지게 된다. 채만식의 이상한 선생님을 보기 쉽게, 현대적 해석에 맞춰 재구성한 작품이다. 일제강점기, 해방, 해방 이후의 복잡한 시대상을 살아내는 지식인들의 다양한 삶을 표현하고 있다.",https://audioclip.naver.com/audiobooks/DBA0344F7C
플라워스토리 제2장 현호색 : 비밀,오디언,"""심심해…우리 진실게임, 아니 거짓말 게임이나 할까?"" ""시엔! 널 구한건 나야."" ""치앙을 보면…숨이 막히고… 가슴이 뛰어…"" 90년대 초. 중국 심천. 김림에서 일어난 연쇄살인사건으로 시끄러운 가운데, 한여자가 복부에 큰 상처를 입고 발견된다. 기억까지 읽은 그녀. 시엔! 그런 시엔을 돌봐주며 시넹을 모델로 쓰게된 인물사진 전무가 치앙. 하지만 그의 피사체가 되는 인물은 모두 죽음을 맞이한다. 그리고 시엔의 사랑을 좇는 치앙의 동생 리이가 있는데…",https://audioclip.naver.com/audiobooks/12A6C24E08
하긴,이미상,"「하긴」은 딸의 대입에 투신한 민주화운동 세대 아버지의 모습을 풍자적으로 묘사하면서 입시제도의 모순, 중산층 가정의 도덕적 허위 등을 개성 있는 문체로 드러낸다.",https://audioclip.naver.com/audiobooks/3DA005DA56
마부의 죽음,아서 코난도일,"코난도일의 추리걸작들을 오디오북으로 만나 보세요. 모리스 르블랑, 체스터톤과 더불어 추리소설의 대표작가인 코난도일의 명탐정 홈즈시리즈는 가장 사랑받는 추리소설 가운데 하나입니다.",https://audioclip.naver.com/audiobooks/C7183BEB56
[4편 오디오드라마] 누나의 본색,약빤꽃게,"#혼전순결이라니요 #누나의큰그림 #카이제소저급반전 막장 실화를 소개하는 <소쓰있>의 오디오드라마 4편. 곧 결혼을 앞둔 혜선님과 승진님의 사연. 교회에서 연상인 여자친구를 처음 만났어요. 그날 따라 너무 피곤해서 예배 시간에 꾸벅꾸벅 졸고 있는데, 여자친구가 “피곤하면 집에 가도 돼요”라고 해서 깜짝 놀랐어요. 교회에서는 사람들을 끌어들일려고만 하는데 이 사람은 뭔가 다르구나 싶더라구요. 여자친구는 35살인데도 남자를 사귄 적이 없는 정말 순수한 사람이에요. 만날 때마다 점점 더 좋아져서 제가 사귈려고 엄청 들이댔는데요. 친구들이랑 약속이 있다거나 이런저런 핑계를 대고 여자친구 집 근처에서 찾아가서 근처 놀이터에서 자주 데이트했었어요. 여자친구보다 더 좋은 사람은 만날 수 없을 거 같아서 청혼을 하고 드디어 결혼날짜를 잡았습니다. 우리의 연애 스토리를 재미있는 드라마로 만들어주세요. 연상녀 혜선의 깜짝놀랄 반전 캐릭터 기대하세요.",https://audioclip.naver.com/audiobooks/9B4A877BE5
비밀의 화원,프랜시스 호지슨 버넷,"《소공자》, 《소공녀》로 유명한 프랜시스 호지슨 버넷의 대표작! 10년 동안 폐쇄돼 죽어 가던 비밀의 화원에서 펼쳐지는 신비롭고 가슴 벅찬 치유와 성장 이야기 메리는 인도에서 태어나 부모의 사랑 없이 제멋대로 키워진 고집불통 소녀다. 부모의 죽음으로 영국 시골 마을의 고모부 집에서 살게 된 메리는 순박한 하녀 마사와 마사의 동생이자 자연의 친구인 디콘, 마사와 디콘의 지혜로운 어머니인 소어비 부인을 만나 건강하고 활기찬 소녀로 성장해 간다. 그러던 중 우연히 발견한 열쇠는 메리를 비밀의 화원으로 안내하는데……. 《비밀의 화원》이 특별해지는 이유는 비밀의 화원이 활력을 되찾게 되는 것이 아이들이 내면적으로 성장했다는 것을 상징하고 있다는 것과, 주인공 메리의 성장과 치유가 주변으로 확대되는 데 있다. 성장과 치유가 서로 연결되고, 다른 성장과 치유로 연속되는 신비로움을 보여 주고 있는 것이다.",https://audioclip.naver.com/audiobooks/1EEDF2602D
암송,윤해서,"사라지지 않고 도착하는 낮은 울림 “사람마다 다른 목소리가 있죠. 누구에게나 말입니다.” 멀리서 찾아오는, 나를 부르는 목소리 “오래전에 읽은 책에 그런 말이 있었어요. 인간이 한 모든 말의 파동은 남는대요. 사라지지 않고. 사물에, 벽에, 공기 중에. 그래서 모든 공기 중에는 음성 파동이 진동하고 있다고요. 누군가가 누군가를 애타게 부르던 음성이 공기 중에 남아 있다가 나에게 도착하는 것은 아닐까. 그런 생각을 해본 적이 있어요.”_ p. 128 2017년 첫 소설집 『코러스크로노스』를 통해 독보적인 소재와 자신만의 끈질긴 수사를 선보인 윤해서의 두 번째 작품집 『암송』이 아르테 ‘작은책’ 여섯 번째 책으로 출간되었다. 농밀하고 시적인 언어와 SF적 상상력을 한껏 발휘한 첫 소설집을 통해 ‘기존의 재현적 언어를 답습하지 않는, 새로운 양상의 허구’, ‘사람, 사물, 언어의 항구적인 이동’이 카오스로 발생하는 ‘여행 서사’를 그려낸 윤해서는, ‘가장 거대한 것에서 가장 미소한 것까지, 한달음에 파악’하는 특유의 서사 방식에 대해 ‘이런 스케일과 속도는 시공간의 규모를 계측하는 음악적인 방법’이라는 평을 받은 바 있다. 윤해서는 새로운 소설 『암송』을 통해 특유의 서사적 매력과 음악적 특징을 고스란히 담아 보여주면서도, ‘지금 우리가 살아가는 곳’ 가까운 자리에서 ‘현실과 삶’에 대한 이야기를 들려준다. 『암송』에는 독일과 한국, 멀리 떨어진 두 나라에서 각자의 일상을 사는 여덟 명의 인물이 등장한다. 이들은 재난을 직접 경험한 당사자이기도 하고, 그 당사자와 밀접한 관계를 맺고 있는 생존자이기도 하다. ‘선주’와 ‘미소’는 바로 이 삶과 죽음이 중첩된 공간, ‘떠도는 목소리가 끊임없이 밀려드는 공간’에 머물고 있다. 윤해서는 떠도는 목소리들을 통해 광활하고 낯선 허구의 공간을 새로이 만들어내고, 이런 허구적 공간에서 펼쳐지는 ‘삶과 죽음’, ‘단절과 연결’, ‘믿음과 환상’ 같은 문제들을 촘촘히 꿰어나간다. 작가도 우리도 피해갈 수 없는 우리의 사건, 삶이라는 재난에서 남겨진 우리는 이 소설을 통해 어떤 새로운 답을 발견할 수 있을까.",https://audioclip.naver.com/audiobooks/7961EB8AA7
오픈북,이두리,"""자신만의 흔적을 발견하게 해주는 일곱 편의 이야기"" - 요조(책방주인, 작가) ""현실적인 소재들이 판타지와 기묘하게 어우러지며 알싸한 뒤끝을 남기는 책"" - 시한책방(북튜버) 자신만의 흔적을 발견하게 해주는 일곱 편의 이야기 이 오디오북은 경기도와 경기콘텐츠진흥원의 오디오북 제작 지원 사업 선정작입니다. 오직 독립서점에서만 만날 수 있었던 '이야기꾼' 이두리 작가의 단편소설과 미니픽션 일곱 편이 오디오북으로 출간되었다. 서사와 텍스트의 힘을 믿으며, 일상과 판타지를 기발하고 재미있게 연결하는 짧은 이야기들은 각 편마다 강렬한 매력을 선보인다.",https://audioclip.naver.com/audiobooks/665CAD520D
기억해줘,임경선,"사랑과 상처, 그 관계에 대한 이야기! 임경선의 장편소설 『기억해줘』. 작가 임경선의 청소년기와 그간의 연애 그리고 모성의 경험에 이르기까지 경험하고 느낀 것을 녹여낸 작품이다. 그동안 인간 심리에 관한 통찰과 사랑을 이야기해온 저자는 이 책에서 사람들의 저 깊은 곳에 숨어 있는 감정들을 끄집어내 세상에 내놓는다. 불평 없이 자신에게 주어진 운명과 고독을 삼키며 혼자 묵묵히 걸어가는 사람들의 이야기를 해석하거나 판단하지 않고 그저 이야기의 형태로 그려내고자 했다. 한국인이 딱 한 명 있는 미국 고등학교로 전학을 간 해인은 그곳에서 운명처럼 안나라는 여자아이를 만난다. 보편적이지 않은 가정에서 자라 동양인이 거의 없는 미국 소도시에서 자신만의 방법으로 스스로를 지켜내고 있던 안나의 일상은 해인의 등장으로 조금씩 균열이 가기 시작한다. 일련의 소문에 휩쓸리며 상처를 받고 미국에서의 청소년기를 마무리한 안나. 성인이 두 사람은 각자의 상처를 끌어안고 살아간다. 여전히 내면에 아직 자라지 못한 어린아이를 품은 채 다시 만난 두 사람은 서로의 상처를 이해하고 그간의 오해를 풀고 그제야 어른이 되어 진짜 사랑할 수 있는 세계로 한발 내딛는다. 이와 함께 두 사람의 엄마인 ‘혜진’과 ‘정인’은 누구의 엄마가 아닌 자신의 이름을 가진 한 사람의 여자로서 사랑을 추구하는 방식이 어떻게 자식에게 영향을 미치는지 현실적으로 보여준다.",https://audioclip.naver.com/audiobooks/F0413A5EB2
오늘의 거짓말 <삼풍백화점>,정이현,"<달콤한 나의 도시> <낭만적 사랑과 사회> 의 작가 정이현의 두 번째 단편 소설집. ‘오늘의 거짓말’ 총 10개의 단편 중 현대 문학상을 수상한 ‘삼풍백화점' 편이다. 아스라이 사라져간 기억들에 대한 오늘의 회상. 1970년대부터 2000년대의 한국사회 구석구석을 짚어내는 이야기들은 때로는 수수하고 때로는 화려하다. 주인공은 취직도 하지 못하고 남자친구도 만들지 못한 채 대학 졸업을 맞는다. 그리고 삼풍백화점에 갔다가 여고시절 동창이 일하고 있는 옷 가게에 우연히 들어간다. 강남에 사는 주인공은 졸업 후 인근 도서관과 삼풍백화점을 오가며 취직 준비와 시간 때우기로 세월을 보낸다. 그러는 동안 강북에 살며 삼풍백화점에서 일하는 동창과 많은 시간을 함께한다. 동창은 주인공에게 자신의 집 열쇠를 맡기고 둘은 자연스럽게 친밀해졌지만, 주인공이 일일 아르바이트로 동창을 돕다가 일어난 사소한 사건으로 인해 둘은 멀어지고 마는데…",https://audioclip.naver.com/audiobooks/8E228CBC56
(어린이를 위한) 셜록 홈즈 대표 단편선 1,아서 코난 도일,"“나에게 문제를 던져 주게. 가장 난해한 암호, 가장 복잡한 분석과제를 던져 주게. 나는 무미건조한 일상을 혐오하네.” - 셜록 홈즈 아서 코난 도일의 추리물은 직감에 의존한 해결이 아닌 철저한 과학적 추리를 통한 사건 해결로 과학적인 범죄학을 성립시켰고 단순히 범죄소설에 머무르던 추리문학을 당당히 소설의 한 장르로 자리 잡게 했다. 이에 <셜록 홈즈 대표 단편선>은 현대 어린이들의 구미에 맞는 대표적인 작품 4편을 엄선하여 이전과는 새로운 감각의 일러스트를 배치하여 작품의 품격을 높였으며 작품별로 소제목들 달아 전개될 내용에 대한 궁금증을 증폭시키게 했다. 100년 넘게 여전히 독자들의 사랑을 받고 있는 추리소설의 바이블로서 어린이들의 추리력과 상상력을 키우는 계기가 될 수 있을 것이다. <어린이를 위한 셜록 홈즈 대표 단편선>은 가설과 검증, 관찰과 실험으로 대변되는 근대 경험 과학적 사고의 대중 전도사라는 평에 걸 맞는 홈즈의 추리기법을 직접 눈으로 확인하게 되는 계기가 될 것이다.",https://audioclip.naver.com/audiobooks/CA1E0F74A9
광장에 서다 <점 하나>,최영희,"청소년들의 진정한 용기와 힘 그리고 뜨거움! 『광장에 서다』는 한국 현대사가 어떻게 진행되어 왔는지 당대의 시대적 상황을 구체적이고 현장감 넘치는 삶의 모습으로 전달하고 있어, 청소년들에게 한국 현대사를 흥미롭고 의미 깊게 만날 기회를 제공한다. 역사를 아는 것은 우리 삶에 매우 중요한 일이다. 박근혜 정부의 부패한 권력은 어느 날 갑자기 등장한 것이 아니라, 한국 현대사에 뿌리 깊게 박혀 있는 적폐이다. 청소년들이 『광장에 서다』를 읽으며 한국 현대사를 자세히 들여다보면 그 적폐의 시작이 언제부터 어떤 방식으로 형성되어 왔는지를 알 수 있게 된다. 그 중 <점 하나>는 2000년대 이후 - 촛불 집회를 다루었다.",https://audioclip.naver.com/audiobooks/283218CAD4
우리의 소원은 전쟁,장강명,"[본 오디오북은 '요약본'입니다.] 상상하고 싶지 않았던 북한의 실상, 장밋빛 미래로 포장되던 ‘통일’을 현실적으로 그려낸 또 하나의 문제작! 《표백》, 《한국이 싫어서》, 《댓글부대》의 저자 장강명의 장편소설 『우리의 소원은 전쟁』. 김씨 왕조 붕괴 이후의 북한을 배경으로 3일간의 사투를 벌이는 근미래 액션 스릴러이다. 매 작품마다 한국 사회에 도발적 문제를 제기해온 저자는 이번 작품을 통해 ‘북한 붕괴’라는 민감한 이슈를 다루면서도 재미와 카타르시스를 놓치지 않고 끝까지 내달린다. “우리 시대를 다루는 작품을 쓰고 싶다”는 포부를 밝혀온 저자는 이 작품을 통해 다시 한 번 오늘의 한국 사회와 우리의 적나라한 민낯을 마주하게 만든다. 이야기는 김씨 왕조 붕괴 이후의 북한에서 시작된다. 혼돈으로 가득한 북한 장풍군에 수상한 사내가 등장한다. 얼굴에 칼날 같은 흉터가 있는 이 사내의 이름은 장리철. 이유는 숨긴 채 신천복수대 출신을 찾아 헤매다 남한과 가장 가깝다는 장풍군으로 흘러들게 된다. 한편 북한에 파견될 평화유지군으로, 영어가 된다는 이유만으로 ‘군대를 두 번 오게 된’ 남한 청년 강민준. 그의 불행은 악명 높은 황해북도 장풍군 희망부대로의 파견으로 정점을 찍는다. 그리고 마약수사팀 소속 미셸 롱 대위와 함께 한 치 앞도 가늠할 수 없는 사건 속으로 휘말리는데……. 철저한 자료 조사와 분야 전문가 및 관련자들 취재를 바탕으로 독자들이 긴장감과 속도감을 느끼도록 온 힘을 다해 써내려간 이 작품을 통해 저자는 저널리스트이자 소설가라는 정체성을 극대화했다. 약육강식의 무정부 사회 속에서 오직 자신의 신념을 걸고 맨몸으로 맞서 싸우는 주인공들의 3일간의 사투가 숨막히게 펼쳐지며, ‘늑대’와 ‘군견’으로 비견되는 사내들의 피 튀기는 격투와 총격전이 펼쳐지는 이 악몽 같은 세계에서 우리는 과연 무엇을 따르고 무엇을 위해 살아야 하는지를 묻는다. 그리고 문학이야말로 지금 우리가 발을 딛고 서 있는 바로 이곳을 낯설게 바라보게 만드는 힘임을 보여준다.",https://audioclip.naver.com/audiobooks/22F9E1EF90
에도가와 란포 소년 탐정단 시리즈 2,에도가와 란포,"일본의 유명 만화 <명탐정 코난>의 원전에 해당하는 유명작! 변신의 귀재 20가면, 명탐정 아케치 고고로, 소년탐정단이 펼치는 손에 땀을 쥐는 대결! 진짜 모습을 감추고 값비싼 보물, 고대 유물, 명화만 훔치는 괴도 20가면과 그를 뒤쫓는 천재 탐정 아케치 고고로의 흥미진진한 추리대결이 펼쳐진다. 또한 용감하고 영리한 꼬마 조수 고바야시가 이끄는 소년탐정단의 통쾌한 활약도 빼놓을 수 없다. 기상천외한 수법으로 범행을 벌이는 괴도 20가면과 그를 막기 위해 활약하는 명탐정 아케치 고고로, 고바야시 요시오, 소년탐정단 등 시리즈의 주축을 이루는 등장인물들이 기념비적인 첫 대결을 벌인다.",https://audioclip.naver.com/audiobooks/283545FE9D
남생이 (Resound단편),현덕,"「남생이」는 1938년 『조선일보』 현상공모에 당선된 작품으로 작가 '현덕'의 데뷔작입니다. 인천의 선창가를 배경으로, 농촌에서 이주한 젊은 하층민 부부의 비극적인 삶을 어린아이(노마)의 시선으로 바라보는 작품입니다. 몸이 아픈 아버지는 경제권을 잃고 무능력하면서도 신경질적인 사람이 되었고, 어머니가 ‘항구의 들병장수’로 경제활동을 하며 가족의 생계를 꾸려갑니다. 그 사이에 갈등이 점점 커져갑니다. 어린 소년 노마는 그 모습을 곁에서 지켜보면서 조금씩 성장해갑니다. 노마가 높은 나무에 제 힘으로 처음 오르게 된 날, 아버지는 갑자기 세상을 떠납니다. 소설 '남생이'는 1930년대 인천 부둣가를 배경으로 도시 빈민이 살아가는 모습을 통해, 가난한 식민지 민중의 실상을 보여줍니다. 「남생이」의 오리지널 스코어를 작곡한 '하임'은 오스트리아 모차르테움에서 피아노 과정을 수학하던 중, 일렉트로닉 음악으로 선회한 뮤지션입니다. 2008년도에 전곡 작곡, 보컬, 프로듀싱, 그리고 믹싱까지 혼자 다한 데뷔 앨범 <Haihm>을 발표하면서 큰 주목을 받았습니다. 이후 독립 음악과 대중 음악을 오가며 윤상, 아이유, 가인, 스윗소로우 등 다수 음악가들의 음반에 작곡 및 편곡, 리믹스, 믹싱으로 참여하면서 그 활동의 폭을 넓혀가고 있습니다. 100년 전 우리 소설, 아름다운 소리로 만나다. [Resound 단편] 시리즈 소위 ‘고전’이라 불리는 작품들은 시대를 불문하고 인간과 삶을 관통하는 날카로운 통찰을 담고 있습니다. 그러나 한 번쯤 제목은 들어 봤을지라도, 제대로 읽어본 적은 없는 경우가 많습니다. 왜일까요? 어쩌면 고전은 낡고 지루하며 어렵다는 편견이 있는 건 아닐까요. [Resound 단편] 시리즈는 그 편견을 깹니다. 오늘날 활발히 활동 중인 작가들이 고쳐 쓰고, 그 원고를 전문 배우들이 생생하게 낭독하고, 거기에 뮤지션들이 작곡한 음악이 더해져, 고전은 새로운 예술작품이 되었습니다. 옛 것의 가치는 간직하되 새로운 옷을 입고 화려하게 돌아온 50편의 [Resound 단편] 시리즈가 새로운 문학의 세계, 감상하는 오디오북의 세계로 당신을 초대합니다.",https://audioclip.naver.com/audiobooks/0BE15EB8FF
여름을 지나가다,조해진,"[본 오디오북은 '요약본'입니다.] 위태롭고 아프기만 한 젊은 세 남녀의 여름 섬세하고 정교한 문장으로 자신만의 문학세계를 구축해나가며 2013년 신동엽문학상, 2014년 젊은작가상 수상을 수상한 작가 조해진의 네 번째 장편소설 『여름을 지나가다』. 2014년 한 해 동안 계간 《문예중앙》에 연재되었던 작품이다. 내일의 희망이나 포부를 갖지 못하는 젊은 세 남녀의 폐허 같은 삶을, 곧 폐허가 될 피난처에서 보내는 그들의 아픈 여름의 시간을 치밀하고 단단한 서사와 정밀한 문체로 그려냈다. 매물로 나온 집에 몰래 들어가 거주인의 삶을 짧게 살아내고 나오는 부동산중개소 직원 민. 입대를 앞두고 남의 신분증을 위장하여 아르바이트를 하는 신용불량자 수. 오직 돈을 벌기 위해 초인적인 힘을 쏟지만 머지않아 일자리를 잃게 될 연주. 젊은 세 남녀에게 여름은 위태롭고 아프기만 하다. 약혼자와의 결별과 그와 연관된 한 노동자의 죽음, 그리고 할머니의 죽음, 아버지가 진 빚 때문에 신용불량자가 되어 타인의 명의까지 도용해야 하는 상황에 놓인 것이 결국 다 이 여름이 벌어진 일들이다. 그들에게 세계는 거듭 폐허일 뿐이다. 여기 또 곧 폐허가 될 그들의 피난처가 있다. 폐업하고 급매로 내놓았지만 아무도 거들떠보지 않는 버려진 가구점. 성스러움에 가까운 목수의 노동의 흔적이 남아 있는 곳. 민과 수는 고단한 삶에 지칠 때면 그곳을 찾는다. 곧 철거될 예정이지만 연주에게도 무지개와 풍선이 그려진 옥상 놀이공원이 있다. 각자 겨우 겨우인 삶 속에서, 추억도 사치가 되는 메마른 시간 속에서 타인의 삶에, 그 고통에 손을 내밀어 보인다. 곧 폐점될 가구점에서 살이 부러진 비닐우산을 나눠 쓰고, 곧 철거될 옥상 놀이공원에서 인스턴트 커피를 나눠 마신다.",https://audioclip.naver.com/audiobooks/5B02C3FEA9
센티멘털도 하루 이틀,김금희,"앞이 잘 보이지 않아도, 한걸음씩 찬찬히 김금희의 소설은 어느덧 우리 시대의 보편이 되어버린 막막한 현실을 정직하게 응시하는 데서 출발한다. 아버지는 사업에 실패하고 집을 나가 자취를 감추었거나(「너의 도큐먼트」), 허울뿐인 베트남 참전 경험만 믿고 허황하게 사업을 벌이다 IMF에 떠밀려 좌초되거나(「장글숲을 헤쳐서 가면」), 일평생을 몸 바쳐 일했지만 정년을 채우지 못하고 회사에서 밀려나 병원 중환자실에 누워 있다(「아이들」). 그다음 세대에게도 현실은 크게 다르지 않아, 소설의 주인공들은 갓 상경해 입사한 회사를 수습기간도 채 채우지 못하고 그만두게 되거나(「우리 집에 왜 왔니」), 다단계 회사에 들어가 몇달씩 헛된 꿈을 쫓기도 하고(「아이들」), 서울의 변두리를 전전하다 회사 사무실에 임시 거처를 마련하거나(「릴리」), 고단한 일상을 견디며 철거 중인 오래된 판자촌을 지키고 있다(「집으로 돌아오는 밤」). 개인의 삶을 짓누르는 현실의 무게야 새삼스러운 것이 아니지만, 김금희의 소설이 돋보이는 점은 자신이 처한 곤경에 유난 떨지 않고 손쉽게 환상에 기대지도 않으며, 그렇다고 어정쩡하게 타협하지도 않는 차분한 균형감각이다. 「너의 도큐먼트」의 주인공은 어머니의 제안에 따라 집 나간 아버지를 찾으러 지도를 들고 시내 곳곳을 돌아다니는데, 거리거리를 계획 없이 어슬렁거리는 그 하릴없는 여정의 사이에, 옛 친구의 죽음을 전해듣고 해묵은 부채감에 친구의 집을 찾아 나서는 이야기가 나란히 놓인다. 이 탐색은 결국 아버지의 현재와 친구의 죽음 양쪽 모두와 지금의 자신 사이에 가로놓인 현실적인 거리감을 확인하는 데서 그치게 되어 있지만, 소설은 그 공백의 자리로부터 자신만의 길을 어렴풋하게 열어나가는 주인공의 성장을 담담하게 그려 보인다.",https://audioclip.naver.com/audiobooks/EEAEA06E11
마이 슈퍼 어글리 보스,김한이,"위로는 부장이 괴롭히고 밑에서는 후배들이 사고치고 하루도 편할 날 없는 직장 생활. 게다가 엄마는 시집 안 간다고 구박하고, 친구는 술 좀 작작 마시라고 구박하고. 대한민국에서 커리어우먼으로 살기가 이다지도 힘들다니. 그 와중에 서툰 한국어로 작업을 걸어 오는 임시 보스까지 모셔야 한다는데…. 유능한 노처녀 커리어우먼 이 과장의 성공적인 사내 출세기 사내 연애기를 그린 김한이 로맨스 장편소설 『마이 슈퍼 어글리 보스』.",https://audioclip.naver.com/audiobooks/B13883428D
찰리 챈 : 커튼 뒤의 비밀,얼 데어 비거스,"이브, 마리, 제니. 미모의 여인들이 어둠속으로 사라졌다! 행방불명이라는 수수께끼! 이들은 과연 어디로 사라졌으며 변호사 힐러리 골트와 프레더릭경을 살해한 자는 누구일까? 중국계 하와이 출신의 명수사관 찰리 챈 경감! 어느날 샌프란시스코의 청년 갑부 베리 커크가 마련한 저녁 파티에서 전 런던 경찰청의 수사과장 프레더릭 경감이 살해되는 사건이 발생한다. 그는 16년 전 영국 런던에서 발생한 의문의 사건 '변호사 힐러리 골트 살인사건'을 추적 중이었다. 그리고 15년 전 인도의 페샤와르에서 실종된 미모의 여인 '이브 듀런드 실종사건'. 프레더릭 경은 두사건이 분명히 연관돼 있다고 생각해 은밀하게 수사를 벌이고 있었다. 파티에 참석했던 찰리 챈 경감은 프레더릭 경의 뒤를 이어 본의 아니게 사건을 맡게 되고, <이브 듀런드 실종사건> 외에 미모의 모델이자 배우였던 <마리 랑뗄므>와 <제니 제롬 실종사건>을 알게 된다. 찰리 챈은 명석한 두뇌와 추리력으로 사건을 해결해 나가는데…",https://audioclip.naver.com/audiobooks/A46210B8E1
2098 스페이스 오디세이 (크나큰 이동원),김희선,"이제는 쇠락한 W시 외곽, 정체를 알 수 없는 콘크리트 건물이 하나 서 있다. ‘에드워드 김 생명공학 연구소’라 적힌 그곳에는 인류의 운명을 바꾼 한 천재 과학자가 있었다. 출생과 함께 어머니를 잃고 외가에서 유년을 보낸 과학자, 김호현. 그는 한국으로 돌아와 연구소를 연 뒤 ‘역복제’를 위해 투자를 받는다. 바로 유전자를 재배열해 대상자의 부모를 만들어내는 연구를 하겠다는 것. “죽은 부모를 살게 하는 것만큼 인간을 행복하게 하는 일은 없다”는 말처럼, 그는 정말 자신의 부모를 복제하고 싶었던 걸까? 에드워드 김의 존재를 두고 벌이는 진실과 허구의 공방. “김호현인 듯도 아닌 듯도 보이는 두 개의 얼굴은, 사실 잘 보며 서로가 서로를 향해 웃고 있는 것 같은” 환상 속으로 독자를 이끈다. *** KNK(크나큰)의 멤버 이동원이 낭독하는 김희선 작가의 「2098 스페이스 오디세이」는 아이돌 및 각계 저명인사의 목소리 재능을 기부받아 소리책을 만들고 이를 통해 청각 장애인에게 희망의 소리를 선물하는 캠페인에 참여한 작품이다. 캠페인 수익금의 일부는 사랑의 달팽이 재단에 기부되어, 경제적 어려움으로 소리 없는 세상에 살고 있는 난청 아동들에게 희망의 소리를 선물해주기 위한 지원 기금으로 사용되어진다.",https://audioclip.naver.com/audiobooks/C29A8D35F7
하늘로 날아간 꼬마열차 (ENOi 라온),박경태,"수인선 협궤열차인 꼬마열차에 얽힌 일제 강점기 시대의 민족 수난사를 의미 깊게 다룬 역사 판타지 동화 수인선 협궤열차인 꼬마열차에 얽힌 일제 강점기 시대의 민족 수난사를 의미 깊게 다룬 역사 판타지 동화이다. 이 책의 중심인물인 할아버지는 일제 강점기인 어린 시절을 슬픔과 아픔 속에서 살았다. 하지만 시간이 지날수록 과거의 기억은 점점 희미해져 간다. 지금은 승객이 없어서 운행이 중단된 채 잊혀져가는 꼬마열차처럼 할아버지가 일제 강점기에 겪은 아픔은 조각난 퍼즐처럼 뒤엉킨 어렴풋한 기억으로만 존재할 뿐이다. 할아버지는 사라져가는 기억을 더듬으며 날마다 누군가를 기다리듯 들판에 나가 지팡이에 몸을 의지한 채 꼬마열차가 다닌 철길 흔적을 따라 걷는다. 아들과 며느리가 말려도 뿌리치고 고집스럽게 들판으로 나오는 이유를 할아버지 자신조차 알지 못한다. 무엇이 할아버지를 철길 흔적이 남아 있는 들판으로 날마다 불러내는 것일까? *** ENOi의 리더 라온이 낭독하는 박경태 작가의 「하늘로 날아간 꼬마 열차」는 아이돌 및 각계 저명인사의 목소리 재능을 기부받아 소리책을 만들고 이를 통해 청각 장애인에게 희망의 소리를 선물하는 캠페인에 참여한 작품이다. 캠페인 수익금의 일부는 사랑의 달팽이 재단에 기부되어, 경제적 어려움으로 소리 없는 세상에 살고 있는 난청 아동들에게 희망의 소리를 선물해주기 위한 지원 기금으로 사용되어진다.",https://audioclip.naver.com/audiobooks/D388D45F90
굿바이 파라다이스,강지영,"강지영 작가는 사랑, 죽음, 삶과 판타지, 욕망에 관한 매혹적인 소설을 쓴다. 정체를 알 수 없는 서늘하고 아름다운 강지영 작가만의 환상의 세계가 펼쳐진다. <굿바이 파라다이스> 들풀이 가득한 벌판에 신도림 행 2호선 순환 열차가 멈춰 선다. 마흔 다섯 살의 지하철 세일즈맨 한명수가 검은 양복을 갖춰 입은 남자를 따라 내린다. “어때요, 마음에 드시나요?” 남자는 명수가 지하철에 뛰어들어 자살했다며, 지난 기억을 떠올리라고 말한다. 지옥 같은 생과 천국, 명수가 있던 곳은 지옥일까 천국일까? 앞으로 그는 어디로 향하게 될까? 무한으로 순환하는 열차에 탄 한명수가 생의 마지막 도착한 역에서 만난 이야기.",https://audioclip.naver.com/audiobooks/5002E85FBC
리어왕,윌리엄 셰익스피어(William Shakespeare),"연로한 리어왕은 세 딸에게 자기를 얼마나 사랑하고 있는지 물어, 애정의 척도에 따라 나라를 나누어주고 여생을 편히 지내기로 마음먹는다. 그 결과, 첫째와 둘째 딸은 온갖 아첨을 늘어놓아 아버지의 마음을 만족시키지만, 막내딸은 효심을 마음 속에만 담아둔 채 아첨하기를 거부해 노왕의 노여움을 사고, 결국 아무 상속도 받지 못한 채 의절까지 당한다. 하지만 위의 두 딸은 왕이라는 명목 뿐 실질적인 권한이 없는 늙은 아버지를 학대한 끝에 내쫓고, 리어왕은 폭풍우가 몰아치는 들판을 헤매다가 실성하고 마는데… 1608년 출판된 윌리엄 셰익스피어의 [리어왕]의 비극은 주인공인 리어왕의 성격적 결함에 있는데, 그의 통찰력 결핍과 완고한 고집, 노망, 그리고 질서의 파괴로 인한 비극이 바로 그런 비극의 중심을 이루면서 현대를 사는 우리에게도 여전히 교훈을 주고 있다. 햄릿, 멕베스, 오셀로와 함께 그의 4대 비극으로 일컬어지는 [리어왕]",https://audioclip.naver.com/audiobooks/3EE99443BB
