titles,authors,informs,clip_links
꽃등연서 1부 - 16세기 그대,유춘강,"유춘강 작가의 10부작 장편소설 - ‘나의 인생은 더 이상 조선에 없어.’ - 16세기에 조선과 중국 일본을 시 하나로 평정한 최초의 국제적 베스트셀러 작가 허난설헌은 2019년 잠실근처 토성마을에서 8년째 살고 있다. 사자자리에 유성우가 내리던 날 지긋지긋한 조선을 탈출했다. 마치 런던의 버지니아 울프가 코트 주머니 가득 돌을 집에 넣고 템즈강을 향해 걸어갔듯이. 비록 16세기는 스물일곱에 요절한 동양 최고의 여류시인으로 기록됐지만 21세기는 주민센타에서 시를 강의 하고, 대필작가로 살며 자신만의 글을 쓰는 고즈넉한 삶을 산다. 그러던 어느 날 믿을 수 없는 일이 벌어진다. 남편 김성립을 꼭 닮은 남자, 일본의 미남배우 ‘사카구치 켄타로’가 바로 앞집으로 이사 온 것이다. 안개 낀 밤 골목에서 마주친 그는 유령을 본 듯 놀라는 그녀에게 직진하듯 말한다, - ‘나, 김성립 대기만성의 남편이 되겠소.’ - 허난설헌을 죽음으로 이르게 한 원인제공자이며 가장 찌질한 남편의 알려진 김성립. 사실 그는 16세기 기방을 외모 하나로 평정한 꽃선비이며, 조선시대 부적응자인 난설헌을 사랑한 조선판 츤데레 이다. 사대부가의 선비답게 의병장으로 참여한 임진왜란 당시 전투 중 떨어진 유성으로 인해 죽음의 위기에 처했을 때 가슴에 품고 있던 아내의 시, <유선사> 덕에 목숨을 구한 김성립. <유선사>에 반해 그를 구한 왜승 게이테츠 겐쇼는 자살을 선택하려는 그에게 반드시 아내를 만나게 될 것이라는 예언을 한다. 유성의 남자는 시간의 지배를 받지 않는다는 아리송한 말과 함께. 해서 그는 살았다. 1593부터 2019년까지. - ‘그립고 그리우니 바람이 되어서라도 찾겠습니다.’ - 일본에서 500여 년간의 독수공방의 지루한 시간을 기를 쓰고 살아낸 김성립과 16세기는 잊고 서울에서 욜로 족으로 자신만의 생을 사는 난설헌. 드디어 16세기의 그대와 21세기의 당신이 서울에서 만난다. 아내는 무명의 작가, 남편은 타고난 재능을 발휘해 인기배우로. 무덤가를 지키는 꽃등에 새겨진 문신처럼 오래된 그 둘의 사랑은 여전할까? 500년을 이어진 꽃등연서는 과연 전해져서 21세기에는 그들의 사랑이 통할까…….",https://audioclip.naver.com/audiobooks/5BE8F1F629
누구를 위하여 종은 울리나,어니스트 헤밍웨이,"세계대표명작을 엄선하여 줄거리, 주제등을  성우의 목소리로 들려주는 세계 명작  보물창고!  오디오북을 통해 세계 대표명작을 만나 보세요.",https://audioclip.naver.com/audiobooks/3B464E8C03
현숙 (Resound단편),나혜석,"「현숙」은 1936년 12월 『삼천리』에 발표된 '나혜석'의 단편소설입니다. 카페여급이자 모델로 활동하는 '현숙'은 다면적인 성격의 소유자로, 경제적 주체로 살아가기 위해 투자자를 찾아다니며 고군분투합니다. 현숙은 그를 둘러싼 기만적인 남성들의 논리를 전유하고 패러디하는 가운데 '고유한 젠더는 없다'는 진실을 우회적으로 폭로합니다. 소설은 남성중심 사회에서 남녀 각자의 고유한 도덕적, 성적인 가치관이 없다는 사실을 말하고 있습니다. 나혜석은 '현숙'을 통하여 근대적 여성상을 제시하고 젠더구성을 새롭게 도모하고자 합니다. 「현숙」의 오리지널 스코어를 작곡한 '유요한'은 독일 자르브뤼켄 국립 음대 대학원 현대음악가를 졸업했습니다. 음악 작곡뿐만 아니라, 2018년 한국에서 열린 <류이치 사카모토 특별 전시>에서 공간을 연출하는 등 다양한 분야에서 활발히 활동하고 있는 차세대 뮤지션입니다. 100년 전 우리 소설, 아름다운 소리로 만나다. [Resound 단편] 시리즈 소위 ‘고전’이라 불리는 작품들은 시대를 불문하고 인간과 삶을 관통하는 날카로운 통찰을 담고 있습니다. 그러나 한 번쯤 제목은 들어 봤을지라도, 제대로 읽어본 적은 없는 경우가 많습니다. 왜일까요? 어쩌면 고전은 낡고 지루하며 어렵다는 편견이 있는 건 아닐까요. [Resound 단편] 시리즈는 그 편견을 깹니다. 오늘날 활발히 활동 중인 작가들이 고쳐 쓰고, 그 원고를 전문 배우들이 생생하게 낭독하고, 거기에 뮤지션들이 작곡한 음악이 더해져, 고전은 새로운 예술작품이 되었습니다. 옛 것의 가치는 간직하되 새로운 옷을 입고 화려하게 돌아온 50편의 [Resound 단편] 시리즈가 새로운 문학의 세계, 감상하는 오디오북의 세계로 당신을 초대합니다.",https://audioclip.naver.com/audiobooks/7C7DFADC2D
싱크홀,이재익,"[본 오디오북은 '요약본'입니다.] ‘싱크홀’이라는 대재앙을 소재로 한 한국 최초의 블록버스터 재난소설 “서울 도심 한복판에서 1000미터 깊이의 싱크홀이 발생한다면?” ""너희 인간은 지구의 주인이 아니라 잠시 살다가 사라지는 종족일 뿐이야!"" 죽음의 공포 앞에서 나약할 수밖에 없는 인간 내면을 극사실적으로 포착한 수작 재미와 감동을 선사하며 스토리텔러로서 주가를 올리고 있는 이재익 작가의 7번째 장편소설. ‘대자연의 경고’라고 일컬어지는 싱크홀을 소재로 한국 소설의 상상력이 어느 경지에까지 이르렀는지, 그 현주소를 가늠해볼 수 있는 작품이다. ‘한국의 바벨탑’이라고 불리는 123층 높이의 시저스타운. 정부의 도심 개발 방향에 반감을 품은 환경주의자들은 ‘한국의 바벨탑’이라 부르며 반대를 하지만 결국 빌딩은 완성됐다. 신에 대한 도전과 인간의 탐욕으로 만들어진 시저스 타워의 개장식은 화려하게 거행된다. 개장식이 거행된 후의 자정. 100층에 위치한 클럽 시저스의 손님들이 카운트다운의 ‘O’을 외치는 순간, 건물은 거짓말같이 땅 속으로 가라앉는다. 순간 현장은 아수라장이 되고, 대부분의 사람은 충격의 여파로 목숨을 잃는 가운데 산 자들의 처절한 생존게임이 시작된다.",https://audioclip.naver.com/audiobooks/784362B2BC
저스트 어 모멘트,이경화,도심의 식당 ‘저스트 어 모멘트’에서 최저 임금을 둘러싸고 벌어지는 아르바이트 청소년들의 이야기를 담았다. 말이 없던 시은이 자신의 삶에 물음표를 던지며 앞으로 나아가기까지 시은이 삶에 결코 ‘잠깐’이 될 수 없는 이야기가 속도감 있게 펼쳐진다. ,https://audioclip.naver.com/audiobooks/4BC85C5970
할머니가 미안하다고 전해 달랬어요 1,프레드릭 배크만,"『오베라는 남자』로 전 세계를 감동시킨 작가 프레드릭 배크만 신작 장편소설 이 책을 읽을 때는 휴지를 꼭 준비해라. 그리고 웃을 준비도. 이 책은 당신이 잊고 있었던, 스스로를 용서하는 법을 알려준다. _비즈니스 인사이더 ★★★★★ 2015년 소설 1위 『오베라는 남자』의 작가 프레드릭 배크만의 신작 장편소설 ★★★★★ 비즈니스 인사이더 선정 2015년 베스트셀러 ★★★★★ 미국 아마존 별점 4.5개 『오베라는 남자』로 전 세계를 감동시킨 작가 프레드릭 배크만 테러리스트 같은 할머니와 우라지게 짜증 나는 소녀를 데리고 컴백하다! 촌철살인 한마디로 뒷목 잡게 하는 소녀, 엘사. 업무에 치여 일중독에 빠져버린 완벽주의자, 엄마. 누구든 미치게 만드는 초능력을 가진 슈퍼 히어로, 할머니. 어느 날, 엘사의 하나뿐인 든든한 지원군 할머니가 마지막 안부 편지를 건넨다. ‘평범한’ 아파트에 사는 ‘대체로 평범한’ 주민들에게 전해진 편지 한 통, 그 편지를 받고 나서부터 시작되는 마법 같은 기적! “저기요, 초면에 실례인데요. 우리 할머니가 미안하다면서 안부 전해달라고 했어요.” 어마무지 짜증나게 굴지만 우라지게 사랑할 수밖에 없는 한 편의 동화 같은 이야기가 찾아온다! “사랑한다. 우라지게 사랑한다!” 세상 모든 엄마와 딸을 위한 기적과 감동의 순간! 『오베라는 남자』의 작가 프레드릭 배크만의 신작 장편소설 『할머니가 미안하다고 전해달랬어요』가 다산책방에서 출간되었다. 『할머니가 미안하다고 전해달랬어요』는 할머니와 엄마, 그리고 손녀까지 여성 삼대가 그려내는 가슴 따뜻한 이야기다. 프레드릭 배크만이 전작 『오베라는 남자』에서 59세 남자 오베를 통해 이웃과 사회와의 화해를 유머러스하게 그려냈다면, 『할머니가 미안하다고 전해달랬어요』에서는 일곱 살 소녀 엘사의 눈을 통해 케케묵은 가족 간의 갈등을 풀어내고 화해로 이끌어낸다. 그 대상은 할머니와 엄마, 엄마와 딸이 되기도 하지만 더 나아가서는 오해로 등 돌린 이웃 간의 화해로 확장되기도 하고 자기 자신과의 화해로 깊어지기도 한다. 프레드릭 배크만의 데뷔는 그야말로 드라마틱했다. 그는 『오베라는 남자』 출간 전에 이름을 알린 작가도 아니었고 스웨덴이라는 작은 국가의 칼럼리스트에 불과했다. 블로그에 연재하던 소설을 책으로 출판해보라는 방문자들의 권유에 『오베라는 남자』가 책으로 탄생했고, “가장 매력적인 데뷔”라는 보도가 외신을 통해 퍼지며 일약 전 세계적인 스타가 되었다. 스웨덴의 칼럼리스트가 쓴 첫 소설은 전 세계 33개국에 판권이 팔리고 2백만 부의 판매고를 기록했으며 우리나라에서도 2015년 소설 판매 1위를 기록했다. 독자들은 “읽는 내내 깔깔거리며 웃다가 소설의 마지막에 가서는 울어버렸다”며 배크만의 작품에 공감했다. 가장 매력적인 데뷔이다. 당신은 웃고, 눈물짓고, 공감할 것이다. 그리고 당장이라도 모든 것이 귀여운 곳, 스칸디나비아에 가고 싶어질 것이다. _『people』 따뜻하고, 재미있다. 거기에 견딜 수 없이 감동적이다. _『Daily Mail』 읽는 내내 깔깔거리며 웃다가, 소설의 마지막에 가서는 울어버렸다. _Amazon 독자 Jules 배크만의 작품이 조용한 돌풍을 일으키며 전 세계적인 인기를 끈 데에는 이유가 있었다. 바로 따뜻한 감성과 유머, 그리고 ‘오베’라는 캐릭터가 가진 힘이 독자로 하여금 공감을 불러일으켰기 때문이다. 『오베라는 남자』에 59세 남자 ‘오베’가 있었다면 『할미전』에는 일곱 살 소녀 ‘엘사’가 있다. 매력적이면서도 공감할 수밖에 없는 사연을 갖고 있는 캐릭터를 보여주기 때문에 프레드릭 배크만의 세 번째 소설에 대한 기대가 벌써부터 크다.",https://audioclip.naver.com/audiobooks/AD0A9934F2
조선의 여성상인 김만덕,윤수민,"장사로 부를 쌓고, 자선으로 덕을 쌓다! 진정한 상도를 보여준 여성 상인 김만덕의 일생을 그린 소설『조선의 여성 상인 김만덕』. 조선 중엽, 제주에서 여성 상인으로 활약하며 자신의 전 재산을 가난한 백성들을 위해 바쳤던 김만덕. 이 소설은 관기에서 거상으로, 거상에서 자선가로 변모했던 그녀의 삶을 그리고 있다. 작가는 역사서에 짧은 흔적으로 남아 있는 김만덕을 생생하게 되살려냈다. 1739년, 유배의 땅이었던 제주에서 양인으로 태어난 김만덕. 그녀는 부모의 죽음으로 관기가 되지만 상인이었던 아버지의 피를 물려받아 제주의 특산물을 내다 팔며 돈을 벌기 시작한다. 장사로 부를 쌓은 김만덕은 객줏집을 세 군데나 차리게 된다. 하지만 관기의 신분에서 벗어나 성공한 뒤에도 여전히 절약하며 가난하고 약한 사람들을 돕는데…. 여기서는 삶의 굴레를 벗어던지고자 한 당찬 여인 김만덕의 일생과 함께, 18세기 후반 조선의 모습을 엿볼 수 있다. 김만덕은 시대의 변화에 빠르게 대처하면서 자신의 재능을 발휘하였다. 그녀의 삶은 진정한 상도란 무엇인지, 사람의 길이란 무엇인지를 되새기게 한다.",https://audioclip.naver.com/audiobooks/373159EA72
죽음 2 : 베르나르 베르베르 장편소설,베르나르 베르베르,"""베르나르 베르베르 장편소설 <죽음>이 오디오북으로 제작 되었다. '누가 날 죽였지?' 소설의 주인공 가브리엘 웰즈는 이런 문장을 떠올리며 눈을 뜬다. 그는 죽음에 관한 장편소설의 출간을 앞두고 있는 인기 추리 작가다. 평소에 작업하는 비스트로로 향하던 그는 갑자기 아무 냄새도 맡을 수 없다는 사실을 깨닫고 서둘러 병원으로 향한다. 그러나 의사는 그를 없는 사람 취급하고, 거울에 모습이 비치지 않을 뿐 아니라, 창문에서 뛰어내려도 이상이 없다. 그는 죽은 것이다. 가브리엘은 자신의 갑작스러운 죽음이 살인이라고 확신한다. 머릿속에는 몇몇 용의자가 떠오른다. 다행히 그는 자신의 목소리를 들을 수 있는 영매 뤼시 필리피니를 만난다. 떠돌이 영혼이 된 가브리엘은 저승에서, 영매 뤼시는 이승에서 각자의 수사를 해나가며 진실을 파헤치기 시작한다.""",https://audioclip.naver.com/audiobooks/38FB91504B
나는 마음 놓고 죽었다,임선경,"“내가 다시 살아날 수 있다면! 그래서 한 번이라도 제대로 엄마노릇을 할 수 있다면!” 1978년 새해 늦겨울, 볕이 따뜻한 어느 날, 이삿짐을 가득 실은 트럭 한 대가 언덕길을 오르고 있는 장면으로 시작한다. 트럭 앞자리 운전사 옆에는 연이가 앉아 있고, 짐칸에는 연이 아빠와 연이 새엄마가 타고 있다. 그리고 또 한 사람이 있다. 죽은 연이 엄마 귀신. 연이 엄마는 왜 그곳에 있을까? 연이 엄마는 왜 연이 곁을 떠나지 못하는 것일까. 《나는 마음 놓고 죽었다》는 데자뷰처럼 느껴지는 1970년대의 풍경들 속에서 맑고 단단한 사람들의 이야기를 매우 촘촘하게 엮어낸 소설로, 현대를 살아가는 우리 모두에게 삶의 위안과 위로를 선사한다. 이 오디오북은 한국출판문화산업진흥원(KPIPA)의 ‘2019년 오디오북 제작 지원’ 사업 선정작입니다.",https://audioclip.naver.com/audiobooks/BDC3FF03CC
문명 2 : 베르나르 베르베르 장편소설,베르나르 베르베르,"인류 문명의 끝에서 새로운 이야기가 시작된다! 전염병과 테러, 전쟁으로 한계에 다다른 인류 문명 그 자리를 대신할 새로운 문명은 어디에 ― 베스트셀러 작가 베르나르 베르베르의 신작 장편소설 『문명』(전2권)이 프랑스문학 전문 번역가 전미연의 번역으로 열린책들에서 출간되었다. 소설의 배경은 전염병으로 수십억 명이 사망하고, 테러와 전쟁으로 황폐해진 세계. 이 소설이 프랑스에서 처음 출간된 2019년에만 해도 흔히 사용되는 디스토피아적 배경에 불과했겠지만 코로나 시대를 살아가는 지금 우리에게는 더욱더 생생하게 느껴지는 설정이다. 『문명』은 인류 문명이 벼랑 끝에 다다른 세상을 무대로 『고양이』의 주인공이었던 고양이 바스테트가 모험을 펼치는 소설이다. 고양이들의 일차 목표는 기하급수적으로 불어난 쥐 떼의 공격을 물리치고 열악한 환경에서 살아남는 것이지만, 최종 목표는 인류 문명을 대신할 새로운 문명을 건설하는 것이다. 그 과정에서 만난 돼지, 소, 개, 비둘기 등 다양한 동물들은 고양이의 아군이 되기도 하고 적이 되기도 한다. 과연 바스테트는 서로 다른 동물종의 소통과 협력을 이끌어 내고 목표를 이룰 수 있을까? 이 작품은 암고양이 바스테트의 성장소설이기도 하다. 베르베르 작품의 그 어떤 주인공보다도 매력적이고 사랑스러우며 장점도 단점도 확실한 그녀. 문명을 세우겠다는 당찬 바스테트의 도전을 함께 지켜보자. 고양이의 모험 속에 담아낸 인간을 향한 메시지 『문명』은 독립적으로 읽어도 지장이 없는 작품이지만 본래 『고양이』에서 출발한 이야기다. 『고양이』와 『문명』을 아우르는 이 이야기는 총 3부작으로 예정되어 있다. 베르베르는 개미나 고양이 같은 동물, 신이나 천사 같은 초월적 존재를 내세워 새로운 시각으로 인간 세상을 그려 왔다. 인간은 조연에 불과하고 주연은 모두 동물이 차지한 이 3부작에서 작가는 <이 세상은 인간의 것만이 아니다>라는 것을 끊임없이 강조한다. 우선 고양이 피타고라스, 쥐 티무르 등 이 작품의 주요 등장동물 다수가 케이지에 갇혀 있던 실험동물이다. 또 돼지들이 벌이는 <인간 재판>에서는 인간의 미식이나 여흥을 위해 고통받는 동물들이 차례로 증언대에 선다. 작가는 동물들의 입을 통해 단순히 동물권 보호의 차원을 넘어 인간 중심주의를 타파해야 한다는 문제의식을 때로는 진지하게, 때로는 유머러스하게 전달하고 있다. 책 속에 수록된 『상대적이고 절대적인 지식의 백과사전』에도 주목! 베르베르의 팬이라면 이번 작품의 등장인물 중 로망 웰즈를 주목하지 않을 수 없을 것이다. 그는 『상대적이고 절대적인 지식의 백과사전』을 만든 에드몽 웰즈의 후손으로, 폐허가 된 세상에서 지식을 보존하기 위해 애쓰는 과학자다. 웰즈라는 성을 가진 인물들은 『개미』의 에드몽 웰즈에서부터 시작해 『죽음』의 가브리엘 웰즈 등 다양한 작품 속에 등장해 왔다. 로망 웰즈는 작중에서 기존의 『상대적이고 절대적인 지식의 백과사전』에 브리태니커 백과사전, 위키백과 등의 데이터를 추가해 <확장판>을 만든 것으로 나온다. 베르베르 작품 세계와 수십 년 동안 함께 해온 웰즈 가문의 활약과, 백과사전의 <확장판>에 주목하며 소설을 읽는 것도 또 하나의 재미일 것이다.",https://audioclip.naver.com/audiobooks/FDE54C362B
날마다 이혼을 꿈꾸는 여자,김종윤,"한 여자가 남자를 만났다. 여자는 그 남자가 우주의 중심인 줄 알았다. 그 우주를 중심으로 세상을 살고, 세상을 바라보았다. 그러던 어느 날, 그 남자는 너무도 행복해하며 말했다. ""난 다른 여자를 사랑하고 있어."" ""당신이 내 남자가 아니라면 뒤늦게 찾아온 사랑을 축하해주고 싶어요.하지만 당신은 내 남자예요."" 그녀는 그가 돌아오기를, 그래서 다시 우주의 중심이 되기를 간절하게 바랐다. 하지만 남자는 돌아오지 않았고, 여자는 우주의 축을 놓친 채 허둥대기 시작했다. 한 개의 먼지처럼… 그렇게 시간은 흐르고 수많은 고통과 절망의 늪을 건넌 뒤에 그녀는 새로운 우주 하나를 찾아냈다. 너무도 아름답고 고귀한 세상의 단 하나뿐인 우주를... 진정한 사랑은 무엇이며, 무엇을 위해 사랑하며 결혼하는가! 결혼 후에 무너진 신뢰 앞에서 어떻게 해야 하는 가!",https://audioclip.naver.com/audiobooks/628998F8E0
운수 좋은 날,현진건,"1924년 발표된 현진건의 사실주의 단편소설 [운수 좋은 날] 근근이 하루 벌어 하루를 사는 인력거꾼 김첨지에게 닥친 작은 행운이 결국 불행으로 역전되는 내용으로, 끝부분의 반전과 이러한 내용을 염두에 둔 반어적 표현의 제목이 작품의 비극적인 효과를 극대화하고, 사회적 주제를 뚜렷이 드러낸 현진건의 수작(秀作). 그의 소설 중 사회의식과 극적인 효과가 잘 결합된, 사실주의 단편소설의 백미로 꼽히는 [운수 좋은 날]을 만나보자!",https://audioclip.naver.com/audiobooks/1EEC445FF1
파브르 곤충기,장 앙리 파브르,"놀라운 관찰력과 아름다운 문장으로 밝힌 은밀하고 위대한 곤충들의 세계 앉아 있는 모습이 마치 신에게 기도를 드리는 모습과 닮은 황라사마귀는 동족마저 잡아먹는 잔인함을 숨기고 있고, 노래만 부르고 노는 곤충으로 알려진 매미는 자기가 판 우물을 다른 곤충들에게 내어 줄 만큼 넉넉하다. 30년이라는 오랜 세월 동안 곤충들을 관찰한 파브르의 끈기와 열정은 누구도 상상하지 못했던 곤충들의 세계를 흥미롭게 펼쳐 낸다. 파브르의 <곤충기>는 프랑스의 곤충학자 장 앙리 파브르가 1879년부터 1907년까지 무려 28년에 걸쳐서 10권으로 완성한 관찰기다. 프랑스 남부에서 농부의 아들로 태어난 장 앙리 파브르는 가난한 형편 탓에 어린 시절부터 공부보다는 집안일을 도와야 했다. 그러면서 주변의 곤충과 동식물에 관심을 쏟았던 기억을 훗날 공부의 씨앗으로 삼았다. 본격적으로 곤충 연구에 관심을 기울인 것은 중학교 교사로 코르시카 섬에 부임한 이후다. 고향에서 보아 오던 것과 다른 모습을 가진 섬의 동식물을 보면서 강한 호기심에 사로잡힌 파브르는 표본을 만들고 분류하는 것이 주를 이루었던 기존의 연구 방식에서 벗어나 직접 관찰하고 실험하며 곤충에 대해 기록해 가기 시작했다. 《파브르 곤충기》에는 황라사마귀, 소나무수염풍뎅이, 붉은병정개미, 완두콩바구미, 독거미, 꽃무지, 귀뚜라미, 딱정벌레, 벌, 금파리, 매미, 베짱이의 관찰기가 실려 있다. 관찰기이지만 파브르 특유의 문학적이고 섬세한 감성이 묻어난다. 봄을 ‘자비로운 태양이 빛나는 계절’로, 두꺼비의 울음을 ‘축제 때 울려 퍼지는 종소리’로 묘사한 부분을 보면 아름다운 시의 한 구절이 아닌가 싶다. 진화론을 주장한 과학자 찰스 다윈은 파브르를 가리켜 ‘흉내 낼 수 없는 관찰자이자 곤충의 시인’이라고 격찬했을 정도다. 파브르의 곤충기가 다른 과학책과 달리 널리, 꾸준히 읽히는 이유도 바로 여기에 있을 것이다.",https://audioclip.naver.com/audiobooks/204538E86B
순수의 시대,김하인,"[본 오디오북은 '요약본'입니다.] 감성 소설의 대표작가 김하인의 신작 <순수의 시대> 1980년대, 그 가슴 아픈 시대를 걸어온 이들을 위한 클래식 러브 스토리! 투쟁으로 얼룩진 시절에 한 줄기 빛으로 다가온 사랑 『국화꽃 향기』의 작가 김하인의 신작 사랑 소설. 1980년대, 그 가슴 아픈 시대를 걸어온 이들을 위한 클래식 러브 스토리이다. 1980년대, 그 사회정치적으로 혼란하고 격동적인 시대에 맞서 투쟁과 고뇌로 자신의 젊은 20대를 고스란히 받쳐야 했던 지금의 30,40대들은 기억할 것이다. 그 시절, 시대의 아픔을 온몸으로 헤치고, 현실에 맞서 치열하게 싸우면서도 정녕 가슴속 열정을 채울 사랑만큼은 꿈꾸지도, 이루지도 못했음을. 주인공 희연은 앞을 보지 못하는 시각장애인이다. 신체적 장애로 인한 아픔과 고통 속에서도 그녀는 특수교사의 꿈을 이루기 위해 하루하루 누구보다도 열심히 살아간다. 어느 날 시위주동자를 쫓는 형사들의 추적을 피해 자신의 집으로 들어 온 재석을 만나게 된다. 그렇게 두 사람의 사랑은 시작된다. 그러던 어느날 재석이 시위를 하다 경찰에 끌려가는 일이 생기고, 두 사람의 앞날은 험난해져만 가는데...",https://audioclip.naver.com/audiobooks/B0599A5597
-안 개 - 엄마를 살해한 남자(-Lostmist) 1부(씬 오디오북),-엔(-N),"인물의 대사 위주로 진행되는 기존 오디오 무비, 드라마 형식의 오디오북과는 달리 최소 전문 남녀 성우 4분이 참여하는 씬과 씬으로 이어지는,지문과 대사가 명확히 구분되어 독자분들이 이야기의 장면을 자연스레 머릿속으로 떠올릴 수 있는 장편 시나리오 원고 형식의 오디오북 씬과 씬으로 이루어진 장편 시나리오 형식의 오디오북 제작 프로젝트 안 개 – 엄마를 살해한 남자 선연제 13년 전 부모의 이혼 이후 엄마인 희서와 단둘이 살아온 연제(20) 갑작스러운 교통사고로 사망한 희서의 발인을 마치고 집으로 돌아온 연제는 희서가 즐겨 입던 옷들을 정리하다 끔찍한 영상을 떠올리게 된다. 평소 단순한 우울증 증상이라 여겼던 사이코메트리 능력에 의해 누군가 희서의 목을 졸라 살해하는 장면을 떠올려버린 것이다. 한우진 연제의 진료를 맡은 심리학전문의이자 NISC(국정원 미해결 수사팀)팀원 30살이던 13년 전 몰핀 복용혐의로 취조실 안에서 석천의 조사를 받던중 약에 취한 우진은 석천에게 자신의 사이코메트리 능력을 선보인다. 형사 신분으로 위장한 국정원 직원이었던 석천은 우진에게 하나의 제안을 건네고 그때부터 우진은 자신의 능력을 이용해 NISC 수사를 풀어나간다. 민석천 지난 13년간 우진과 함께 미해결 수사팀을 이끌어온 55세 NISC 팀장 팀을 떠나 오래전 헤어진 딸을 찾아간다는 우진의 결정을 수락한 다음 날 석천은 자신(우진)의 오피스텔에서 쓰러져있는 우진의 시체를 발견한다. 길게 번진 혈흔들 중앙으로 엎드린 채 숨을 거둔 우진이 마지막까지 손에 쥔 검은색 종이배를 시작으로 석천은 우진을 살해한 범인을 추적해간다. 2021년 02월 부슬비가 내리는 겨울 40대 여성의 사망 사건이 발생한다. 경찰은 단순한 교통사고로 사건을 마무리 지으려 하지만 예상치 못한 변수가 발생한다. 죽은 여성의 외동딸 연제(20)의 주장은 엄마인 희서(43)의 살해 후 현장을 목격했다는 것 사건 당일 심부름을 다녀온 후 침실로 가보니 이미 희서가 피살된 상태였다는 것이다. 너무나도 생생한 연제의 증언에 경찰은 연제가 지목한 희서의 침실을 샅샅이 뒤져보지만 결국 아무런 단서를 찾지 못한 채 사건은 종결된다. 그렇게 홀로 희서의 장례를 치른 지 일주일 후 빌라 현관으로 들어선 연제는 희서가 피살된 그날의 느낌이 다시 다가왔음을 직감한다. 천천히 빌라 계단을 올라 현관 입구로 걸음을 멈추는 연제 그날과 마찬가지로 현관문이 열려있고 현관문 손잡이를 잡는 순간 연제의 머릿속으로 흐릿한 단상이 빠르게 스쳐 지나간다. 다급히 희서의 침실로 들어와 침실 안쪽 드레스 룸으로 고개를 돌리는 연제 긴 진열대 안 검은색 코트에 손을 대는 순간 누군가 희서의 목을 조르는 영상을 떠올린다. 애써 외면해왔던 자신의 능력을 재인식하기 시작하는 연제 이제 연제는...자신의 사이코메트리 능력을 이용하여 엄마를 살해한 진범을 찾아 나선다.",https://audioclip.naver.com/audiobooks/5F2F01CFAF
야래향,김경미,"한밤에 피었다 져도 그윽한 향기는 남다, 야래향(夜來香) 기환국(奇幻國) 지수화풍(地水火風) 네 개의 보주(寶珠)를 결계로 삼아 보호받는 나라. 봉황주(鳳凰珠)를 도둑맞는 위기에 빠진다. 보주를 지키는 신비로운 여인 사란(絲蘭)은 봉황주를 찾기 위해 용연국으로 떠난다. 용연국(龍延國) 황제가 위독하자 병약한 황태자를 몰아내고 황위를 차지하려는 황자들의 분투가 일어날 조짐이다. 이황자 염휘(炎輝)는 사냥과 기루에 여념이 없는 한량 행세를 하지만, 실은 황태자를 돕는 든든한 바람막이다. 암암리에 이름 높은 기루를 순방하며 괴사건을 조사하던 염휘는 사자춤축제가 한창인 대로를 지나던 중 너울을 쓴 한 여인의 고고한 자태에 순간 마음을 빼앗기지만 그녀는 흔적도 없이 사라져버린다. 황도 사대 기루중 하나인 월화루를 찾은 염휘, 여느 기루의 여자와는 사뭇 다른 분위기를 풍기는 아름답지만 차가운 여자가 왠지 낯설지 않다. 그녀는 월화루의 주인, 사란이라 했다.",https://audioclip.naver.com/audiobooks/9B19C7A37D
그 남자의 결혼식,최해심,"대양 건설의 신임 사장 택훈은 요즘 심기가 편치 않다. 사생활 문제에 관해 철저한 신비주의자인 그에게 ‘여자를 좋아하는 바람둥이’, ‘결혼을 원하지만 여자가 없다’라는 얼토당토 않은 헛소문이 따라붙을 줄이야! 날조된 기사를 작성한 기자를 잡아 내겠다고 벼르던 택훈 앞에 불쑥 나타난 갈래머리 순진녀, 대복! 악연으로 만나 인연이 되기까지 시한폭탄 같은 그들의 사랑이 펼쳐진다.",https://audioclip.naver.com/audiobooks/40A9ABCD75
당신의 심장에 정조준,문언희,"""우리가 무슨 사이지?”"" ""예…?"" ""내가 너한테 고백을 했고, 너는 그걸 받아 줬어. 그럼 이제 우린 무슨 사이지?"" ""글쎄요? 뭐라고 하죠?”"" ""이런 걸 바로 연인 사이라고 하지."" ""컥!"" 서른 살의 까칠남이 사랑에 눈이 멀었다. 갈 길이 험난하지만, 한번 정한 일에 후회는 없다. 한번 내딛은 발걸음에 후퇴는 없다. 서하준. 그리고 허진. 어울릴 것 같지 않은 두 사람의 천생연분 연애 스토리가 시작된다. 문언희 로맨스 장편소설『당신의 심장에 정조준』.",https://audioclip.naver.com/audiobooks/46C07125F1
의선사겁,인면수,"< 환생, 의술, 무협 그리고 극찬!! 신무협 의선사겁!! > ""전 아직 이루지 못한 꿈이 있습니다."" ""호오, 그래? 그것이 무엇이더냐?"" ""인간세상에서 병으로 죽는 사람이 더 이상 없도록 하고 싶습니다. 의술의 끝을 보고 싶습니다."" 죽어야 할 환자들의 수명을 늘인 죄로 지옥에 떨어진 대한민국 최고의 명의, 장추석. 하지만 그곳에서 지장보살을 만나 다시 윤회를 거듭하고, 장추석은 과거의 기억을 가지고 중원무림에서 환생한다. 총명과 기지를 타고난 장추석은 의술로 금새 장안의 화제가 되고 많은 무림인들의 추앙을 받으며 의선(醫仙)으로 불린다. 현실의 의료기기대신 무림인들의 특출한 무공으로 치료하고, 정사를 가리지 않는 참된 의원의 길을 걷는 장시원! 하지만 중원장악을 노리는 마교와 무림맹, 백련교, 황실의 암투가 벌어지면서 그 소용돌이 중심에 장의원이 놓이게 되고 마는데...",https://audioclip.naver.com/audiobooks/CE16B282CC
