titles,authors,informs,clip_links
어느 전투 조종사의 사랑,장소영,"대한민국 공군 전투기 조종사라는 하나의 목표만을 향해 달려온 지윤. 한순간의 나약함도 허락할 수 없는 그녀는 단 한 걸음 만에 자신의 철통 같은 방어막을 부셔버리는 우혁을 받아들일 수 없었다. ""전 여자 전투 조종사입니다. 여자가 남자들만의 성역이었던 이곳에서 전투조종사가 되려면 무엇을 감수해야 하는지 아십니까? 자신이 여자라는 것조차 잊어야 합니다. 남자들과의 체력싸움에서 뒤지지 않아야 하는 것은 물론이고, 한순간이라도 나약한 모습을 보인다면 '여자가 그럼 그렇지'라는 식의 비난을 감수해야 합니다. 남자들이 하면 그냥 실수지만 여자 전투 조종사인 제가 실수하면 모든 여자 전투 조종사들 전부를 한 덩어리로 묶어 비난하게 됩니다. 거기다 저는 한번도 여자를 받아들이지 않았던 KF-16대대의 여자 전투조종사란 말입니다!"" 드넓은 활주로와 푸른 창공을 배경으로 펼쳐지는 어느 전투 조종사의 사랑 이야기!",https://audioclip.naver.com/audiobooks/83DE7534A2
폭군에게 차이는 10가지 방법 3권,서귀조,"아름다운 폭군 남주에게 집착하다가 죽임당하는 약혼녀가 되어 버렸다. 나는 부지런히 그에게 차일만한 행동을 한 열 개쯤 한 뒤, 생각보다 나쁘지 않은 폭군과 건전한 친구 관계가 되는 데 성공했다. 그 리고 여주를 처음으로 본 그에게 물었다. “어땠어요?” “음?” “디엘 영애 말이에요, 폐하.” 그가 고개를 슬쩍 기울였다. 관심 없는 척하기는! 첫눈에 반했다고 써 있었는데. 내가 다 봤는데. 흐흥, 웃으며 그의 팔뚝을 손가락으로 한 번 콕 찔렀다. “있잖아요. 혹시라도 달리 좋아하는 사람 생기면 꼭 말해 주세요.” “왜요? 죽이게?” 에이. 내가 자긴 줄 아나. 나는 그에게 의미심장하게 웃으며 답해 주었다. “그야, 적당히 타이밍 봐서 파혼해 드린다는,” “영애.” 그의 얼굴에서 순식간에 웃음기가 사라졌다. 나는 어쩐지 이글거리는 그의 눈빛에 말을 잇지 못했다. 나를 빤히 보던 그가 조금 허스키한 목소리로 작게 웃더니, 가라앉은 목소리로 말했다. “그런 농담은 하지 마요.” 볼에 묻은 머리카락을 부드럽게 떼어내는 손길이 자못 은밀했다. “그러다 내가 돌면 어쩌려고 그래.” ……거기서 왜 네가 돌아 버리는 거죠?",https://audioclip.naver.com/audiobooks/905CF484AE
굿모닝 미드나이트,릴리 브룩스돌턴,"이 오디오북은 한국출판문화산업진흥원(KPIPA)의 ‘2020년 오디오북 제작 지원’ 사업 선정작입니다. 조지 클루니 주연, 제작 넷플릭스 <미드나이트 스카이> 원작 소설 “우주의 차가운 망망대해, 혹은 고독이라는 인간의 심연을 아름답게 기록한 작품” _콜슨 화이트헤드(퓰리처상 수상작가) 릴리 브룩스돌턴의 데뷔 소설 《굿모닝 미드나이트》는 여러 가지 면에서 이색적인 이력을 갖는 작품이다. 2015년 《내가 사랑한 모터사이클》이라는 에세이 한 권을 출간한 신인 작가 브룩스돌턴은 이듬해 자신의 두 번째 책으로 ‘지구 종말’을 소재로 한 독특한 소설 한 편을 써냈다. 이 작품은 무명작가의 첫 소설임에도 아름다운 문장과 쓸쓸한 감성으로 ‘시카고 리뷰 오브 북스’ ‘셀프 어웨어니스’에서 선정한 ‘올해의 책’으로 뽑혔고, 퓰리처상 수상작가인 콜슨 화이트헤드가 자신이 가장 좋아하는 작품으로 소개해 눈길을 끌었다. “아름다운 문장으로 기억과 상실, 정체성을 탐험하는 보기 드문 아포칼립스 소설”(워싱턴포스트), “세계의 모든 것이 사라졌을 때 마지막 남는 것이 무엇인가라는 묵직한 질문을 던지는 감동적인 데뷔작”(북리스트), “북극과 우주라는 장엄한 공허 속에 남겨진 두 사람을 통해 삶에 관한 흥미로운 질문을 던지는 매혹적인 작품”(뉴욕 저널 오브 북스) 등 출간 당시 여러 매체에서 호평을 받은 바 있다. 그리고 3년 뒤인 2019년 할리우드의 배우 겸 감독인 조지 클루니가 이 작품을 영화화한다는 소식이 전해지면서 다시 전 세계의 주목을 받고 있다. 지구 종말에 관한 가장 아름다운 절망을 담은 소설 “코맥 매카시의 《로드》와 영화 <그래비티>를 합쳐놓은 듯하다” 78세의 천문학자 어거스틴은 북극 기지의 천문대에 남은 마지막 연구원이다. 평생 오지의 천문대를 떠돌며 별을 연구하는 데 일생을 바쳐온 그는 자신의 생을 마감할 장소로 북극을 택해 들어왔다. 어느 날 알 수 없는 이유로 연구자들에게 모두 철수 명령이 내려지지만 어거스틴은 이를 거부하고 고집스레 북극에 홀로 남는다. 그리고 모두가 떠나간 황량한 그곳에서 수수께끼의 어린 소녀 아이리스를 발견하고 당황한다. 예기치 못하게 어린 소녀를 돌보게 된 어거스틴은 북극의 혹독한 환경 속에서 나날이 쇠약해지자 아이를 위해 바깥세상과 연락을 시도하지만 어느 곳에서도 응답은 없다. 동시에 생의 마지막을 앞둔 어거스틴은 그동안 외면해온 과거의 기억들을 떠올린다. 폭력적이던 아버지, 조울증을 앓던 어머니, 그리고 두려움에 굴복해 한 번도 만나보지 못한 딸에 관한 기억까지. 한편 목성에서 지구로 귀환 중인 우주선 에테르 호에는 통신전문가 설리가 타고 있다. 에테르 호의 임무는 성공적이었고, 마침내 설리는 자신이 치러야 했던 희생(남편과의 이혼과 딸과의 이별)에 보상을 얻는 듯했다. 하지만 갑자기 지구 관제소와 연락이 두절되면서 설리는 물론 대원들은 큰 혼란에 빠진다. 인류 역사에 남을 과업을 성취했지만 이 소식을 전할 곳이 없다. 핵전쟁 때문인지, 바이러스 때문인지, 소행성 충돌 때문인지 여전히 원인을 알 수 없는 채로 지구는 긴 침묵에 빠져 있다. 설리는 자신들이 지구로 돌아갈 수 있을지, 돌아간다 해도 그곳에서 무엇이 기다리고 있을지 몰라 불안에 휩싸인다. 어거스틴과 설리는 각각 북극과 우주라는 혹독하고 신비로운 자연 속에서 절망적인 앞날을 예감하며 자신들의 삶을 돌아보고 복잡한 내면과 마주한다. 그리고 마침내 북극의 어거스틴과 우주의 설리는 짧은 순간 교신에 성공한다. 북극에 고립된 천문학자와 지구로 귀환 중인 우주비행사라는 두 아웃사이더가 생의 종착지를 앞두고 지난날의 사랑과 회한에 대해, 나아가 인간의 삶과 고독에 대해 우아하게 그려낸 작품이다.",https://audioclip.naver.com/audiobooks/4603950E70
비행운 <벌레들>,김애란,"김애란이 돌아왔다. 2012년 올해로 등단 만 10년 차가 되는 시간 동안 공백 없이 작품을 발표해오기도 했지만, 지난해 출간한 첫 장편소설 <두근두근 내 인생>으로 차세대 '젊은 작가'라는 수식어를 2010년대 대표 작가로 갈아치운 그녀다. 많은 사랑과 기대를 한 몸에 받으며 세번째 소설집 <비행운>을 가지고 왔다. '비행운'은 새로운 삶을 동경하는 형식으로(飛行雲), 하지만 현실을 벗어나지 못하게 하는 연쇄적 불운(非幸運)에 발목 잡힌 '우리들'의 이야기를 담고 있다. 문학평론가 박준석이 말했듯 ""김애란 소설은 우선 안부를 묻고 전하는 이야기, 말하자면 하이-스토리hi-story라고 부를 수 있다. 이 안부에는 개인적인 소소한 안녕을 넘어선 어떤 윤리""를 가지고 동세대의 실존적 고민을 드러내며 살아남은 자들에게 인사를 전한다. 친구처럼 곁에서 나의 이야기를 들어주러 온 듯 이번 소설집에서도 김애란은 자신의 매력을 백분 발휘한다. 또한 좀더 많은 세대와 공간을 아우르며 '확장'을 시도하기도 하는데, 그것은 김애란 '너머'를 발견하게 하는 기회를 마련해줄 것이다. 2011 젊은작가상 대상 수상작 '물속 골리앗', 2010 이상문학상 우수상 수상작 '그곳에 밤 여기에 노래' 등 모두 8편이 수록되어 있다. 그 사람들은 우리 주변에 있는 사람 이거나 나 자신일지도 모른다. 남편과 나는 장미빌라로 이사를 왔다. 그런데 이 장미빌라 뭔가 이상하다. 다른 곳에 비해서 유독 싼 집 값, 왕래가 거의 없는 사람들, 그리고, 출처를 알 수 없는 정체모를 벌레들 까지... 이 집 뭔가 이상하다.",https://audioclip.naver.com/audiobooks/4BD6FE1AAB
사랑의 불꽃 (Resound단편),노자영,"「사랑의 불꽃」은 총 19편의 연애편지로 구성된 '노자영'의 서간집입니다. 총 19편의 연애편지로 구성된 서간 중 6편을 엄선해서 오디오북으로 제작했습니다. 초판 판권엔 저가가 ‘미국인 (선교사) 오은서’로 되어 있는데, 오은서는 가공의 인물이고, 책이 대중적 성공을 거두자 나중에서야 노자영으로 저자를 바꿉니다. 「꿈에 본 처녀에게」와 「독약을 마신 후에」를 포함해 19편의 편지는 당대의 유행처럼 번지던 연애지상주의를 변주한 내용을 품고 있습니다. 봉건적 관습으로 인해 강제 결혼을 당했던 인물이 등장하고 배신자에게 날 선 편지를 보내는 인물이 등장하기도 하며, 연애 자체에 대한 불신을 표하는 인물이 등장하기도 하는 등 연애의 거의 모든 것을 망라하고 있습니다. 근대 최초의 베스트셀러라 부를 수 있는 작품집으로 비유, 과장, 반복, 영탄 등으로 점철된 수사가 인상적이라는 평을 받습니다. 「사랑의 불꽃」의 오리지널 스코어를 작곡한 '이원술'은 다양한 뮤지션들의 공연과 음반 제작에 활발히 참여해온 재즈베이시스트입니다. 2012년, 자신의 이름으로 낸 첫 앨범인 「Point of Contact」는 당시 한국 재즈 역사의 한 페이지를 장식할 가장 탁월한 성과라는 찬사를 받았습니다. 현재 '신노이(SINNOI)'라는 트리오 밴드의 리더를 맡아서 한국 컨템포러리 뮤직의 지평을 열어가고 있습니다. 100년 전 우리 소설, 아름다운 소리로 만나다. [Resound 단편] 시리즈 소위 ‘고전’이라 불리는 작품들은 시대를 불문하고 인간과 삶을 관통하는 날카로운 통찰을 담고 있습니다. 그러나 한 번쯤 제목은 들어 봤을지라도, 제대로 읽어본 적은 없는 경우가 많습니다. 왜일까요? 어쩌면 고전은 낡고 지루하며 어렵다는 편견이 있는 건 아닐까요. [Resound 단편] 시리즈는 그 편견을 깹니다. 오늘날 활발히 활동 중인 작가들이 고쳐 쓰고, 그 원고를 전문 배우들이 생생하게 낭독하고, 거기에 뮤지션들이 작곡한 음악이 더해져, 고전은 새로운 예술작품이 되었습니다. 옛 것의 가치는 간직하되 새로운 옷을 입고 화려하게 돌아온 50편의 [Resound 단편] 시리즈가 새로운 문학의 세계, 감상하는 오디오북의 세계로 당신을 초대합니다.",https://audioclip.naver.com/audiobooks/F6D2C13151
"제인 에어 2 (민음사 세계문학, 완독본)",샬럿 브론테,150년 동안 전 세계 젊은 독자들을 가슴 뛰게 만든 로맨스 소설의 고전. 한국 영미문학연구회가 선정한 최우수 번역본으로 다시 읽는다! 당대 최고의 베스트셀러였으며 150년이 지난 오늘날까지도 톱셀러의 대열에 올라 있는 『제인 에어』는 시대와 장소를 뛰어넘는 그야말로 “고전 중의 고전”이다. 국내 출간된 수십 종의 번역본 가운데 가장 원전에 충실하면서도 유려한 번역으로 손꼽힌 유종호의 번역으로 새롭게 읽어 보자.,https://audioclip.naver.com/audiobooks/CE1C08C631
좁은 문,앙드레 지드,"앙드레 지드의 노벨문학상 수상작. 1909년에 간행되었다. 비인간적인 자기 희생의 허무에 대한 강한 비판의 글이면서도 고뇌 속에 감미로운 청춘의 정서가 감도는 작품이다. 주인공 알리사는 사촌 동생 제롬을 사랑하면서도 현세적인 사랑을 눌러버리고 남몰래 죽어간다. 제롬을 사랑하는 여동생에 대한 동정심이 그 원인이었다. 이 사건은 알리사의 모델이었던 지드의 사촌누이 마들렌(뒤에 지드의 부인이 되었다)의 실제 경험이기도 했다. 당신은 완전한 사랑을 믿는가? 너무나 가볍고 변하기 쉬운 요즘 사랑에 경종을 울려줄 진실한 사랑에 대한 메시지,<좁은 문> 또한 지나친 금욕주의가 얼마나 큰 희생과 허무가 뒤따라야 하는지 절실하게 보여줌으로써 사랑의 소중함을 더욱 일깨워 준다. 고전을 드라마로 듣는 즐거움을 느끼게 해 줄 것이며, 특히 방학을 맞이한 청소년들에게는 권장도서인 <좁은 문>을 좀 더 쉽고 재미있게 접할 수 있게 해 줄 것이다.",https://audioclip.naver.com/audiobooks/7A87110956
울지 않는 이유,정은숙,"학기 초 ‘백 원 빌리기’ 작전으로 반 친구들에게 적극적으로 얼굴을 알릴 만큼 활발한 성격이었던 일진. 그러나 시간의 흐름을 느낄 수 없을 만큼 매일매일의 일상이 똑같다는 자각은 일진의 입을 굳게 다물게 만든다. 어느 날 학교에서는 ‘교내 휴대폰 소지 금지’ 교칙과 관련한 공청회가 열리고, 장래희망이 인권운동가라 써냈던 일진은 친구들의 성화에 패널로 참여하게 된다. 공청회를 거쳐 세워진 교칙은 수업 시간에 휴대폰을 수거함에 넣는 것. 그러나 이후 수업 시간에 일진의 휴대폰이 울리면서 징계를 받게 되는데……. *** A.C.E의 멤버 동훈이 낭독하는 정은숙 작가의 [울지 않는 이유]는 아이돌 및 각계 저명인사의 목소리 재능을 기부받아 소리책을 만들고 이를 통해 청각 장애인에게 희망의 소리를 선물하는 캠페인에 참여한 작품이다. 캠페인 수익금의 일부는 사랑의 달팽이 재단에 기부되어, 경제적 어려움으로 소리 없는 세상에 살고 있는 난청 아동들에게 희망의 소리를 선물해주기 위한 지원 기금으로 사용되어진다.",https://audioclip.naver.com/audiobooks/3836BEBBE9
환상 속에 그대가 있다,진휘,"그다지 예쁘지도 않고, 썩 괜찮은 몸매를 가진 것도 아닌 전형적인 B형 노처녀 김희선. 과거의 사랑에 연연하지 않은 쿨한 그녀이지만 아직도 혼자라는 사실에 문득 외롭다는 생각이 드는 것은 어쩔 수가 없다. 서른둘을 코앞에 둔 크리스마스이브, 홧김에 나간 홍대거리의 키스 타임에 새파랗게 젊은 상욱을 만나 엉겁결에 키스를 하게 될 줄은 꿈도 꾸지 못했다. 그리고 그것이 녀석과 그녀, 그리고 녀석의 형 상현까지 얽히는 끈질긴 인연의 시작이 되리라는 건 더더욱 생각 지도 못한 일이었다! 조금은 엉뚱하고 털털한 그녀, 서른 둘 김희선의 사랑이야기! [책 속으로] “공과 사는 구분하시죠. 김희선 씨! 지금은 공적인 만남인 걸로 아는데요? 기분 나쁘면 사적인 자리에서 한 판 붙든가!” 그는 희선의 공격에 맞붙을 생각이 없는지 스르륵 다음 서류를 집어 들며 말을 돌렸다. “그래요. 좋아요, 한 사장님! 그럼 끝나고 술 한잔하시죠? 사적으로다가!” 이를 바득바득 갈며 힘주어 말하는 희선의 말에 상현은 콧방귀를 끼더니 재고의 가치도 없다는 듯 서류로 다시 시선을 돌렸다. “남자들은 자기가 정말 잘난 줄 아는데, 괜히 폼만 잡다가 망신살 뻗치는 거죠. 안 그런가요?” 슬슬 상현의 자존심을 건드려 볼 생각에 희선은 쉬지 않고 말을 이었다. “왜? 술 먹고 또 남자 꼬드기려고 그럽니까?” “참 나, 기가 막혀! 저, 눈 높거든요! 제가 아무나 꼬드기고 그러지 않거든요.” “꼬드긴다고 넘어갈 나도 아닙니다.” “아이고, 그러세요? 그럼 뭐가 겁나서 꼬리를 내리시나요?” “무서워서 피합니까? 더러워서 피하지.”",https://audioclip.naver.com/audiobooks/FD29C57737
우리들,정영수,「우리들」은 불륜 커플 사이에 놓인 주인공의 사유를 통해 사랑의 진실과 글쓰기의 지난함에 대해 그려 보인다.,https://audioclip.naver.com/audiobooks/449B10133D
"위대한 몬느 (민음사 세계문학, 완독본)",알랭푸르니에,"청춘의 모험과 사랑을 가장 아름답게 그려 낸 『위대한 몬느』, 새로운 번역으로 출간 방황하고 아파하는 이 세상 모든 청년들을 위로하는 자유와 해방의 세계 ▶ “문장의 정확성이나 신비로운 세계의 전개, 구성의 치밀함에 있어 원숙함을 제대로 보인 작품으로서 군더더기가 전혀 없다. 청춘의 꿈, 참을 수 없는 욕망, 절대적인 행복, 신비와 비현실에 대한 지칠 줄 모르는 갈망으로 가득 찬 작품.” ―『라 루스』 부모님이 직접 가르치는 기숙학교에서 살고 있는 쇠렐은 병약하고 조용한 소년이다. 어느 날 이 학교로 몬느라는 학생이 전학을 온다. 키가 크고 다부지며 강한 몬느는 곧바로 학생들의 선망이자 경계의 대상이 된다. 쇠렐의 할머니, 할아버지가 오기로 한 날, 마중 나갈 학생으로 자신이 뽑히지 않자 몬느는 몰래 기숙사를 빠져 나가 마차를 빌려 마을을 떠난다. 하지만 도중에 길을 잃고 헤매다가 어떤 영지의 성에 이른다. 그곳에서는 성주의 아들 프란츠 드 갈레의 결혼식이 준비되고 있는데, 결혼식은 어딘가 비현실적이고 동화적이다. 신랑이 약혼녀를 데리고 돌아오길 기다리는 동안 몬느는 신랑의 여동생 이본 드 갈레를 만나 사랑에 빠진다. 하지만 결혼식 직전 신부가 도망을 가고 신랑 프란츠 또한 홀로 돌아와 성을 뒤로한 채 길을 떠난다. 결혼식이 취소되고, 기숙학교로 돌아온 몬느는 성에서의 모험과 이본과의 만남을 쇠렐에게 이야기해 준다. 두 사람은 다시 한 번 성으로 가려고 하지만 길을 찾을 수가 없다. 몬느는 다시는 돌아갈 수 없을 미지의 성, 아름다운 여인 이본, 끝내지 못한 모험에 대한 열망에 사로잡힌 채 파리로 떠나고, 그런 몬느와 함께하고 싶지만 용기가 없는 쇠렐은 일상에 남겨져 몬느를 기다린다. 쇠렐과 몬느, 그리고 프란츠까지 서로 다른 성향의 세 소년이 뜨거운 청소년기에 마주한 모험과 사랑을 다룬 이 소설은 모험소설, 신비소설인 동시에 프랑스뿐만 아니라 전 세계 청소년들을 위로하고 매혹하는 성장소설이자 청춘소설이다.",https://audioclip.naver.com/audiobooks/CF41669AB8
특이점을 지나서 (프롬),김소연,"딥 러닝을 하지 않은 안드로이드 로봇이 인간 학생과 동일한 조건에서 시험 성적 대결을 벌이는 이야기 *** 프롬이 낭독하는 김소연 작가의 「특이점을 지나서」는 아이돌 및 각계 저명인사의 목소리 재능을 기부받아 소리책을 만들고 이를 통해 청각 장애인에게 희망의 소리를 선물하는 캠페인에 참여한 작품이다. 캠페인 수익금의 일부는 사랑의 달팽이 재단에 기부되어, 경제적 어려움으로 소리 없는 세상에 살고 있는 난청 아동들에게 희망의 소리를 선물해주기 위한 지원 기금으로 사용되어진다.",https://audioclip.naver.com/audiobooks/78F4265660
[단편] 순이 삼촌,현기영,"제주의 4월, 그곳에는 ‘순이 삼촌’이 있다 현대사에 빛나는 거장 현기영의 문학인생 40년 탄탄한 구성과 서정적인 묘사가 어우러진 중후한 문체로 제주도 수난의 역사를 애정어린 시선으로 파고들면서 특히 ‘4․3사건’의 역사적 진실을 복원하는 데 집중해왔던 현기영의 중단편전집(전3권)이 출간되었다. 동아일보 신춘문예 등단작 「아버지」(1975)부터 계간 『창작과비평』에 발표하면서 문단에 큰 파장을 불러일으킨 ‘4․3소설’의 최고봉이자 ‘4․3사건’ 그 자체라고도 할 수 있는 「순이 삼촌」(1978), 단편소설의 백미인 「마지막 테우리」(1994)까지 모두 30편의 중단편 작품(마당극 「일식풀이」와 희곡 「변방에 우짖는 새」 포함)을 개정해 새로운 장정으로 선보인다. 비록 과작이기는 하나 빼어난 문학적 성취를 보여준 현기영 소설의 정수를 일목요연하게 맛볼 수 있는 이 전집은 작가의 등단 40주년을 기념하는 동시에 그의 작품을 새롭게 조명하는 것이다. 역사에 대한 깊은 성찰과 인간에 대한 애정이 녹아든 명편들은 여전히 변함없는 감동을 자아내며 작가의 강직하고 사려깊은 문학적 삶은 묵직한 울림으로 다가온다. 첫째권 『순이 삼촌』에는 표제작을 비롯하여 10편의 소설이 실려 있다. 이중에서 오랫동안 금기시했던 ‘4ㆍ3사건’을 최초로 세상에 알린 「순이 삼촌」, ‘그날’의 처절한 현장을 역사적 현재의 수법으로 절실하게 재현해낸 「도령마루의 까마귀」, ‘4ㆍ3사건’의 비극을 과거의 역사가 아니라 현재적 사건으로 부각시킨 「해룡이야기」 등 초기 3부작이 돋보인다. ‘폭도’에 가담한 아버지를 둔 소년의 불안한 심리를 묘사한 등단작 「아버지」 역시 ‘4․3사건’과 맞닿아 있다. 특히 대표작 「순이 삼촌」은 학살 현장에서 기적적으로 살아났으나 환청과 신경쇠약에 시달리다가 결국은 자살하고 마는 ‘순이 삼촌’의 삶을 되짚어가는 과정을 통해 30년 동안 철저하게 은폐된 진실을 생생히 파헤친 문제작으로, 한국 현대사와 문학사에서 길이 남을 작품으로 꼽힐 만하다. 이밖에 지식인의 고뇌와 개인의 무력감을 섬세하게 그린 「아내와 개오동」, 소시민의식을 역설적으로 비판한 「동냥꾼」 등은 작가의 사회의식이 잘 드러나 있으며, 개인의 의식세계를 미학적으로 파헤친 「꽃샘바람」 「초혼굿」 「겨울 앞에서」 등에서는 초기 소설의 경향을 엿볼 수 있다. 조선시대 지배계급의 부정부패를 통렬하게 풍자한 「소드방놀이」는 탁월한 상상력과 상징성으로 오늘의 세태를 정곡으로 찌른다.",https://audioclip.naver.com/audiobooks/BC89829BB1
만무방 (Resound단편),김유정,"「만무방」은 1935년 7월 『조선일보』에 연재된 김유정의 단편 소설입니다. 소설 제목인 '만무방'이란 염치가 없이 막돼먹은 사람이라는 뜻합니다. 소설은 추수를 하여도 아무런 수확도 얻을 수 없는 소작 농민이 자기 논의 곡식을 도둑질 할 수밖에 없는 비참한 현실을 그려내고 있습니다. 가혹한 식민지 경제체제의 압력 아래서 삶을 견디는 두 형제의 부랑하는 모습을 보여줌으로써 순진한 인간의 반항의식과 불가피한 생존 양태의 문제, 더불어 노동이 아닌 도박판에 뛰어들 수 밖에 없는 사행적 행태들이 소설에서 잘 드러나고 있습니다. 김유정 문학 특유의 해학성을 가능한 배제하고, 일제 강점기 아래에서 농촌의 착취 구조와 모순을 겨냥해 성공적으로 형상화한 작품이라는 평을 받습니다. 「만무방」의 오리지널 스코어를 작곡한 '박순아'는 가야금연주자로 재일교포 3세입니다. 한국음악앙상블 ‘바람곶’, 창작음악그룹 ‘비빙’, 한·중·일 앙상블 ‘고토히메(KOTOHIME)’ 등을 통해 독보적인 가야금 연주와 음악들을 선보여 왔습니다. 일본에서 나고 자란 박순아는 일본에서 13현 가야금을 접한 것을 계기로 북한 평양음악무용 대학의 통신교육생으로 전문교육을 받았습니다. 일본과 북한, 그리고 한국을 오가며 자기만의 독특한 가야금 세계를 만들어가고 있습니다. 100년 전 우리 소설, 아름다운 소리로 만나다. [Resound 단편] 시리즈 소위 ‘고전’이라 불리는 작품들은 시대를 불문하고 인간과 삶을 관통하는 날카로운 통찰을 담고 있습니다. 그러나 한 번쯤 제목은 들어 봤을지라도, 제대로 읽어본 적은 없는 경우가 많습니다. 왜일까요? 어쩌면 고전은 낡고 지루하며 어렵다는 편견이 있는 건 아닐까요. [Resound 단편] 시리즈는 그 편견을 깹니다. 오늘날 활발히 활동 중인 작가들이 고쳐 쓰고, 그 원고를 전문 배우들이 생생하게 낭독하고, 거기에 뮤지션들이 작곡한 음악이 더해져, 고전은 새로운 예술작품이 되었습니다. 옛 것의 가치는 간직하되 새로운 옷을 입고 화려하게 돌아온 50편의 [Resound 단편] 시리즈가 새로운 문학의 세계, 감상하는 오디오북의 세계로 당신을 초대합니다.",https://audioclip.naver.com/audiobooks/6507A776EA
운수좋은 날 (Resound단편),현진건,"「운수좋은 날」은 1924년 6월 『개벽』 48호에 발표된 현진건의 단편소설로, 1920년대 서울을 배경으로 펼쳐지는 하루 동안의 이야기를 그리고 있습니다. 병든 아내를 뒤로 하고 집을 나선 김첨지는 오랜만에 손님을 연이어 받습니다. 빗속을 달리며 기적에 가까운 벌이를 한 김첨지의 기쁨 뒤에는 병석에 누워 있는 아내가 죽지나 않았나 하는 불안이 도사리고 있습니다. 그의 집 근처를 지나칠 때와 오늘은 나가지 마라는 아내의 목소리를 떠올릴 때마다 김첨지는 계속 되는 행운 앞에서도 불안해 합니다. 일을 마치고 집으로 돌아가는 길에서 치삼이라는 친구를 만나서 술을 한잔합니다. 선술집에 들어가 얼큰하게 취한 김첨지는 돈이 있다고 호기를 부리는가 하면, 오늘 번 돈을 내던지기도 합니다. 마누라가 죽었다고 엉엉 우는가 하면, 젊은 여자에게 인력거를 거절당한 일을 흉내 내기도 합니다. 술에 취한 김첨지는 마침내 아내가 먹고 싶다는 설렁탕을 한 그릇 사 가지고 집으로 돌아오지만, 아내는 이미 싸늘한 시체로 변해 있습니다. 인력거꾼 김첨지가 운수 좋은 날이라고 생각한 그 날이 바로 그에게는 가장 슬픈 날이 된 것입니다. 「운수좋은 날」의 오리지널 스코어를 작곡한 '김현보'는7인조 월드뮤직 밴드 ‘두번째 달’의 리더이자, 드라마와 뮤지컬, 광고음악, 영화음악 등 다양한 장르를 넘나들며 끊임없이 새로운 음악적 시도를 하는 뮤지션입니다. 두번째 달의 1집 《2nd Moon》은 2006년 제3회 한국대중음악상에서 3개 부문을 석권하였고, 2007년에는 한국대중음악 100대 명반에도 이름을 올렸습니다. 2016년에 발매한 국악프로젝트 앨범 《판소리 춘향가》는 2017년 제14회 한국대중음악상에서 최우수 크로스오버 음반 부분을 수상하기도 했습니다. 100년 전 우리 소설, 아름다운 소리로 만나다. [Resound 단편] 시리즈 소위 ‘고전’이라 불리는 작품들은 시대를 불문하고 인간과 삶을 관통하는 날카로운 통찰을 담고 있습니다. 그러나 한 번쯤 제목은 들어 봤을지라도, 제대로 읽어본 적은 없는 경우가 많습니다. 왜일까요? 어쩌면 고전은 낡고 지루하며 어렵다는 편견이 있는 건 아닐까요. [Resound 단편] 시리즈는 그 편견을 깹니다. 오늘날 활발히 활동 중인 작가들이 고쳐 쓰고, 그 원고를 전문 배우들이 생생하게 낭독하고, 거기에 뮤지션들이 작곡한 음악이 더해져, 고전은 새로운 예술작품이 되었습니다. 옛 것의 가치는 간직하되 새로운 옷을 입고 화려하게 돌아온 50편의 [Resound 단편] 시리즈가 새로운 문학의 세계, 감상하는 오디오북의 세계로 당신을 초대합니다.",https://audioclip.naver.com/audiobooks/0C16503F84
"복덕방 (RESOUND 단편, 김정환 낭독)",이태준,"「복덕방」은 1935년 『조광』에 발표된 '이태준'의 단편소설로, 복덕방이란 공간을 중심으로 세 노인의 이야기를 그리고 있습니다. 복덕방 주인인 서 참위, 서 참위의 친구인 박 희완 영감, 사업실패로 몰락해 서 참위의 복덕방에서 신세를 지고 있는 안 초시가 그 주인공입니다. 안 초시는 재기를 꿈꾸는 인물로, 박 영감에게 부동산에 관한 정보를 전해듣고는 무용가로 성공한 딸과 상의하여 부동산에 투자를 하게 됩니다. 그러나, 박 영감에게 토지에 대한 정보를 전해준 사람의 사기극임이 밝혀지고, 급기야 안 초시는 음독 자살을 하게 됩니다. 아버지의 자살로 자신의 사회적 명예가 더럽혀질 것을 염려한 딸은 그 사실을 숨기는 댓가로 아버지 명의로 든 보험금으로 장례식을 성대하게 치룹니다. 장례식에 참석한 서 참위와 박 영감은 딸의 위선적인 모습과 조문객들의 허세에 가슴 아파합니다. 「복덕방」의 오리지널 스코어를 작곡한 '손다혜'는 이야기 속 감성들을 섬세한 선율로 녹여내어 자연스러운 음악이야기를 만들어내는데 탁월한 작곡가입니다. 제1회 창작국악극대상에서 여류명창 진채선의 삶을 다룬 <운현궁 로맨스>로 대상은 물론 작곡상,극본상, 여자 창우 4개 부문을 수상하기도 했습니다. 손다혜는 극음악뿐만 아니라 음악극을 실내악과 관현악의 형태로 다채롭게 구사해왔고, 2013년에 한국문화예술위원회 지원 차세대 예술전문인력(AYAF)으로 선정되어 자신의 작곡 음악극 독주회인 <손다혜의 음악 그리고 이야기> 로 첫 번째 무대를 선보인 바 있습니다. 100년 전 우리 소설, 아름다운 소리로 만나다. [Resound 단편] 시리즈 소위 ‘고전’이라 불리는 작품들은 시대를 불문하고 인간과 삶을 관통하는 날카로운 통찰을 담고 있습니다. 그러나 한 번쯤 제목은 들어 봤을지라도, 제대로 읽어본 적은 없는 경우가 많습니다. 왜일까요? 어쩌면 고전은 낡고 지루하며 어렵다는 편견이 있는 건 아닐까요. [Resound 단편] 시리즈는 그 편견을 깹니다. 오늘날 활발히 활동 중인 작가들이 고쳐 쓰고, 그 원고를 전문 배우들이 생생하게 낭독하고, 거기에 뮤지션들이 작곡한 음악이 더해져, 고전은 새로운 예술작품이 되었습니다. 옛 것의 가치는 간직하되 새로운 옷을 입고 화려하게 돌아온 50편의 [Resound 단편] 시리즈가 새로운 문학의 세계, 감상하는 오디오북의 세계로 당신을 초대합니다.",https://audioclip.naver.com/audiobooks/A3EE170572
봉순이 언니,공지영,"[본 오디오북은 '요약본'입니다.] 1998년 출간 이후 160만부 이상의 판매고를 올린 스테디셀러 <봉순이 언니>를 새롭게 선보인다. 공지영의 대표작인 이 작품은 작가의 고향인 서울 아현동 언저리를 배경으로 영특하고 조숙했던 다섯 살 꼬마 여자아이인 짱아의 시선을 통해, 열 살 즈음 지나 남의 집 식모로 들어와 살아야 했던 봉순이 언니에 대한 추억과 회상을 작가 특유의 면도날 기억력으로 세밀하게 조각해 낸 작품이다. 1960~70년대 고도 성장의 뒷골목에서 한없이 짓이겨지고 추락하면서도 세상에 대한 낙관을 버리지 않는 '봉순이 언니'의 삶을 반성 어린 눈길로 감싸안으며 그 속에서 끝끝내 포기할수 없는'희망'의 씨앗을 건져올리는 작가의 붓끝은 이 소설에서도 아름답게 빛을 발한다. 어떤 상황에서도 낙관을 잃지 않았던 봉순이 언니는 작가에게 희망이면서도 동시에 절망이다. 희망은 용기를 지니지 않고서는 기대조차 힘들다. 희망을 기대함에 수반되는 절망과 끝까지 맞서야 하기 때문이다. 그렇기 때문에 봉순이 언니는 절망에 맞서 싸우는 용기를 보여주며 독자에게 새로운 희망을 전해줄 것이다.",https://audioclip.naver.com/audiobooks/31212C47CE
"홀딩, 턴",서유미,"결혼제도를 보는 동시대 여성들의 솔직한 심정을 담담하게 진술하다! 《쿨하게 한걸음》, 《끝의 시작》의 저자 서유미의 신작 장편소설 『홀딩, 턴』. 사랑이라는 감정의 탄생과 소멸에 대한 탐구와 더불어, 연애의 과정을 통과한 연인이 예식장을 떠난 이후 겪게 되는 결혼생활을 섬세하고도 진솔하게 보여주는 작품이다. 특별히 부각하지 않아도 대한민국 여성이 겪는 보편적 결혼생활이 기저에 깔려 있어 여성의 시각에서 다룬 결혼생활 탐구소설로도 읽히는 이 소설은 결혼제도에 관한 여성주의적 고찰을 착실하게 담아낸다. 세상에 둘도 없는 사랑을 하고 명명하기 어려운 자잘한 이유들로 서로를 등지게 되는 이별 앞에서 독자들은 말없이 고개를 끄덕일 수밖에 없다. 4월의 일요일 오후, 결혼 5년 차의 지원과 영진이 테이블에 앉아 헤어짐의 가능성에 대해 이야기한다. 두 사람 앞에 놓인 뜨겁고 달콤한 코코아는 식어만 가고 마주 앉아 밥을 먹고 차를 마시며 하루의 시름을 덜어내던 테이블 위에는 헤어짐에 대한 고민만 얼룩처럼 남는다. 둘 사이에 이혼을 고민하게 되자, 지원은 영진과의 첫 만남부터 시작된 사랑의 과정을 돌아보게 되는데……. 결혼생활에 대해 냉소적이면서도 신랄한 비판으로 끝을 향해 내달리던 두 사람이 자신의 의지로 삶의 방향을 바꿔 새로운 시작을 꿈꾸는 일을 지켜보며 두 사람을 향해 응원의 박수를 보내게 한다.",https://audioclip.naver.com/audiobooks/EB9CD4EC77
노트르담의 꼽추,빅토르 위고,"프랑스의 대작가, 빅토르 위고. 그의 대표작 <노트르담의 꼽추>를 오디오북으로 만난다. 시인이자 극작가 그랭구아르. 집시 처녀 에스메랄다. 노트르담 대성당 부주교 프롤로. 그리고 노트르담의 종지기 콰지모도. 그들이 보여주는 15세기 파리의 각기 다른 인간 군상들의 모습들. 하지만 그들의 모습 속에는 지금 현재를 사는 우리의 모습도 찾을 수 있다. 시대를 초월하는 명작!",https://audioclip.naver.com/audiobooks/BC88E98C4F
