titles,authors,informs,clip_links
"[세트]100인의 배우, 우리 문학을 읽다",나혜석 외 99명,"""한국에서 정가 7만원 오디오북이 1만5000개 넘게 팔렸다고? 농담인줄 알았는데, 들어보니 할말이 없다. 이건 진짜 고급 오디오북... 사람을 이렇게 흔들어놔도 되는 건가, 커뮤니케이션북스?"" 103명의 명품 배우들이 들려주는 한국 단편 걸작 100편. 최민식 문소리 정진영 예지원. 이름만으로도 설레는 명품 배우 103명이 낭독한 한국 단편 걸작 100편을 담았습니다. 전체 낭독시간 104시간 19분. 활자에 생명을 불어넣는 배우들의 숨결로 새로운 독서 경험, 문학 세계가 펼쳐집니다. 오디오북으로 체험하는 한국 근현대사 낭독 작품은 한국 근현대 중단편소설 중에서 문학사적 가치와 작품성, 낭독성을 고려해 작가별로 1편씩 100편을 뽑았다. 전반기는 1910년대부터 한국전쟁 전까지 발표된 50편을, 후반기는 한국전쟁부터 1987년 체제 이전 시기에서 50편을 추렸다. 특히 전반기 작품에는 쉽게 접하기 힘든 카프 진영, 월북 작가의 소설도 10편을 포함했다. 일제강점기부터 제5공화국까지 발표연도순으로 듣노라면 굴곡 있는 한국 근현대사가 파노라마처럼 펼쳐진다. 오디오북으로 체험하는 한국 근현대사다. 연극배우뿐 아니라 TV, 스크린, 뮤지컬 스타도 동참 낭독 배우들은 연극계 원로부터 샛별까지 망라했다. 평생 무대와 함께한 전무송 박정자 이호재 손숙 배우 등이 앞장섰고, 최민식 안재욱 송일국 양미경 문소리 예지원 등 스크린과 TV의 스타들이 뒤따랐다. 충무로를 오가며 활동하는 강신일 권해효 오지혜 고수희 배우, 무대 지킴이 남명렬 장용철 손봉숙 정수영 배우도 빠질 수 없었다. 대학로의 미래 하성광 배해선 지현준 김지성 신안진 배우와 뮤지컬 스타인 최정원 양준모 김호영 윤정섭 배우도 동참했다. 수익금 중 낭독자 인세는 참여 배우 명의로 한국연극인복지재단에 기부되어 연극인들의 복지를 위해 사용된다. 소설의 활자에 생명을 불어넣은 배우들 100편의 소설은 배우들의 목소리를 만나 더욱 생생하고 풍성해졌다. 배우들은 작품 성격에 목소리 톤을 맞추고, 작중 인물의 대사를 무대에서 연기하듯이 낭독했다. ＜백치 아다다＞를 읽은 강부자 배우는 ‘아다다’의 죽음 대목에서 감정이 격해져 울먹이기도 했다. 이문구의 ＜우리 동네 김씨＞는 최주봉 배우의 능청스런 충청도 사투리로, 한승원의 ＜목선＞은 황영희 배우의 감칠맛 나는 남도 사투리로 작품 속으로 더 빨려들게 한다. 박정자 배우는 다른 배우의 낭독을 듣고 “활자로 된 인물이 살아나는 느낌”이라고 말했다. 출퇴근길의 든든한 동행자 미국 독자들은 운전할 때, 이동할 때, 운동할 때 오디오북을 즐겨 듣는다. 아침저녁 피곤한 몸으로 직접 차를 운전해 출퇴근한다면 이 오디오북만큼 든든한 동행자를 찾기 쉽지 않다. 음악이나 팟캐스트보다 집중도를 높여 졸음운전에서 벗어나게 한다. 왕복 2시간 출퇴근 시간으로 셈하면 52일간 새 작품을 연속해 들을 수 있다. 차례는 원작발표연도순입니다. 소설 전편을 낭독합니다.",https://audioclip.naver.com/audiobooks/4AAD8E9B68
해시의 신루 10권,윤이수,"""구르미 그린 달빛"" 작가 윤이수가 내놓은 또 하나의 역사 판타지 로맨스! 네이버 웹소설 누적 조회 5천만회, 평점 9.98점의 베스트셀러! 15세기 조선. 이곳에 운명을 거부하고 도망치는 여인, '해루'가 있다. 미래를 예언하는 신비한 능력은 그녀에게 독일 뿐. 어느 날, 그녀 앞에 천하 제일 길치에 공갈을 일삼는 해괴한 사내가 나타나는데. 그의 정체는 조선 최고의 천재 군주라 불리는 '이향'이다. 별이 가득한 밤하늘을 사랑하고 동경하는 그와, 자신의 운명에 기꺼이 맞서는 그녀. 두 사람의 시간이 맞닿아 돌아가기 시작한다. ✔ 네이버 시리즈에서 원작보기",https://audioclip.naver.com/audiobooks/CCC51F1DDF
해시의 신루 9권,윤이수,"""구르미 그린 달빛"" 작가 윤이수가 내놓은 또 하나의 역사 판타지 로맨스! 네이버 웹소설 누적 조회 5천만회, 평점 9.98점의 베스트셀러! 15세기 조선. 이곳에 운명을 거부하고 도망치는 여인, '해루'가 있다. 미래를 예언하는 신비한 능력은 그녀에게 독일 뿐. 어느 날, 그녀 앞에 천하 제일 길치에 공갈을 일삼는 해괴한 사내가 나타나는데. 그의 정체는 조선 최고의 천재 군주라 불리는 '이향'이다. 별이 가득한 밤하늘을 사랑하고 동경하는 그와, 자신의 운명에 기꺼이 맞서는 그녀. 두 사람의 시간이 맞닿아 돌아가기 시작한다. ✔ 네이버 시리즈에서 원작보기",https://audioclip.naver.com/audiobooks/DABB9FC63C
원통 안의 소녀 (오정연),김초엽,"함께 산책을 할 수 있을까요? 자유를 꿈꾸는 지유와 노아의 이야기 탄탄한 과학적 상상력에 독특한 감성을 더한 작품들을 발표하며 한국 SF의 신성으로 떠오른 김초엽 작가의 작품이다. 작가는 완벽해 보이는 미래 도시에서 오히려 소외된 일상을 살아가야 하는 두 인물, 지유와 노아의 이야기를 가슴 뭉클하게 그린다. ‘수많은 사람 가운데 나만이 원통 안에 갇혀서 돌아다녀야 한다면, 맨땅을 자유롭게 밟거나 햇볕을 온전히 쬘 수 없다면 어떨까’ 하는 가정(假定) 속에 담긴 장애와 차이에 대한 사유가 아름답게 빛난다. 푸른 색감을 주되게 사용한 은은하고 부드러운 근하의 일러스트가 소설과 잘 어우러지며 작가의 상상력과 독자의 감수성이 만나는 길을 이끈다. *** 오정연이 낭독하는 김초엽 작가의 「원통 안의 소녀 」는 아이돌 및 각계 저명인사의 목소리 재능을 기부받아 소리책을 만들고 이를 통해 청각 장애인에게 희망의 소리를 선물하는 캠페인에 참여한 작품이다. 캠페인 수익금의 일부는 사랑의 달팽이 재단에 기부되어, 경제적 어려움으로 소리 없는 세상에 살고 있는 난청 아동들에게 희망의 소리를 선물해주기 위한 지원 기금으로 사용되어진다.",https://audioclip.naver.com/audiobooks/BBF5BBB4E5
비행운 <서른>,김애란,"김애란이 돌아왔다. 2012년 올해로 등단 만 10년 차가 되는 시간 동안 공백 없이 작품을 발표해오기도 했지만, 지난해 출간한 첫 장편소설 <두근두근 내 인생>으로 차세대 '젊은 작가'라는 수식어를 2010년대 대표 작가로 갈아치운 그녀다. 많은 사랑과 기대를 한 몸에 받으며 세번째 소설집 <비행운>을 가지고 왔다. '비행운'은 새로운 삶을 동경하는 형식으로(飛行雲), 하지만 현실을 벗어나지 못하게 하는 연쇄적 불운(非幸運)에 발목 잡힌 '우리들'의 이야기를 담고 있다. 문학평론가 박준석이 말했듯 ""김애란 소설은 우선 안부를 묻고 전하는 이야기, 말하자면 하이-스토리hi-story라고 부를 수 있다. 이 안부에는 개인적인 소소한 안녕을 넘어선 어떤 윤리""를 가지고 동세대의 실존적 고민을 드러내며 살아남은 자들에게 인사를 전한다. 친구처럼 곁에서 나의 이야기를 들어주러 온 듯 이번 소설집에서도 김애란은 자신의 매력을 백분 발휘한다. 또한 좀더 많은 세대와 공간을 아우르며 '확장'을 시도하기도 하는데, 그것은 김애란 '너머'를 발견하게 하는 기회를 마련해줄 것이다. 2011 젊은작가상 대상 수상작 '물속 골리앗', 2010 이상문학상 우수상 수상작 '그곳에 밤 여기에 노래' 등 모두 8편이 수록되어 있다. <서른>에 등장하는 주인공 역시, 그런 사람이다. 남들처럼 대학을 가고, 학원 아르바이트를 하며 학비를 벌고, 그러다 졸업을 하고, 밀린 학자금 대출을 갚기 위해 하루하루 빡빡하게 살아가던 그런 사람이었다. 남들과 비슷한 삶을 살아가던 주인공에게 어느 날, 비행운(非幸運)이 찾아온다. 오늘을 아슬아슬하게 살아가는 우리의 이야기가 담겨져 있다.",https://audioclip.naver.com/audiobooks/8A3964BE62
천년의 사랑,양귀자,"가슴이 저민다, 가슴이 저민다, 가슴이 저민다. 양귀자 화제작 <천년의 사랑> 소설가 양귀자씨가 신작 장편소설. 창작집 <원미동 사람들>， <슬픔도 힘이 된다> 등을 통해 80년대와 90년대 한국 사회의 모순과 갈등을 소시민의 눈으로 묘사하면서 리얼리즘적 여성소설의 영역을 모색했던 그의 작가적 경력에 비추어 볼 때 이번 작품은 탈리얼리즘의 세계를 보여주는 책. 마른 나무처럼 한 방울의 물기조차 남아있지 않을 것 같은 차가운 여자, 오인희. 그리고 사법고시 준비를 위해 산을 올랐다가 천년전 사랑에 눈을 뜬 남자, 성하상. 아주 먼 시간 저편에서부터 결정되어진 특별한 사랑이 다시 시작된다. <천년의 사랑 中 명대사> 인희: 사랑이란, 사랑하는 사람의 시간 속에 들어가고 싶다는 욕망의 다른 이름 아니던가. 세상에 마음을 주지 않으면 마음을 다칠 일도 없다. 상처란 마음을 바깥으로 내보낸 자만이 맛보게 되는 독약이다. 하상: 그것은 지금의 나, 백 년전의 나, 천 년전의 나, 겹겹의 세월 속의 내가 포개져서 발현된 영혼의 사랑을 경험한 것이다. 지쳐서 쓰러지더라도 이 고통이 행복임을 잠시 잊었나 봅니다. 인희: 지금, 나는 깨닫는다. 한없는 그리움이 바로 문제였다고. 그리움이 너무 많으면 마음이 범람한다. 간신히 막아두어던 그리움의 뚝이 무너져 내리면 해야할 말들은 길을 잃고 떠내려가 버리는 것이다. 하상: 당신이 다른 누군가를 사랑하게 된다면... 그렇다면...나는 당신이 택한 그 사람까지 내 사랑 속에 품겠습니다.",https://audioclip.naver.com/audiobooks/ED6AB95CD5
권태 (Resound단편),이상,"「권태」는 1937년 5월 『조선일보』에 발표된 '이상'의 작품입니다. 총 7장으로 구성된 '권태'는 여름날 벽촌의 권태로운 풍경과 일상에 대한 사실적인 관찰이 주를 이루고 있습니다. '권태'라는 작품 제목처럼 너무나 정적이어서 권태롭기까지한 자연의 정서가 작품 전반에 깔려 있습니다. 농촌 마을의 권태로운 일상을 만연체의 문장으로 묘사하고 있는 '권태'는 작가의 내면 세계를 섬세한 언어로 포착해냈다는 평가를 받고 있습니다. 이상이 그리고 있는 일상의 권태는 일제 강점기에서 무기력하게 살아가는 있는 지식인의 모습을 그리고 있다고 볼 수 있습니다. 「권태」의 오리지널 스코어를 작곡한 '원일'은 평창동계올림픽 개폐회식 음악감독을 역임하고, 현재 경기도립국악단의 예술감독을 맡고 있습니다. 장선우 감독의 영화 '꽃잎' 등으로 대종상 영화제 음악상을 4차례나 수상한 한국을 대표하는 작곡가이자, 정통 국악 연주자이기도 합니다. 30대에 이미 천재성을 보이며 한국예술종합학교 교수 및 국립관현악단 예술감독을 지냈고, 국악을 넘어 끊임없이 파격적이며 새로운 음악을 추구하고 있습니다. 100년 전 우리 소설, 아름다운 소리로 만나다. [Resound 단편] 시리즈 소위 ‘고전’이라 불리는 작품들은 시대를 불문하고 인간과 삶을 관통하는 날카로운 통찰을 담고 있습니다. 그러나 한 번쯤 제목은 들어 봤을지라도, 제대로 읽어본 적은 없는 경우가 많습니다. 왜일까요? 어쩌면 고전은 낡고 지루하며 어렵다는 편견이 있는 건 아닐까요. [Resound 단편] 시리즈는 그 편견을 깹니다. 오늘날 활발히 활동 중인 작가들이 고쳐 쓰고, 그 원고를 전문 배우들이 생생하게 낭독하고, 거기에 뮤지션들이 작곡한 음악이 더해져, 고전은 새로운 예술작품이 되었습니다. 옛 것의 가치는 간직하되 새로운 옷을 입고 화려하게 돌아온 50편의 [Resound 단편] 시리즈가 새로운 문학의 세계, 감상하는 오디오북의 세계로 당신을 초대합니다.",https://audioclip.naver.com/audiobooks/940543964F
아가미,구병모,"소설가 구병모가 그려낸 가장 비밀스럽고 아름다운 세계 아가미를 갖게 된 소년과 소외된 이들의 눈부신 잔혹동화 소설가 구병모의 대표작 『아가미』가 돌아왔다. 수많은 마니아 독자들 사이에서 재출간 요구가 속출했던 바로 그 작품이 예쁘게 새옷을 갈아입고 세상에 새로이 선을 보인다. 『아가미』는 죽음의 문턱에서 아가미를 갖게 된 소년의 슬픈 운명을 그려낸 아름다운 잔혹동화이다. 아가미로 숨을 쉬고 눈부신 비늘을 반짝이며 깊고 푸른 호수 속을 헤엄치는 곤. 자신의 정체를 숨기고 세상과 단절된 채 살아가는 소년은 물속에서만큼은 한없는 자유를 느낀다. 곤에게 새로운 이름과 삶을 건네준 강하, 곤의 도움으로 목숨을 건진 해류. 삶이라는 저주받은 물속에서, 오늘도 그리고 내일도 간절히 숨 쉬고 싶은, 세상으로부터 버림받고 소외된 이들의 이야기가 신비롭고도 아름답게 펼쳐진다.",https://audioclip.naver.com/audiobooks/2D32B02F40
9번의 일,김혜진,"이 오디오북은 한국출판문화산업진흥원 (KPIPA) 의 ‘2020년 오디오북 제작 지원 ’ 사업 선정작입니다 . * 오늘도 내일도 각자의 일터에서 일을 하는 우리가 반드시 읽어야 할 소설! “일이라는 건 결국엔 사람을 이렇게 만듭니다. 좋은 거, 나쁜 거. 그런 게 정말 있다고 생각해요? * 평온한 일상을 밀어내는 참혹하고도 슬픈 일의 실체 《딸에 대하여》 김혜진이 응시한 한 남자의 조용한 비극 《딸에 대하여》로 독자들의 많은 사랑을 받았던 작가 김혜진이 신작 장편소설 《9번의 일》로 2년여 만에 돌아왔다. 《딸에 대하여》가 동성애자 딸의 삶을 바라보는 요양보호사 어머니의 이야기였다면, 《9번의 일》은 귄고사직을 거부한 채 회사에 남아 계속해서 일을 해나가는 한 남자의 이야기다. 작가는 통신회사 설치 기사로 일하는 평범한 남자를 통해 평온한 삶의 근간을 갉아가는 ‘일’의 실체를 담담하면서도 집요하게 들여다본다. 그저 계속 ‘일’이 하고 싶었을 뿐인 남자는 지금 있는 자리에 남기로 선택함으로써 회사가 만든 시험장 한가운데로 들어간다. 계속해서 직책이 바뀌고 여러 번 근무지가 바뀌어가면서 남자는 자신의 고유한 인간성마저도 상실한다. 회사를 위해서는 뭐든 해야 하고, 뭐든 할 수 있는 ‘9번 남자’. 그렇다면 ‘9번 남자’는 나쁜 사람일까? 나쁜 건 역시 회사일까? 아니, 일이란 건 원래 나쁜 걸까? 그 질문들의 끝에서 우리는 묻게 된다. 진짜 나쁜 것은 무엇인가? 《필경사 바틀비》의 주인공 ‘바틀비’가 “그렇게 안 하고 싶습니다”라고 외치며 버티고 버티다가 결국 우리에게서 잊혀졌다면, 《9번의 일》의 남자는 ‘이름’을 잃고 ‘9번’이 된 채 ‘그게 뭐든 하겠습니다’의 자세로 하고 또 하다가 결국 자신을 망가뜨리고야 만다. 잊히기는커녕 누구에게도 기억되지 못한 채로. ‘일’하는 마음과 ‘일’을 앓는 마음 그 어딘가에서 작가가 짚어낸 건, 결국 끝까지 남아 계속 우리를 더 나쁜 쪽으로 밀어붙이는 ‘일’의 수많은 감정들일 것이다. 오늘도 내일도 각자의 일터에서 계속해서 ‘일’이란 것을 해야 하는 우리들은, ‘바틀비’나 ‘9번 남자’가 아닌 또 다른 무엇이 될 수 있을까? ‘9번 남자’에게 왜 이 일이 필요했는지 충분히 설명하지 않은 채 소설이 끝난 건 그 질문이 향하는 곳에 ‘9번’이 아닌 ‘우리’가 있기 때문일 것이다. 《9번의 일》은 우리에게 묻는다. 왜 이 일을 하는가? 언제까지 이 일을 하고 싶은가? 이 일을 계속하면서 결국 닿게 되는 그 끝에서 무엇을 보고 싶은가? 다행히도 우리는 아직 늦지 않았다. 우리는 아직 자기 자신도, 일도, 그리고 그 어떤 것도 잃어버리지 않았다. 그렇다면, 이 소설을 마무리할 책임은 우리에게 있다. 9번이 되고, 10번이 되고, 11번이 될 것인지. 그렇게 되지 않으려면 무엇을 해야 하는지. “생각을 하자. 생각을.” _본문 중에서",https://audioclip.naver.com/audiobooks/90741C293F
"맨스필드 파크 (민음사 세계문학, 완독본)",제인 오스틴,"셰익스피어의 뒤를 이어 ‘지난 천 년간 최고의 문학가’로 꼽히는 제인 오스틴 섬세한 필체와 탁월한 위트가 빛을 발하는, 풍자와 심리 묘사의 보고 ▶ 그 어떤 소설가도 인간의 가치에 대한 완벽한 의미를 제인 오스틴보다 더 잘 살리지 못할 것이다. — 버지니아 울프 ▶ 제인 오스틴은 모든 작가들이 꿈꾸는 별과 같은 존재이다. — 조앤 K. 롤링 ▶ 여성의 자존감은 제인 오스틴의 발명품이라고 해도 과언이 아니다. ─《가디언》 ≡≡≡≡≡≡≡≡≡≡≡≡≡≡≡≡≡≡≡≡≡≡≡≡≡≡≡≡≡≡≡≡≡≡≡≡≡≡≡≡≡≡≡≡≡≡≡≡≡≡≡≡ 경이로운 해에 탄생한 명작 『맨스필드 파크』 세상을 향한 예리한 시선, 오스틴의 손끝에서 탄생한 빛나는 말들 전 세계 수많은 제이나이트(Janeite)를 양산하고, 셰익스피어의 뒤를 이어 지난 천 년간 최고의 문학가로 평가받고 있는 제인 오스틴. 평생 독신으로 가족을 돌보며 집안의 대소사를 도맡아 하는 틈틈이 거실 작은 탁자에서 남몰래 불후의 명작들을 줄줄이 탄생시킨 천재 소설가, 젊은이들의 사랑과 결혼에 초점을 두고 있으나 당대 시골 대지주 계급의 위선과 가부장적 질서를 비판한 풍자와 심리 묘사의 대가 제인 오스틴의 세 번째 작품 『맨스필드 파크』가 민음사 세계문학전집 366번으로 출간되었다. 이로써 독자들은 민음사 세계문학전집을 통해 제인 오스틴의 명저 여섯 권을 모두 감상할 수 있게 되었다. 햄프셔의 작은 시골 마을 스티븐턴에서 여덟 형제자매 중 일곱째로 자란 오스틴은 스무 살이 되던 해 아버지를 따라 배스로 이사했고, 목사인 아버지가 사망하고 난 후 극심한 생활고를 겪으며 어머니와 언니와 함께 친척집을 떠돌며 힘겨운 생활을 이어 가지만 결코 소설 창작을 멈추지 않는다. 오스틴은 친척인 지주 집안의 양자가 된 오빠 에드워드가 자신의 영지 초턴 코티지에 거처를 마련해 준 1810년대에 이르러 본격적으로 작품 활동에 매진한다. 1811년부터 오 년 남짓한 기간은 그야말로 ‘경이로운 해’로서, 오스틴은 이 시기 『맨스필드 파크』를 포함한 다섯 편의 장편 소설을 잇달아 출간하며 대중에게 이름을 알렸으며, 1816년에 마지막 작품인 『설득』을 완성한다. 이후 동생 헨리가 오스틴 생전에 세상에 나오지 못한 『설득』과 오스틴이 십 대 후반에 완성한 작품인 『노생거 사원』을 1817년에 출간하게 된다. 『맨스필드 파크』가 출간된 1814년 당시 오스틴은 앞서 출간한 두 작품 『이성과 감성』(1811)과 『오만과 편견』(1813)의 명성에 힘입어 작가로서 두각을 나타내던 때였다. 이어 이 작품이 발표되자 초판은 육 개월 만에 매진되고, 이 년 후 출간한 재판 역시 매진되기에 이른다. 아울러 오스틴은 런던 문단의 관심을 얻게 되고 당시 섭정으로 왕의 지위에 있던 동궁의 초청을 받아 궁전에서 알현했으며, 이듬해 출간된 『에마』(1815)를 동궁에게 헌정한다. 오스틴의 작품들 중 가장 널리 인정받는 작품이 『오만과 편견』이고 작가 스스로도 이 작품을 가장 좋아한다고 밝힌 바 있지만, 『맨스필드 파크』는 여타 소설들에 비해 주인공의 성격이 다면적이고, 인물들의 내면 심리가 탁월하게 묘사되어 있으며, 작품 전반에 걸쳐 작가의 문제의식이 깊이 있게 드러나 오스틴의 소설 중 가장 문제적이라고 평가받는다.",https://audioclip.naver.com/audiobooks/EB918108DF
가스등 아래 선 남자 (사건보고서 2022),양완영,"“그 질문에 정답은 없죠. 하지만 이상에 한 없이 가까운 답은 있습니다. 전 그 답을 내리기까지 정말 오랜 시간이 걸렸어요.” 폭풍우가 휘몰아치는 날, 버스 정류장에 세 사람이 있다. 버스는 좀처럼 오지않고 있다 생명의 은인인 친구 이상형의 여자 그리고 용태가 위급한 노인. 차를 몰고 나간 나는 한 사람 밖엔 태울 수 없다. 당신이라면 어떤 선택을 할 것인가?",https://audioclip.naver.com/audiobooks/5A095067F7
"허클베리 핀의 모험 (민음사 세계문학, 완독본)",마크 트웨인,"미국 현대문학은 바로 이 작품에서 갈라져 나왔다. – 어니스트 헤밍웨이 미국의 셰익스피어, 미국문학의 <링컨>이라 일컫는 마크 트웨인의 대표작! 트웨인의 대표작 『허클베리 핀의 모험』은 유치원 학생에서 대학원 박사과정 학생에 이르기까지 글을 읽을 줄 아는 사람이면 누구나 읽는 고전 중의 고전이다. 성인이 되기 위해서는 읽어야 하는, 일종의 통과의례와도 같은 이 작품은 세계문학사에서 가장 폭넓은 독자층을 가지고 있다. 헤밍웨이, S. 앤더슨, 윌리엄 포크너, 헤밍웨이 등의 작품 속에는 트웨인의 그림자가 어른거릴 만큼 그는 미국의 작가 중의 작가이다. 이번 <세계문학전집>에 수록된 이 번역은 1996년 미국의 랜덤하우스 출판사에서 출판된 <유일 완전판>을 텍스트로 삼았다. 이 판은 그동안 분실되었다고 생각하던 이 작품의 전반부 친필 원고가 1990년 가을 우연히 로스앤젤레스의 한 가정집 다락방에서 발견됨으로써 <완전판>으로 다시 선보이게 된 것이다. 기존 텍스트에서 약 100쪽 가량이나 분량이 늘어났으며, 단순한 양적 차이를 넘어 질적인 면에서 완전판은 기존판과는 큰 차이가 난다. 새로 수록되거나 변경된 부분은 4가지의 에피소드, 어휘나 표현, 구어체 문장 등이다. 국내에 번역된 판본 중 독자들이 믿고 읽을 만한 유일한 완역본이다.",https://audioclip.naver.com/audiobooks/9967E4E182
"동백꽃 (RESOUND 단편, 조수향 낭독)",김유정,"「동백꽃」은 1936년 5월 『조광』에 발표된 김유정의 단편소설입니다. 이 작품은 방언 등 토속적인 언어구사를 통해 전통적인 해학을 계승하고 있다는 점에서 작가의 대표작으로 꼽힙니다. 소설의 배경은 1930년대 강원도 산골 마을이며, 향토색 짙은 농촌의 충동적인 사춘기 소년·소녀의 애정을 해학적으로 그려내고 있습니다. 활달한 성격의 점순은 어수룩한 성격의 '나'에게 호감을 갖고 접근하지만, 그 뜻을 알아차리지 못하는 나는 그것을 거절합니다. 무안당한 점순은 자기 집 수탉과 나의 집 수탉을 싸움 붙이며 약을 올리고, 결국 화가 난 나는 작대기로 점순네 닭을 때려죽이고 맙니다. 점순네 집의 소작농 처지인 '나'는 그 때문에 걱정에 빠지고, 그런 나에게 점순은 자기 말을 들으면 일러바치지 않겠다고 얘기합니다. 둘은 부둥켜안은 채 흐드러진 동백꽃 속으로 푹 파묻혀버리고, 나는 알싸하고 향긋한 동백꽃 냄새에 온 정신이 아찔해지고 맙니다. 「동백꽃」의 오리지널 스코어를 작곡한 지박(Ji Park)은 첼리스트이자 작곡가로 클래식과 대중음악 등 다양한 장르를 넘나들며 전방위적 활동을 하고 있습니다. 일반적인 첼로 주법을 넘어서서 동양적인 선율과 사운드로 현대인들의 아픔을 어루만지는 뮤지션으로 평가 받고 있습니다. <살롱 드 오수경>밴드의 멤버로 2014년 한국 대중음악상 최우수 재즈크로스오버 음반상을 수상했습니다. 2014년 첫 번째 정규앨범 <9000Km+>을, 2019년 두 번째 정규 앨범 <DMZ>를 발매했습니다. 100년 전 우리 소설, 아름다운 소리로 만나다 [Resound 단편] 시리즈 소위 ‘고전’이라 불리는 작품들은 시대를 불문하고 인간과 삶을 관통하는 날카로운 통찰을 담고 있습니다. 그러나 한 번쯤 제목은 들어 봤을지라도, 제대로 읽어본 적은 없는 경우가 많습니다. 왜일까요? 어쩌면 고전은 낡고 지루하며 어렵다는 편견이 있는 건 아닐까요. [Resound 단편] 시리즈는 그 편견을 깹니다. 오늘날 활발히 활동 중인 작가들이 고쳐 쓰고, 그 원고를 전문 배우들이 생생하게 낭독하고, 거기에 뮤지션들이 작곡한 음악이 더해져, 고전은 새로운 예술작품이 되었습니다. 옛 것의 가치는 간직하되 새로운 옷을 입고 화려하게 돌아온 50편의 [Resound 단편] 시리즈가 새로운 문학의 세계, 감상하는 오디오북의 세계로 당신을 초대합니다.",https://audioclip.naver.com/audiobooks/1653DEE8FC
"뜻했건, 뜻하지 않았건 1",윤초아,"GNG 코퍼레이션의 대표, 차지욱. “사랑해요, 대표님.” 사랑 고백을 받다. 의외의 장소에서 3년을 그림자처럼 수행하던 비서, 박다연에게. 그런데 그날 이후, 자신의 몸 위에서 내려다보던 그녀를 떠올릴 때마다 묘하게 가슴이 답답해졌다. “대표님이라고 부르니까 마치 우리가 스폰 관계 같잖습니까.” “…….” “우리는 지금부터 전혀 다른 사이가 될 텐데.” “……다른 사이라니요?” “아주 친밀하고 사적이며 뜨겁고 끈적한 사이.” 대범하게 고백해 오던 그녀의 순수한 눈망울이 내 안의 못된 짐승을 일깨웠다.",https://audioclip.naver.com/audiobooks/E0B3EDB305
"브람스를 좋아하세요... (민음사 세계문학, 완독본)",프랑수아즈 사강,"프랑스 문단의 매력적인 작은 괴물, 섬세한 심리 묘사의 대가 프랑수아즈 사강이 그려 낸 사랑, 그 난해하고 모호한 감정 프랑스 문단의 “매력적인 작은 괴물” 프랑수아즈 사강의 『브람스를 좋아하세요…』는 열아홉에 『슬픔이여 안녕』으로 등단함과 동시에 이미 하나의 ‘신화’로 자리매김한 사강은 스물넷의 나이에 쓴 것이라고는 믿기지 않을 정도의 완숙함을 이 작품 속에 담아내면서, 자신의 ‘천재’를 또다시 증명했다. 『브람스를 좋아하세요…』에서 사강은 기쁨과 슬픔, 행복과 불행이 언제나 교묘하게 뒤섞여 있는 우리의 일상을 배경으로, 난해하고 모호한 사랑이라는 감정을 진솔하게 그려 냈다. 권태로운 일상에 등장한 봄 햇살 같은 사랑 실내장식가인 서른아홉의 폴은 오랫동안 함께 지내 온 연인 로제에게 완전히 익숙해져 앞으로 자신은 다른 누구도 사랑할 수 없으리라 생각한다. 하지만 구속을 싫어하는 로제는 폴과 달리, 마음 내킬 때만 그녀를 만나고 젊고 아름다운 여자로부터 하룻밤의 즐거움을 찾는 것도 마다하지 않는다. 폴의 로제를 향한 일방적인 감정은 하루하루가 지날수록 그녀에게 더욱 깊은 고독만을 안겨 준다. 그러던 어느 날, 일을 의뢰한 미국인 부인을 방문한 폴은 몽상가 같은 신비로운 분위기의 시몽과 조우한다. 시몽은 폴에게 첫눈에 반해 수줍지만 적극적인 애정 공세를 퍼붓기 시작하고, 그런 시몽의 태도에 폴은 한편으로는 불안감을, 다른 한편으로는 신선한 호기심을 느낀다. “타인에게 피해를 주지 않는 한, 나는 나를 파괴할 권리가 있다.” 소설보다 더 문학적인 프랑수아즈 사강의 삶 프랑수아즈 사강의 삶을 한마디로 압축하면 바로 ‘중독’이라고 할 수 있다. 10대 후반부터 생미셸 대로의 카페와 클럽을 들락거렸고, 골루아즈 담배와 커피 한 잔이 아침 식사였으며, 위스키 잔을 줄곧 손에서 놓지 않았고, 문턱이 닳도록 카지노를 드나들며 인세 전액을 간단히 탕진했으며, 재규어와 애시튼 마틴, 페라리, 마세라티를 바꿔 가며 속력을 즐기다가 차가 전복되는 교통사고를 당해 3일간 의식 불명 상태에 놓이기도 하는 등, 다시 말해 낭비와 알코올과 연애와 섹스와 도박과 속도와 약물에 중독된 삶이었다.그녀의 이러한 삶의 모습 때문에 소설가 프랑수아 모리아크는 그녀를 “작은 괴물”이라고 칭하기도 했다. 몇은 그녀의 도덕성을 문제 삼으며 비난하기도 했지만(실제 그녀는 마약 복용 혐의로 법정에 불려가기도 했고, 거기에서 “나는 나를 파괴할 권리가 있다.”라는 유명한 말을 남겼다.) 그녀는 개인의 자유를 추구하는 이러한 삶을 통해 구속이나 제한 없이 소설을 쓰면서 자신의 삶을 불태웠다. 자신이 체험하지 않은 것은 결코 소설로 쓰지 않겠다고도 말했던 그녀는 실제로 작품 속에 이러한 경험들을 소재로 한 이야기들을 매혹적으로 생동감 있게 담아내면서, 결국 미워할 수 없는 천재 문학소녀, “프랑스 문단의 매력적인 작은 괴물”로 인정받았다. --------------------------------------------------------------------------------------- AIMEZ-VOUS BRAHMS… by Françoise Sagan Copyright © Editions Julliard, Paris 2008 All rights reserved. Korean Translation Copyright © Minumsa 2008, 2021 Korean translation edition is published by arrangement with S.A. Editions Robert Laffont through Sibylle Books Literary Agency. 이 책의 한국어판 저작권은 시빌 에이전시를 통해 S.A. Editions Robert Laffont과 독점 계약한 ㈜민음사에 있습니다. 저작권법에 의해 한국 내에서 보호를 받는 저작물이므로 무단 전재와 무단 복제를 금합니다.",https://audioclip.naver.com/audiobooks/330EC5488A
저주토끼 <저주토끼>,정보라,"세상 몹쓸 것들을 제대로 응징하는, 어여쁜 저주 이야기 한국 호러 SF/판타지 대표작가 정보라의 4년 만의 신작 소설집 할아버지는 늘 말씀하셨다. “저주에 쓰이는 물건일수록 예쁘게 만들어야 하는 법이다.” 대를 이어 저주 용품을 만드는 집안에서 태어난 손자와 그 할아버지의 이야기. 할아버지는 오래 전 젊은 나이에 생을 마감한 친구가 있었다. 할아버지의 친구네 집안은 마을 유지인 술도가. 바른 마음으로 좋은 전통주를 제조해서 팔려고 애쓰는 할아버지 친구네 집안사람들은 그러나 세상 돌아가는 약삭빠른 이치를 깨닫지 못했다. 정부 인사와의 친분, 인물, 접대, 뇌물은 뒷전이고 좋은 술을 만드는 데 전념한 것. 그에 반해 저질 알코올에 물과 감미료를 대충 섞어 “서민들이 선호하는” 술이라고 선전하던 경쟁회사는 급기야 할아버지 친구네 집안의 술에 “공업용 알코올이 들어간다”는 흑색선전을 퍼트리고, “그 술을 마시면 눈이 멀고 불구가 된다”며 비방을 일삼았지만 호소할 방법이 없다. 결국 매출은 떨어지고 공장은 가동을 멈췄으며, 긴 소송 끝에 할아버지 친구네 집안은 몰락하고 만다. 이에 보다 못한 주인공의 할아버지가 ‘저주토끼’를 어여쁘게 만들어 손수 복수에 나서는데…. 러시아를 비롯 슬라브어 권의 명작들을 꾸준히 번역해서 소개하고, 보태어 수준 높은 호러 SF/판타지 창작으로 꾸준히 독자들의 사랑을 받아온 정보라 작가의 다섯 번째 저서가 4년 만에 나왔다. 동서고금을 넘나드는 배경과 인물과 사건들이 넘치는 10편의 작품이 아우르는 주제는 복수와 저주. 저자의 풍부한 상상력은 가차 없는 저주로 복수를 대신한다. 세상의 몹쓸 것들은 도무지 뉘우칠 줄 모르고, 우리의 주인공들인 피해자(혹은 등장토끼 혹은 등장로봇)에게 용서란 없다. 하지만 저자는 말한다. “원래 세상은 쓸쓸한 곳이고 모든 존재는 혼자이며 사필귀정이나 권선징악 혹은 복수는 경우에 따라 반드시 필요할지 모르지만, 그렇게 필요한 일을 완수한 뒤에도 세상은 여전히 쓸쓸하고 인간은 여전히 외롭다는 얘기를 하고 싶었다”고. 그런 사람들에게, 그렇게 고군분투하는 우리 모두에게 위안이 되고 싶었다고. 그렇게 이 책은 악착 같은 저주와 복수에 관한 이야기이자, 위로에 관한 우화들이다. “용서할 수 없는 것들은, 용서하지 말자.” 「저주 토끼」 할아버지는 늘 말씀하셨다. “저주에 쓰이는 물건일수록 예쁘게 만들어야 하는 법이다.” 대를 이어 저주 용품을 만드는 집안에서 태어난 손자와 그 할아버지의 이야기. 억울하게 죽은 친구를 위해 주인공의 할아버지가 ‘저주토끼’를 어여쁘게 만들어 손수 복수에 나서는데….",https://audioclip.naver.com/audiobooks/CE6D7E1125
인터내셔널의 밤,박솔뫼,"나이, 성별, 지역…… 우리는 “주민등록에서 도망칠 수 있을까” “일단 어디든 다녀보는 것이 좋겠다는 생각이 들었다. 산책처럼.” 올해로 등단 10년을 맞은 박솔뫼 작가의 여덟 번째 작품집 『인터내셔널의 밤』이 아르테에서 출간되었다. 부산으로 향하는 기차에서 만난 한솔과 나미 두 여행자의 이야기를 담은 『인터내셔널의 밤』은 심드렁하게 읊조리는 혼잣말들이 의미를 내포하고 소설의 형상을 갖추며 그리하여 깊이 숨겨져 있다가 예상하지 못한 곳에서 다각적으로 단서를 드러내고 마는 박솔뫼 소설만의 매력을 더욱 증폭시키고 있다. 자신을 옥죄던 교단에서, 현실에서, 성역할에서 도망쳐 나온 이들의 여행을 따라가다 보면, 사실 벗어나려 하기보다는 좀 더 자신의 근본에, 정체에 다가가려 애쓰는 사람들이라는 것을 깨닫게 된다. 한솔은 자꾸 배제되고 밀려나는 세상에서 숨으려 하기보다는 눈에 띄고 싶고 누군가에게 기대고 싶은 마음을 인정하며 사회적 사람이, 인구의 일부가 되는 일을 견디려고 노력한다. 나미는 언제나 더 나은 자, 다른 차원의 목소리를 듣고 싶었지만 자신을 구원하는 목소리는 아주 가까운 곳에서 듣게 된다. “시간은 길고 시간은 많고 이런 일도 있고 저런 일도 있을 거야. 그냥 살면 된다”는 유미 이모의 말은 도망쳐 나온 세상을 등지고 새로운 관문 앞으로 발을 떼볼 용기를 갖게 해준다. 항구와 커다란 여객선 사진을 함께 바라보던 두 사람은 이제 각자의 새로운 여행지로 다시 떠나려 한다. 두려움을 딛고 하나의 새로운 관문을 통과하면서 한솔은 가뿐한 발걸음과 함께 센티멘털을 느끼며 수첩에 한 문장을 남긴다. “모든 것이 좋았다”고.",https://audioclip.naver.com/audiobooks/E09700953B
이상한 용손 이야기 (빅스 혁),곽재식,"""소년의 마음이 일렁이면 비가 내린다 SF 작가 곽재식이 들려주는 사랑스러운 성장 소설 곽재식 작가의 『이상한 용손 이야기』가 ‘소설의 첫 만남’ 시리즈 열네 번째 책으로 출간되었다. 곽재식 작가는 그동안 동서양의 전설, 인공지능, 외계인 등 흥미로운 소재를 장르적 상상력으로 펼치며 많은 사랑을 받아 왔다. 이번 작품은 자신이 용의 자손(龍孫)이라는 사실을 알게 된 소년이 주인공으로 등장한다. 용손의 감정이 요동치면 하늘에서 비가, 심지어는 홍수를 일으킬 만한 폭우가 내린다는 것을 깨닫고 마음을 다스리기 위해 고군분투하는 소년의 모습을 귀엽고 사랑스럽게 그렸다. *** 혁(VIXX)이 낭독하는 곽재식 작가의 [이상한 용손 이야기]는 [EBS 아이돌이 읽다, 마음을 잇다] 라는 아이돌의 낭독과 기부가 결합된 프로젝트 참여 작품이다. 이시대 최고의 아이돌이 문학작품 낭독자로 참여해 목소리 재능을 기부하고, 이를 통해 발생되는 수익금 일부는 농어촌청소년육성재단에 기부되어 문화 교육 혜택에서 소외된 청소년들의 올바른 성장 지원을 위해 사용된다.",https://audioclip.naver.com/audiobooks/FC94DEDD7E
우럭 한 점 우주의 맛,박상영,"「우럭 한 점 우주의 맛」은 아들의 정체성을 부정하는 엄마와 자신의 정체성을 부인하는 애인 사이에서 갈등하면서도 그들을 떠나지는 못하는 ‘나’를 통해, 사랑의 ‘어쩔 수 없음’을 ‘웃음’과 ‘눈물’과 ‘단맛’과 ‘짠맛’을 모두 동원해 속도감 있게 그려 보인다. ",https://audioclip.naver.com/audiobooks/020779FBA3
