titles,authors,informs,clip_links
도쿄 팔경,다자이 오사무,엄선한 일본 근현대 중단편 문학의 정수! ― 쉰 번째 이야기 30대 초반의 다자이 오사무가 그린 자신의 삶. 대표작 「인간실격」을 읽기 전에 반드시 읽어야 할 작품. 도쿄에서 생활을 시작한 이후의 다자이 오사무의 마음속 풍경. 《출판사서평》 역사적으로나 지리적으로 봤을 때 일본과 우리는 떼려야 뗄 수 없는 관계에 있다. 문화 면에 있어서도 양국 간의 교류는 그 역사가 매우 깊다. 근대 이전까지는 주로 우리를 통해서 선진 문물이 일본으로 들어갔다. 당시의 일본 문화는 우리의 선진 문물에 힘입은 바가 크다. 그러나 근대화 과정에서 우리보다 한발 앞서 서양 문물을 적극적으로 수용한 일본은 이후 우리의 문화에 커다란 영향을 주었다. 지리적으로 인접한 두 나라는 이처럼 오랜 옛날부터 서로에게 커다란 영향을 주었다. 어느 한쪽의 선진 문화가 다른 한쪽으로 전파되는 것이 주된 흐름이었던 옛날과는 달리 지금은 양국이 거의 대등한 입장에서 서로의 문화에 영향을 주고 있다. 교통과 통신의 발달로 어느 한 쪽을 통해 문물을 받아들이는 것이 아니라 서로가 독자적으로 세계와 교류하며 문화를 흡수하고 그것을 발전시켜 나가고 있기 때문일 것이다. 그럼에도 두 나라는 지리적 여건상 지금도 서로에게 커다란 영향을 주고 있다. 정서적으로는 서로 갈등이 있지만 바로 그렇기 때문에 문화적인 면에서의 접근이 선행되어야 할 것이다. 이번에 일본 근현대의 중단편 소설을 시리즈로 기획했다. 일본 근현대 소설이라고 하면 그 범위가 상당히 넓은데 이 시리즈에서는 근현대 문학의 초기 작품부터 현대의 작품까지를 전부 아우를 생각이다. 상당히 긴 작업이 될 테지만 누군가 이 시리즈를 기다려주는 독자가 한 명이라도 있는 한 멈추지 않을 생각이다. 또 각 단편을 읽기 쉽게 하기 위해 따로 출간하기로 했다. 새로운 읽기 문화에 적응하기 위한 몸부림이라고도 할 수 있겠다. 독자에게는 필요한 작품만을 골라 읽을 수 있는 장점이 있으리라. 우리나라 사람들이 이웃나라인 일본 근현대 사회의 정서를 조금이나마 이해하는 데 이 시리즈가 도움이 되었으면 하는 바람이다.,https://audioclip.naver.com/audiobooks/22F9D29538
게토의 주인,지미준,"“기다려!”라는 주인의 말을 믿은 개와 인간의 먹이가 될 운명의 개들, 그리고 목숨을 테러당한 고양이들의 이야기 이 책은 반려동물의 동물권만을 이야기하지 않는다. 소설의 마지막 한 장을 덮는 시간까지 예측할 수 없는 순간들 속에 독자는 한 걸음씩 미스터리 미로 속으로 흡입될 것이다. 23일 폐쇄 구역에서 벌어지는 생사를 오가는 동물과 사람의 이야기. 개와 고양이를 사랑한다는 인간, 인간을 사랑했던 동물. 모두에게 경고의 메시지가 도착했다. 그들의 운명은 어떻게 될까. “내가 하고 싶은 이야기의 시작은 비극적이고 잔혹한 것은 아니었다.” -지미준 작가 지미준 지음 l 포춘쿠키 출간 l 김보영, 서반석 낭독 l 프로스플레이 제작 2020 경기도 우수출판물 제작지원(오디오북분야) 선정",https://audioclip.naver.com/audiobooks/52E30610A5
무기여 잘 있거라,어니스트 헤밍웨이,"세계대표명작을 엄선하여 줄거리, 주제등을  성우의 목소리로 들려주는 세계 명작  보물창고!  오디오북을 통해 세계 대표명작을 만나 보세요.",https://audioclip.naver.com/audiobooks/5DB23BE629
나의 할머니에게,"윤성희, 백수린, 강화길, 손보미, 최은미, 손원평","틀림없이 우리 곁에 있어왔지만 정확하게 응시된 적은 없었던 여성들 일본군 위안부 피해자 고(故) 김복동 할머니는, 피해 사실을 고발한 이후 30년 가까이 여성 인권 향상에 힘쓰다 “나는 희망을 잡고 사니 내 뒤를 따르라”라는 말을 남긴 채 지난해 세상을 떠났다. 그러나 ‘텔레그램 n번방’ 사건처럼 여성에 대한 범죄와 폭력이 공공연하게 이루어지는 ‘지금-여기’에서 여성이 마음 놓고 희망을 붙들고 살기란 여전히 난망한 일이다. 더욱이 ‘할머니’는 여성주의 담론에서조차 주변부에 머물며 현실에서까지 약자를 향한 까닭 없는 분노와 원망의 대상이 되기도 한다. 하여 ‘희망’을 유언으로 남긴 김복동 할머니처럼, 눈앞에서 떠드는 충고나 조언보다 자신이 살아온 인생으로 소곤소곤하게 희망을 말하는 할머니란 존재는 더없이 소중하다. 이러한 할머니라면 “그럼에도 불구하고, 기대하는 것을 멈추지 못하리라는 것, 이런 게 살아 있다는 것”(강화길, 「선베드」)이고, “그 우여곡절과 슬픔과 상처로 인해 인간이란 이렇듯 사랑스러운 존재”(오정희, 추천의 글)라고 말해줄 것 같기 때문이다. 『나의 할머니에게』는 사회 곳곳에서 여전히 소외되고 주목받지 못하지만, 어려운 시절을 충실히 살아낸 우리 시대의 소중한 어른으로서 ‘할머니’들의 이름을 제대로 불러보고 싶다는 마음에서 시작되었다. 현재 한국 문단에서 가장 활발히 활동 중인 여성 작가 6명(윤성희, 백수린, 강화길, 손보미, 최은미, 손원평)이 유해한 시대를 무해한 사랑으로 헤쳐 나온 이들의 믿지 못할 삶의 드라마를 각자의 고유한 감각과 개성으로 그려냈다. 가족의 의미가 흐려져가는 시대에도 부모를 대신해 우리를 키우고 보듬었던 존재. 가족을 위해, 또 여성을 억누르는 부당한 세상에 의해 자신의 이름을 지우고도 한 시대를 오롯이 버텨낸 역사의 증언자. 떠올리면 언제나 마음이 따뜻해지는 단어. “틀림없이 우리 곁에 있어왔지만 정확하게 응시된 적은 없었던 여성들”(황예인, 발문)인 할머니에 대한 여섯 편의 소설이 실려 있다. 누구도 주목하지 않았던 ‘할머니’의 존재성을 전면에 내세운 첫 소설집 ‘여자 어른’으로서 할머니는 여전히 우리와 같은 시대를 살아가고 있다. 맞벌이 가정의 아이들 중 절반가량이 할머니의 손에 길러지는 현실에서 우리의 할머니들은 관절염과 우울증에 시달리면서도, 제대로 된 양육비를 받지 못하면서도 중노동에 가까운 ‘두 번째 육아’를 묵묵히 감내하고 있다. 남편에게도 가정에서의 동등한 권위를 (아마도) 인정받지 못했을, 또 (다분히) 사회적으로도 동등한 기회를 보장받지 못했을 우리의 할머니들은 왜 여전히 인생을 충실히 살아낸 어른으로서 대접받지 못하는 걸까? 이 책은 누구도 주목하지 않았던 ‘할머니’의 존재성을 전면에 내세운 첫 소설집이다. 2019년 김승옥문학상 대상을 수상한 윤성희의 「어제 꾼 꿈」은 남편의 제삿날에도 연락하지 않는 자식들에게 서운해하면서도, “손주가 태어나면 구연동화를 해주는” 좋은 할머니가 되기를 빌어보는 화자의 주문을 생생한 문장으로 풀어낸다.",https://audioclip.naver.com/audiobooks/886B71DE03
사춘기라서 그래?,이명랑,"하루라도 조용히 지나가면 입안에 가시가 돋친다! 이제 막 중학생이 된 현정이는 엄마와 매일 신경전을 치르기 바쁘다. 하루에도 열두 번씩 즐거웠다, 짜증 났다를 오락가락하는 이상한 나날. 사춘기 딸과 열혈 엄마의 아슬아슬한 줄다리기, 너 정말 왜 그러니? 사춘기라서 그래?",https://audioclip.naver.com/audiobooks/F7EC7DF55F
림 로드 (위키미키 김도연),배미주,"아기 때부터 친구였던 현수가 아이돌로 데뷔한 뒤 현영은 외로움을 느낀다. 현영은 방학을 맞아 미국에 있는 이모할머니 댁에 가고, 할머니가 들려준 이야기 덕분에 위로를 받는다. 작가 배미주가 들려주는 열여섯 살 첫사랑 이야기. *** 위키미키의 멤버인 김도연이 낭독하는 배미주 작가의 [림로드]는 [EBS 아이돌이 읽다, 마음을 잇다] 라는 아이돌의 낭독과 기부가 결합된 프로젝트 참여 작품이다. 이시대 최고의 아이돌이 문학작품 낭독자로 참여해 목소리 재능을 기부하고, 이를 통해 발생되는 수익금 일부는 농어촌청소년육성재단에 기부되어 문화 교육 혜택에서 소외된 청소년들의 올바른 성장 지원을 위해 사용된다.",https://audioclip.naver.com/audiobooks/BD814A0F3F
나의 스파링 파트너,박하령,"“나를 비추는 거울은 선명할수록 좋다” 지금 우리를 단련시킬 여섯 가지 이야기 서울시 올해의 한 책 『발버둥치다』 박하령 작가의 신작 소설집 장편소설 『발버둥치다』 『의자뺏기』 『반드시 다시 돌아온다』 등으로 탄탄한 독자층을 형성한 동시에, 청소년문학을 대표하는 작가 중 한 사람으로 자리매김한 박하령 작가의 소설집 『나의 스파링 파트너』가 출간되었다. 이 소설집은 청소년에게 갈급한 주제들, 혹은 자신을 들여다볼 수 있는 주제를 짧은 소설로 그려냈다. 단숨에 써 내린 듯한 속도감 있는 이야기에는 박하령 작가의 장편에서 만날 수 있는 장점이 고스란히 담겨 있다. 주먹을 내지르는 듯한 빠른 전개와 마음을 파고드는 공감 어린 문장을 따라가다 보면 끝내 압도적인 감동에 가닿는 반가운 신작이다. 발표하는 작품마다 속도감 있는 전개, 현실적인 소재와 명징한 문장을 통해 현재 청소년의 이야기를 누구보다 실감나게 꾸려 낸 박하령 작가. 특유의 명랑하고 사려 깊은 목소리로 십대들이 오랫동안 읽고 싶었고 지금 필요한 이야기들을 들려준다. 난해하거나 모호한 글은 지양하고 주제가 선명하고 잘 읽히도록 썼다. 이번 소설집은 짧은 소설에 최적화된 속도감 있는 문장과 선명한 주제, 유머와 감성으로 독자를 끌어당긴다. 지금 십대를 통과하고 있는 이들의 두려움과 자유에 대한 갈망, 외로움과 고통 등의 미세한 감성을 어루만지는 여섯 가지 이야기는 청소년과 소통하기에 부족함이 없는 작품들이다.",https://audioclip.naver.com/audiobooks/B5C0242479
꿈을 지키는 카메라 (위키미키 지수연),김중미,"아람이는 학생을 성적으로 나누는 우열반에 반대해 보충 수업을 거부한다. 명품반에 든 단짝 친구 연수마저 보충 수업을 신청하자 서운함을 느끼고, 억울하면 공부 열심히 하라는 언니의 말에 화가 나기도 한다. 한편 아람이네 만두 가게가 있는 시장에 재개발 바람이 불어닥치고, 상인들은 삶의 터전을 빼앗길 위험에 처한다. 곧 사라질 시장 풍경을 사진으로 담기 위해 아람이는 카메라를 드는데……. 소외된 이웃을 향한 따뜻한 시선이 담긴 이야기. *** 위키미키의 멤버인 지수연이 낭독하는 김중미 작가의 [꿈을 지키는 카메라]는 [EBS 아이돌이 읽다, 마음을 잇다] 라는 아이돌의 낭독과 기부가 결합된 프로젝트 참여 작품이다. 이시대 최고의 아이돌이 문학작품 낭독자로 참여해 목소리 재능을 기부하고, 이를 통해 발생되는 수익금 일부는 농어촌청소년육성재단에 기부되어 문화 교육 혜택에서 소외된 청소년들의 올바른 성장 지원을 위해 사용된다.",https://audioclip.naver.com/audiobooks/E71D6FCC57
이방인,알베르 카뮈,"죽음, 자유, 반항, 행복, 부조리의 소설 삶과 죽음, 부조리와 반항, 현대 사회에서 소외된 비극적 인간상! 1942년에 발표된 알베르 카뮈의 데뷔작으로 군더더기 없는 정교한 문체가 두드러진 작품. 어미니의 죽음 후 살인을 저지르게 되는 주인공 뫼르소의 수기를 통해 부조리한 세상과 부조리의 인간을 표현하고 있다. 알베르 까뮈의 대표작 『이방인』 오디오북은 주인공의 수기 형식인 작품의 특징이 살아나 더 생생한 까뮈의 작품 세계를 만날 수 있다.",https://audioclip.naver.com/audiobooks/EEB153725D
