titles,authors,informs,clip_links
사도의 8일: 생각할수록 애련한,조성기,★사도세자와 혜경궁 홍씨의 관점에서 돌아본 뒤주 8일간의 이야기!★ 『사도의 8일: 생각할수록 애련한』은 비운의 왕세자 사도와 혜경궁 홍씨의 관점으로 돌아본 뒤주 8일간의 이야기로 조성기의 문학적 깊이가 드러나는 수작이다. 역사소설을 넘어서는 인간소설이며 실존소설인 이 작품은 젊은 성군 사도의 역사적 비극을 내면적으로 파고들어간다. 조선 왕실 최대의 비극이며 인류 역사상 전무후무한 뒤주형을 당한 사도. 뒤주라는 절대적인 한계 상황에서 자신이 권력 투쟁에 휘말릴 수밖에 없었던 상황과 아버지 영조와의 갈등 그리고 혜경궁 홍씨와의 사랑을 이상문학상 수상 작가 조성기의 놀라운 상상력으로 생생하게 재현해낸다. 조성기만의 날카롭고 섬세한 필체로 그려낸 역사 속의 장면들은 슬프다 못해 애련하다.,https://audioclip.naver.com/audiobooks/12A2E80D26
[단편] 이모,권여선,"소설가 권여선의 다섯번째 소설집이자 2016 동인문학상 수상작. 이해되지 않는, 그러면서도 쉽사리 잊히지 않는 지난 삶의 불가해한 장면을 잡아채는 선명하고도 서늘한 문장으로 삶의 비의를 그려낸다. 인생이 던지는 지독한 농담이 인간을 벼랑 끝까지 밀어뜨릴 때, 인간은 어떠한 방식으로 그 불행을 견뎌낼 수 있을까. 미세한 균열로도 생은 완전히 부서질 수 있다는 것을 보여주는 데 탁월한 감각을 발휘해온 권여선은 그럼에도 그 비극을 견뎌내는 자들의 숭고함을 가슴 먹먹하게 그려낸다. 「이모」 안산 외곽의 오래된 소형 아파트에서 혼자 살고 있는 이모의 집에는 텔레비전도 컴퓨터도 휴대전화도 없다. 착취했다고밖에는 말할 수 없는 가족 곁을 완전히 떠나기 전 5년간 악착같이 모은 1억 5천만원에서 1억은 아파트 보증금으로, 남은 5천만원으로는 그 돈이 떨어질 때까지 아무 일도 하지 않고 살겠다 결심한 이모. 그리고 이모의 인생을 바꿔놓은 어느 겨울밤의 이야기가 이어진다.",https://audioclip.naver.com/audiobooks/8F89648AD7
사건 치미교 1960,문병욱,"영화화를 위해 완벽히 준비된 한 편의 치밀한 스토리! 대한민국 전체를 거짓으로 혼란케 했던 충격적 실화! 작가 문병욱은 공대를 졸업하고 관련 계통의 일을 하다 한순간 글쓰기의 길을 선택, 몇 년 간 아무것도 하지 않고 글쓰기에만 매달렸다. 그리고 한국작가협회에서 주최하는 시나리오 공모전에서 당당히 대상을 거머쥔다. 다시 소설이라는 장르의 매력에 푹 빠진 문 작가는, 누구도 쉽게 들추어내지 못하는 어려운 소재들을 발굴해내어 치밀한 스토리들을 써내기에 이른다. 그중 《사건 치미교 1960》은 ‘제1회 이답 스토리공모전’ 최종 당선작으로, 신인 작가라고 하기엔 너무나 대담하고 흡입력 있는 전개를 보여주는 놀라운 소설이다. ‘재미’와 ‘긴장감’은 물론, 실화를 모티브로 해 탄탄한 구성을 겸비한 이 소설은 어두운 시대상의 일면과 함께 선악을 겸비한 인간의 내면을 파헤쳐가며 생각에 잠기게 만든다. 1930년, ‘백백교’라는 이름의 한 사이비종교 등장. 눈앞에 뻔히 보이는 거짓말에도 불구하고 수만 성도들을 끌어들이며 대한민국을 떠들썩하게 했다. 이 사건은 오래 전 다큐멘터리에서도 다루어진 적이 있으나 이미 사람들의 머릿속에서 잊혀져 갔고, 지금도 버젓이 존재하고 있는(있을지 모르는) 잔재들에 대한 가능성을 바탕으로 생생한 이야기가 전개된다. 누군가는 이 소설이 ‘세월호’ 사건과 관련이 있는가, 라는 의문을 던져오기도 하고, 당시 사회적 분위기 속에 얽혀 있던 여러 가지를 건드리는 것이 아닌가, 하는 걱정을 해오기도 한다. 그래서 이 소설은 ‘사회적 문제작’이라는 별명을 달고 세상에 나오게 됐다. 그리고 그것은 비단 대중성을 겸비한 재미있는 ‘소설’을 넘어, 당시 왜 사람들이 거짓을 보지 못할 수밖에 없었는지에 대한 시대적 상황을 되짚어보게 한다는 점에서 더 의미가 있다.",https://audioclip.naver.com/audiobooks/E39FA86223
소화,정해연,"""그저…… 작은 꽃이 되고 싶었습니다. 길가에 피든 바위 사이에 피든, 바람이 불면 부는 대로 흔들리고, 지나가는 이의 발자국 소리에 몸을 파르르 떨더라도 영롱한 아침이슬 가득 머금고 눈부시게 빛나는... 그저 작은 꽃이 되고 싶었습니다."" 노비라는 사슬을 지독히도 원망하고 벗어나고 싶어 했던 여인 소화. 소화: 내가 누구입니까? 자운: 나의 숨이다. 소화: 내가…누구입니까? 자운: 나의 심장이다. 소화: 내가...누구입니까? 자운: 나의...꽃이다. 소화를 사랑해 품에 안지 않았던 왕, 휘. 소화를 사랑하지만 왕의 신하이기에 심장을 잠재운 종사관, 자운. 그리고 노비 사슬을 벗어나기위해 휘의 여자가 되고 자운의 슬픔이 되어야했던 소화. 휘 : 종사관, 나와 사냥대결을 해보지 않겠느냐? 자운: 예? 휘 : 뭘 그리 놀라느냐? 대결을 하려면 내기 정도는 필요하겠지? 자운: 말씀하십시오, 전하. 휘 : 내기에 진 자는...자신의 마음에 있는 것을 내려놓기로 하지.",https://audioclip.naver.com/audiobooks/2F5F4D1567
애견무사와 고양이 눈 합본(2편),좌백 진산,"한국 무협을 대표하는 좌백&진산 작가 부부가 각각 '개'와 '고양이'를 주제로 선보이는 감동적인 동물 무협 시리즈 강시현, 신경선, 최낙윤, 김보나, 이승행 성우의 생동감 넘치는 연기와 다채로운 음향 효과가 어우러진 드라마 오디오북 2편을 한꺼번에 만나다! 1. 고양이 눈 고양이 요괴 묘파파는 어린아이를 잡아먹으려다가 견신과 마주치곤 혼쭐이 나서 도망친다. 순식간에 요력을 잃은 탓에 고양이의 모습으로 변신해 숨어 있던 중, '은려'라는 꼬마 아이에게 붙잡혀 졸지에 집고양이로 들어앉게 된다. 이 기회를 틈 타 요력을 보강하고 아이를 잡아먹으려던 묘파파는 애초의 뜻과는 다르게 벽지에서 외롭게 지내는 가족의 사연을 알게 되고는 꽤 오랜 시간을 이들과 함께하게 되는데……. 죽지 않는 요마의 이야기에 빗대어 먼저 떠나보낸 동물들에 대한 그리움과 추도를 담은 감동적인 무협 단편. 2. 폐허의 개들 흑수당과의 싸움에서 패배한 철검장은 철검장주를 보호하기 위해 탈주를 감행한다. 철검장주의 심복인 황구, 백구, 흑구로 불리운 사내들은 저마다의 특기를 발휘하여 자신의 주인을 보호하기 위해 목숨을 거는데……. 오로지 주인을 지키고자 하는 일념으로 눈물 나는 충정을 보인 세 심복의 이야기를 개의 심성에 빗대어 선사하는 감동적인 무협 액션 단편. *좌백&진산 작가는 공동 단편집 『애견무사와 고양이 눈』을 통해 각각 '개'와 '고양이'를 주인공으로 한 6편의 연작 단편을 발표하였으며, 시리즈의 모든 작품은 브릿G에서도 바로 읽을 수 있다. - 📌 성우들의 열연, 환상적인 BGM과 연출! 황금가지의 드라마형 오디오북 목록",https://audioclip.naver.com/audiobooks/6606EC56CD
봉봉,에드거 앨런 포,"세계 문호들의 판타스틱 단편 고전을 엄선하여 소개하는 시리즈 작품! 철학과 요리에서 천재성을 드러내고 있는 피에르 봉봉. 그러나 그런 그에게도 거래를 좋아한다는 결점이 있었는데. 어느 폭풍우 치는 날, 그는 악마와 거래를 시도한다. 《출판사서평》 낯선 세계로의 여행! 그곳으로 통하는 문이 이 책 안에 숨겨져 있다. 상상력의 힘이 펼쳐 보이는 끝도 없는 환상의 세계!! 그 안으로 들어가는 문은 우리의 현실 곳곳에 숨겨져 있다. 단지 현실세계에 너무나도 익숙하게 길들여진 우리의 눈에 보이지 않을 뿐이다. 하지만 어떤 우연한 일을 계기로 환상의 세계로 통하는 문이 열리면, 우리 앞에 몽롱한 환상의 세계가 펼쳐진다. 그리고 우리는 두려움과 함께 머뭇머뭇 그 세계로 들어서게 된다. 그렇게 해서 들어서게 된 곳은 더 이상 환상의 세계가 아니다. 그곳에서는 현재 우리가 살고 있는 현실보다 더욱 현실감 넘치는 사건이 우리를 기다리고 있다. 이제 우리는 그 세계에 빠져 현실로 도망치고 싶어 하면서도, 혹은 그 세계에 영원히 머물고 싶어 하면서도, 끝내 그렇게 하지 못 한다. 그 세계는 도망치려 하면 우리를 더욱 붙잡아두고, 영원히 머물고 싶어 하면 우리를 힘껏 밀어내는 세계이다. 누구나 한번쯤을 꿈꿔왔을 그 환상의 세계가 드디어 우리 앞에 펼쳐진다. 인류 최고의 상상력이 총망라된 이 책을 통해서, 당신 옆에 숨겨져 있는 환상의 세계로 가는 문에 대한 힌트를 얻기 바란다.",https://audioclip.naver.com/audiobooks/58BE023F7B
켄세라,채현선,"세벽 세시, 라파엘을 찾는 모르는 여자의 전화가 걸려온다. ""나를 전혀 알지 못하는 누군가가 필요한"" 사람이냐는 여자의 말에, 나는 전화를 끊지 못한다. 나는 여자가 들려주는 라파엘 이야기에 귀를 기울인다. 내가 창문을 여는 동안 여자가 노래를 부른다. 누구일까, 나는 다시 삶을 살길 원한다... 라파엘을 그리고 싶었다는 여자의 목소리를 들으며 밤이 깊어간다.",https://audioclip.naver.com/audiobooks/9A35857F8E
칠면조와 달리는 육체노동자,천명관,"천명관은 그 이름 자체로서 힘이 넘치고 독자를 유쾌하게 만드는 작가이다. ‘희대의 이야기꾼’으로서 등단 이후 꾸준히 ‘폭발하는 이야기의 힘’을 선보여온 작가 천명관이 7년 만에 두번째 소설집 『칠면조와 달리는 육체노동자』를 선보인다. 풀리지 않는 인생, 고단한 밑바닥의 삶이 천명관 특유의 재치와 필치로 살아나는 여덟편의 이야기를 읽다보면 여전히 웃음이 나면서도 어느 순간 가슴 한구석이 턱, 막히는 먹먹한 감동을 얻게 되고 그 여운은 진하게 오래 남는다. 그사이 천명관의 유머에는 따뜻한 서정과 서글픈 인생에 대한 뜨거운 위로가 더해졌고, 통쾌한 문학적 ‘한방’은 더욱 강렬해졌다.",https://audioclip.naver.com/audiobooks/F7D518D953
어셔가의 몰락,애드가 앨런 포우,"중고생이 꼭 읽어야 할 세계 단편 소설 '어셔가의 몰락'. 미국 낭만주의의 환상성과 신비성을 마음껏 표출한 애드가 앨런 포우의 대표적 단편소설 '어셔가의 몰락'. 나는 어느 날 소년시절 학교에서 잠깐 스치듯 알고 지내던 어셔라는 친구로부터 갑작스런 편지를 받는다. 오랜만에 다시 만난 전통 있는 집안의 후예인 로데릭 어셔는 심한 우울증에 걸려 있었다. 내가 도착하자마자 어셔의 쌍둥이 누이동생이 죽어 장례를 치렀는데 폭풍우 치는 어느 날 밤, 죽었던 누이동생이 살아 돌아와 책을 읽고 있던 오빠에게 쓰러진다. 그리고 두 남매는 모두 죽는다. 이 무서운 사건을 목격한 ‘나’는 겁에 질려 밖으로 달아난다.",https://audioclip.naver.com/audiobooks/5A8EDD3DE6
컴퍼스 콤플렉스 3권,백묘,"""“아니, 아니. 내 말을 오해하는 모양인데…… 지금 내 반응이 되게 사랑처럼 보인다는 거 알아. 내가 바보도 아니고, 그걸 모르겠냐?” 천재 자동차 디자이너 마승민. 자신의 천재성을 몰라주는 회사 생활에 지쳐 까칠해진 그의 앞에 소녀라기보다는 소년 같은 여자 현수가 나타난다. 이상하게도 현수 앞에서는 자신의 솔직한 모습을 보여 줄 수 있게 된 승민, 어느샌가 마음속 깊이 들어와 버린 현수를 향한 승민의 못 말리는 짝사랑! “네. 얄미운데도 사랑해 줘서 고마워요.” 시골 마을의 자동차 정비사인 정현수. 말 못할 콤플렉스로 여자인 자신을 부정하고 남자의 삶을 동경하던 그녀였지만 승민을 만나 제 안의 진정한 모습을 깨닫게 된다. 승민이 만든 자동차가 보고 싶어진 현수는 승민을 따라 서울로 올라오게 되는데…….""",https://audioclip.naver.com/audiobooks/75EE51535F
에밀리를 위한 장미,윌리엄 포크너,고독한 미스 에밀리의 비밀의 방이 열린다! 미스 에밀리는 부친이 죽은 뒤 세상과 단절하고 살아갑니다. 집을 드나드는 사람이라곤 늙은 하인뿐이었죠. 윌리엄 포크너의 단편소설,https://audioclip.naver.com/audiobooks/320FC210A2
요약) 위대한 유산,원작 : 찰스 디킨스 / 요약 : 북코스모스,원작 : 찰스 디킨스 요약 : 북코스모스 제작 : (주)와미디어 낭독 : 김은정,https://audioclip.naver.com/audiobooks/E664CCFAE7
비운의 주드 1,토마스 하디,"※ KBS 슈퍼탤런트 1기 배우 김시연 전권 완독 ※ 토마스 하디 최후의 대표작으로 비극문학의 정수. 19세기 최고의 문제작으로 신랄한 비판을 받았다. 《비운의 주드》는 기혼 남녀 두 주인공이 각각 자신의 배우자를 버리고 동거하여 아이를 낳는 이야기를 아무런 도덕적 비난 없이 그린다. 위선과 허위의식으로 가득 찬 교육제도와, 남녀간의 애정에 기반하지 않은 형식적인 결혼제도를 비판한 이 작품은 당시 기성세대에게 혹독한 공격을 받았으며, 어느 주교에 의해 분서를 당하는 수난까지 겪었고, 그 충격으로 하디는 소설을 절필하기에 이른다. 하디는 주드의 이야기를 한 청년의 사랑 이야기로 끝내지 않고, 운명에 맞서다 스러진 한 인간의 이야기로 승화시켰다. 전체적인 소설의 분위기는 침울하고 비관적이며, 비극적인 세계관이 작품 전체를 관통한다. 《비운의 주드》는 처절한 그의 짧은 일생을 통하여 사회 구조 속에 도사린 불합리한 체제를 변혁하고자 하는 마음이 작품 속에 깊이 퍼져 있다. 토마스 하디는 이 작품을 통해 영국의 고등교육, 사회계급제도, 결혼제도를 공격했다. 작품 곳곳에 하디의 결혼과 이혼에 대한 개방적인 태도가 엿보인다. 비극적인 남녀 주인공을 통해 당대의 도덕관을 깊이 다루면서 비판하고 있다.",https://audioclip.naver.com/audiobooks/999E5FA326
행성어 서점,김초엽,"마음산책 열두 번째 짧은 소설은 한국 SF문학의 새로운 지평을 연 소설가 김초엽의 『행성어 서점』이다. 그는 “산뜻한 이야기의 마을”에서 수집해온 열네 편의 이야기를 진진하게 펼쳐간다. 우리가 발 딛고 선 현실에서 출발하는 작품들은 장애와 혐오, 이종(異種)간의 갈등과 공존, 환경 파괴 같은 동시대적인 문제의식을 안은 채 우주적 세계로 향한다. 수술 후유증으로 무엇이든 몸에 닿으면 끔찍한 고통을 느끼는 ‘접촉 증후군’ 환자 파히라(「선인장 끌어안기」), 뇌에 통역 모듈을 심어 수만 개의 은하 언어를 알 수 있는 세상에서 시술 부적응자로 살아가는 교수(「행성어 서점」), 균사체 연결망이 집단 지능을 구축하고 있는 늪에 갑자기 나타난 유약한 미지의 소년(「늪지의 소년」), 폐허 직전의 휴게소 한 편에 위치한 기이한 식당의 의문투성이 주인(「지구의 다른 거주자들」)은 이 세계의 별종이자 이방인들이다. 김초엽은 나와 다른 타자, 나아가 소수자의 삶을 독자가 직접 마주 보게 함으로써 다양성에 대한 인식과 긍정을 넘어 공존을 모색하도록 도모한다. 이 오디오북은 한국출판문화산업진흥원(KPIPA)의 ‘2022년 오디오북 제작 지원’ 사업 선정작입니다.",https://audioclip.naver.com/audiobooks/AAAD0BD985
탐닉 - 일본 중단편 고전문학,이와노 호메이,엄선한 일본 근현대 중단편 문학의 정수! ― 다섯 번째 이야기 이와노 호메이의 작가적 지위를 확립하게 해준 작품 게이샤에게 빠져 그녀를 여배우로 만들기 위해 노력하는 작가 중년 남성의 비소한 현실을 밝고 즐겁게 그린 자연주의 소설의 수작,https://audioclip.naver.com/audiobooks/5AF1011568
모르그 가의 살인사건 - 세계 미스터리 고전문학,에드거 앨런 포,세계 유명 작가들의 미스터리 고전을 엄선하여 소개하는 시리즈의 일곱 번째 작품! 어느 날 신문을 통해서 우연히 접하게 된 괴사건. 끔찍한 살해현장과 엇갈리는 목격자들의 진술. 뒤팽이 천재적인 추리력으로 밝혀낸 살인범은 놀랍게도 인간이 아니었다.,https://audioclip.naver.com/audiobooks/83862ECEB6
한 권으로 읽는 세계명작 다이제스트 시리즈(전12권) - 10권,박영만,"KBS 슈퍼탤런트 1기 배우 김시연이 낭독한 오디오북! 세계명작을 흥미롭게 엮어 현대 감각으로 새롭게 탄생! 『한 권으로 읽는 세계명작 다이제스트 55』는 세계명작의 탄생 배경과 함께 작가의 삶, 작품의 줄거리, 에피소드, 주제, 인류에게 미친 영향, 가치 등을 흥미롭게 엮어 현대 감각에 맞게 새로이 탄생시킨 세계명작 55편의 다이제스트이다.",https://audioclip.naver.com/audiobooks/6306DCC4B1
"마흔 살의, 여덟 살",박민우,"[본 오디오북은 '요약본'입니다.] 하늘이 내려준 고강도 밀착 집단 ‘가족’ 이야기 사랑도, 라면도 부족하기만 했던 1980년의 미아리 여덟 살, 대체적 밉상의 문제적 고백 [1만 시간 동안의 남미], [1만 시간 동안의 아시아], [행복한 멈춤, STAY]로 수많은 독자를 설레게 했던 유쾌한 입담, 박민우 작가의 첫 번째 소설이다. [마흔 살의, 여덟 살]은 제목에서 보이듯 마흔 살이 된 저자가 여덟 살 당시를 회상하며 써내려간 자전적 소설이다. 1970년대 말과 1980년대 초, 가난하고 부족하기만 했던 미아리에서 무소불위의 힘으로 때리고 빼앗던 형, 핏줄이라는 구태의연한 가치에 귀결되는 가족애, 동네의 생태계에서 소외되는 왕따 등의 경험이 미아리의 가난한 삶과 함께 고스란히 녹아 있다. 깐도리, 왔다 쵸코바, 이뿐이 비누, 스카이 씽씽, [소년중앙], [어깨동무] 등 기억 속에서만 머물고 있는 사물들이 박민우 작가 특유의 생생한 묘사를 통해 책 속에서 또렷이 살아 움직인다. 배고팠던 시절, 증오하고, 투쟁하며 결국 서로에게 기댈 수 없는 가족의 가치를 애잔한 향수와 함께 절절히 표현해 낸다..",https://audioclip.naver.com/audiobooks/D942EB6B88
(어린이를 위한) 셜록 홈즈 대표 단편선 3,아서 코난 도일,"삼국지연의,“나에게 문제를 던져 주게. 가장 난해한 암호, 가장 복잡한 분석 과제를 던져 주게. 나는 무미건조한 일상을 혐오하네.” - 셜록 홈즈 색다른 감각으로 다시 만나는 셜록 홈즈, 그 세 번째 사건 일지! 아서 코난 도일의 추리물은 직감에 의존한 해결이 아니라 철저한 과학적 추리를 통한 사건 해결로 과학적인 범죄학을 추구함으로써 단순히 범죄소설에 머무르던 추리문학을 당당히 소설의 한 장르로 자리 잡게 했다. 《어린이를 위한 셜록 홈즈 대표 단편선 3》은 《어린이를 위한 셜록 홈즈 대표 단편선》, 《어린이를 위한 셜록 홈즈 대표 단편선 2》에 이은 홈즈 시리즈 최신작이다. 현대 어린이들의 구미에 맞는 대표적인 작품 4편을 엄선한 후 이전과는 새로운 감각의 일러스트를 배치하여 작품의 품격을 높였으며 작품별로 소제목을 달아 전개될 내용에 대한 궁금증을 증폭시켰다. 이 책은 100년 넘게 여전히 독자들의 사랑을 받고 있는 추리소설의 바이블로서 어린이들의 추리력과 상상력을 키우는 계기가 될 수 있을 것이다. 가설과 검증, 관찰과 실험으로 대변되는 근대 경험 과학적 사고의 대중 전도사라는 평에 걸맞은 홈즈의 추리기법을 직접 눈으로 확인해보자! 대중문화 최초의 스타, 셜록 홈즈 《검은 고양이》, 《어셔가의 몰락》 등으로 우리에게 잘 알려진 에드거 앨런 포는 추리소설을 창시했다고 인정받고 있으며, 셜록 홈즈라는 명탐정을 만들어낸 코난 도일은 추리소설을 완성했다고 평가받고 있다. ‘관찰과 추리’만으로도 모든 것을 밝혀낼 수 있다고 말하는 자신만만하고 오만한 명탐정 셜록 홈즈와 그의 유일한 친구이자 의학박사인 존 해미시 왓슨에게 벌어지는 일련의 사건들을 따라가다 보면 어느새 손에 땀을 쥐고 있는 자신을 발견하게 될 것이다. 홈즈가 활동하던 시기 영국은 빅토리아 왕조시대로 산업혁명이 완성되면서 해가 지지 않는 나라라는 번영을 누리던 시기였다. 세계 최초 지하철과 우편제도, 의무교육이 실시되었고 산업혁명으로 부를 축적한 중산층이 생겨났다. 의무교육제도와 함께 대중도 문자를 읽을 수 있게 되면서 그간 상류계급의 특권이었던 잡지와 책을 서민들도 읽을 수 있게 되었다. 이때 아서 코난 도일의 홈즈 시리즈가 잡지에 연재되면서 폭발적인 인기를 끌었고 홈즈는 마치 실제 인물 못지않은 엄청난 영향력을 갖게 되었다. 이후 셜록 홈즈는 현재까지 명실상부 최고의 추리소설로 많은 사람들에게 사랑을 받고 있다.",https://audioclip.naver.com/audiobooks/4EEDFEE975
