titles,authors,informs,clip_links
우주괴담 기원론 (사건보고서 2021),양완영,"성우 강수진과 오디언의 첫 번째 콜라보 프로젝트! <死건 보고서> 오디오 콘텐츠로는 접하기 어려웠던 ‘스릴러’ 장르를 영화 같은 사운드로 구현해 청취자들에게 새로운 경험을 선사하고자 한다. <이누야샤>, <원피스> 등 다수의 애니메이션과 외화 더빙으로 대중에게 친숙한 성우 강수진이 직접 연출한 <우주괴담 기원론>, <경계선> 과 오디언 전문 프로듀서들이 연출한 <이단의 고백>, <그리고 아무도 없었다>까지! 오랜만에 만나는 반가운 목소리부터 주목받는 새로운 목소리들이 펼쳐내는 이야기를 만나보자 #사건번호1. - 우주에서 피어나는 첫 괴담, 그 진상에 대해 보고드립니다. 근무기간이 종료되어 귀환하는, 토성의 위성 '엔셀라두스' 기지 연구원들. 이들을 태운 수송선이 화성으로 향하고 있다. 이 안에는 우주선 소속 대원들과, 기지 연구원들, 그 외에 프로젝트 중 순직한 한 구의 시신이 탑승하고 있다. 문제없이 운항 중인 것 같던 우주선. 그러나 조금씩 이상한 사건들이 발생함에 따라 대원들은 혼란스러운 상태에 빠지게 된다.",https://audioclip.naver.com/audiobooks/9622E93778
"그 후 (민음사 세계문학, 완독본)",나쓰메 소세키,"상상할 수 있는 가장 아름다운 색채, 감미롭고 강렬한 향기가 담긴 탐미적 서사 ▶ 나쓰메 소세키만큼 다양한 장르와 문체를 구사한 작가는 일본뿐만 아니라 외국에도 존재하지 않을 것이다. 이 다양성은 하나의 수수께끼이다. – 가라타니 고진(문학 평론가) ▶ 나쓰메 소세키의 소설은 일본 근대 문학의 선구였음에도 불구하고 처음부터 높은 완성도를 보여주었을 뿐만 아니라 현재도 전혀 낡은 느낌을 주지 않는다. 이것은 가히 기적이다. -고바야시 교지(소설가)",https://audioclip.naver.com/audiobooks/52F985769B
해시의 신루 4권,윤이수,"""구르미 그린 달빛"" 작가 윤이수가 내놓은 또 하나의 역사 판타지 로맨스! 네이버 웹소설 누적 조회 5천만회, 평점 9.98점의 베스트셀러! 15세기 조선. 이곳에 운명을 거부하고 도망치는 여인, '해루'가 있다. 미래를 예언하는 신비한 능력은 그녀에게 독일 뿐. 어느 날, 그녀 앞에 천하 제일 길치에 공갈을 일삼는 해괴한 사내가 나타나는데. 그의 정체는 조선 최고의 천재 군주라 불리는 '이향'이다. 별이 가득한 밤하늘을 사랑하고 동경하는 그와, 자신의 운명에 기꺼이 맞서는 그녀. 두 사람의 시간이 맞닿아 돌아가기 시작한다. ✔ 네이버 시리즈에서 원작보기",https://audioclip.naver.com/audiobooks/1DBCDAFAD6
별뜨기에 관하여 합본(2편),이영도,"『드래곤 라자』, 『눈물을 마시는 새』의 작가 이영도가 선보이는 기상천외한 SF 조현정, 권성혁, 이새아 성우의 생동감 넘치는 연기와 다채로운 음향 효과가 어우러진 '위탄인 시리즈' 드라마 오디오북 2편을 한꺼번에 만나다! 새로운 외계 문명과 조우하고 함께 우주를 개척해 나아가는 과정을 이영도 작가 특유의 위트와 주제의식으로 담아낸 SF 단편 시리즈 1. 카이와판돔의 번역에 관하여 통일한국의 근미래, 어느 날 지구에 고도의 과학문명을 가진 외계 우주선이 나타난다. 그들은 자신을 '범은하 문화교류촉진위원회'로 명명하고, 지구인들에게 다른 외계 문명인 '위탄'을 소개해주며 그들과 교류할 것을 제안한다. 두 문화권이 가장 먼저 교류하게 된 품목은 다름 아닌 동화책으로, 위탄인들은 지구인의 동화 「신데렐라」와 맞바꿔 「카이와판돔」이라는 책을 보내온다. 이후 세계 각국에서 이 외계 동화의 번역이 시작되었고, 한국에서는 이인혜 교수가 인민군 상위 출신 박대위의 엄격한 경호 속에 한국어판 번역 작업을 진행하게 된다. 그러던 어느 날, 전 세계의 번역가 앞으로 도착한 접촉 전담위의 메일을 클릭하자마자 전기가 끊기더니 섬뜩한 총성이 들려오기 시작하는데……. 2. 별뜨기에 관하여 문교촉위를 통해 다수의 외계 문화권을 인지하게 된 바야흐로 우주 개척 시대, 지구인 '나'와 위탄인 '제르비'는 다른 외계 문화권의 계급 갈등을 해결하기 위한 화합의 별자리를 찾기 위해 파트너로서 우주를 함께 여행하는 중이다. 이들은 같은 템섹 우주선에 탑승한 채 스크린과 번역기를 통해 소통하지만 생활 방식이 완전히 다르기 때문에 철저히 분리된 격벽을 가운데 두고 생활하고 있다. 그러던 어느 날, 별자리 찾기에 대한 논쟁을 벌이던 제르비는 점성학자로서 과거 '나'의 행적을 두고 살인자라는 비난을 퍼붓기 시작하는데……. - 📌 성우들의 열연, 환상적인 BGM과 연출! 황금가지의 드라마형 오디오북 목록",https://audioclip.naver.com/audiobooks/83E6FC7BC1
세 가지 소원,박완서,"“이 이야기들의 의미는 오늘날 더 유효하다” 1970년대부터 지금까지, 작가가 아끼고 아껴온 글들 소설가 故 박완서가 공들여 쓴 짧은 이야기들이 한 권에 담겼다. 등단 직후인 1970년대 초에 썼던 「다이아몬드」부터 세상을 떠나기 2년여 전에 쓴 「세 가지 소원」까지 10편이 독특한 향기를 뿜어낸다. 박완서의 작품들은 한국전쟁을 경험한 기성세대가 공감할 만한 유년 시절의 추억과 정서를 담아내는 한편 인간성과 사회 현실에 대한 날카로운 통찰을 심어, 수많은 독자들에게 울림을 안겨주었다. 그런 작품들의 한편에는 작가가 아이와 같은 순수한 눈으로 세상을 바라본 아름다운 이야기들이 있다. 이웃집 할머니가 들려주는 옛날이야기처럼 다정하고 따뜻하게 느껴지는 작품들이다. 이 작품들에서 우리는 박완서 작품의 또 다른 멋과 매력을 발견한다. 어린이와 청소년에서 성인에 이르기까지, 누구나 재미있게 읽을 글들이기 때문이다. 『세 가지 소원』은 현대인에게 삶의 진정한 가치를 일깨운다. 아이가 그린 그림을 통해 때 묻지 않은 삶의 진실을 내보이며, 자연을 있는 그대로 두는 것이 진정한 자연 보호임을 시골 사람들의 삶을 통해 드러낸다. 새색시의 익살과 지혜로 권위주의적인 인습을 풍자하는가 하면, 화가 부부의 삶을 통해 진정한 예술혼과 부부애를 보여주기도 한다. 정색하거나 비꼬지 않고 수채화처럼 담담히 펼쳐 보이는 이야기들. 질박한 삽화와 어우러진 이야기 한 편 한 편이, 우리의 머리를 깨우고 가슴을 두드린다.",https://audioclip.naver.com/audiobooks/D73AD61C26
"무기여 잘 있어라 (민음사 세계문학, 완독본)",어니스트 헤밍웨이,"노벨 문학상, 퓰리처상 수상 작가. 20세기 미국 문학을 개척한 작가 어니스트 헤밍웨이 전쟁의 허무 속에서 삶과 사랑의 진정한 의미를 깨달아 가는 청년의 이야기 전쟁소설과 연애소설의 한계를 넘어 존재에 대한 깊은 통찰을 담아낸 명작 ▶ 내러티브 기법에 대한 장악력, 현대적 스타일에 미친 영향력은 대단하다. ―스웨덴 한림원, 노벨 문학상 선정 이유 ▶ 헤밍웨이야말로 진짜 작가이다. ―F. 스콧 피츠제럴드 ▶ 『노인과 바다』는 우리 시대 작가가 쓴 작품 중에서 가장 훌륭한 작품으로 인정받게 될 것이다. ―윌리엄 포크너",https://audioclip.naver.com/audiobooks/9F9285D2F6
그리스인 조르바,니코스 카잔차키스,"『그리스인 조르바』는 카잔차키스에게 세계적인 명성을 안겨 준 작품으로, 호쾌하고 농탕한 자유인 조르바가 펼치는 영혼의 투쟁을 풍부한 상상력으로 그려 내고 있다. 이성과 열정. 그리고 카잔차키스의 종교적 심리묘사를 그려낸 작품.",https://audioclip.naver.com/audiobooks/9281DF4776
모순,양귀자,"작가 양귀자씨가 새로 내놓은 장편소설 <모순>. 세상의 행복과 불행은 동전의 양면 같은 것, 그렇다면 그 모순된 삶을 가장 슬기롭게 헤쳐나갈 묘안은? 없다. 다만 끊임없이 살아가면서 인생을 탐구해 나가는 방법밖에. 이 자문자답은 양귀자씨가 주인공 안진진에게 부여하는 세상살이 해법이다. 시장에서 내복을 팔고 있는 억척스런 어머니와 행방불명 상태로 떠돌다 가끔씩 귀가하는 아버지, 조폭의 보스가 인생의 꿈인 남동생을 가족으로 둔 안진진. 어머니와 일란성 쌍둥이인 이모는 부유하지만 지루한 삶에 지쳐 있고, 가난한 어머니는 처리해야 할 불행들이 많아 지루할 틈이 없다. 안진진은 사뭇 다른 어머니와 이모의 삶을 바라보며 모순투성이인 삶을 어떻게 이해해야 하는지 고민하기 시작하는데….",https://audioclip.naver.com/audiobooks/EA517EE305
말하는 떡갈나무 (황소윤),조르주 상드 (George Sand),"조르주 상드가 말년에 ‘노앙의 할머니’가 되어 두 손녀에게 들려주려고 쓴 동화책. 원전은 1982년판 ≪할머니 이야기(Contes d’une Grand-mère≫ 1, 2권이다. 원전에는 모두 13편의 이야기가 실렸는데 이 가운데 5편을 옮겼다. 이 중 『말하는 떡갈나무』에 등장하는 에미는 못생기고 무지한데다 고아다. 어느 날 에미는 돼지들의 난동에 쫓겨 숲으로 도망간다. 이는 자신의 정체성을 되찾기 위한 도망이다. 에미는 떡갈나무를 피난처로 삼고, 거기서 삶의 길을 발견한다. 에미는 야생에서 살아남고자 모닥불을 피우거나 생밤을 줍는 등 원시적인 활동에 나선다. 이런 생존 활동 속에서 자신의 재능을 조금씩 발견한다. 이러한 과정은 어떻게 보면 한 남자의 야생화라고도 볼 수 있다. 에미는 자유롭고 순수한 비인간적인 세계의 위험과 경이로움에 빠져들며 타잔 같은 존재가 되어 간다. *** 황소윤(So!YoON!)이 낭독하는 조르주 상드의 『말하는 떡갈나무』는 아이돌 및 각계 저명인사의 목소리 재능을 기부받아 소리책을 만들고 이를 통해 청각 장애인에게 희망의 소리를 선물하는 캠페인에 참여한 작품이다. 캠페인 수익금의 일부는 사랑의 달팽이 재단에 기부되어, 경제적 어려움으로 소리 없는 세상에 살고 있는 난청 아동들에게 희망의 소리를 선물해주기 위한 지원 기금으로 사용되어진다.",https://audioclip.naver.com/audiobooks/F6E6685B01
행복의 근원: 어느 실험실의 풍경 3,이영도,"이영도 작가의 유쾌한 상상력과 통찰이 돋보이는 어느 궁정 마법사의 실험실에서 일어난 한바탕 난장극! 다채로운 음향 효과와 성우들의 명 연기로 만나는 '어느 실험실의 풍경' 전 시리즈 드라마형 오디오북 출시! “나는 눈을 감고 행복의 근원을 삼켰다.” 솔로처 때문에 계획했던 실험에 실패했다며 격분한 핸드레이크는 온갖 잡동사니들을 놓고 주문을 외더니 푸르스름한 빛이 감도는 반지 하나를 만들어낸다. 그리고 솔로처에게 그 반지를 끼고 문지르며 주문을 외라고 종용한다. 아무 일도 일어나지 않았다고 생각한 순간, 솔로처와 똑같이 생긴 누군가가 나타난다. 황당한 이 실험의 목적을 묻자 핸드레이크는 ‘행복의 근원’을 찾아낼 생각이라며 엄숙하게 이야기하는데…… 핸드레이크와 솔로처, 헐스루인 공주가 등장하는 연작 단편소설 시리즈 세 번째 작품. - 📌 성우들의 열연, 환상적인 BGM과 연출! 황금가지의 드라마형 오디오북 목록 [애거서 크리스티 추리 베스트 12] 그리고 아무도 없었다 오리엔트 특급 살인사건 0시를 향하여 나일 강의 죽음 커튼 애크로이드 살인 사건 스타일스 저택의 괴사건 서재의 시체 살인을 예고합니다 비뚤어진 집 다섯 마리 아기 돼지 ABC 살인사건 [이영도 판타지 시리즈] 그림자 자국 눈물을 마시는 새 오버 더 호라이즌 오버 더 네뷸러 오버 더 미스트 오버 더 초이스 에소릴의 드래곤 골렘 키메라 행복의 근원 [하지은 작가 대표작] 얼음나무 숲 [이준영 작가 SF장편소설] 파라미터O [공포 단편 오디오북] 증명된 사실 검은 책 홍수 심해어 공포의 ASMR 나 홀로 숨바꼭질 인형괴담 귀신보다 무서운",https://audioclip.naver.com/audiobooks/183B1F1F07
"차라투스트라는 이렇게 말했다 (민음사 세계문학, 완독본)",프리드리히 니체,"""신은 죽었다!"" 서양 철학사상 가장 독창적인 철학자의 가장 위대한 서사시 니체의 핵심 철학이 장쾌하고 시적인 언어로 집약된 대표작 『차라투스트라는 이렇게 말했다』는 방랑자 차라투스트라의 출발에서부터 미래의 인간인 '초인'을 찾는 여정, '영원회귀'의 오솔길을 거니는 차라투스트라의 고난, 걷고 뛰고 춤추는 축제의 밤이 지나고 새로운 태양을 맞이하기까지를 극적으로 구성해 낸 서사시로, 새로운 세계의 새로운 인간을 위한 새로운 원칙을 제시한다. 이 책은 '차라투스트라'에 대한 이제까지의 모든 해석과 논의를 넘어서 니체의 율동하는 언어를 정밀하게 포착해 낸 번역본으로, 시인이자 춤추는 자인 차라투스트라의 언어가 생동하는 현장과 만날 수 있다. ▶ 『차라투스트라는 이렇게 말했다』로 나는 인류에게 역사상 가장 위대한 선물을 안겨 주었다. — 프리드리히 니체 ▶ 『차라투스트라는 이렇게 말했다』의 서술 형식과 언어의 절묘한 높이는 니체의 다른 저서가 도달할 수 없는 단계에 있다. — 이보 프렌첼 ▶ 우리는 『차라투스트라는 이렇게 말했다』를 통해 니체가 수직적인 시인, 정상의 시인, 상승적 시인의 전형임을 증명할 수 있다. — 가스통 바슐라르",https://audioclip.naver.com/audiobooks/00406BF6E9
웬만해선 아무렇지 않다,이기호,"재기 넘치는 문체, 매력적인 캐릭터, 시대를 포착하는 날렵한 서사 웃음과 눈물의 절묘한 만남, 작가 이기호의 짧은 소설 “2000년대 문학이 선사하는 여러 유쾌함들 중에서도 가장 ‘개념 있는’ 유쾌함 중의 하나(문학평론가 신형철)” “이기호의 소설에는 심장 박동 소리가 난다(시인 함민복)”. 그럴싸한 포장 없이 능란한 거짓말 없이 우직하게도 이야기꾼의 행보를 이어왔다.어떠한 피로감 없이 소모 없이 새로운 감각의 독보적 이야기꾼이라는 신뢰가 여전하다. 2000년대 등장한 이래 희비극적이라 할 그만의 월드를 축조했던 작가 이기호. 그의 특별한 짧은 소설을 한 권에 담았다. 『웬만해선 아무렇지 않다』는 아무리 노력해도 나아지지 않는 불안한 현실 속에서 어떻게 살아야 하는가가 개인의 가장 중요한 화두가 된 현재를 관통하는 우리 모두의 이야기다. 폼 나는 사람들, 세련된 사람들이 아닌 좌충우돌 전전긍긍 갈팡질팡 하는 우여곡절 많은 평범한 사람들, 그렇게 최선을 다한 사람들이 맞닥뜨린 어떤 순간을 작가는 호명해낸다. 솔직하고 정직한 이 사람들의 ‘지지리 궁상’들을 특유의 비애와 익살로 되살린다. 이름하여 ‘웬만해선 아무렇지 않은 사람들’의 ‘웬만해선 아무렇지 않은 이야기’들. 작가는 웬만해선 아무렇지 않은 모든 세상의 ‘아마추어들’을 위로한다. 유머를 한껏 장착한 채.",https://audioclip.naver.com/audiobooks/13201C5340
해시의 신루 5권,윤이수,"""구르미 그린 달빛"" 작가 윤이수가 내놓은 또 하나의 역사 판타지 로맨스! 네이버 웹소설 누적 조회 5천만회, 평점 9.98점의 베스트셀러! 15세기 조선. 이곳에 운명을 거부하고 도망치는 여인, '해루'가 있다. 미래를 예언하는 신비한 능력은 그녀에게 독일 뿐. 어느 날, 그녀 앞에 천하 제일 길치에 공갈을 일삼는 해괴한 사내가 나타나는데. 그의 정체는 조선 최고의 천재 군주라 불리는 '이향'이다. 별이 가득한 밤하늘을 사랑하고 동경하는 그와, 자신의 운명에 기꺼이 맞서는 그녀. 두 사람의 시간이 맞닿아 돌아가기 시작한다. ✔ 네이버 시리즈에서 원작보기",https://audioclip.naver.com/audiobooks/79AE8CFD66
셜록 홈즈 : 주홍색 연구,아서 코난도일,"저자 아서 코난도일이 탄생시킨 셜록 홈즈. 그는 역사상 가장 위대한 탐정이자 가장 유명한 허구의 인물이다. 셜록홈즈 시리즈의 첫 시작을 여는 주홍색 연구! 1870년, 왓슨 박사는 전쟁에서 총상을 입고 요양차 런던에 온다. 우연히 소개받은 홈즈의 괴팍하고 특이한 행동에 호기심을 갖고 룸메이트가 된다. 어느 날 로리스턴 가든에서 살인 사건이 일어나고 홈즈가 사건에 뛰어들게 되는데.. 젊은 날 이루지 못한 아름답고 비극적인 사랑. 그리고 복수를 위해 평생을 바친 한 남자의 이야기가 펼쳐진다. ""삶의 무채색 실 꾸러미 속에 주홍빛 살인의 혈맥이 면면히 흐르고 있습니다. 우리가 해야 할 일은 그 살인의 혈맥을 찾아 가차없이 드러내는 것. 자, 이제 우리의 주홍색 연구를 시작해 봅시다.""",https://audioclip.naver.com/audiobooks/A2337AC1DB
천일야화 1,전진석,"사랑에 상처받은 술탄 사리야르는 매일 밤 새 후궁을 맞이하고 해가 뜨기 전 처형을 한다. 동생을 대신해 후궁으로 들어간 세하라는 밤마다 술탄에게 신비롭고 슬픈 사랑 이야기들을 들려주며 목숨을 연명하는데... 비운의 공주 투란토트! 엇갈린 사랑의 주인공 클레오파트라! 가슴 아픈 사랑의 선녀와 나무꾼! 아름다운 남자 세하라의 이야기는 차가운 술탄 사리야르의 마음을 서서히 움직이는데... ""마지막으로 들려드릴 이야기가 있습니다. 해가 뜨기 전에 이야기를 마치겠습니다. 그 이후엔 뜻대로...""",https://audioclip.naver.com/audiobooks/F7EEAA2815
<복자에게> 완전판 오디오북 (김금희 작가 낭독),김금희,"어떤 실패도 삶 자체의 실패가 되지 않도록, 작가 김금희의 가장 청량한 위로 단단한 시선과 위트 있는 문체로 사랑 받는 작가 김금희의 두번째 장편소설 『복자에게』. 지난 8월 오디오클립에서 ‘듣는 연재 소설’로 처음 소개됐던 신작을 오디오북으로 만나보세요! “우리집이 완전히 망해버렸습니다.” 내가 그렇게 말하자 이번에는 복자 쪽에서 약간 움찔했다. 하지만 일단 입을 열자 나는 마음이 편안해졌다. “서울에서 나쁘게 지냈습니다. 아빠 친구라고 해서 문을 열어줬는데 남자들이 신도 안 벗고 들어와서 욕설을 하였고 싸웠습니다. 아빠가 신발을 벗으라고 하자 남의 돈을 안 갚는 집은 사람 새끼들 집이 아니라고 했습니다. 나는 베란다 창고에 숨어 노래를 들었습니다. 영웅이는 거실에서 다 봤습니다.” “아, 경?구나.” 듣고만 있기 뭣한지 복자가 맞장구를 쳤다.(24쪽) 1999년 초봄, 야무진 열세 살 초등학생 이영초롱이 ‘고고리섬’의 고모에게 맡겨지는 장면에서 시작되는 『복자에게』는 복자와 이영초롱의 우정이 아기자기하게 그려집니다. 두 소녀의 성장과 함께 실패를 삶 자체의 실패로 만들지 않기 위한 작가의 노력이 마음을 따뜻하게 합니다. 그럼, 김금희 작가의 낭독으로 고고리섬으로 출발해보실까요?",https://audioclip.naver.com/audiobooks/7F649DD8CE
"죄와 벌 2 (민음사 세계문학, 완독본)",표도르 도스토옙스키,"러시아의 대문호 도스토예프스키가 8년간의 유형 후 발표한 대작 이성의 광기 속으로 침잠하는 자폐적 인간, 고뇌하는 청춘의 전형 ‘라스콜니코프’를 창조해 냄으로써 20세기 문학, 철학, 심리학에 하나의 ‘사건’으로 기록된 소설 사형선고와 감옥 생활, 유형 생활 이후 변화된 사상과 철학을 소설로 완성한 기념비적 작품―“변증법 대신에 삶이 도래했다” 도스토예프스키는 ‘페트라셰프스키 모임’에서 고골에게 보내는 벨린스키의 편지를 낭독했다는 죄명으로 28세에 사형선고를 받는다. 사형 집행은 극적으로 취소되었으나, 이후 4년을 감옥에서 보내고 다시 4년 동안을 시베리아에서 복무했다. 감옥 생활 중에 그에게 허락된 유일한 책은 ‘성경’이었다. 이 시절을 보낸 후 자유의 몸이 되었을 때 도스토예프스키는 그야말로 극우 보수주의자(슬라브주의자)가 되어 있었다. 또한 초기작에서는 거의 찾아볼 수 없었던 신과 구원의 문제가 이후 작품들에서 화두로 등장한다. 죄와 벌』은 그가 자유의 몸이 된 후에 발표한 두 번째 작품이다. 전작인 『지하로부터의 수기』가 상대적으로 짧은 중편소설에 가까웠던 반면, 『죄와 벌』은 도스토예프스 작품 세계가 절정에 이른 대작이다. 또한 『지하로부터의 수기』에서 새로운 인물 유형과 이야기 전개 방식을 선보이면서 미학적, 시학적 실험을 했다면, 『죄와 벌』에서는 그 소설 기법이 만개하여 인간의 가장 깊은 곳에 숨겨진 심리가 낱낱이 파헤쳐진다. 번역자인 김연경은 “도스토예프스키의 작가 인생을 조망할 때 『지하로부터의 수기』(1864)가 변태와 탈각(脫殼)의 순간을 보여 준다면 『죄와 벌』(1866)은 그 이후의 모습이 진면목을 드러낸 첫 소설이다.”라고 평가했다. 이 작품은 전체 6부와 에필로그로 구성되는데, 1부에서 이미 라스콜니코프는 살인을 저지르고, 그 이후에는 그가 왜 그런 범죄를 감행했는지를 밝히는 과정이 이어진다. 특히 다른 누구보다 라스콜니코프 자신이 범죄 동기가 무엇이었는지 스스로 고민하고 갈등하는 모습이 주로 그려진다. 그는 “나는 사람을 죽인 것이 아니다, 원칙을 죽인 것이다!” “그러니까 나는 나폴레옹이 되고 싶었고 그 때문에 사람을 죽였어…….” “내가 과연 노파를 죽인 걸까? 나는 나 자신을 죽인 거야, 노파가 아니라!” “나는 그냥 죽였어. 나 자신을 위해, 나 하나만을 위해 죽인 거야.”라고 되뇌이며, 실제로 끝까지 자신의 범죄를 뉘우치지 않는다. 그가 괴로워하는 이유는 자신의 이론에 오류가 있었다는 것, 판단 착오를 했다는 것, 그것이다. 이 “고매한 살인자” 라스콜니코프는 “성스러운 매춘부” 소냐를 만나면서 고해성사에 가까운 고백을 하게 된다. 그녀는 그에게 없던 ‘삶’을, ‘이론’이 아닌 삶을 가져다준다. 소설의 마지막 장까지 그는 성경을 펼치지 못했고(않았고), 자신이 저지른 죄에 대한 속죄 혹은 구원을 얻었는지는 모호하다. 그러나 『죄와 벌』이 “한 청춘이 겪는 ‘환멸과 좌절’의 기록”이라면, 소설이 끝난 후 두 청춘, 라스콜니코프와 소냐에게는 환멸과 좌절을 넘어선 ‘삶’이 남아 있을 것이다.",https://audioclip.naver.com/audiobooks/25FCD2A1BF
이십 년 후에 (배우 정해인 낭독),오 헨리,"늦은 밤 뉴욕. 한 남자가 외진 철물점 입구에 기대 서 있다. 순찰 중인 경찰이 다가가자 그는 자신이 여기에 서 있는 이유에 대해 설명한다. 자신은 이십 년 전 서부로 한밑천 잡으러 떠나기 전, 제일 친했던 지미 웰스라는 친구와 약속을 했고, 그 약속은 이십 년 후 바로 이 자리에서 만나기로 한 것이었다고. 경찰은 가 버리고, 그는 이십 분 뒤에 체포된다. 그 이유는 무엇일까?",https://audioclip.naver.com/audiobooks/38EE8FFE96
식탁을 찾아온 봄 (배우 정해인 낭독),오 헨리,"세라는 지난 봄 민들레 화관을 씌워 주며 사랑을 고백했던 남자친구 월터를 생각하면서 눈물짓고 있다. 그녀가 뉴욕에 일하러 오고 나서부터 편지 연락이 끊겼기 때문이다. 식당 메뉴판 타자 작업을 하던 그녀는 메뉴 중에 민들레로 만든 음식이 나오자 결국 눈물을 쏟지만, 그 덕분에 월터를 만나게 될 실수를 하고 만다.",https://audioclip.naver.com/audiobooks/6F6C476577
당신의 나무,김영하,"문학동네×오디오클립의 김영하 낭독 공모전 수상자들이 낭독하는 김영하 특별 단편선. 우리가 사랑하는 작가, 김영하 작가가 가장 아끼는 단편들이 목소리의 주인공을 찾았다. 작가가 직접 고른 5편의 작품과, 작가가 선택한 5명의 목소리. • 「당신의 나무」 (김기흥 낭독, 소설집 『엘리베이터에 낀 그 남자는 어떻게 되었나』 수록) 자신에게 집착하는 여자를 떠났지만 그녀를 잊지 못하는 남자. 그는 앙코르로 떠나온 여행에서 사원을 휘감아 부수어가는 나무를 만나고, 서로 뒤얽혀 흐르는 시간 속에서 진실을 마주한다.",https://audioclip.naver.com/audiobooks/B63CBB73B9
청기와주유소 씨름 기담 (라비),정세랑,"""한밤중에 도깨비와 씨름을? 정세랑 작가 신작, 유쾌하고 기묘한 이야기 신선하고 경쾌한 상상력으로 많은 독자에게 사랑받고 있는 정세랑 작가의 신작 소설 『청기와주유소 씨름 기담』이 ‘소설의 첫 만남’ 시리즈 열세 번째 책으로 출간되었다. 주유소에서 아르바이트를 하던 주인공이 도깨비와 일생일대의 씨름 대결에 맞닥뜨린다는 독특한 이야기가 입담 좋게 펼쳐진다. 정세랑 소설가는 우리 곁의 평범한 청년의 삶을 구체적으로 그리되 주변의 작은 설정을 바꾸는 것만으로 독자들을 기묘한 세계로 훌쩍 데리고 간다. 또한 상상력을 자극하는 이야기에 최영훈 만화가의 박진감 넘치는 그림이 더해져 소설의 재미를 한층 끌어올린다. *** 라비가 낭독하는 정세랑작가의 [청기와 주유소 씨름 기담]은 [EBS 아이돌이 읽다, 마음을 잇다] 라는 아이돌의 낭독과 기부가 결합된 프로젝트 참여 작품이다. 이시대 최고의 아이돌이 문학작품 낭독자로 참여해 목소리 재능을 기부하고, 이를 통해 발생되는 수익금 일부는 농어촌청소년육성재단에 기부되어 문화 교육 혜택에서 소외된 청소년들의 올바른 성장 지원을 위해 사용된다.",https://audioclip.naver.com/audiobooks/3A6BAC9D22
피뢰침,김영하,"문학동네×오디오클립의 김영하 낭독 공모전 수상자들이 낭독하는 김영하 특별 단편선. 우리가 사랑하는 작가, 김영하 작가가 가장 아끼는 단편들이 목소리의 주인공을 찾았다. 작가가 직접 고른 5편의 작품과, 작가가 선택한 5명의 목소리. • 「피뢰침」 (천송연 낭독, 소설집 『엘리베이터에 낀 그 남자는 어떻게 되었나』 수록) 벼락을 맞고 살아난 사람들의 모임에 가입한 여자의 이야기. 그들을 따라 벼락을 찾는 여행을 떠나며, 그녀는 잊고 있던 자신과 만나게 된다.",https://audioclip.naver.com/audiobooks/88351F002A
꼬마 백만장자 삐삐,아스트리드 린드그렌,"1996년, 우리나라에 처음 소개된 삐삐 롱스타킹 ‘삐삐 롱스타킹’ 시리즈는 전 세계에서 가장 사랑받는 동화이자, 아스트리드 린드그렌을 세계적인 작가로 발돋움하게 한 작품이다.『내 이름은 삐삐 롱스타킹』은 1945년 스웨덴에서 첫 출간된 이래, 전 세계 80여 개 언어로 번역되었다. 지금도 다양한 언어와 그림을 담은 판본으로 출간되고 있으며, TV 시리즈, 영화, 연극, 뮤지컬 등으로 끊임없이 재생산되고 있다. 삐삐가 우리나라에 처음 소개된 때는 1996년이다. 시공주니어 출판사에서 정식으로 판권을 계약해 ‘네버랜드 story books’ 시리즈로 처음 선보였다. 세계 걸작들을 엄선해 제대로 번역해 만든 양장본 시리즈로, 2000년에 문고로 개정판이 출간되었다. 쇄를 거듭하며 큰 사랑을 받은 『내 이름은 삐삐 롱스타킹』은 지금까지 97쇄를 기록했다. 2017년, ‘린드그렌 탄생 110주년’을 맞아 다시 새롭게 개정판이 출간된다. 초판본 화가인 잉리드 방 니만의 그림으로 표지와 본문이 확 달라졌고, 추가로 린드그렌 연보가 수록되었다. 독창적인 그림체로 삐삐 롱스타킹을 처음 세상에 불러 낸 잉리드 방 니만의 그림을 통해, 세상 어디에도 없던 여자아이 삐삐를 독자들이 처음 만났을 때의 놀람과 감동을 생생히 느낄 수 있는 특별한 기회가 될 것이다.",https://audioclip.naver.com/audiobooks/E16BEB19C5
"위대한 유산 (민음사 세계문학, 완독본)",찰스 디킨스,"셰익스피어와 어깨를 나란히 하는 작가, 찰스 디킨스 물질적으로 ‘막대한’ 유산과 정신적으로 ‘위대한’ 유산 사이의 진실한 인간 초상 따뜻한 해학과 사회 풍자, 그리고 인간성에 대한 깊은 통찰이 담긴 영국 문학의 걸작 “그는 가난하고 고통 받고 박해받는 자들의 지지자였으며 그의 죽음으로 세상은 영국의 가장 훌륭한 작가 중 하나를 잃었다.""",https://audioclip.naver.com/audiobooks/DCBD5BD102
단 하나의 문장,구병모,"2015년 오늘의작가상을 수상한 『그것이 나만은 아니기를』 이후 처음 출간하는 소설집. 2018년 이상문학상 우수상을 수상한 「한 아이에게 온 마을이」와 2017년 문학과지성사에서 주관하는 ‘이 계절의 소설’에 선정된 「지속되는 호의」 등 총 8편이 수록되어 있다. 그간 『네 이웃의 식탁』 『아가미』 『파과』 『한 스푼의 시간』 『위저드 베이커리』 등에서 한계가 보이지 않는 상상력을 속도감 있는 서사로 거침없이 펼쳐 보여 독자들을 매료시킨 구병모. 그는 이번 소설집을 통해 그 어느 때보다도 현실적인, 말 그대로 우리가 발 딛고 살아가는 세계 그 자체를 재현함으로써 지금-여기에 대해 이야기한다.",https://audioclip.naver.com/audiobooks/090C75DB48
능소화,조두진,"[본 오디오북은 '요약본'입니다.] '사람은 떠난 후에나 비로소 그리워지는 법입니다. 하물며 우리는 함께 있어도 그리워했는데 당신이 가시고 없으니 그리움이야 오죽하겠습니까.' 400년된 미라의 무덤에서 나온 젊은 아내의 눈물섞인 편지. 1998년 4월 경북 안동에서 분묘이장을 하던 중 발견된 남자의 미라와 그 남자의 아내가 쓴 편지 한 통을 소재로 한 4백 년 시공을 뛰어넘는 슬픈 사랑의 이야기다. 남자는 400년전에 죽은 안동의 무장 이요신의 둘째 아들 이응태이며 능소화 편지의 주인공은 그의 아내 원이 엄마로 불리는 여늬다. 응태의 아버지 요신은 아들 응태가 소화꽃을 들고 올 사주, 곧 죽을 사주를 가지고 태어났으며 천하의 박색 여인과 결혼해야 응태를 살릴 수 있다는 말을 듣고 아버지는 그날로 집에 심어져 있던 소화나무를 모두 베어버린다. 응태가 장성하자 요신은 하운의 말 대로 지독한 박색에 성격까지 포악한 며느리를 얻기 위해 노력하지만 소문과 달리 절세미인에 꽃처럼 고운 여늬를 며느리로 들이게 되는데…",https://audioclip.naver.com/audiobooks/9B1AFC4A52
이상한 나라의 앨리스 (영국영어 낭독) - Alice's Adventures in Wonderland,Lewis Carroll,"영국에서 가장 사랑받는 작가 루이스 캐럴의 대표작, 이상한 나라의 앨리스! 1800년대부터 어린아이들은 물론 성인들에게까지 큰 사랑을 받아온 이 이야기는 평범한 것들로 이루어진 진기한 상상의 나라를 소개합니다. 작가는 기존 인습에서 벗어나 독특하게 행동하는 캐릭터들을 통해 우스꽝스러움과 유쾌함 자체를 강조하지요. 교훈을 주지 않고선 견딜 수 없던 동화의 패러다임에서 벗어나 인위적인 가르침없이 오직 재미로만 서사를 이끌어 가는 앨리스! 심지어 대사 곳곳에 다양한 풍자, 말장난, 비유와 상징 등 창의적인 발상이 녹아 있어 영어 공부에도 아주 적합한 책이랍니다. 그럼 앨리스와 함께 명랑한 이야기 속으로 한 번 빠져볼까요? * 이상한 나라의 앨리스 스크립트는 아래 블로그에서 확인 가능합니다 :)",https://audioclip.naver.com/audiobooks/E98328B881
체공녀 강주룡,박서련,"이 오디오북은 한국출판문화산업진흥원(KPIPA)의 ‘2019년 오디오북 제작 지원’ 사업 선정작입니다. 싸우고 고뇌하고, 사랑하며 자기 삶을 스스로 결정하는 왜곡되지 않은 여성 영웅, 으뜸 고운 강주룡의 삶과 사랑 《체공녀 강주룡》은 1931년 평양 평원 고무 공장 파업을 주동하며 을밀대 지붕에 올라 우리나라 최초로 ‘고공 농성’을 벌였던 여성 노동자 강주룡의 일생을 그린 전기 소설이다. 제23회 한겨레문학상 심사 당시 심사위원들의 강렬한 지지를 받으며 205편의 쟁쟁한 경쟁작들을 제치고 수상작으로 결정되었다. 소설은 1, 2부로 나뉘어 강주룡의 삶을 자상히 이야기한다. 스물이라는 늦은 나이에 다섯 살 연하의 최전빈과 혼례를 치르고, 남편을 따라 독립군 부대에 들어가며, 가족을 따라 강계에서 간도, 다시 사리원으로 이어지던 시절의 이야기가 나오는 1부와, 사리원을 떠나 도착한 평양에서 고무 공장 일을 하며 모던 걸을 꿈꾸면서도, 파업단에 가입하고 정달헌과 함께 적색노동조합원으로 활동하며 공장주들에게 투쟁하다 끝내 을밀대 지붕 위에 오르고야 마는 순간까지를 그린 2부를 그렸다. 우리에겐 일하는 여성 영웅이 필요하다 강주룡이 선택하고 살아냈던, ‘자기가 무엇이 될 것인지를 저 자신이 정하는 경험’은 지금도 쉬운 일은 아니다. 수상 기념 인터뷰에서 작가는 ‘일하는 여성 영웅이 필요하다’는 생각에서 강주룡을 소설화하기로 마음먹었다고 밝힌다. ‘있었다’거나 ‘알게 되었다’가 아니라, ‘필요하다’라는 생각에 의해서였다고. 작가는 강주룡이야말로 ‘자신의 대단함을 스스로는 깨닫지 못한다는 점에서 보편적 위대함을 지닌 인물’이며, ‘그래서 더더욱 지금 시점에서 호출해야 할 사람’인 ‘매우 현대적인 인물’이라고 말한다. 그래서일까. 모든 전기 소설에는 사실과 거짓이 섞여 있기 마련이지만, 이 소설을 읽노라면 그걸 채 따질 틈도 없이 ‘강주룡’이라는 인물의 매혹적인 실재에 그저 동의하고야 만다. 강주룡이 평양 을밀대의 지붕 위로 올라간 지 80여 년이 흐른 지금 우리가 사는 세상은 그때로부터 얼마큼이나 뒤집어져 있을까. 우리는 그 답을 알고 있다. 저기 저 지붕 위에 여전히 사람이 있다는 것도. 어쩌면 그게 나일 수도 있다는 것도. 문재인 대통령의 ‘2018. 8. 15 광복절 기념사’중에서 “평양 평원고무공장의 여성노동자였던 강주룡은 1931년 일제의 일방적인 임금삭감에 반대해 높이 12미터의 을밀대 지붕에 올라 농성하며, “여성해방, 노동해방”을 외쳤습니다. …죽음을 각오한 저항으로 지사는 출감 두 달 만에 숨을 거두고 말았지만, 2007년 건국훈장 애국장을 받았습니다. 광복을 위한 모든 노력에 반드시 정당한 평가와 합당한 예우를 받게 하겠습니다.”",https://audioclip.naver.com/audiobooks/8ADA7628DF
청춘은 아름다워 (펜타곤 여원 낭독),헤르만 헤세,"본 오디오북의 낭독자는 펜타곤 여원으로, 『청춘은 아름다워』에 수록된 11편의 단편 중 표제작 「청춘은 아름다워」를 완독한 것입니다. 「청춘은 아름다워」는 수년간 객지에 머물던 ‘나’가 의젓한 어른이 되어 고향을 찾아오는 것으로 시작해 일을 하러 새로운 곳으로 떠나는 것으로 끝나며 그가 고향에 머문 여름 한철의 이야기가 담겼다. 방랑하던 한 젊은이가 삶의 즐거움으로 가득한 몇 주를 보낸 뒤 유년기에 영원히 이별을 고하는 과정이 특유의 나직한 어조와 풍성한 묘사로 그려지는 이 작품은 헤세 스스로 초기 단편 중 가장 마음에 드는 것으로 꼽기도 했으며, 그의 단편소설 중 가장 널리 알려져 오랫동안 사랑받고 있다.",https://audioclip.naver.com/audiobooks/934616134F
