titles,authors,informs,clip_links
그림형제 동화집: 브레멘 음악대 외 8선 (영국영어 낭독) - Grimm's Fairy Tales,brothers Grimm,"영국영어로 만나는 그림형제 걸작 동화! 집념의 이야기 사냥꾼이라 불리는 그림형제의 동화 시리즈! 예로부터 전세계가 공유하는 민간 설화적 요소를 바탕으로 꾸려져 오늘날에 이르기까지 여러가지 에니메이션, 영화, 만화, 뮤지컬 등으로 변모하며 끊임 없이 사랑 받는 이야기들이죠. 브레멘 음악대, 헨젤과 그레텔, 라푼젤.... 등 인간적인 심성이 듬뿍 묻어나는 이야기들은 단순한 옛날 이야기를 넘어 단단한 마음의 울림이 있는 지혜와 교훈 덩어리입니다. 그럼 200여 가지에 달하는 그림형제의 동화들 중에서도 가장 뛰어나기로 손꼽히는 아홉 가지 작품을 영국 영어로 만나보실까요?",https://audioclip.naver.com/audiobooks/31D55549CE
마법교사 클로얀,담덕,"게임회사 사장 승번은 자신의 아내를 잃은 슬픔으로 자신이 창조한 판타지 세계로 기억을 지우며 들어가게 되는데…
판타지 세계에 등장한 최강의 마법사 클로얀이 자신의 어린 제자들과 사제간의 정을 나누며 불의에 맞서 싸운다.",https://audioclip.naver.com/audiobooks/37F543340B
박해수가 읽는 잭 런던의 불 피우기,잭 런던,"불 피우기 (To Build a Fire) 개 한 마리만을 데리고 알래스카의 혹한 속으로 길을 떠난 한 사내의 역정과 분투, 그리고 실패와 죽음의 과정을 그린 단편소설이다. 한 남자가 혹한기에 캐나다 유콘 지방을 별 준비 없이 홀로 여행하다가 얼어 죽는다는 단순한 줄거리이지만, 그럼에도 대단한 긴장감을 자아내며 전개되는 독특한 소설이다. 작가는 뱉은 침이 바로 얼어붙는 극한의 추위가 인간 신체를 얼마나 가혹하고 철저하게 파괴하는지 세밀히 묘사한다. 인간적 감정을 일절 배제한 채 냉엄하고 구체적이고 사실적으로 죽음의 현장을 그려 낸다.",https://audioclip.naver.com/audiobooks/C54FFB3F96
"내가 죽어 누워 있을 때 (민음사 세계문학, 완독본)",윌리엄 포크너,"노벨상 수상 작가 윌리엄 포크너의 야심작. 15명의 등장인물, 59개의 독백만으로 완성한 실험적인 작품. 미국 남부의 농촌 마을을 배경으로, 한 시골 아낙의 죽음과 그녀의 가족이 겪는 슬프면서도 기묘한 장례 여행을 그리고 있다. 삶과 죽음, 선과 악, 운명과 욕망에 대한 무거운 성찰을 담고 있는 포크너의 초기 걸작 중 하나이다.",https://audioclip.naver.com/audiobooks/12784F0225
[단편] 나는 편의점에 간다,김애란,"서울의 대학가에서 자취하는 여대생의 눈에 비친 편의점의 모습을 통해, 후기자본주의의 일상을 예리한 시선과 단순명쾌한 문장에 담은 작품이다. ‘나’는 편의점 세 곳을 번갈아가며 들러 생필품을 산다. 그러면서 나는 세 곳의 편의점에서 각각 다른 인간이 되어버린다. 편의점에서 나는 익명의 편안함 속에 숨고 싶지만 또한 누군가에게 나의 존재를 알리고자 소통을 시도하기도 한다. 내가 구입하는 상품의 목록은 일반화된 대도시의 소비패턴을 벗어나지 않지만, 나를 드러내는 소비의 코드들이기도 한 것이다. 소비주체로서 정체성을 확인하려는 나와 구입 물품 목록으로 환원되는 나, 타인과 인간적인 유대를 맺고 싶은 나와 타인의 무언의 폭력으로부터 숨고 싶은 나의 괴리가 소소한 에피쏘드에서 날카롭게 드러난다.",https://audioclip.naver.com/audiobooks/EF7B250FBE
고전 공포 걸작선,코난 도일 외 7인,"재미있다 무슨 일이 터질 듯 터질 듯 이야기가 아슬아슬하게 진행되는 것이 공포문학의 재미다. 마지막 장을 읽기 전까지 결말을 결코 예측할 수 없는 열 가지 이야기를 소개한다. 고전이지만 읽기 쉽다 고전과 독자 사이를 가로막은 시간의 장벽을 허무는 데 초점을 맞춰 번역했다. 읽기에 불편한 인명, 지명을 간단히 하고 장황한 표현, 지루한 부분은 과감히 삭제했다. 문학적으로 깊이가 있다 추리소설의 전형을 창조한 셜록 홈즈의 코난 도일, 흡혈귀 문학의 시조로 불리는 드라큘라의 브람 스토커, 소설의 교과서라고 불리는 발자크, 탐미주의 거장 오스카 와일드 등의 작품을 수록해, 다른 공포 소설과는 달리 읽은 후 깊은 문학적 향기까지 느낄 수 있다.",https://audioclip.naver.com/audiobooks/B9992D8C73
80일간의 세계일주 2,쥘 가브리엘 베른,"“80일간 세계 일주, 행복을 얻다” <80일간의 세계 일주>는 프랑스 작가인 쥘 베른의 대표적인 모험 소설로 1873년에 발표된 작품이다. 이 이야기는 영국 런던의 신사인 필리어스 포그와 그의 친구가 <리폼 클럽>에서 80일 만에 세계여행이 가능한지를 두고 2만 파운드짜리 내기를 하면서 시작되는데, 그의 여행은 런던에서 곧 엄청난 이슈가 되었고, 영국 증권가에는 “필리어스 포그 권”이라는 이름의 증권까지 등장했다. 파스파르투는 세계일주를 떠나는 그날 아침에 고용된 하인으로, 파리 출신 프랑스인이다. 프랑스인에 대한 선입견에 맞게, 활기차고 오만가지 표정이 다채로우며, 소방수, 곡예사, 거리 악사, 하인 등 온갖 직업을 전전한 끝에, '편하고 조용한 생활'을 하기 위해 포그 가에 들어왔고, 새 주인에 대한 만족감을 표시했다.그런데 하필 그날 주인이 세계 일주를 떠난다고 하는 바람에 급하게 끌려 나가게 되면서 자신의 소망은 완전히 빗나갔다. <80일간의 세계 일주> 작품은 쥘 베른의 최고의 작품으로 손꼽힌다.",https://audioclip.naver.com/audiobooks/72BC26BCFF
알퐁스 도데 단편선,알퐁스 도데,"마지막 수업, 별, 왕자의 죽음, 숲 속의 군수님 등과 같은 작품들은 우리가 오래 전부터 사랑해 온 작품들이며, 서정성과 낭만이 가득한 감수성이 풍부한 작품들로 전 세계의 많은 독자들로부터 호평과 사랑을 받아 온 작품들이다. 이제 이 작품들을 번안된 원문 그대로 그의 섬세하고 아름다운 정취를 느껴보며 가슴으로 감상해 보자.",https://audioclip.naver.com/audiobooks/7A4E0F1070
호러픽션,"양국일,양국명","소리 없이 등 뒤로 다가온 핏빛 그림자, 보름달이 뜨면 살인귀가 되는 소년들, 마녀라 불리던 꿈속의 그녀, 폐가에 들어선 사람들. 창을닫고, 커튼을 내리고, 문을 잠그고, 이불을 둘러써도, 아무리 꼭꼭 숨어도 그들은 틀림없이 당신을 찾아온다! 자각하지 못했다면 뒤돌아보라. 낯익은 이가 문득 낯선 얼굴로 노려보고 있지 않은지 !",https://audioclip.naver.com/audiobooks/2F53C1F99D
기억 1 : 베르나르 베르베르 장편소설,베르나르 베르베르,"기억의 문이 열리고 모험이 시작된다! 한국 독자들이 사랑하는 베스트셀러 작가 베르나르 베르베르의 신작 장편소설 『기억』(전2권)이 프랑스 문학 전문 번역가 전미연의 번역으로 열린책들에서 출간되었다. 꾸준히 신작을 발표해 온 베르베르는 이번에 <기억>이라는 테마로 시공간을 넘나들며 자신만의 독특한 세계관을 확장해 나간다. 주인공 르네 톨레다노는 고등학교에서 역사를 가르치는 교사이다. 그는 센강 유람선 공연장 <판도라의 상자>에 갔다가 퇴행 최면의 대상자로 선택당한다. 최면에 성공해 무의식의 복도에 늘어선 기억의 문을 열 수 있게 된 르네. 문 너머에서 엿본 기억은, 제1차 세계 대전의 전장에서 목숨을 잃은 그의 전생이었다. 최면이 끝난 후에도 너무나 생생하고 강렬한 기억에 시달리던 그는 몸싸움에 휘말려 의도치 않게 사람을 죽이고 경찰에 자수할지 말지 고민하며 초조한 나날을 보내게 된다. 한편 르네는 자신에게 총 111번의 전생이 있었다는 사실을 알고 제1차 세계 대전 참전병 외에도 여러 기억의 문을 열어 본다. 그중에서도 최초의 전생은 놀랍게도 현대인이 <아틀란티스>라고 부르는 전설 속의 섬에 사는 남자 게브였다. 아틀란티스가 바닷속에 잠겨 버렸다고 알고 있는 르네는 어떻게든 게브를 구하고 싶어 하고, <판도라의 상자> 무대에서 만났던 최면사 오팔이 르네의 조력자를 자처한다. 현생에서는 경찰에 쫓기며 정신병자 취급을 받고, 전생에서는 대홍수가 예고된 가운데 과연 르네와 게브의 운명은? *** 이 오디오북은 한국출판문화산업진흥원(KPIPA)의 「2020년 오디오북 제작 지원」 사업 선정작입니다.",https://audioclip.naver.com/audiobooks/C86D3B7EA5
전미도가 읽는 멈짜오 아깟담끙 라피팟의 사춘기,멈짜오 아깟담끙 라피팟,"사춘기(วัยสวาท) 단편집 ≪무너진 낙원≫에 수록된 단편이다. 원제목은 ‘와이싸왓’. ‘사랑 또는 환희에 눈뜨는 시기’란 뜻으로, 소설 속 여주인공이 비밀스레 간직하고 있는 인형의 이름이기도 하다. 어린 나이에 아버지의 노름빚 때문에 돈에 팔려 부잣집에 시집가야 했던 두 자매의 사랑과 질투에 관한 이야기다. 가족을 사랑으로 지킴으로써, 태국의 미래를 키우는 여성의 가치를 강조한다.",https://audioclip.naver.com/audiobooks/378D7FAD9E
고양이의 날 (위키미키 최유정),이현,"도시의 영역 다툼 속에서 살아남아야 하는 잿빛 고양이의 고군분투! 젖을 떼자마자 쌀쌀맞게 굴던 어미 고양이는 어느 날 자식인 잿빛 고양이를 일부러 영역 밖으로 이끌어 궁지에 내몬다. 어쩔 수 없이 나무 높이까지 올라가게 된 잿빛 고양이의 눈앞에 그동안 보지 못했던 새로운 풍경이 펼쳐지는데……. 사춘기 청소년의 성장과 독립심의 문제를 길고양이의 삶에 빗댄 소설. *** 위키미키의 멤버인 최유정이 낭독하는 이현 작가의 [고양이의 날]는 [EBS 아이돌이 읽다, 마음을 잇다] 라는 아이돌의 낭독과 기부가 결합된 프로젝트 참여 작품이다. 이시대 최고의 아이돌이 문학작품 낭독자로 참여해 목소리 재능을 기부하고, 이를 통해 발생되는 수익금 일부는 농어촌청소년육성재단에 기부되어 문화 교육 혜택에서 소외된 청소년들의 올바른 성장 지원을 위해 사용된다.",https://audioclip.naver.com/audiobooks/E8CFB9B0C2
번외,박지리,"10월 초 예술의전당에서 초연되는 뮤지컬 [다윈 영의 악의 기원] 원작자이자 <합체>, <맨홀>, <양춘단 대학 탐방기>, <3차 면접에서 돌발 행동을 보인 MAN에 관하여> 등으로 한국 문단에 독보적 발자취를 남긴 박지리 작가의 마지막 작품. 고교 총기 난사 사건에서 유일하게 살아남은 생존자인 주인공 소년이 참사 1주기 추도식 다음 날, 학교를 벗어나 하루 동안 배회하는 이야기이다. 참사 이후 학교에서건 집에서건 모든 것에서 예외 취급을 받는 '나'는 삶 자체가 번외가 된 기분이다. 주인공이 무작정 길을 나서 만나는 사람들은 하나같이 낯선 이들이지만 이들은 내가 입은 교복을 알아보고 참사에 대해, 추도식에 대해 말한다. 나는 이들이 보내는 관심이 버겁기도 하고, 혼자 살아남은 것에 대한 죄책감과 함께 총기 난사 사건의 가해자 K와 공범 의식을 느끼기도 한다. 삶과 죽음의 욕망이 교차하는 소년의 불안하고 혼란스러운 심리는 무의식과 의식의 경계가 불분명한 속에 과거와 현재를 오가며 총기 난사 사건과 K에 대한 기억을 환기한다. * 이 오디오북은 한국출판문화산업진흥원(KPIPA)의 ‘2020년 오디오북 제작 지원’ 사업 선정작입니다.",https://audioclip.naver.com/audiobooks/3423155C0A
곰스크로의 여행,프리츠 오르트만,"그곳에 가면 행복할 수 있을까? 어릴적 아버지로부터 멋진 도시 곰스크에 대한 이야기를 들은 한 남자. 곰스크는 그에게 유일한 목표자 희망이었으며, 그곳으로부터 자신의 삶이 새롭게 시작되리라 확신했다. 그리고 결혼을 하고 가진 돈 전부를 곰스크로 가는 기차표를 사는데 써버렸다. 하지만 잠시 정차한 간이역에서 기차를 놓쳐버린다. 남자는 곰스크로 가는 기차표를 사기 위해 돈을 모으지만 아내는 작은 살림살이를 장만하며 마을에 정착하길 원한다. 남자에게서 아내를 떼어내면 그는 곰스크로 갈 수 있을까? 생전에 아주 적은 작품만을 발표한 독일 작가 프리츠 오르트만의 <곰스크로의 여행>은 어는 동인지에 실렸던 단편 소설이라고 전해진다. 이후 독일어 교재에 실린 이 작품은 알음알음 전파되어 1990년대 초 우리나라 대학가에 퍼지는가 싶더니 2004년 MBC 베스트 극장에서 각색되어 방영되었으며, 드라마 대본 작업에 참여한 황경신 작가의 <초콜릭 우체국>에도 실렸다. 또한 2010년 프리츠 오르트만의 소설집 <럼주차>에 실린 7편의 단편과 함께 <곰스트로 가는 기차>를 북인더랩 안병률 대표가 직접 번역해 출판했다. 그리고 2019년 스튜디오 바운더리는 오디오북으로 각색한 <곰스트로의 여행>을 새롭게 선보인다. 낭독 : 지안 제작 : 스튜디오 바운더리 studioboundary@gmail.com",https://audioclip.naver.com/audiobooks/89BFEC158B
레인보우시리즈 ORANGE,오디언,"양다리…? 내 주변에만 없으면 되지, 뭐! 같은 고등학교, 같은 반인 단순무식! 일편단심! 공부에는 흥미없음. 황주완과 같은 학원의 엄친아, 위세경. 두사람 사이에서 양다리를 걸치게 되어버린 여주인공! 그러나 시간이 지날 수록 이 두 사람을 모두 감당하는 것이 벅차기만 한테… 레인보우프로젝트시리즈는 청자가 여자주인공이 되어보는 참여형 오디오드라마입니다. 직접 여주인공이되어 대화해보세요~~~",https://audioclip.naver.com/audiobooks/73730AAD6C
바람과 함께 사라지다 제3부 (2),마거릿 미첼,"""내일은 내일의 태양이 뜰 거야."" 아카데미 10관왕에 빛나는 불후의 명작 <바람과 함께 사라지다>의 원작 소설이 러닝타임 66시간의 오디오북으로 새롭게 태어났습니다. 총 분량 1,900여쪽에 달하는 방대한 소설의 장면장면을 빠짐없이 살려내며 영화보다 깊고 풍부한 이야기로 또 다른 감동을 전합니다. 미국 남북 전쟁의 폐허 속에서 피어나는 스칼렛 오하라의 운명과 사랑을 담은 장대한 드라마를 만나보세요. ▶ 오디오북 전권 세트(66시간) 바로가기 :",https://audioclip.naver.com/audiobooks/93F02502C4
바람과 함께 사라지다 제3부 (1),마거릿 미첼,"""내일은 내일의 태양이 뜰 거야."" 아카데미 10관왕에 빛나는 불후의 명작 <바람과 함께 사라지다>의 원작 소설이 러닝타임 66시간의 오디오북으로 새롭게 태어났습니다. 총 분량 1,900여쪽에 달하는 방대한 소설의 장면장면을 빠짐없이 살려내며 영화보다 깊고 풍부한 이야기로 또 다른 감동을 전합니다. 미국 남북 전쟁의 폐허 속에서 피어나는 스칼렛 오하라의 운명과 사랑을 담은 장대한 드라마를 만나보세요. ▶ 오디오북 전권 세트(66시간) 바로가기 :",https://audioclip.naver.com/audiobooks/BB5B192A1F
사람은 무엇으로 사는가,톨스토이(Leo Tolstoy),"톨스토이의 숨결이 그대로 묻어나는 어른들을 위한 동화. <사람은 무엇으로 사는가?> 한편의 연극 같은 생동감 있는 동화! 인간미 느껴지는 편안한 연기로 외국 고전이 살아난다. [사람은 무엇으로 사는가?] 1. 사람은 무엇으로 사는가? - 길 모퉁이에서 나체로 발견된 사나이, 그가 깨닫는 삶의 진리 세 가지! 2. 사람에겐 얼마만큼의 땅이 필요한가? - 일생일대의 목표, 땅 모으기!! 과연 파홈이 갖게 된 땅의 크기는 얼만큼일까? 3. 바보 이반 - 바보들만 사는 나라, 머리로 일하지 않는 나라, 뺏으려 하면 거저 주는 나라. 이반 대통령만의 특별한 나라 운영 방법은?",https://audioclip.naver.com/audiobooks/3FA25A36D6
오페라의 유령 1,가스통 르루,"프랑스 대표 추리작가 가스통 르루의 대표작으로 파리 오페라극장을 무대로, 천사의 목소리를 타고 났지만 사고로 흉측하게 변한 기형적인 얼굴을 가면으로 가린 신사가 아름답고 젊은 프리마돈나를 짝사랑하는 이야기로 1861년 파리에서 시작된다. 주인공인 '오페라의 유령'은 언제나 오페라극장의 5번 박스석에 자리하는 신사이다. 리허설 도중에 연속적으로 사고가 일어나자 주역 여가수가 출연을 거부한다. 무명인 크리스틴이 대역으로 나서서 노래를 완벽하게 부르고 공연은 성공을 거둔다. '오페라의 유령'은 리허설을 끝내고 분장실로 돌아온 크리스틴을 납치하여 분장실의 거울을 통해 지하 호수에 있는 마궁으로 사라진다. '오페라의 유령'은 크리스틴에게 헌신적인 사랑을 바치면서 자기가 작곡한 오페라에서 노래해줄 것을 간청한다. 흉측하게 일그러진 괴신사의 얼굴을 본 크리스틴은 경악하고 오페라극장에서는 예기치 못한 사고가 계속해서 발생한다.",https://audioclip.naver.com/audiobooks/348E2E330B
