titles,authors,informs,clip_links
"장미 병들다 (RESOUND 단편, 이형훈 낭독)",이효석,"「장미 병들다」는 1938년 『삼천리 문학』에 발표된 '이효석'의 단편소설입니다. 성에 대한 개방의식을 드러내는 사실주의 소설로, 비애적 삶을 겪는 여성인 '남죽'에 대한 이야기를 그리고 있습니다. 소설 속 두 주인공인 '현보'와 '남죽'은 현보가 서울에서 학교를 다닐 때 대중원이라는 책방(서점)에서 우연히 알게 된 사이입니다. 남죽은 언니인 세죽이 운영하는 대중원에서 기식하면서 독서와 재능으로 여러 가지 꿈을 꾸던 여학생이었습니다. 이후 연락이 끊어졌다가 현보는 극단 '문화좌'의 여배우로서 남죽을 7년만에 만나게 됩니다. 갓 설립된 극단 '문화좌'는 지방공연을 앞두고 엄격한 검열에 걸려 공연이 좌절되고, 남죽은 고향으로 가고자합니다만 여비가 없어 오도가고 못하고 맙니다. 현보의 친구에게서 얼마의 돈을 여비로 구하지만 그 액수가 적어, 그 돈으로 함께 유흥에 탕진해버립니다. 이후 그들은 처음으로 육체 관계를 갖게 되고 현보는 그의 집에서 통장을 훔쳐 남죽의 여비를 마련한 뒤, 남죽이 머물고 있는 여관으로 찾아 갑니다. 하지만 이미그녀는 떠나고, 현보는 그 아름답던 남죽과의 성관계에서 성병마저 얻고 맙니다. 현보는 마음과 몸을 속인 남죽을 생각하며 씁쓸해 합니다. 작가는 한 개인의 고통만을 그려내는데 그치는 것이 아니라, 확장하여 당시 병리적인 사회의 전체 상을 짚어내고 있다. 「장미 병들다」의 오리지널 스코어를 작곡한 '손다혜'는 이야기 속 감성들을 섬세한 선율로 녹여내어 자연스러운 음악이야기를 만들어내는데 탁월한 작곡가입니다. 제1회 창작국악극대상에서 여류명창 진채선의 삶을 다룬 <운현궁 로맨스>로 대상은 물론 작곡상,극본상, 여자 창우 4개 부문을 수상하기도 했습니다. 손다혜는 극음악뿐만 아니라 음악극을 실내악과 관현악의 형태로 다채롭게 구사해왔고, 2013년에 한국문화예술위원회 지원 차세대 예술전문인력(AYAF)으로 선정되어 자신의 작곡 음악극 독주회인 <손다혜의 음악 그리고 이야기> 로 첫 번째 무대를 선보인 바 있습니다. 100년 전 우리 소설, 아름다운 소리로 만나다. [Resound 단편] 시리즈 소위 ‘고전’이라 불리는 작품들은 시대를 불문하고 인간과 삶을 관통하는 날카로운 통찰을 담고 있습니다. 그러나 한 번쯤 제목은 들어 봤을지라도, 제대로 읽어본 적은 없는 경우가 많습니다. 왜일까요? 어쩌면 고전은 낡고 지루하며 어렵다는 편견이 있는 건 아닐까요. [Resound 단편] 시리즈는 그 편견을 깹니다. 오늘날 활발히 활동 중인 작가들이 고쳐 쓰고, 그 원고를 전문 배우들이 생생하게 낭독하고, 거기에 뮤지션들이 작곡한 음악이 더해져, 고전은 새로운 예술작품이 되었습니다. 옛 것의 가치는 간직하되 새로운 옷을 입고 화려하게 돌아온 50편의 [Resound 단편] 시리즈가 새로운 문학의 세계, 감상하는 오디오북의 세계로 당신을 초대합니다.",https://audioclip.naver.com/audiobooks/215DBA2883
어린왕자,앙투안 드 생텍쥐페리,"이해심이 부족한 어른들 때문에, 어린 시절 화가의 꿈을 버리고 조종사가 된 ‘나’는 6년 전 사하라 사막에 비행기 고장으로 불시착한다. 죽느냐 사느냐의 기로에 있던 내 앞에 갑자기 양 한 마리를 그려달라는 어린 왕자를 만난다. 어린 왕자와의 대화를 통해 ‘나’는 조금씩 자신의 모습을 돌아보며, 순수를 그려가기 시작한다. 그리고, 신기하게도 어린 왕자의 모습 속에서 자신의 모습을 발견하고, 그에게서 사랑과 삶을 배우게 된다.",https://audioclip.naver.com/audiobooks/F1BB9E8A0F
꽃이 되지 못한 사람들 (사건보고서 2022),김민지,"""친애하는 나의 스토커님, 나를 사랑해 줘서 고마워요."" 자신을 사랑해 주는 사람은 모두 사랑하고야 마는 유지수는 요즘 스토커에게 시달리는 중이다. 또한 동시에 단골 카페의 사장인 이수호에게 작은 연심을 품고 있다. 그렇게 혼자 스토커의 정체를 알아내려 하던 중, 자신의 스토커가 사실은 이수호였다는 사실을 알게 되고, 유지수는 그에게 성큼 다가가기로 결심한다.",https://audioclip.naver.com/audiobooks/1CF87F3EC1
대도시의 사랑법,박상영,"여름밤, 나의 아름다운 도시, 어쩌면 너 때문에 젊은 소설의 첨단, 박상영 신작 소설 2019년 젊은작가상 대상을 수상하고, 한권의 소설집(『알려지지 않은 예술가의 눈물과 자이툰 파스타』)이 일약 수많은 독자들을 매료한 박상영의 연작소설 『대도시의 사랑법』이 출간되었다. 젊은작가상 대상 수상작 「우럭 한점 우주의 맛」을 비롯해 발표와 동시에 화제가 됐던 4편의 중단편을 모은 연작소설이자 작가의 두번째 소설집으로, 청춘의 사랑과 이별의 행로를 때로는 유머러스하고 경쾌하게 그려내고, 때로는 밀도 높게 성찰하는 아름다운 작품들이다. 책을 묶는 과정에서 크고 작은 개작을 거친바, “모두 같은 존재인 동시에 모두 다른 존재”(‘작가의 말’)인 30대 초반의 작가 ‘영’이 좌충우돌하며 삶과 사랑을 배워 나가는 과정이 놀랍도록 흥미롭고 깊이 있게 펼쳐진다. 여름의 도시 풍경과 한데 어우러져 강한 인상을 남기는, ‘읽다 마는 일을 결코 할 수 없는’(김하나 추천사) 빼어난 소설이다. 그것을 방증하듯 출간 전에 이미 영국 Tilted Axis Press와 번역 출간 계약이 이루어졌다. 『채식주의자』 번역으로 한강 작가와 함께 2016년 맨부커인터내셔널상을 수상한 데보라 스미스의 큰 관심으로, 한국소설로는 이례적인 일을 맞았다. “그러니까 사실 나, 네가 엄청 필요해” 이토록 활달하고 사랑스러운 소설을 만나는 반가움 「재희」에서 게이 남성인 주인공은 대학 동기인 재희라는 여성과 동거한다. “정조 관념이 희박”한 ‘나’와 재희는 만난 남자들에 대해 수다를 떨고 서로의 비밀을 공유하면서 가깝게 지내다가 재희가 스토커 남자에게 위협받은 사건을 계기로 같이 살게 된다. 둘은 재희의 임신중절수술, 그리고 ‘나’의 연인의 죽음과 작가 등단 등 20대의 큰 사건들을 함께한다. 두 사람의 파란만장한 청춘기와 재희가 결혼에 이르기까지의 과정이 무척 유머러스하고 흡인력 높게 전개되며, 찡한 결말이 자못 큰 여운을 남긴다. 「우럭 한점 우주의 맛」은 “이 소설집에서 가장 길고 또 압도적으로 아름다운” 작품이라는 평가(강지희 해설)에 값하는 수작 중편이다. 말기 암 투병 중인 엄마를 간병하면서 지내는 화자 ‘영’은 5년 전에 뜨겁게 사랑했던 형의 편지를 받고 다시 마음이 요동치며 과거를 떠올린다. 철학 강좌에서 만나 연애에 이르렀지만 화자에게 그는 알면 알수록 불가사의한 인물로 다가온다. 학생운동을 한 과거에 여전히 사로잡힌 채 화자를 미국을 좋아한다며 꾸짖고, 아직도 정부가 자신을 감시한다는 의심을 거두지 못하는 그는 자신이 게이임에도 ‘동성애’라는 ‘악습’을 끝내 받아들이지 못하는 별난 사람이다. 이 소설 역시 곳곳에 유머 코드가 가득한데, 작가는 그에 만족하지 않고서 끝없이 자기소개서를 쓰는 별 볼 일 없는 청년의 일상은 물론 엄마라는 존재를 통해 삶과 죽음에 대한 성찰에 이르는 주인공의 궤적을 ‘압도적으로 아름답게’ 펼쳐낸다. 표제작 「대도시의 사랑법」과 「늦은 우기의 바캉스」는 직접적으로 연결되는 작품이다. 「대도시의 사랑법」의 주인공은 클럽에서 진탕 취하는 일이 다반사고, 팔리지도 않는 연극 프로그램북을 파는 일을 하며, “쓰레기 같은 글”을 끼적이면서 지내는 인물로, 파트너의 부주의함으로 HIV에 감염된 비밀을 지니고 있다. 클럽 바텐더 규호와 서로 애정을 느끼던 끝에 그는 이 사실을 고백하고, “그러거나 말거나 너”라는 규호의 반응으로 연애가 시작된다. 단란하기도 하고 권태롭기도 한 오랜 연애는 그러나 예기치 못한 일로 갑작스레 변곡점을 맞이한다. 「늦은 우기의 바캉스」는 홀로 방콕에 가게 된 화자의 이야기이다. 규호와 방콕에서 함께한 찬란했던 한때를 곳곳에서 떠올리는 화자의 발걸음이 중심을 이루는 이 소설은 함께 실린 여타 소설과 다르게 유독 웃음기를 거두고서 상실과 고독의 정서에 집중하는 작품으로, 결말부의 짧은 고백이 강렬한 여운을 남기면서 이 연작소설들의 대미를 장식한다.",https://audioclip.naver.com/audiobooks/E14FF10F07
비행운 <너의 여름은 어떠니>,김애란,"김애란이 돌아왔다. 2012년 올해로 등단 만 10년 차가 되는 시간 동안 공백 없이 작품을 발표해오기도 했지만, 지난해 출간한 첫 장편소설 <두근두근 내 인생>으로 차세대 '젊은 작가'라는 수식어를 2010년대 대표 작가로 갈아치운 그녀다. 많은 사랑과 기대를 한 몸에 받으며 세번째 소설집 <비행운>을 가지고 왔다. '비행운'은 새로운 삶을 동경하는 형식으로(飛行雲), 하지만 현실을 벗어나지 못하게 하는 연쇄적 불운(非幸運)에 발목 잡힌 '우리들'의 이야기를 담고 있다. 문학평론가 박준석이 말했듯 ""김애란 소설은 우선 안부를 묻고 전하는 이야기, 말하자면 하이-스토리hi-story라고 부를 수 있다. 이 안부에는 개인적인 소소한 안녕을 넘어선 어떤 윤리""를 가지고 동세대의 실존적 고민을 드러내며 살아남은 자들에게 인사를 전한다. 친구처럼 곁에서 나의 이야기를 들어주러 온 듯 이번 소설집에서도 김애란은 자신의 매력을 백분 발휘한다. 또한 좀더 많은 세대와 공간을 아우르며 '확장'을 시도하기도 하는데, 그것은 김애란 '너머'를 발견하게 하는 기회를 마련해줄 것이다. 2011 젊은작가상 대상 수상작 '물속 골리앗', 2010 이상문학상 우수상 수상작 '그곳에 밤 여기에 노래' 등 모두 8편이 수록되어 있다. 회사를 그만두고 난 살이 찌기 시작했다. 정말 많이 찌기 시작했다. 대학시절 만큼이나 살이 쪘다. 고향 친구의 소식을 전해들었다. 내일이 발인이라는 소식을… 그리고 그날 대학시절 첫사랑인 선배에게서 전화가 왔다. ""미영아, 오늘 시간 있니?"" 선배를 만나고 고향으로 내려가면 될 것 같았는데, 그랬는데... 난 지금 고장난 형광등이 천정에 매달린 내 작은 자취방에 누워있다.",https://audioclip.naver.com/audiobooks/CF404F6ECD
"파리의 노트르담 1 (민음사 세계문학, 완독본)",빅토르 위고,"호메로스, 단테, 셰익스피어의 뒤를 잇는 세계 4대 시성(詩聖) 빅토르 위고 뮤지컬 「노트르담 드 파리」의 원작 ▶ 하늘에서 내려온 드문 영혼, 빅토르 위고. -샤를 보를레르 ▶ 희곡에 셰익스피어가 있다면, 소설에는 위고가 있다. -알퐁스 드 라마르틴 ▶ 위고는 가장 위대한 프랑스 시인이다. -앙드레 지드 ▶『파리의 노트르담』은 진정으로 아름다운 작품이다. -귀스타브 플로베르 ▶ 위고는 눈물의 제왕이다. -앨프레드 로드 테니슨 「노틀담의 꼽추」라는 제목으로 잘 알려진 『파리의 노트르담』은 1831년 발표된 이래 수없이 많은 언어로 번역되고 70번 이상 영화화될 만큼 시대를 초월해 사랑 받는 작품이다. 이 작품을 원작으로 만든 뮤지컬 「노트르담 드 파리」는 1998년 초연한 이래 500만 장의 티켓 판매, 1000만 장의 음반 판매를 기록하는 등 전 세계인들의 사랑을 받고 있다. 15세기 파리를 배경으로 다양한 인간 군상이 벌이는 사랑과 질투, 증오와 연민의 사건을 펼쳐가는 『파리의 노트르담』은 찬연한 고전 시대의 문화가 서서히 몰락하는 그늘 아래서 무지와 탐욕이 순결한 영혼을 파멸시키는 비극이며, 뭇사람들의 조롱과 질시 속에서 피어나는 노트르담 성당의 종지기 카지모도와 순수하고 아름다운 집시 처녀 라 에스메랄다의 사랑 이야기다.",https://audioclip.naver.com/audiobooks/5A962AB14C
잠들 수 없는 밤의 기묘한 이야기,송준의,"천만 네티즌의 심장을 얼린 전설적인 공포 시리즈 도시화가 가속화되면서 생겨나는 불안을 배경으로 형성된 도시괴담. 떠도는 괴담처럼 보이는 이 이야기들은 바로 옆집에서, 또는 나에게 직접 일어날 수 있는 일이다. 천만 네티즌의 등골을 서늘하게 했던 공포 시리즈의 전설이 시작된다. [출판사 서평] 작지만 강렬한 공포! 그 거부할 수 없는 세계로…… 『잠들 수 없는 밤의 기묘한 이야기』부터 『무서운 이야기-더 파이널』까지 이어지는 ‘무서운 이야기’ 시리즈의 미니북 에디션. 이 시리즈는 공포 장르의 콘텐츠를 나누는 블로그, ‘잠들 수 없는 밤의 기묘한 이야기(잠밤기)’에 여러 구독자가 털어놓은 공포 체험담을 엮은 것이다. 실제 있었던 무서운 이야기라는 점에서 여기저기 떠도는 상상의 산물과는 전혀 다른 현실적인 공포의 맛을 느낄 수 있다. 이 시리즈에는 오늘밤 나에게도 벌어질 수 있는 일, 내 방, 우리 집 앞에서도 목격될 수 있는 무서운 일들이 한가득 담겨 있다. 용기 없는 사람은 펼치지 말길 권한다. 책장을 넘기는 순간 감당할 수 없이 섬뜩하고 매혹적인 이야기로 빨려 들어갈 것이다. 잠들 수 없는 밤의 기묘한 이야기 : 전설의 시작 괴담을 이해하면 사회적인 현상의 코드나 기호를 쉽게 파악할 수 있다. 80년대 중·후반을 풍미 한 ‘홍콩할매 귀신’만 보더라도, 늦은 시간까지 밖에 있는 아이들에게 경계심을 갖도록 하기 위해 ‘홍콩할매 귀신’ 괴담이 만들어졌다는 것이 정설이다. 즉, 당시 학원이나 과외 열풍이 불면서 아이들이 늦게까지 밖에 있는 시간이 많았고, 그래서 이를 노린 유괴 범죄가 늘어나는 추세라 경계가 필요했던 것이다. 또한 어른들이 자주 하시는 말씀 중에, 문지방을 넘지 말라는 이야기가 있다. 옛 사람들은 문지방을 일종의 경계선이라고 생각했는데, 옛부터 해가 지면 돌아다니지 말라는 어른들의 말씀 역시, 노을이 지며 낮과 밤이 바뀌는 걸 보고 이승과 저승의 경계가 열린다고 생각했기 때문이다. 이런 전통이 전해지면서 문지방 역시 이승과 저승의 경계선으로 보고 그곳에 앉아 있으면 해를 입을 수 있다고 생각했다. 특히 도시괴담은 도시가 가속화되면서 생겨나는 불안을 배경으로 형성된 이야기로, 현대를 살아가는 사람들의 거울이라고 할 수 있다.",https://audioclip.naver.com/audiobooks/D79A71051C
"라쇼몬 (민음사 세계문학, 완독본)",아쿠타가와 류노스케,예술의 이상향을 꿈꾼 불세출의 천재 아쿠타가와 류노스케 일본 근대 문학을 견인하며 독보적이고 독창적인 작품 세계를 펼친 작가 시대와 세대를 초월하여 문학의 본질을 탐구하는 예리한 시선 ▶ 아쿠타가와 류노스케는 문학계에 유례없는 작가가 될 것이다. ― 나쓰메 소세키 ▶ 진실이란 얼마나 주관적인지를 조명하는 가운데 통찰력과 예리한 독창적 지성을 빛내는 작가. ―《가디언》,https://audioclip.naver.com/audiobooks/D8C3C53868
폭풍의 언덕,에밀리 브론테,"30년에 걸친 격정적 대서사극! 에밀리 브론테가 남긴 단 한편의 소설! <폭풍의 언덕> 나쁜 남자 ‘히스클리프’, 치명적인 매력의 ‘캐서린’ 두 남녀의 사랑 앞에서는 거칠 것이 없습니다. 두 남녀의 인생 앞에는 두려울 것도 없습니다. 인간의 생과 사, 선과 악, 감성과 이성을 뛰어 넘어 서로를 넘치게 사랑하고 품었던 히스클리프와 캐서린. <폭풍의 언덕>이 남긴 것! - 에밀리 브론테의 단 한편의 유작!. - 셰익스피어의 <리어왕>, 멜빌의 <백경>과 더불어 영문학 3대 비극. - 세계 10대 소설에 꼽히는 Best & Steady seller! - 시적이고 감성적 필치로 현대 최고의 소설이라는 평가를 받는 작품! - 인간의 균열되고 파편화된 심리를 뛰어난 묘사로 표현해 현대 문학사에 충격을 던진 작품!",https://audioclip.naver.com/audiobooks/23ADF7C06E
안네의 일기,안네 프랑크,제2차 세계 대전이 일어나자 유태인 소녀 안네의 가족은 네덜란드로 이주를 한다. 하지만 그곳에서도 얼마 안 있어 강제수용소로 끌려가지 않기 위해 은신처로 몸을 숨겨야만 하는데... 13살 소녀 안네의 눈으로 바라본 두 가족이 숨어사는 숨막히는 이야기들. 일기를 쓰며 침착하게 은신처 생활을 견뎌낸 안네는 결국 평화의 기쁨을 맛 볼 것인가...,https://audioclip.naver.com/audiobooks/06F4BB2CED
엄마를 부탁해,신경숙,"우리 어머니의 삶과 사랑을 절절하고 아름답게 그려낸 역작 늘 곁에서 보살펴주고 무한정한 사랑을 주기만 하던, 그래서 당연히 그렇게 존재하는 것으로 여긴 엄마가 어느날 실종됨으로써 시작하는 이 소설은 도입부부터 흥미진진하게 펼쳐진다. 지하철역에서 아버지의 손을 놓치고 실종된 어머니의 흔적을 추적하면서 기억을 복원하는 과정은 그 자체로 추리소설 같은 팽팽한 긴장감을 끝까지 유지한다. 엄마는 사라짐으로써 가족들에게 새롭게 다가오고 더욱 소중한 존재가 된다. 전단지를 붙이고 광고를 내면서 엄마를 찾아헤매는 자식들과 남편, 그리고 엄마의 시선으로 전개되는 각 장은 강한 흡인력을 가지고 독자를 사로잡는다. 딸(1장)-큰아들(2장)-아버지·남편(3장)-어머니·아내(4장)-딸(에필로그)로 이어지는 시점의 전환은 각자가 간직한, 그러나 서로가 잘 모르거나 무심코 무시했던 엄마의 인생과 가족들의 내면을 절절하게 그려낸다. 각 장은 그 자체로 완성도 높은 모놀로그를 보는 듯한 극적인 효과를 지닌다. 각자의 내면에 자리잡은 어머니의 상은 각각 남다른 감동을 선사하기도 하지만 서로가 연결되고 스며들어 탁월한 모자이크화로 완성된다.",https://audioclip.naver.com/audiobooks/8B42E6553F
즐거운 나의 집 1,공지영,"공지영 신작 장편소설! 엄마 같은 딸, 딸 같은 엄마. 그들이 펼치는 맥주처럼 알싸한 가족 이야기. 세 번 결혼하고 세 번 이혼한 친엄마와 사는 18세 당찬 소녀 위녕이 들려주는 좌충우돌 엉뚱 발랄 유쾌한 가족 이야기와, 가족이기에 감내해야 했던 상처, 사랑이기에 거부할 수 없었던 고통을 작가 특유의 문체로 치유하고 있다. 이 소설은 시대와 함께 호흡하며 우리의 현재를 이야기하는 작가, 공지영이 발견한 가족, 그 평범함과 특별함에 관한 이야기다. 지금까지 수많은 독자들에게 감동의 눈물을 선사한 작가가 이제는 웃음으로 우리 문학의 새로운 성취를 이루어냈다. 이 소설은 철없는 엄마와 너무 일찍 철든 딸, 그들의 가족 스케치로, 평범하지만 알고 보면 특별한 우리 모두의 이야기를 하고 있다. 소설은 불완전해 보이는 가족 대문에 마음의 지독한 몸살을 앓으며 사춘기를 넘어야 했던 위녕의 목소리로 시작된다. 십대의 마지막을 엄마와 함께 보내면서, 그토록 간절했던 진정한 이해와 사랑을 통해 자신의 소중함을 되찾아가면서 삶의 주체로 당당하게 성장하는 위녕의 이야기를 통해 가족과 사랑이라는 이름으로 새겨진 상처와 고통을 치유하고 있다. 사랑이 있으면 우리는 가족이다. 내 소설과 내 마음이 모두 사랑이기를 바라고 살면 설사 실수투성이 삶일지라도 소중해진다. 그 소중한 마음들이 모이는 곳이 우리 집, ‘즐거운 나의 집’이다. ―저자 인터뷰 중에서 ▶ 줄거리 자세히 들여다보기! 열여덟 살 주인공 위녕은 고 삼이 되기 전 십대의 마지막을 자신이 낳아준 엄마와 함께 보내기 위해 아버지와 새엄마의 집을 떠난다. 여름방학을 이용해 B로 거처를 옮긴 위녕은 새로 자리 잡은 엄마의 집에서 여섯 번의 계절을 보낸다. 그러는 동안 위녕은 새로운 가족(외가 식구들과 형제)을 발견하기도 하고, 사랑하는 존재(고양이 코코)와 동생 둥빈 아빠의 죽음을 맞기도 한다. 또한, 엄마의 새 남자친구를 만나고 또래 친구를 통해 평범한(?) 가족이라는 환상을 깨기도 한다. 무엇보다 위녕 스스로 자신의 상처를 돌아보고 치유하며 엄마의 부재로 인해 혼란스러웠던 자신의 정체성과 함께 가족의 의미를 되찾아간다.",https://audioclip.naver.com/audiobooks/9F869F43F5
너는 너로 살고 있니,김숨,"“당신은, 당신으로 살고 있나요?” 김숨 소설의 새롭고도 아름다운 성취 “바늘의 문장으로 산맥을 창조했다”(소설가 권여선) “한국에 가장 절실한 소설”(소설가 정세랑) “범접할 수 없는 깊이와 내밀함”(동아대 한국어문학과 교수 권명아) “가히 달인의 경지다”(한국일보)라는 표현은 최근 작가 김숨의 소설을 향한 말들이다. 일찍이 한 문학평론가는 “바늘 한 땀과 한 땀 사이, 그 고르지만 영원히 포개질 수 없는 차이에 작가가 인간을, 세계를 말하는 방식이 있는 듯하다. 한결같지만 다른 숨, 그 숨들의 기록”(문학평론가 정홍수)이라고도 했다. 한결같지만 다른 숨, 편지소설 『너는 너로 살고 있니』로 다시 김숨이 찾아왔다. 『너는 너로 살고 있니』는 작가의 믿음직한 행보에 또 하나의 이정표가 될 만하다. 고대의 능이 삶의 고락을 가로지르는 도시 경주로, 한 번도 주인공이 된 적 없는 무명의 여자 배우가 11년째 식물인간 상태인 한 여자를 돌보기 위해 깃들며 시작되는 이 소설은 편지 형식이다. 살아 있어도 죽은 듯 삶을 영위했던 ‘나’와 죽어 있으나 여전히 살아 있는 듯한 ‘그녀’가 교감하는 이야기들, 병원을 둘러싼 다양한 인간 군상의 이야기들이 작가 특유의 문체로 촘촘히 수놓인다. 삶과 죽음, 젊음과 늙음, 육체와 정신, 여성성의 문제들이 9개의 장으로 나뉘어 온전한 ‘나’를 찾아가는 과정에 관한 은유로서 한 편의 산문시처럼 아름답게 펼쳐진다.",https://audioclip.naver.com/audiobooks/5BA79C55C0
공녀,김지혜,"공녀(貢女)… 고려시절 원나라에 바쳐진 여자들. 황야의 거친 바람 속에 버려진 여인들. 고려시대 몽골의 귀족과 혼인하기 위해 나라를 떠나야만 했던 공녀들의 이야기. PC연재 당시 많은 인기를 얻었고, 로맨스 소설의 새로운 시도라는 평가를 받기도 한 이 작품은 고려 충숙왕 때를 배경으로 어두운 역사의 한켠을 장식하고 있는 공녀에 대한 이야기를 담고 있다. 해피엔딩의 로맨스와는 왠지 어울리지 않을 듯한 그 암울한 이야기를 로맨스라는 장르 안에서 새롭게 승화시킨 작가의 역량이 놀랍다. 작품의 주무대를 이루는 원나라의 대도성과 그 중앙에 자리잡은 황궁의 모습, 그리고 당시의 풍습들을 세밀하게 그려내어 마치 흐르는 듯 자연스러운 한 편의 영상을 보는 듯하며, 무엇보다도 공녀로 끌려가 삶의 끝자락을 경험한 뒤 힘겹게 새로운 사랑을 깨닫게 되는 여주인공 예영의 심리묘사가 압권이다. 성우의 매력적인 음성과 웅장한 음악으로 다시 태어난 한편의 시 같은 아름다운 이야기 “공녀(貢女)”. 가슴 시리도록 안타깝고 슬픈 역사의 이야기가 펼쳐진다.",https://audioclip.naver.com/audiobooks/7D8E8F275C
살로메,오스카 와일드,"오스카 와일드 희곡. 성서에 이름은 나오지 않지만 유명한 여성, 살로메. 살로메의 아름다운 춤에 매혹된 의붓아버지 헤롯은 한 가지 소원을 들어주겠다고 약속하는데… [등장인물] · 살로메: 헤로디아의 딸. 헤롯의 생일잔치에서 춤을 춘 후, 상으로 요한의 목을 얻으라는 어머니의 말에 따른다. · 요한: 예언자. 헤롯이 동생의 아내인 헤로디아와 결혼하자 이들을 비난한다. · 헤롯: 유대 왕국의 분봉왕. 이복형제인 빌립의 아내와 결혼한다. 자신의 생일잔치에서 의붓딸 살로메의 춤을 보고 매혹당하여 소원을 들어주겠다고 말한다. · 헤로디아: 분봉왕 헤롯의 아내. 헤롯과 재혼한다. 요한과 대립하며 딸 살로메에게 요한의 목을 요구한다.",https://audioclip.naver.com/audiobooks/243BD7CFEE
사람은 무엇으로 사는가,레프 톨스토이,"사람 안에는 무엇이 있는가? 사람에게 허락되지 않는것은 무엇인가? 사람은 무엇으로 사는가? 답은 오로지 사랑. 사람은 주어진 생명을 사는 동안, 자기안의 사랑을 다른 사람에게 나누어주며 오로지 그 사랑으로 살아가는 것이다.",https://audioclip.naver.com/audiobooks/0348CA2AC9
카모메 식당,무레 요코,"소박한 음식으로 상처를 감싸주는 카모메 식당! 입소문을 타고 흥행한 일본 영화 <카모메 식당>의 원작소설 『카모메 식당』. 일본의 중년 여성이 핀란드 헬싱키에 식당을 내면서 일어나는 이야기를 그리고 있다. 영화 <카모메 식당>의 오기가미 나오코 감독이 영화를 만들기 전 작가에게 의뢰하여 집필한 소설이라고 한다. 오니기리와 시나몬 롤로 손님들의 마음을 위로하는 '카모메 식당'의 주인 사치에를 중심으로 세계지도 위 아무 곳이나 찍어 핀란드에 온 무계획 여행자 미도리, 별난 대회에 반해 핀란드에 온 마사코, 금발의 오타쿠 청년 토미까지, 낯선 땅에서 소박한 요리처럼 서로를 담담하고 따뜻하게 받아들여가는 사람들의 이야기가 펼쳐진다. 영화와 줄기는 같지만, 소설에는 영화에선 소개되지 않은 등장인물들의 비하인드 스토리가 담겨 있다.",https://audioclip.naver.com/audiobooks/23A3158A04
봉별기 (Resound단편),이상,"「봉별기」는 1936년 『여성』지에 발표된 이상의 단편소설입니다. 이상 본인의 자전적인 작품으로, '봉별기'라는 책의 제목은 첫 여인인 금홍이와의 만남에서 헤어지기까지의 기록이란 뜻을 의미합니다. 이 소설은 이상의 다른 소설, 「날개」의 전편에 해당되는 이야기로 구성되어 있습니다. 사람과 사람 사이의 관계, 즉 사랑에 관한 강렬한 자기 질문으로 점철된, 현대적 소설입니다. 사랑하는 여자에게 다른 남자들을 소개시켜 주는 화자의 모습은 일제 강점기라는 비극적 시대 상황 속에서 현실을 왜곡하고 외부의 세계가 아닌 내면으로 침잠할 수밖에 없었던 이상의 단면을 보여줍니다. 결핵과 금홍과의 결혼 생활은 이상의 삶에서 큰 비중을 차지하던 요소들로, 그의 운명을 결정짓고 있다고 말할 수 있습니다. 「봉별기」의 오리지널 스코어를 작곡한 '이태훈'은 인디밴드들 사이에선 미친 기타리스트로 유명합니다. 미국에서 클래식 작곡을 전공했지만, 군복무차 한국에 왔다가 펑크, 소울, 재즈 밴드로 그 활동을 시작하게 되었습니다. 우리나라에서 찾아보기 힘든 재즈 펑크(Funk) 음악을 선보이는 '세컨 세션'의 기타리스트로 독보적인 리듬감을 드러낸바 있는 그는 록, 재즈, 메탈, 레게 등 여러 장르를 결합한 연주곡으로 주목을 받고 있습니다. 최근 국악과의 콜라보 등으로 그 음악 세계를 넓혀가고 있습니다. 100년 전 우리 소설, 아름다운 소리로 만나다. [Resound 단편] 시리즈 소위 ‘고전’이라 불리는 작품들은 시대를 불문하고 인간과 삶을 관통하는 날카로운 통찰을 담고 있습니다. 그러나 한 번쯤 제목은 들어 봤을지라도, 제대로 읽어본 적은 없는 경우가 많습니다. 왜일까요? 어쩌면 고전은 낡고 지루하며 어렵다는 편견이 있는 건 아닐까요. [Resound 단편] 시리즈는 그 편견을 깹니다. 오늘날 활발히 활동 중인 작가들이 고쳐 쓰고, 그 원고를 전문 배우들이 생생하게 낭독하고, 거기에 뮤지션들이 작곡한 음악이 더해져, 고전은 새로운 예술작품이 되었습니다. 옛 것의 가치는 간직하되 새로운 옷을 입고 화려하게 돌아온 50편의 [Resound 단편] 시리즈가 새로운 문학의 세계, 감상하는 오디오북의 세계로 당신을 초대합니다.",https://audioclip.naver.com/audiobooks/89539BF33F
심판 : 베르나르 베르베르 희곡,베르나르 베르베르,"죽고 난 다음에 시작되는 특별한 심판 한국 독자들이 사랑하는 베스트셀러 작가 베르나르 베르베르의 신작 『심판』이 프랑스 문학 전문 번역가 전미연의 번역으로 열린책들에서 출간되었다. 『심판』은 베르베르가 『인간』 이후 다시 한번 시도한 희곡이며, 천국에 있는 법정을 배경으로 판사 · 검사 · 변호사 · 피고인이 펼치는 설전을 유쾌하게 그려 냈다. 베르베르 특유의 상상력과 유머가 빛나는 이 작품은 희곡이면서도 마치 소설처럼 읽힌다. 원제는 <천국에 오신 것을 환영합니다Bienvenue au paradis>이며 2015년 프랑스에서 출간되어 4만 부 이상 판매되었다. 프랑스에서는 2017년, 2018년, 2019년 세 차례에 걸쳐 무대에 올려진 바 있다. 천생연분을 몰라본 죄, 재능을 낭비한 죄…… 자신의 죄를 인정합니까? 『심판』은 총 3막으로 구성되어 있다. 제1막에서는 수술 중 사망한 주인공이 자신이 죽었다는 사실을 깨닫지 못한 채 천국에 도착하여 변호사 · 검사 · 판사를 차례로 만난다. 제2막은 주인공의 지난 생을 돌이켜보는 절차가 진행되며, 제3막은 다음 생을 결정하는 절차가 진행된다. 주인공은 방금 전 사망한 아나톨 피숑. 살아 있을 때 판사로 일했던 그는 아이러니하게도 죽자마자 피고인의 처지가 된다. 골초였던 그는 폐암에 걸렸고, 인력이 부족한 휴가철 한복판에 수술을 받았지만 결국 소생하지 못한다. 그는 이제 심판에 따라 천국에 남아 있을 수도 있고, 아니면 다시 태어나야 할 수도 있다. 아나톨은 자신이 좋은 학생, 좋은 시민, 좋은 남편 및 가장, 좋은 직업인으로 살았다고 주장하고, 아나톨의 수호천사이자 변호를 맡은 카롤린 역시 어떻게든 그의 좋은 점을 부각하려 노력한다. 하지만 검사 베르트랑은 생각지도 못한 죄를 들추어낸다. 과연 아나톨은 사형, 아니 다시 태어나야 하는 <삶의 형>을 피할 수 있을 것인가? 상상력과 유머가 빛나는 희곡 <죽은 자를 심판한다>라는 묵직한 주제에도 불구하고, 『심판』에 대한 해외 언론평은 하나같이 이 작품의 유쾌함에 주목했다. 유머는 언제나 베르베르 작품에서 빠지지 않는 핵심 요소였지만 평소의 장편소설들과 비교해 상당히 압축적인 분량과 구조를 지닌 『심판』에서 더욱 돋보인다. 베르베르는 전형적인 언어유희와 농담에도 능하지만 장기는 역시 특유의 비틀기에서 나오는 웃음이다. 그는 비틀기를 위해 타자적 시선을 적극적으로 사용한다. 때로는 곤충과 동물의 시선으로, 때로는 떠돌이 영혼이나 천사의 시선으로 인간을, 바로 우리 자신을 바라보는 것이다. 이번 작품에서도 지상과는 다른 가치 체계와 도덕 규범이 작동하는 천상 법정을 배경으로 설정하고 사회적 문제나 편견 등을 자연스럽게 툭툭 건드린다.",https://audioclip.naver.com/audiobooks/D9893B43B9
"여름 (민음사 세계문학, 완독본)",이디스 워튼,"""최초의 여성 퓰리처상 수상 작가, 이디스 워튼이 쓴 성장 소설 미국 문단에서 여성의 성적 열정을 다룬 최초의 본격 문학 ▶ 워튼은 20세기를 통틀어 가장 뛰어난 작가 중 하나다. ─ 《옵저버》 ▶ 여성의 성적 열정을 솔직하게 다룬 최초의 작품. ─ 신시아 그리핀 울프(평론가)"" 여성 최초의 퓰리처상 수상 작가 이디스 워튼의 『여름』이 민음사 세계문학전집 368번으로 출간되었다. 1차 세계 대전이 막바지에 이르렀을 무렵, 피난민을 돌보며 전쟁의 상처를 수습하던 작가가 단 몇 주 동안의 휴식기에 써 내려간 이 작품은 비극적인 전쟁의 한가운데에서도 “창작의 희열이 정점에 이르러” 집필했다고 알려져 있다. 이 소설은 미국 문단에서 젊은 여성의 성장을 다룬 최초의 본격 문학으로, 주인공인 ‘채리티’가 연인과의 사랑을 통해 자신의 과거를 대면하고 미래를 향해 나아가는 과정을 그렸다. 성장의 요소로서 특히 여성의 성적 열정을 전면에 내세운 이 소설은 인습과 전통에 맞서 자신의 욕망을 직면하는 여성을 묘사해 미국 문단에 커다란 충격을 안겼다. 감각적인 문장 속에 대자연의 성장과 여주인공의 정신적 성숙을 교차시킨 『여름』은 작가 워튼이 생전 가장 애착을 가졌던 작품이기도 하다.",https://audioclip.naver.com/audiobooks/653373C06B
안주,미야베 미유키,"에도 시대 연작 소설 ‘미야베 월드’ 제2막 <안주>에 실린 네 편의 연작 소설 가운데 표제작인 ‘안주’를 오디오북으로 만들었다. <화차>, <모방범>, <외딴집>의 작가, 일본을 대표하는 미스터리의 여왕인 미야베 미유키가 구로스케의 이야기를 따뜻하고 때로는 가슴 아프게 풀어놓는다. ‘안주’(暗獸)라는 단어는, 한자로 하면 어둡다는 의미의 ‘안(暗:어두울 암)’과 짐승이라는 의미의 ‘주(獸 :짐승 수)’를 써서 작가 미야베 미유키가 직접 만든 말이다. 이번 작품집의 제목이며, ‘어두운 곳에서 외톨이로 살고 있는 생물’이라는 의미로 매혹적이고 귀엽지만 어딘가 애틋한 요괴 구로스케의 이름이기도 하다. 구로스케는 슬픈 사연으로 인해 아무도 살지 않게 된 폐가에서 살아가는 존재인데, 실상은 사람을 그리워하던 저택이 빚은 외로움의 결정체다. 이 저택에 사람을 싫어해서 고독한 생활을 즐기려는 노인 부부가 이사를 오게 된다. 비가 추적추적 내리는 어느 날, 요괴와 노인이 맞닥뜨리면서 저택에 얽힌 비밀이 밝혀지는데. 이번에 출시된 오디오북은 “말하고”, “듣는” 행위를 통해 처음부터 끝까지 모든 이야기가 전개되는 ‘안주’를 2시간 분량에 맞게 편집했고, 전문 연출자와 연극배우들이 녹음에 참여시켜 2장의 CD로 만들었고, 덕분에 ‘눈으로 읽는 것’과는 다른 ‘귀로 읽는 것’의 감각을 잘 살릴 수 있는 결과물을 얻을 수 있었다.",https://audioclip.naver.com/audiobooks/82D80195AD
"채털리 부인의 연인 1 (민음사 세계문학, 완독본)",D. H. 로렌스,"케임브리지 대학교 출판부에서 간행한 무삭제 결정판 텍스트(1993) 완역 ▶『채털리 부인의 연인』을 읽지 않고 20세기 소설에 대해 안다고 할 수 없다. – 로렌스 더렐 ▶ 로렌스는 상상력이 풍부한, 우리 시대 가장 위대한 작가이다.- E. M. 포스터 ▶『채털리 부인의 연인』은 이제껏 영어로 쓰여진 작품 가운데 가장 훌륭하게 성적 경험을 묘사해 냈다. -《뉴 리퍼블릭》 로렌스 재단과 정식 계약을 맺고 출간하는 결정판 텍스트 D. H. 로렌스의 마지막 소설이자 20세기를 대표하는 문제작 『채털리 부인의 연인』이 (주)민음사에서 출간되었다. 『채털리 부인의 연인』은 그동안 우리나라에서 에로티시즘의 대명사쯤으로만 인식된 채 ‘채털리 부인의 사랑’ 혹은 ‘차타레 부인의 사랑’과 같은 부정확한 제목을 달고 수십 종이 출간되었다. 출판 금지 과정을 거치면서 훼손되었던 원고가 이후에도 그대로 출판되면서, 우리나라에서도 이를 바탕으로 번역이 이루어졌던 것이다. 영국 케임브리지 대학교 출판부에서는 이러한 문제점을 인식하고 1993년 ‘결정판’ 무삭제 텍스트를 출간하였으며, 민음사에서는 로렌스 재단과 이 판본을 정식으로 계약하여 『채털리 부인의 연인』을 완역, 출간하였다. 제1차 세계대전이 끝날 무렵, 코니의 남편 클리퍼드 경은 전쟁에서 부상을 입어 절름발이에 성불구가 되어 돌아온다. 그는 육체적 관계보다 정신적 통제와 질서가 우월하다고 주장하며 아내 역시 그러한 생활에 만족하도록 이끈다. 코니는 클리퍼드를 비롯한 그 주변의 지성적 남성들에게 무의식적인 반감을 보이고 체념 상태에 빠진다. 이러한 코니에게 우연히 만난 사냥터지기 멜러즈는 전혀 다른 종류의 남자로 다가온다. 자연과 어우러지는 그의 모습을 목격한 코니는 그의 부드러운 몸에서 살아 있는 존재가 주는 감동을 느낀다. 코니와 멜러즈는 이후 숲 속에서 만나 성적인 결합에 이른다. 둘의 만남이 거듭될수록 코니는 정신주의적 삶의 허위를 깨닫고 그것이 산업 체제의 냉혹함과 불가분의 것임을 인식하게 된다. 코니가 언니와 이탈리아로 여행을 떠나 있는 동안 마을에는 채털리 부인과 사냥터지기의 염문이 퍼지고, 임신한 것을 확인한 코니는 마침내 클리퍼드와 결별할 결심을 한다. 그러나 클리퍼드는 이를 받아들이지 않고, 코니와 멜러즈는 이혼 소송이 마무리될 때까지 서로 헤어져 있기로 한다. 작품은 재회를 기다리며 멜러즈가 코니에게 쓴 편지로 마무리된다.",https://audioclip.naver.com/audiobooks/21AC6AD51C
셰익스피어 4대 비극 《맥베스》,윌리엄 셰익스피어,"셰익스피어의 작품이 500년이 지난 지금까지 계속 공연될 수 있는 동력은 무엇일까? 《맥베스》는 지금까지 수많은 예술가들에게 영감을 불러일으켜온 걸작이다. 다양한 해석과 형식으로 변주되어 인간의 욕망과 불안을 짙게 표현하는 훌륭한 스토리로 사랑받아왔다. 이 오디오북에서는 무대에서도 보기 힘든 최고의 캐스팅으로, 맥베스 역에 양준모, 레이디 맥베스 역에 서이숙이 셰익스피어의 작품을 원작 그대로 살려 전달하고 있다. 1606년에 발표된 이 작품은 당시 왕권을 계승한 제임스 1세에게 바친 작품으로 추정된다. 맥베스는 배신과 살인을 통해 마녀의 예언대로 왕이 되지만, 역시 마녀의 예언대로 위기에 처한다. 욕망에 따라 금기를 어기고 계속 불안에 떠는 맥베스는 한번 넘은 선을 계속 넘게 되고 결국 파국으로 치닫는다. 다양한 등장인물들이 맘속에 품은 욕망과 두려움이 사건과 대사로 한꺼풀씩 벗겨지면서, 독자는 셰익스피어가 왜 위대한 작가로 추앙받는지 다시 한번 깨닫게 될 것이다.",https://audioclip.naver.com/audiobooks/DD13C1DADB
키다리 아저씨 1,진 웹스터,"[본 오디오북은 '요약본'입니다.] 오랫동안 가슴에 남아 문득문득 떠오르는 아름다운 이야기들이 있다. 사춘기 시절에 읽었던 가슴 찡한 사랑 이야기가 그렇고, 성인이 되어 읽은 독특한 다른 문화 이야기들이 또 그렇다. 고아 주디가 자신을 대학에 보내준 키다리 아저씨에게 보낸 편지 내용으로 이루어진 이 작품은 어려움 속에서도 발랄함과 기발한 상상력을 잃지 않은 주디의 성장 과정이 잘 묘사되어 있다. 향수와 그리움에 젖어볼 수 있는 책, 그리고 그 속에서 행복과 즐거움을 찾을 수 있는 책이다.",https://audioclip.naver.com/audiobooks/04E1C9E506
"젊은 예술가의 초상 (민음사 세계문학, 완독본)",제임스 조이스,"20세기 모더니즘 문학을 이끈 작가 제임스 조이스의 대표작. 순수와 타락을 넘어 초월의 길로 가는 예술가의 성장을 그린 자전적 교양소설 현대 소설의 발전에 지대한 영향을 끼친 실험적인 기법들과 ‘감수성의 혁명’ ▶ 조이스는 삶을 보다 면밀하게 살피는 한편 소설가들이 일반적으로 존중해 온 인습을 버리고 자신에게 흥미와 감동을 주는 것들을 더욱 진지하게, 더욱 정확하게 보존하려고 애쓴다.- 버지니아 울프",https://audioclip.naver.com/audiobooks/0367E17DD1
그 남자 그 여자,이미나,"사랑했고, 사랑하고, 사랑할 세상의 모든 ‘그 남자, 그 여자’ 이야기! 서툴고 부족한 사랑에 용기를 불어 넣어 준 아름다운 사랑 이야기 『그 남자 그 여자』 수백만 청춘 남녀들의 열렬한 지지를 얻은 MBC FM '이소라의 음악도시‘ 인기 코너 ’그 남자 그 여자‘에서 가장 뜨거운 공감과 찬사를 받았던 90편의 사랑 이야기를 현대적 감성으로 다시 쓰고, 아름답고 감각적인 일러스트와 함께 담아낸 책이다. 같은 시간, 같은 상황에서 서로 다른 생각을 하는 두 남녀의 진짜 속마음을 섬세한 심리묘사와 마음을 움직이는 감동적인 글로 한 편의 영상 드라마처럼 생생하게 펼쳐냈다. 서로 좋아하는 마음을 숨기고 눈치만 보는 그 남자 그 여자, 이제 막 서로에게 다가가기 시작한 그 남자 그 여자, 헤어진 연인을 그리워하는 그 남자 그 여자 등 사랑했고, 사랑하고, 사랑할 세상 모든 ‘그 남자, 그 여자’의 모습이 한 권에 그려진다.",https://audioclip.naver.com/audiobooks/A8E6632956
"검은 튤립 (민음사 세계문학, 완독본)",알렉상드르 뒤마,"『삼총사』와 『몬테크리스토 백작』의 작가 알렉상드르 뒤마 그의 모든 것이 집약된 또 하나의 위대한 역작! ▶ 뒤마의 이름은 프랑스를 넘어 유럽적이며 유럽을 넘어 세계적이다. 그는 ‘읽고자 하는 욕구’를 창조해 낸다. 사람의 영혼을 파고들어 거기에 씨를 뿌린다. 그곳에는 찬란한 빛과 정오의 태양 같은 밝음이 있다. ― 빅토르 위고 ▶ 화산의 분출이 재주 있는 관개(灌漑) 기술자의 절묘한 솜씨와 결합되어 있는 것과 같다. ― 보들레르 기상천외한 모험을 헤쳐 나가는 인물들의 기지와 재치로 빈틈없이 짜여 있으며, 역사와 허구를 절묘하게 혼합하여 빚어낸 『삼총사』와 『몬테크리스토 백작』. 신화에 가까울 만큼 역사상 가장 유명하고 위대한 역사 모험 소설가로 자리 매김한 알렉상드르 뒤마의 또 하나의 위대한 역작 『검은 튤립』이 국내에 처음으로 번역되어 소개된다. 『검은 튤립』은 뒤마의 소설 중에서도 마치 보석 같은 작품으로 손꼽힌다. 작지만 밀도가 높고 아름답기 때문이다. 활기찬 대화, 생동감 넘치는 인물들, 험난한 사랑, 그리고 음모와 배신과 계략이라는 뒤마적 주제가 더욱 강렬하게 변주되는, 그야말로 뒤마의 모든 것이 집약되어 있는 아름답고 흥미진진한 소설이다. 튤립은 독일과 네덜란드의 부자들 사이에서 큰 인기를 끌었고, 가장 아름다운 튤립을 선발하는 대회는 날이 갈수록 더 많은 상금이 걸렸으며, 엄청난 투기 현상이 일어났다. 바로 이러한 ‘튤립 파동’을 그린 소설로, ‘검은 튤립’을 놓고 벌어지는 탐욕과 음모, 그리고 순수한 열정으로 검은 튤립을 창조하려는 인물의 고난과 역경, 사랑을 그린 작품이다. 이 작품이 사람들에게 강한 호소력을 지닐 수 있는 이유는 바로 독자들이 요구하는 모든 낭만주의적 요소를 완벽하게 갖추었기 때문이다. 화려한 상상력으로 꾸며진 줄거리, 네덜란드라는 이국적인 배경, 아름다운 사랑, 흥미진진한 추리소설의 묘미 등이 독자들의 기대와 환상을 충족시켜 준다. 유럽의 역사를 파노라마처럼 그리고 있는 이 작품은 손에 땀을 쥐게 하는 긴장감과 속도감 있는 문체로 한시도 주의를 놓칠 수 없게 만든다.",https://audioclip.naver.com/audiobooks/A569E55C73
데미안,헤르만 헤세,"혼돈과 자아 상실의 시대를 살아가는 젊은이들에게 시대의 지성 헤르만 헤세가 바치는 작품 헤르만 헤세는 1946년 노벨 문학상을 수상했으며, 독일 문학계뿐만 아니라 전 세계적으로 〈시대의 지성〉이라 불리는 작가다. 헤세의 대표작이라 할 수 있는『데미안』은 주인공 에밀 싱클레어가 데미안을 만나 내면적인 성숙에 이르는 내용을 담은 성장 소설이다. 싱클레어가 자신을 둘러싸고 있는 껍데기를 깨고 내면의 무한한 세계를 찾아가는 혹독한 여정은 불확실성의 현대 사회에서 자신의 꿈을 이루고 자아 정체성을 확립하려는 이들에게 이정표를 제시했다. 청소년기의 깊은 고뇌와 갈등, 자아실현의 과정은 당시 헤세가 몰두하던 정신 분석학의 깊은 사상과 내용이 문학적 형상을 통해 정교하게 형상화되어 한 권의 책이 되었다. 『데미안』은 출간되자마자 열광적인 반응을 불러일으켰다. 청소년기의 심층 심리학에 대한 깊은 조예, 치열하게 자신의 길을 찾아가는 새로운 인간상에 대한 내면 묘사는 비평가들과 독자들의 주목을 끌었다. 토마스 만은 〈『데미안』을 처음 읽었을 때의 전율에 가까운 감동을 결코 잊을 수 없다〉고 회고했으며 슈테판 츠바이크는 〈완벽한 서술 능력을 보여 주는 순수 문학의 본보기〉라고 칭송했다. 더없이 정확하게 시대의 정곡을 찌른 이 작품은 당시의 시대상과 맞물려 있다. 제1차 세계 대전 직후 포화 속에서 수많은 젊은이들이 목숨을 잃거나 정신적 충격에서 헤어나지 못하고 있었다. 『데미안』은 삶의 방향과 가치관의 상실, 혼돈과 변혁의 와중에서 정신적으로 방황하던 수많은 젊은이들에게 희망의 메시지를 던져 주었다. 이 작품에서 헤세는 〈모든 인간의 삶은 저마다 자기 자신에게로 이르는 길이고, 길을 가려는 시도이며, 하나의 좁은 길에 대한 암시〉라며 인간 개개인의 가치를 중히 여기고 스스로 소망하고 꿈꾸는 바를 실현할 것을 촉구했다. 『데미안』이 거둔 커다란 성공과 엄청난 반향은 시대의 아픔과 고뇌를 정확하게 짚어 내어 절실하고 생생하게 묘사했기 때문에 가능했다. 이는 오늘날의 한국 사회를 살아가는 우리의 젊은이들에게도 여전히 유효하다. 『데미안』은 독자들에게 인생의 가치와 의의를 돌아볼 기회를 제공하며 자신의 운명이 어디에 있는지 스스로 진단해 볼 수 있는 계기가 될 것이다.",https://audioclip.naver.com/audiobooks/9AB8FF13F3
공터에서,김훈,"[조선일보 추천도서] 마씨 집안의 가족사에 담긴 20세기 한국 현대사! 우리 민족이 일본 제국주의에서 해방된 이후 한반도에 몰아친 비바람들, 한국전쟁, 4·19, 5·16, 5·18, 6·10을 보고 겪은 작가 김훈. 김훈의 아홉 번째 장편소설『공터에서』는 이승만, 박정희 등을 거쳐 국가권력이 옮겨가는 것을 목격하며, 그에 따라 영광은 작고 치욕과 모멸은 많은 우리 삶의 꼴이 달라지고 있는 것을 자전적 경험을 실마리로 집필한 작품이다. 1920년대부터 1980년대까지 우리 현대사에서 빼놓을 수 없는 굵직한 사건들을 마씨(馬氏) 집안의 가장인 아버지 마동수와 그의 삶을 바라보며 성장한 아들들의 삶을 통해 이야기한다. 일제시대, 삶의 터전을 떠나 만주 일대를 떠돌 수밖에 없었던 아버지가 겪어낸 파란의 세월, 해방 이후 혼란스러운 시간과 연이어 겪게 되는 한국전쟁, 군부독재 시절의 폭압적인 분위기, 베트남전쟁에 파병된 한국인들의 비극적인 운명, 대통령의 급작스런 죽음, 세상을 떠도는 어지러운 말들을 막겠다는 언론통폐합, 이후 급속한 근대화와 함께 찾아온 자본의 물결까지 시대를 아우르는 사건들을 마씨 집안의 가족사에 담아냈다. 북한산 서쪽 언저리 바람받이 마을에 살고 있는 마동수는 3년째 암 투병 중으로, 전방 GOP에 복무 중인 상병 마차세가 정기휴가를 받고 집에 와 잠시 여자 친구를 만나러 외출한 사이에 홀로 세상을 떠난다. 그는 쇠약할 대로 쇠약해진 상태였고, 그의 아내 이도순은 연탄 두 장을 들고 얼어붙은 산비탈을 오르다 넘어져 고관절에 금이 가 병원에 입원 중이었다. 베트남전쟁 참전 후 전역해 괌에 정착해 있는 첫째 아들 마장세 대신 마동수의 장례는 둘째 아들 마차세 혼자서 치르게 된다. 장례식에는 생전 처음 보는 아버지의 옛 동지라는 남자들이 찾아와 술판을 벌이고 종잡을 수 없는 말들을 지껄인다. 죽음이 눈앞에 다가왔을 때 마동수는 열 살 위의 형 남수가 미국 국회의원단의 행렬을 보러 나갔다가 일본 경찰에게 잡혀 밤새 매를 맞은 남산경찰서 앞에서 형을 기다렸던 날의 기억을 떠올린다. 59년 전 그날 새벽, 마동수는 남산경찰서 뒷골목 해장국집의 누린내 나는 김 속에서 국밥을 먹던 피투성이 사내들의 허기와 괜찮다, 너 돈 가졌냐, 밥 먹자, 배고프다던 형의 목소리와 함께 마지막 며칠을 견딘다. 어린 나이의 마동수에게도 세상은 무섭고, 달아날 수 없는 곳이었다. 변변치 않은 집안 살림임에도 일본 유학을 준비하던 고등보통학교 출신의 형 남수가 일본 경찰들에게 매 맞고 난 다음 친척집에서 요양하다 갑자기 사라진 지 10년 후, 동수는 형의 연락을 받고 서울에 어머니를 남겨두고 길림으로 향하는데……. [출판사 서평] 막막한 세상에서 몸 비빌 수 있는 작은 거점은 존재하는가? 적막한 세상을 응시하는 깊은 눈, 김훈 장편소설 출간 의의 “세상은 무섭고, 달아날 수 없는 곳이었다” 20세기 한국 현대사를 살아낸 아버지와 그 아들들의 비애로운 삶! 김훈의 신작 장편소설 『공터에서』는 1920년대부터 1980년대까지 우리 현대사에서 빼놓을 수 없는 굵직한 사건들을 배경으로 한다. 이러한 사건들은 마씨(馬氏) 집안의 가장인 아버지 마동수와 그의 삶을 바라보며 성장한 아들들의 삶을 통해 드러난다. 작가는 만주와 길림, 상하이와 서울, 흥남과 부산 그리고 베트남, 미크로네시아 등에서 겪어낸 등장인물들의 파편화된 일생을 고스란히 보여주며 그 신산스러운 삶을 바라보는 서늘한 시선을 드러낸다. 일제시대, 삶의 터전을 떠나 만주 일대를 떠돌 수밖에 없었던 아버지가 겪어낸 파란의 세월, 해방 이후 혼란스러운 시간과 연이어 겪게 되는 한국전쟁, 전후의 피폐한 상황 속에서 맺어진 남녀의 애증과 갈등, 군부독재 시절의 폭압적인 분위기, 베트남전쟁에 파병된 한국인들의 비극적인 운명, 대통령의 급작스런 죽음, 세상을 떠도는 어지러운 말들을 막겠다는 언론통폐합, 이후 급속한 근대화와 함께 찾아온 자본의 물결까지 시대를 아우르는 사건들이 마씨 집안의 가족사에 담겨 있다.",https://audioclip.naver.com/audiobooks/BD6A2E0D06
