titles,authors,informs,clip_links
그림형제 동화집: 브레멘 음악대 외 8선 (영국영어 낭독) - Grimm's Fairy Tales,brothers Grimm,"영국영어로 만나는 그림형제 걸작 동화! 집념의 이야기 사냥꾼이라 불리는 그림형제의 동화 시리즈! 예로부터 전세계가 공유하는 민간 설화적 요소를 바탕으로 꾸려져 오늘날에 이르기까지 여러가지 에니메이션, 영화, 만화, 뮤지컬 등으로 변모하며 끊임 없이 사랑 받는 이야기들이죠. 브레멘 음악대, 헨젤과 그레텔, 라푼젤.... 등 인간적인 심성이 듬뿍 묻어나는 이야기들은 단순한 옛날 이야기를 넘어 단단한 마음의 울림이 있는 지혜와 교훈 덩어리입니다. 그럼 200여 가지에 달하는 그림형제의 동화들 중에서도 가장 뛰어나기로 손꼽히는 아홉 가지 작품을 영국 영어로 만나보실까요?",https://audioclip.naver.com/audiobooks/31D55549CE
마법교사 클로얀,담덕,"게임회사 사장 승번은 자신의 아내를 잃은 슬픔으로 자신이 창조한 판타지 세계로 기억을 지우며 들어가게 되는데…
판타지 세계에 등장한 최강의 마법사 클로얀이 자신의 어린 제자들과 사제간의 정을 나누며 불의에 맞서 싸운다.",https://audioclip.naver.com/audiobooks/37F543340B
박해수가 읽는 잭 런던의 불 피우기,잭 런던,"불 피우기 (To Build a Fire) 개 한 마리만을 데리고 알래스카의 혹한 속으로 길을 떠난 한 사내의 역정과 분투, 그리고 실패와 죽음의 과정을 그린 단편소설이다. 한 남자가 혹한기에 캐나다 유콘 지방을 별 준비 없이 홀로 여행하다가 얼어 죽는다는 단순한 줄거리이지만, 그럼에도 대단한 긴장감을 자아내며 전개되는 독특한 소설이다. 작가는 뱉은 침이 바로 얼어붙는 극한의 추위가 인간 신체를 얼마나 가혹하고 철저하게 파괴하는지 세밀히 묘사한다. 인간적 감정을 일절 배제한 채 냉엄하고 구체적이고 사실적으로 죽음의 현장을 그려 낸다.",https://audioclip.naver.com/audiobooks/C54FFB3F96
"내가 죽어 누워 있을 때 (민음사 세계문학, 완독본)",윌리엄 포크너,"노벨상 수상 작가 윌리엄 포크너의 야심작. 15명의 등장인물, 59개의 독백만으로 완성한 실험적인 작품. 미국 남부의 농촌 마을을 배경으로, 한 시골 아낙의 죽음과 그녀의 가족이 겪는 슬프면서도 기묘한 장례 여행을 그리고 있다. 삶과 죽음, 선과 악, 운명과 욕망에 대한 무거운 성찰을 담고 있는 포크너의 초기 걸작 중 하나이다.",https://audioclip.naver.com/audiobooks/12784F0225
[단편] 나는 편의점에 간다,김애란,"서울의 대학가에서 자취하는 여대생의 눈에 비친 편의점의 모습을 통해, 후기자본주의의 일상을 예리한 시선과 단순명쾌한 문장에 담은 작품이다. ‘나’는 편의점 세 곳을 번갈아가며 들러 생필품을 산다. 그러면서 나는 세 곳의 편의점에서 각각 다른 인간이 되어버린다. 편의점에서 나는 익명의 편안함 속에 숨고 싶지만 또한 누군가에게 나의 존재를 알리고자 소통을 시도하기도 한다. 내가 구입하는 상품의 목록은 일반화된 대도시의 소비패턴을 벗어나지 않지만, 나를 드러내는 소비의 코드들이기도 한 것이다. 소비주체로서 정체성을 확인하려는 나와 구입 물품 목록으로 환원되는 나, 타인과 인간적인 유대를 맺고 싶은 나와 타인의 무언의 폭력으로부터 숨고 싶은 나의 괴리가 소소한 에피쏘드에서 날카롭게 드러난다.",https://audioclip.naver.com/audiobooks/EF7B250FBE
고전 공포 걸작선,코난 도일 외 7인,"재미있다 무슨 일이 터질 듯 터질 듯 이야기가 아슬아슬하게 진행되는 것이 공포문학의 재미다. 마지막 장을 읽기 전까지 결말을 결코 예측할 수 없는 열 가지 이야기를 소개한다. 고전이지만 읽기 쉽다 고전과 독자 사이를 가로막은 시간의 장벽을 허무는 데 초점을 맞춰 번역했다. 읽기에 불편한 인명, 지명을 간단히 하고 장황한 표현, 지루한 부분은 과감히 삭제했다. 문학적으로 깊이가 있다 추리소설의 전형을 창조한 셜록 홈즈의 코난 도일, 흡혈귀 문학의 시조로 불리는 드라큘라의 브람 스토커, 소설의 교과서라고 불리는 발자크, 탐미주의 거장 오스카 와일드 등의 작품을 수록해, 다른 공포 소설과는 달리 읽은 후 깊은 문학적 향기까지 느낄 수 있다.",https://audioclip.naver.com/audiobooks/B9992D8C73
80일간의 세계일주 2,쥘 가브리엘 베른,"“80일간 세계 일주, 행복을 얻다” <80일간의 세계 일주>는 프랑스 작가인 쥘 베른의 대표적인 모험 소설로 1873년에 발표된 작품이다. 이 이야기는 영국 런던의 신사인 필리어스 포그와 그의 친구가 <리폼 클럽>에서 80일 만에 세계여행이 가능한지를 두고 2만 파운드짜리 내기를 하면서 시작되는데, 그의 여행은 런던에서 곧 엄청난 이슈가 되었고, 영국 증권가에는 “필리어스 포그 권”이라는 이름의 증권까지 등장했다. 파스파르투는 세계일주를 떠나는 그날 아침에 고용된 하인으로, 파리 출신 프랑스인이다. 프랑스인에 대한 선입견에 맞게, 활기차고 오만가지 표정이 다채로우며, 소방수, 곡예사, 거리 악사, 하인 등 온갖 직업을 전전한 끝에, '편하고 조용한 생활'을 하기 위해 포그 가에 들어왔고, 새 주인에 대한 만족감을 표시했다.그런데 하필 그날 주인이 세계 일주를 떠난다고 하는 바람에 급하게 끌려 나가게 되면서 자신의 소망은 완전히 빗나갔다. <80일간의 세계 일주> 작품은 쥘 베른의 최고의 작품으로 손꼽힌다.",https://audioclip.naver.com/audiobooks/72BC26BCFF
알퐁스 도데 단편선,알퐁스 도데,"마지막 수업, 별, 왕자의 죽음, 숲 속의 군수님 등과 같은 작품들은 우리가 오래 전부터 사랑해 온 작품들이며, 서정성과 낭만이 가득한 감수성이 풍부한 작품들로 전 세계의 많은 독자들로부터 호평과 사랑을 받아 온 작품들이다. 이제 이 작품들을 번안된 원문 그대로 그의 섬세하고 아름다운 정취를 느껴보며 가슴으로 감상해 보자.",https://audioclip.naver.com/audiobooks/7A4E0F1070
호러픽션,"양국일,양국명","소리 없이 등 뒤로 다가온 핏빛 그림자, 보름달이 뜨면 살인귀가 되는 소년들, 마녀라 불리던 꿈속의 그녀, 폐가에 들어선 사람들. 창을닫고, 커튼을 내리고, 문을 잠그고, 이불을 둘러써도, 아무리 꼭꼭 숨어도 그들은 틀림없이 당신을 찾아온다! 자각하지 못했다면 뒤돌아보라. 낯익은 이가 문득 낯선 얼굴로 노려보고 있지 않은지 !",https://audioclip.naver.com/audiobooks/2F53C1F99D
