titles,authors,informs,clip_links
오리 이름 정하기,이랑,"영화감독, 음악가, 에세이스트, 페미니스트, 선생님, 만화가, 준이치 엄마, 그래서 결국, ‘이야기 생산자’ 이랑의 첫 소설집! 이랑 작가의 첫 소설집 『오리 이름 정하기』가 위즈덤하우스에서 출간되었다. 2016년 노래 「신의 놀이」를 통해 “한국에서 태어나 산다는 데 어떤 의미를 두고 계신가요?”라고 물었던 이랑 작가가 이번 소설집에서는 사회에서 끄트머리로 밀려나 보이지 않게 된 사람들의 삶을 주연으로 끌어와 이야기하게 함으로써 우리의 보편적 인식에 균열을 만든다. 변영주 영화감독은 “좀비가 창궐하는 세기말의 어느 동네에서, 일상의 2호선 지하철 안에서, 마음을 움직여 그 속의 나와 공간을 바라보고 상상하기에 모든 문장들이 정교하고 날카롭다”고 이 이야기집을 평했다.",https://audioclip.naver.com/audiobooks/631654F0B7
"적과 흑 2 (민음사 세계문학, 완독본)",스탕달,"19세기 프랑스 문학의 거장 스탕달의 대표작. 낭만주의가 팽배하던 시대에 사실주의 문학의 문을 연 선구적 작품이자 신분과 계급의 벽을 넘어 비상을 시도한 한 젊은이의 모험담이며, 남자와 여자, 사랑과 욕망에 관한 탁월한 연애 심리 소설이다. * 동아일보 추천 ‘세계를 움직인 100권의 책’에 선정된 작품. ▶ 소설이란 큰길가를 돌아다니는 거울과 같은 것이다. 때로 그것은 푸른 창공을 비춰 보이기도 하고, 또 때로는 도로에 파인 수렁의 진흙을 비춰 보이기도 한다. -스탕달 ▶ 스탕달의 작품에는 한 장 한 장마다 번쩍이는 섬광이 비친다. -발자크 ▶ 중죄 재판소의 한 평범한 사건을 가지고 스탕달은 역사적 심리와 역사 철학에 관한 깊은 연구를 이루어놓았다. 대혁명이 형성해 놓은 사회에서 행위의 은밀한 동기와 영혼의 내면적 성질에 대해 그는 『적과 흑』 한 권으로 발자크의 총서 『인간 희극』 전체와 맞먹는 것을 우리에게 가르쳐준다. -랑송",https://audioclip.naver.com/audiobooks/F42E4CCA53
달까지 가자,장류진,"월급만으로는 부족해! 우리에겐 일확천금이 필요하다! 『일의 기쁨과 슬픔』 장류진의 첫 장편 직장인 공감백배 하이퍼리얼리즘 소설 첫 소설집 『일의 기쁨과 슬픔』(창비 2019)으로 평단의 주목과 독자의 환호를 동시에 받은 소설가 장류진이 첫 장편소설 『달까지 가자』를 야심차게 선보인다. “2020년대를 이끌어갈 한국문학의 얼굴”, 문단의 “대형 신인” 등의 찬사를 받은 장류진의 이번 작품은 생생한 인물 묘사와 속도감 있는 전개로 연재 당시(2020~21년 3월 창비 <문학3> 웹진과 ‘스위치’)부터 이삼십대 젊은 독자들의 열띤 호응을 얻었다. 특히 단순한 현실 반영이 아니라 작가적이고 개성적인 현실의 구축을 꿈꾼 ‘하이퍼 리얼리즘’이라 평가받는 장류진의 현실감 넘치는 배경 설정과 대사는 한층 더 구체적이고 섬세해졌다. 작품 속 소소한 소재까지 “다 내 얘기” 같게 그려내는 솜씨가 탁월한 장류진의 이번 작품은 최근 사회적 이슈인 ‘가상화폐’로 눈을 돌려 그 흡인력을 증폭하는데 작금의 사회현실과 세대를 작가 특유의 빼어난 감각으로 클로즈업하되, 결코 읽기에 만만한 세태소설에 그치지 않는다. 이름난 기업에 입사하고도 단칸방을 벗어날 수 없는 ‘흙수저 여성 3인방’의 ‘코인열차 탑승기’는 만성화된 저성장 국면과 세습 자본주의를 단숨에 관통하며 독자들을 이입시키는데, 이 작품을 읽는 동안 독자는 함께 코인열차의 ‘롤러코스터’를 오르내리며 이 주인공들을 응원하게 된다. 동시대, 동세대의 현실을 반영하되 새롭고 신선한 그만의 세계를 확장해가는 작가 장류진의 행보를 인정할 수밖에 없으며 다시 한번 독자들의 열광을 이끌어낼 것으로 믿는다.",https://audioclip.naver.com/audiobooks/3436BC70D3
유토피아,토머스 모어,"기본소득, 공공주택, 6시간 노동, 경제적 평등, 공유사회… 현재 논의되는 이상국가의 기본 틀을 이미 500년 전에 제시하다 독실한 가톨릭교도인 토머스 모어의 신념과 사상이 녹아들어 있으면서도, 르네상스 인문주의자로서의 파격적 면모를 가감 없이 보여주는 수작, 『유토피아』가 현대지성 클래식 33번으로 출간되었다. 저자는 절대왕정의 시대를 살면서도 ‘공화국’을 이상국가로 제시했는데, 당시까지의 이상향에 관한 모든 사상과 철학적 논의를 한데 모았고, 이상국가 시민의 의식주와 경제활동, 정치·사회 생활 등 세밀한 부분까지 눈앞에서 그림을 그리듯 묘사했다. 토머스 모어가 살았던 시대에 영국은 백년전쟁과 장미전쟁을 거치며 무법천지가 되어버렸다. 숲에는 도적 떼가 몰려 있었고 상인들은 무사를 고용해야만 했다. 인클로저 운동으로 농민이 몰락하고 런던의 인구는 폭발하여 온갖 사회문제가 발생했다. 모어는 범죄자를 처벌하는 데 그치지 말고 그런 범죄자가 나오지 않도록 예방하는 시스템을 만들어야 한다고 보았다. 저자가 16세기에 언급한 기본소득, 공공주택, 6시간 노동 정책, 경제적 평등과 같은 여러 급진적 사상은 후대에 마르크스의 『자본론』 등으로 연결되었으며, 21세기인 지금도 활발히 논의될 정도로 파격적이고 혁신적이다. 플라톤이 『국가』에서 제시한 최상의 공화국을 철학적 담론이 아닌, 하나의 실제 모델로 생생하게 그려냈다는 평가를 받는다. “사람은 어떤 존재이며, 어떻게 살아야 행복한가?”라는 주제를 인문주의자의 관점에서 흥미로운 소설로 풀어낸 이 책은 이 시대의 이상향을 꿈꾸는 독자의 사유에 깊이를 더해줄 것이다.",https://audioclip.naver.com/audiobooks/71AC1FE2DC
바람과 함께 사라지다 제4부 (2),마거릿 미첼,"""내일은 내일의 태양이 뜰 거야."" 아카데미 10관왕에 빛나는 불후의 명작 <바람과 함께 사라지다>의 원작 소설이 러닝타임 66시간의 오디오북으로 새롭게 태어났습니다. 총 분량 1,900여쪽에 달하는 방대한 소설의 장면장면을 빠짐없이 살려내며 영화보다 깊고 풍부한 이야기로 또 다른 감동을 전합니다. 미국 남북 전쟁의 폐허 속에서 피어나는 스칼렛 오하라의 운명과 사랑을 담은 장대한 드라마를 만나보세요. ▶ 오디오북 전권 세트(66시간) 바로가기 :",https://audioclip.naver.com/audiobooks/37E40729E4
경성애사,이선미,"일제 강점기의 역사 속에서 조국을 되찾으려는 지식인들의 독립운동과 사랑을 그린 드라마 경성애사! 지주집안의 막내아들 선우완과 독립투사 여경은 우연한 계기로 만나게 되고 완은 여경을 도와주는데. 여경에게는 이미 스승이자 동지인 김범우가 마음 속에 자리잡고 있다. 그런 김범우는 여경에게 만주로 가자고 하는데.. 선우완 : 난 니가 좋다.갑자기 나타나서 내 마음을 흔들어 놨어. 여경: 난 지금 목숨을 걸고 독립을 위해 내 모든 걸 바쳤어요. 선우완 : 그래! 내가 너보다 많이 부족하다는 거 잘 알아. 너같이 큰일을 하는 사람보다 무식하고 여태까지 기생질로 세월을 보냈지. 하지만, 나 그냥 옆에 있는 것도 안될까? 여경 : 난 이미 결혼 할 사람이 있어요. 김범우 선생님은 나와 같은 길을 걷고 있는 사람이에요. 같은 뜻을 품고, 같은 생각을 나누죠. ---- 김범우 : 오래 전부터 너를 여자로 생각하고 있었다. 만주에 가서 거기서 우리가 나라를 구할 방도를 찾아보자! 나와 평생 같은 길을 함께 가주지 않겠니? 여경 : 선..선생님… ---- 이강구 : 김범우 이 새끼..나를 잘도 물먹였겠다..그래 김범우 나여경 내 반드시 너희를 잡아들일 것이다. 많은 이들이 재밌게 읽은 소설 경성애사! ※ 본 오디오 드라마는 소설 [경성애사]를 각색한 것으로 소설 [태백산맥] 표절 시비와 무관합니다.",https://audioclip.naver.com/audiobooks/E3913A2400
셜록 홈즈 단편선 6,아서 코난 도일,"전 세계인이 사랑하는 탐정 셜록 홈즈의 이야기!
셜록 홈즈 시리즈 중 유명하고도 작품성이 있는 단편들을 뽑아 완역한 번역본입니다.",https://audioclip.naver.com/audiobooks/B64D43A80D
사이드 트랙,헨닝 망켈,"[본 오디오북은 '요약본'입니다.] 약자에게 가해진 잔인한 폭력과 복수의 악순환을 극명하게 그린 북유럽 스릴러의 정수! 우리 시대 가장 위대한 스웨덴 작가이자 ‘노르딕 누아르’의 포문을 연 스릴러 대가 헨닝 망켈의 발란데르 시리즈, 최고 걸작 『사이드 트랙』 출간! 스웨덴 추리작가 아카데미 최고의 추리문학상을 수상한 헨닝 망켈의 장편소설 [사이드 트랙]. 이 책은 정통 추리소설이자 사회파 범죄소설로, 사람들의 무관심 속에서 점점 더 과감해져가는 폭력에 인간성을 잃어가는 모습을 적나라하게 드러낸 장편소설이다. 노란 유채꽃이 흐드러지게 핀 밭 한가운데서 한 소녀가 몸에 불을 질러 자살하는 충격적인 사건으로 시작하는 이 책은 1990년대 중반의 스웨덴 사회를 중심으로, 정신적 가난이 표면으로 부상하고 있는 모습을 리얼하게 그려내고 있다. 가난한 집안의 생계를 책임지고 있는 어린 소녀, 은퇴 후 술에 빠져 허우적대는 중년의 남자, 이웃에게 아이를 맡기고 일을 할 수밖에 없는 워킹맘, 가정폭력으로 정신을 놓아버린 아내 등등…… 작품 속에 등장하는 인물들의 대다수가 정신적 가난을 머리에 인 외로운 사람들이다. 외로운 사람들이 각자의 방식으로 외로움을 달래려다 다른 이에게 폭력을 가하고, 그 폭력을 받은 이들이 자신 또는 타인에게 더 큰 폭력으로 되갚는 사회, 책은 그런 사회가 낳은 부조리함을 외로움의 악순환이라는 형태로 승화해서 보여주고 있다.",https://audioclip.naver.com/audiobooks/77FBD4D76D
왕을 만든 여자 1,신봉승,"태평성대의 세종 시대가 막을 내리고 뒤를 이은 문종이 병으로 일찍 세상을 뜨자 조선왕조는 혼란에 빠지고 권력을 향한 치열한 암투가 벌어진다. 바로 이 시기, 가슴속에 큰 야망을 품고 끝내 그 꿈을 이뤄낸 여인이 있었다. 단종에서부터 세조, 예종, 성종, 연산군에 이르기까지 조선조 5대 임금을 거치며 세상을 읽고 역사를 만든 여자, 인수대비. 『왕을 만든 여자』(전2권)는 바로 그 인수대비가 헤쳐나간 조선 역사상 가장 파란만장했던 시대, 야심과 집념으로 점철된 드라마를 그린 장편 역사소설이다. 『왕을 만든 여자』는 ‘시대를 이끄는 정치, 그 처음과 끝’을 보여주는 소설이라 할 만한다. 더욱이 이 소설은, 철저한 고증을 통해 접근한 정통 역사소설이다. 극적인 재미를 위해 이야기를 재구성하고 짜 맞춘 소설이나 드라마는 자칫 역사적 사실을 둘러싼 논란을 가져오기도 하지만, 이 소설은 역사 속 행간을 파고들어 그대로 펼쳐 보인다. 독자의 시각에서, 독자가 느낀 그대로 따라갈 수 있기 때문에 읽는 재미는 더욱 배가된다. 세조와 한명회 그리고 인수대비의 야심과 집념, 왕위를 양위한 단종의 슬픔, 단종복위의 움직임과 사육신의 처절한 죽음, 폐비윤씨의 사사와 연산군의 폭정 등 조선조 5대 임금을 거치는 동안의 시대의 정황이 한 편의 웅장한 대하 사극처럼, 손에 땀을 쥐게 하는 정치드라마처럼 흥미진진하게 펼쳐진다. 권력을 향한 의지가 끊임없이 충돌하고, 그러는 가운데 시대를 읽고 만들어간 인물들의 지략이 넘쳐난다. 권력을 가진 자와 권력을 얻고자 하는 자, 권력을 빼앗긴 자, 그들 사이에서 벌어진 숨겨진 전말은 독자로 하여금 숨죽이고 지켜보게 만든다.!",https://audioclip.naver.com/audiobooks/49634C4826
