titles,authors,informs,clip_links
잉여인간 (Resound단편),손창섭,"「잉여인간」은 1958년 9월 『사상계』에 발표된 손창섭의 단편소설입니다. 소설은 서만기, 채익준, 천봉우 세 인물형의 제시를 통해 한국 전쟁의 결과로 남겨진 잉여인간의 단면을 드러내고 있습니다. 소설의 주인공이자 치과원장인 서만기, 그의 병원으로 출근하다시피하는 하는 중학 동창생인 비분강개파 채익준과 실의의 인간 천봉우, 그리고 그 주변 인물에 대한 이야기를 그린 소설입니다. 주변 인물들의 정신적 지주 역할을 맡고 있는 서만기는 경제적인 빈궁함 속에서도 비굴해지지 않고 이상적인 인간과 옳은 삶의 방향을 제시하는 인간형입니다. 소설은 건물의 주인인 천봉우의 처에 대한 풍자를 통해 병든 세태적 현실을 고발하고 있으며 더 나아가서 서만기, 채익준, 홍인숙, 은주 등 선의의 인간형으로 등장하는 인물들 또한 피폐한 전후 사회 속에서 잉여인간으로 전락해가는 모습을 그리고 있습니다. 「잉여인간」의 오리지널 스코어를 작곡한 '김성배'는 베이시스트 재즈뮤지션이자 음악프로듀서입니다. 김성배는 재즈,국악클래식,국악일렉트로닉, 사운드 아트 등 기존 장르에 얽매이지 않고 그만의 독창적인 소리를 찾아내기 위해 다양한 활동을 해왔습니다. 2013년 첫 번째 정규앨범인 <Pepper Man>발표로 세간의 주목을 받았습니다. 100년 전 우리 소설, 아름다운 소리로 만나다. [Resound 단편] 시리즈 소위 ‘고전’이라 불리는 작품들은 시대를 불문하고 인간과 삶을 관통하는 날카로운 통찰을 담고 있습니다. 그러나 한 번쯤 제목은 들어 봤을지라도, 제대로 읽어본 적은 없는 경우가 많습니다. 왜일까요? 어쩌면 고전은 낡고 지루하며 어렵다는 편견이 있는 건 아닐까요. [Resound 단편] 시리즈는 그 편견을 깹니다. 오늘날 활발히 활동 중인 작가들이 고쳐 쓰고, 그 원고를 전문 배우들이 생생하게 낭독하고, 거기에 뮤지션들이 작곡한 음악이 더해져, 고전은 새로운 예술작품이 되었습니다. 옛 것의 가치는 간직하되 새로운 옷을 입고 화려하게 돌아온 50편의 [Resound 단편] 시리즈가 새로운 문학의 세계, 감상하는 오디오북의 세계로 당신을 초대합니다.",https://audioclip.naver.com/audiobooks/67A02933B5
사나운 새벽,윤석진,"""기억이 나지 않아. 도대체 내..내가 누구지?"" 마왕과 계약을 맺어 흑마법사가 된 주인공 록베더! 그는 마왕의 힘이 약해지는 기간 동안 동결마법으로 잠이 들게 되는데… 잠에서 깨어난 그는 자신의 과거를 모두 잊어버린 채 팬게이드 제국의 황태자 록그레이드 팰러스가 되어 있었다. 끊임 없이 자신의 정체성에 대해 의심을 하며 힘든 여정을 떠나는 록그레이드, 과연 그는 누구인가? <귀환병 이야기> <쿠베린>으로 유명한 작가 이수영이 그녀의 아들 이름으로 출간한 또 다른 판타지 소설,",https://audioclip.naver.com/audiobooks/743ECCF65F
"파우스트 박사 1 (민음사 세계문학, 완독본)",토마스 만,"노벨문학상 수상작가 토마스 만 스스로가 가장 아끼는 작품이라고 밝힌 최후의 걸작 <파우스트 박사>. 고독하고 오만한 천재 작곡가가 창작의 위기에서 자신의 영혼을 담보로 악마와 거래를 하고, 결국 정신적 파멸에 이른다는 내용으로, 중세 파우스트 전설을 현대적으로 재해석하였다. 토마스 만은 이 작품에 양차 대전 당시 파시즘에 열광하고 유대인 학살을 묵과한 독일의 실상을 투영하여 날카롭고 진중한 자기성찰을 보여 주었다. 다른 한편으로 가장 독일적인 면모를 보이는 전위적인 음악가의 생애를 통해 독일 정신의 본질과 독일의 역사, 사상, 문화와 예술을 총망라한 철학적인 작품이다. 히틀러 치하의 독일에서 인문학자인 차이트블롬은 이 년 전에 죽은 친구이자 천재 작곡가인 아드리안 레버퀸의 전기를 집필한다. 레버퀸은 창작의 위기를 겪다가 악마를 대면하고, '누구도 사랑하지 않고 이십사 년 후에 영혼을 바칠 것'을 조건으로 계약을 맺는다. 이후 그는 시대적 혼란과 주변의 불행 속에서도 뛰어난 곡들을 창작하지만, 결국 십 년간이나 정신 착란에 시달리다 죽는다. 그는 파멸에 이르기 직전, 마지막 작품인 '파우스트 박사의 비탄'을 들려주기 위해 지인들을 모은 자리에서 자신의 작품들이 악마와의 계약을 통해 탄생한 것이며, 주변 사람들이 당한 불행은 이 계약을 지키기 위해 자신이 꾸민 것이라는 비밀을 털어놓는다.",https://audioclip.naver.com/audiobooks/43BA5ABF67
"첫사랑 (민음사 세계문학, 완독본)",이반 투르게네프,"러시아 문학의 거장 투르게네프의 대표작 사랑의 가수 투르게네프가 그린 첫사랑을 위한 불멸의 서사시 톨스토이, 도스토예프스키와 함께 러시아 문학의 3대 거장으로 손꼽히는 투르게네프의 대표작. 한 여자를 사이에 둔 아버지와 아들의 삼각관계를 투르게네프 특유의 부드럽고 섬세한 필치로 그려 내고 있으며, 등장인물들의 탁월한 심리 및 성격 묘사가 돋보이는 작품이다. 「첫사랑」 외에도 1840년대 모순과 갈등으로 혼란한 러시아 사회에서 방황하는 귀족 출신 젊은이들의 사랑과 좌절을 그린 「귀족의 보금자리」, 벙어리이자 귀머거리 농노와 그가 사랑한 강아지에 대한 감동적인 이야기 「무무」가 함께 수록되어 있다.",https://audioclip.naver.com/audiobooks/4608BED91F
자유를 향한 비상구,장소영,"유정현, 그녀에겐 단 하나 꿈이 있습니다. 자유로운 세상을 훨훨 날아 다니는 그런 작은 소망이 있습니다. 그런 세상을 향해 한걸음 한걸음 나아갑니다. 그는 그녀의 단 하나의 소망을 이루어 줄 수 있는 사람입니다. 그는 그녀의 자유를 향한 단 하나의 비상구입니다. 해군특수전여단 UDT/SEAL의 인간병기 정지혁 소령. 그녀를 놓아줄 수 없습니다. 그녀의 단 하나의 꿈이 자유라 해도 자신의 곁에 묶어둘 것입니다. 그녀를 지킬 것입니다. 목숨보다 더 소중한 그녀가 온전히 나에게로 올 때까지 그녀를 지킬 것입니다.",https://audioclip.naver.com/audiobooks/A2EB25B825
"마작철학 (RESOUND 단편, 전박찬 낭독)",이효석,"「마작철학」은 '이효석'의 단편소설로 '마작'에다가 마작과는 어울리지 않은 '철학'이라는 제목을 붙였지만, 사실 소설은 도시의 부자와 어촌의 빈민을 대비시켜 자본과 노동간의 계급 대립을 그리고 있습니다. 마작철학은 정어리 삯전 인하를 반대하는 '노동자 파업'을 다루고 있지만, 소설 말미에 정어리 시세폭락의 배후에는 해외 거대 자본이 도사리고 있다는 인식을 드러냅니다. 이처럼 동시대의 경향파적 소설의 특징인 노동자의 승리나 의식 고양, 계몽으로 결말을 처리하는 기법과는 다르게 마작철학은 일제를 비판하며 조금 더 본질적인 문제를 제시합니다. 마작철학은 힘있는 자와 힘없는 자, 부르주아지와 노동자계급, 빈자와 부자에 대한 시선을 동등하게 보내며 작가의 치밀한 탐구 의식을 보여주고 있다는 평을 받습니다. 「마작철학」의 오리지널 스코어를 작곡한 '박경소'는 가야금 연주자이자 작곡가입니다. 2004년 가야금 트리오인 가야금 앙상블 아우라로 데뷔했으며, 2005년 퓨전음악그룹 ‘오리엔탈 익스프레스(Oriental Express)’ 멤버로 합류하면서 가야금의 다양한 가능성을 실험해왔습니다. 2008년에는 솔로 데뷔 EP <코스모브리CosmoBreeze>와 <이것은 가야금이 아니다>(2012), <가장 아름다운 관계(2014), <산조, 문묘제례악>(2018)을 잇달아 발표했습니다. 대금 이명훈, 타악 및 가야금 박경소님이 달밤 오디오북 오리지널 스코에 연주에 참여 했으며, 믹스는 박근상, 녹음은 이지영님이 진행했습니다. 100년 전 우리 소설, 아름다운 소리로 만나다. [Resound 단편] 시리즈 소위 ‘고전’이라 불리는 작품들은 시대를 불문하고 인간과 삶을 관통하는 날카로운 통찰을 담고 있습니다. 그러나 한 번쯤 제목은 들어 봤을지라도, 제대로 읽어본 적은 없는 경우가 많습니다. 왜일까요? 어쩌면 고전은 낡고 지루하며 어렵다는 편견이 있는 건 아닐까요. [Resound 단편] 시리즈는 그 편견을 깹니다. 오늘날 활발히 활동 중인 작가들이 고쳐 쓰고, 그 원고를 전문 배우들이 생생하게 낭독하고, 거기에 뮤지션들이 작곡한 음악이 더해져, 고전은 새로운 예술작품이 되었습니다. 옛 것의 가치는 간직하되 새로운 옷을 입고 화려하게 돌아온 50편의 [Resound 단편] 시리즈가 새로운 문학의 세계, 감상하는 오디오북의 세계로 당신을 초대합니다.",https://audioclip.naver.com/audiobooks/38C9A03339
위대한 유산,찰스 디킨스,"부모님을 잃고 대장장이를 하고 있는 누나 부부와 살고 있는 '핍'. '핍'은 나중에 자신이 나이가 먹으면 당연히 매형 '조'와 함께 대장장이 일을 하게 될 것이라고 생각한다. 그러던 어느 날, '핍'은 우연한 기회에 자신이 평소에 상상할 수 없었던 유산을 물려받게 되고, 그 유산으로 인해 '핍'의 생활은 급격한 변화를 겪게 된다. 과연 '핍'은 자신에게 닥친 이 급격한 변화를 어떻게 받아들이고, 어떻게 헤쳐나갈 것일까?",https://audioclip.naver.com/audiobooks/515BCC8C55
저주토끼 <즐거운 나의 집>,정보라,"세상 몹쓸 것들을 제대로 응징하는, 어여쁜 저주 이야기 한국 호러 SF/판타지 대표작가 정보라의 4년 만의 신작 소설집 할아버지는 늘 말씀하셨다. “저주에 쓰이는 물건일수록 예쁘게 만들어야 하는 법이다.” 대를 이어 저주 용품을 만드는 집안에서 태어난 손자와 그 할아버지의 이야기. 할아버지는 오래 전 젊은 나이에 생을 마감한 친구가 있었다. 할아버지의 친구네 집안은 마을 유지인 술도가. 바른 마음으로 좋은 전통주를 제조해서 팔려고 애쓰는 할아버지 친구네 집안사람들은 그러나 세상 돌아가는 약삭빠른 이치를 깨닫지 못했다. 정부 인사와의 친분, 인물, 접대, 뇌물은 뒷전이고 좋은 술을 만드는 데 전념한 것. 그에 반해 저질 알코올에 물과 감미료를 대충 섞어 “서민들이 선호하는” 술이라고 선전하던 경쟁회사는 급기야 할아버지 친구네 집안의 술에 “공업용 알코올이 들어간다”는 흑색선전을 퍼트리고, “그 술을 마시면 눈이 멀고 불구가 된다”며 비방을 일삼았지만 호소할 방법이 없다. 결국 매출은 떨어지고 공장은 가동을 멈췄으며, 긴 소송 끝에 할아버지 친구네 집안은 몰락하고 만다. 이에 보다 못한 주인공의 할아버지가 ‘저주토끼’를 어여쁘게 만들어 손수 복수에 나서는데…. 러시아를 비롯 슬라브어 권의 명작들을 꾸준히 번역해서 소개하고, 보태어 수준 높은 호러 SF/판타지 창작으로 꾸준히 독자들의 사랑을 받아온 정보라 작가의 다섯 번째 저서가 4년 만에 나왔다. 동서고금을 넘나드는 배경과 인물과 사건들이 넘치는 10편의 작품이 아우르는 주제는 복수와 저주. 저자의 풍부한 상상력은 가차 없는 저주로 복수를 대신한다. 세상의 몹쓸 것들은 도무지 뉘우칠 줄 모르고, 우리의 주인공들인 피해자(혹은 등장토끼 혹은 등장로봇)에게 용서란 없다. 하지만 저자는 말한다. “원래 세상은 쓸쓸한 곳이고 모든 존재는 혼자이며 사필귀정이나 권선징악 혹은 복수는 경우에 따라 반드시 필요할지 모르지만, 그렇게 필요한 일을 완수한 뒤에도 세상은 여전히 쓸쓸하고 인간은 여전히 외롭다는 얘기를 하고 싶었다”고. 그런 사람들에게, 그렇게 고군분투하는 우리 모두에게 위안이 되고 싶었다고. 그렇게 이 책은 악착 같은 저주와 복수에 관한 이야기이자, 위로에 관한 우화들이다. “용서할 수 없는 것들은, 용서하지 말자.”",https://audioclip.naver.com/audiobooks/FA3367655C
행복 (Resound단편),이태준,"「행복」은 1929년 『학생』에 발표된 '이태준'의 단편소설입니다. '행복'이라는 소설의 제목은 역설적으로 행복이란 감정은 가난한 사람들은 지닐 수 없는 꿈과 같은 것임을 암시합니다. 소설 속 주인공인 황 영감은 가난과 함께 일생을 보낸 인물입니다. 아내는 먼저 세상을 떠나고 제도권 교육을 받지 못한 아들 만석은 방황하며 감옥을 드나듭니다. 그러던 어느 날, 대구에 있던 황 영감에게 연락이 두절되었던 아들에게서 편지가 옵니다. 편지에는 북간도로 모시고 갈테니 서울로 올라오라는 내용이 쓰여 있었습니다. 글을 읽을 줄 모르는 황 영감은 친절해 보이는 신사에게 편지를 읽어 달라고 부탁을 하고, 그 신사는 편지대독 뿐만 아니라, 우체국에서 동봉한 수표까지 돈으로 바꿔줍니다. 편지 내용대로 기차를 타고 서울로 올라간 황 영감은 서울역에서 아들과 만나게 되나, 그 사이를 형사가 가로막고 아들을 잡혀갑니다. 편지를 읽어주고, 우체국까지 가서 친히 돈을 바꿔주던 바로 신사가 형사였습니다. 「행복」의 오리지널 스코어를 작곡한 '이원술'은 다양한 뮤지션들의 공연과 음반 제작에 활발히 참여해온 재즈베이시스트입니다. 지난 2012년, 자신의 이름으로 낸 첫 앨범인 「Point of Contact」는 당시 한국 재즈 역사의 한 페이지를 장식할 가장 탁월한 성과라는 찬사를 받았습니다. 현재 신노이(SINNOI)는 트리오 밴드의 리더를 맡아서 한국 컨템포러리 뮤직의 새 지평을 열어가고 있습니다. 100년 전 우리 소설, 아름다운 소리로 만나다. [Resound 단편] 시리즈 소위 ‘고전’이라 불리는 작품들은 시대를 불문하고 인간과 삶을 관통하는 날카로운 통찰을 담고 있습니다. 그러나 한 번쯤 제목은 들어 봤을지라도, 제대로 읽어본 적은 없는 경우가 많습니다. 왜일까요? 어쩌면 고전은 낡고 지루하며 어렵다는 편견이 있는 건 아닐까요. [Resound 단편] 시리즈는 그 편견을 깹니다. 오늘날 활발히 활동 중인 작가들이 고쳐 쓰고, 그 원고를 전문 배우들이 생생하게 낭독하고, 거기에 뮤지션들이 작곡한 음악이 더해져, 고전은 새로운 예술작품이 되었습니다. 옛 것의 가치는 간직하되 새로운 옷을 입고 화려하게 돌아온 50편의 [Resound 단편] 시리즈가 새로운 문학의 세계, 감상하는 오디오북의 세계로 당신을 초대합니다.",https://audioclip.naver.com/audiobooks/1625A1838C
"사양 (민음사 세계문학, 완독본)",다자이 오사무,"“나는 확신하련다 인간은 사랑과 혁명을 위해 태어난 것이다.” 『인간 실격』의 다자이 오사무 생전에 가장 큰 사랑을 받은 대표작 ▶ 다자이 오사무의 문장 중에서 여성을 가장 탁월하게 그려 낸 역작. -가와바타 야스나리(작가, 노벨 문학상 수상) ▶ 다자이의 생생한 묘사, 천재적 필력은 독자들의 영혼을 바로 매료시킨다. 도저히 벗어날 방법이 없다. -오쿠노 다케오(문학 평론가) ∎ 자기 파멸의 상징, 다자이 오사무 문학의 전모가 가장 잘 드러난 역작 민음사 세계문학전집 359번으로 다자이 오사무 생전에 가장 큰 사랑을 받은 작품 『사양』이 출간되었다. 패전 후, 정신적 공황 상태에 빠진 일본의 젊은이들에게 열렬한 지지를 받았던 다자이 오사무는 1947년에 『사양』을 출간했으며 단숨에 베스트셀러를 기록했다. 당대에 몰락하는 귀족을 지칭하는 ‘사양족’이라는 유행어를 낳을 정도로 일본 사회에 일대 파문을 일으킨 작품이다. 『사양』은 다자이 문학 하면 으레 떠올리게 되는 어둡고 파멸적인 세계관과 달리 풍성하고 깊어진 그의 중후기 세계관을 보여 주는 독보적인 소설이다. 독백, 고백의 편지, 일기, 꿈, 추억 등 다양한 서술 방식으로 개성 있는 네 인물들 각자의 고뇌와 현실과 선택을 그린다. 특히 자립적인 삶을 선택하는 강인한 여성 주인공의 독백이 다자이의 새로운 면모와 더불어 페미니즘적인 위상을 드러내어 일본 문학사에도 의미가 깊다.",https://audioclip.naver.com/audiobooks/D92772870A
"좁은 문 ‧ 전원교향곡 ‧ 배덕자 (민음사 세계문학, 완독본)",앙드레 지드,‘현대의 양심’ 앙드레 지드 대표 소설 선집 교리에 대한 자유로운 해석과 문학적 상상력을 통해 만나는 진정한 해방과 구원 ▷ 나는 오늘 죽을지 모른다. 나의 모든 작품은 『좁은 문』 뒤에서 사라질 수 있다. 사람들은 오직 『좁은 문』만 생각하게 될지도 모른다. —앙드레 지드 ▷ 우리 시대 가장 위대한 작가 중 하나. —프랑시스 잠,https://audioclip.naver.com/audiobooks/841C8B41F5
폭군에게는 악녀가 어울린다 2,유이란,"웹툰 55만, 웹소설 45만 조회수를 기록한 유이란 작가의 인기작 <폭군에게는 악녀가 어울린다> 의 오디오북이 전격 출시되었습니다. 오디오북에는 서혜정, 강수진, 김영선, 이규화, 홍시호, 김옥경, 최덕희, 장경희, 등 국내 유명 성우가 대거 참여하여 원작의 재미와 더불어 수준 높은 오디오북의 경험을 독자들에게 선사합니다. ✔ 홍보동영상 “살려 줘…….” 내가 왜 황제와 결혼해야 하는 건데! 하루아침에 희대의 촉군 에스티안의 신부가 된 세실. 인생 망했다 한탄하던 그녀는 그를 본 순간 생각을 고쳐먹었다. “미남이시네요?” 당신을 나의 남편으로 임명(?)합니다. 기왕 이렇게 된 거 오래오래 잘 살려면 폭군보다 더 악명 높은 악녀가 되어야만 한다! “그런데 제가 잘할 수 있을까요……?” “그대에게는 재능이 있어.” ……악녀가 될 재능요?",https://audioclip.naver.com/audiobooks/38242401BA
두근두근 내 인생,김애란,"차세대 한국문단의 희망, 김애란 첫 장편 2002년, 약관의 나이로 등단한 이래 『달려라 아비』 『침이 고인다』 두 권의 소설집만으로 한국일보문학상, 오늘의 젊은 예술가상, 신동엽창작상, 이효석문학상, 김유정문학상, 젊은작가상 등을 수상하며 차세대 한국문학을 대표하는 작가로 떠오른 김애란의 첫번째 장편 『두근두근 내 인생』이 출간되었다. 2010년 여름부터 2011년 봄까지 계간 『창작과비평』에 연재될 당시부터 문단과 독자들 사이에서 숱한 화제가 된 이 작품은 가장 어린 부모와 가장 늙은 자식의 청춘과 사랑에 대한 눈부신 이야기를 다룬다. 담백하고 신선한 문장들로 담아낸 벅찬 생의 한순간과 사랑에 대한 반짝이는 통찰이 읽는 내내 미소를 머금게 하고 폭소를 터뜨리게 하다가 어느 순간에는 울컥, 눈물을 감출 수 없게 만든다. “김애란을 사랑하지 않는 것이 도대체 가능한가”(신형철 『몰락의 에티카』)라는 반문에 동의할 수밖에 없는 아름답고 사랑스러운 소설이다.",https://audioclip.naver.com/audiobooks/8813A1AB37
괴도신사 아르센 뤼팽,모리스 르블랑,"이 세상 누구도 그가 누구인지 모른다. 이 세상 모든 이가 그가 누구인지 알고 있다. 그의 원래 얼굴이 어떻게 생겼는지, 어디에 사는지, 직업이 무엇인지 추측은 많지만, 어떤 것도 제대로 확인된 바가 없다. 희대의 명탕정 셜록홈스를 골탕먹인, 희대의 도둑. 아니 도둑이라고 하기에는 너무나 멋진 이 시대의 쾌남. 아르센 뤼팽. 그가 지금 당신에게 그의 이야기를 들려준다.",https://audioclip.naver.com/audiobooks/967E2D77AC
국화꽃향기,김하인,"[본 오디오북은 '요약본'입니다.] 소설로 영화로 많은 청취자들에게 감동을 준 순수하고 아름다운 사랑 여주인공인 미주의 몸에 암이라는 죽음의 그림자와 아기라는 생명의 씨앗이 공존함으로써 단순한 사랑 이야기에 갇히지 않고, 이들의 로멘스를 인간의 본질적인 영역에 대한 질문으로 끌어올렸다. 잘생긴 얼굴에 훤칠한 몸매를 자랑하는 승우의 관심은 온통 한 여자에게 쏠려있다. 머리에서 국화꽃 향기를 풍기는 여자 미주. 승우의 사랑은 지고지순하다. 끊임없이 피하고 도망치는 그녀의 사랑을 얻기 위해 땅속에 뿌리를 내린 나무처럼 기다리고 또 기다린다. 결국 미주는 해바라기 같은 승우의 마음을 받아들인다. 하짐나 야속한 운명은 두 사람의 행복을 가만히 지켜보지 않았다. 어렵게 찾은 사람의 기쁨의 결실인 생명과 죽음을 잉태하며 삶과 죽음, 사랑과 희생의 갈림길에서 그녀는 선택을 한다. <국화꽃향기>는 세상에서 가장 아름답고 슬픈 우리들의 사랑 이야기이다.",https://audioclip.naver.com/audiobooks/716DA5E0FF
괴도신사 아르센 뤼팽 : 기암성,모리스 르블랑,"그가 돌아왔다. 이 세상 누구도 그가 누구인지 모른다. 이 세상 모든 이가 그가 누구인지 알고 있다. 그의 원래 얼굴이 어떻게 생겼는지, 어디에 사는지, 직업이 무엇인지 추측은 많지만, 어떤 것도 제대로 확인된 바가 없다. 희대의 명탕정 셜록홈스를 골탕먹인, 희대의 도둑. 아니 도둑이라고 하기에는 너무나 멋진 이 시대의 쾌남. 아르센 뤼팽. 그가 지금 당신에게 그의 이야기를 들려준다.",https://audioclip.naver.com/audiobooks/60589CD26D
안전가옥 시네마 : 트라우마 특별관 (사건보고서 2022),조아영,"""당신의 트라우마를 상영해 드립니다! 끔찍했던 트라우마를 되새기며 보잘것없는 삶의 미미한 희망이라도 찾아보세요! 전직 국어 교사인 태규와 연예부 기자로 일했던 정은, 배달 라이더로 하루 벌어 하루 먹고사는 성호, 휴학 후 자취방에 틀어박혀 음식만 탐닉하는 미래. 전혀 접점이 없어 보이는 네 사람은 구석진 골목의 ‘안전가옥(安全家屋) 시네마’에서 조우하게 된다. 전성기를 진작에 떠나 보낸 듯 낡고 예스러운 외관에 ‘안전가옥’이라는 이름까지. 전혀 눈길을 끄는 구석이 없지만, 홀린 듯이 이곳을 찾은 네 사람. 이들은 경쾌한 안내 음성을 따라 트라우마 특별관에서 관람을 시작하는데…… 잊고 지냈던, 잊었다고 생각했던 각자의 트라우마가 스크린 위로 상영되기 시작한다. 생생하게 투사된 트라우마를 마주한 네 사람은 무너지고, 절규하며, 저항하면서 되려 생(生)의 감각을 되찾기 시작한다.",https://audioclip.naver.com/audiobooks/FDBAB09617
발가락이 닮았다 (Resound단편),김동인,"「발가락이 닮았다」은 1932년 1월 『동광』 48호에 발표된 '김동인'의 단편소설입니다. 젊은 적부터 방탕한 생활로 성병을 앓아 생식 기능을 잃은 M이 결혼을 한 뒤 아내가 아이를 갖게 됩니다. 한동안 번민과 의심에 빠져있던 M은 기관지 치료차 6개월된 아들을 데리고 친구이자 의사(소설의 화자)를 찾아와, 발가락이 자기를 닮았다고 합니다. 이에 의사이자 친구는 아내의 부정을 의심하면서도 애써 그것을 삭혀 보려는 M의 심정이 눈물겨워 발가락뿐 아니라 얼굴도 닮은 데가 있다고 말해줍니다. 이 작품은 해부적 수법으로 세계를 인식하려는 태도와 대응되는 방법으로 M을 구원하는 나의 고찰을 보여줌으로써 인간에 대한 휴머니티 정신을 품고 있는 소설이라는 평을 받습니다. 「발가락이 닮았다」의 오리지널 스코어를 작곡한 '고희안'은 재즈 연주뿐만 아니라 영화음악 작곡까지 전방위 활동을 펼치고 있는 국내 최정상의 재즈 뮤지션입니다. 24살 늦깍이로 피아노를 시작했고, 이후 버클리음대와 뉴욕대학교에서 수학했습니다. 버클리음대 출신의 유학생들이 주축이 된 구성된 재즈 밴드 <프렐류드(Prelude)>를 국악과의 다양한 콜라보 작업을 하던 고희안은 섹소포니스트 신현필과 함께 쇼팽의 음악을 재즈로 재해석한 <Dear Chopin>앨범을 발표하면서 클래식으로까지 그 장르를 넓혀가고 있습니다. 100년 전 우리 소설, 아름다운 소리로 만나다. [Resound 단편] 시리즈 소위 ‘고전’이라 불리는 작품들은 시대를 불문하고 인간과 삶을 관통하는 날카로운 통찰을 담고 있습니다. 그러나 한 번쯤 제목은 들어 봤을지라도, 제대로 읽어본 적은 없는 경우가 많습니다. 왜일까요? 어쩌면 고전은 낡고 지루하며 어렵다는 편견이 있는 건 아닐까요. [Resound 단편] 시리즈는 그 편견을 깹니다. 오늘날 활발히 활동 중인 작가들이 고쳐 쓰고, 그 원고를 전문 배우들이 생생하게 낭독하고, 거기에 뮤지션들이 작곡한 음악이 더해져, 고전은 새로운 예술작품이 되었습니다. 옛 것의 가치는 간직하되 새로운 옷을 입고 화려하게 돌아온 50편의 [Resound 단편] 시리즈가 새로운 문학의 세계, 감상하는 오디오북의 세계로 당신을 초대합니다.",https://audioclip.naver.com/audiobooks/03E1E283E3
"물레방아 (RESOUND 단편, 성여진 낭독)",나도향,"「물레방아」는 1925년 9월 『조선문단』에 발표된 나도향(1902~1926)의 단편소설입니다. 가난과 상실, 전통 사회의 붕괴, 여성의 정조에 대한 지독한 폭력성을 문제적으로 드러낸 작품으로 1920년대 우리나라 사실주의 문학의 걸작입니다. 또한 일제강점기 우리나라 농촌의 구조적·계급적 모순을 한 여성을 둘러싼 비극적 사건을 통해 상징적으로 그려내고 있습니다. 지주와 소작 간에 존재하는 계급 갈등 문제를, 인간의 본능인 욕망의 문제로 치환해낸 작가의 솜씨가 돋보이며, 종국에는 아무도 막을 수 없는 파국을 보여줌으로써, 전망 없는 시대의 우울을 문학적으로 드러내고 있는 작품입니다. 마을의 가장 부자요 세력이 있는 지주 신치규. 이 집 행랑에는 머슴에 다름없는 소작인 이방원 내외가 삽니다. 신치규는 가난에 이골이 난 이방원의 젊은 아내를 물레방앗간으로 불러냅니다. 그러고는 사흘이 지난 뒤, 신치규는 이방원을 불러 이 집에서 나가라고 이야기합니다. 이제 사건은 걷잡을 수 없게 흘러가는데…. 단순한 이야기 구조를 가진 작품이지만, 그 안을 들여다보면, 선악의 이분법으로는 구분할 수 없는 인간사의 원천적인 비루함을 날것으로 보여줌으로써, 삶의 조건을 두고두고 곱씹게 해주는 작품입니다. 100년 전 우리 소설, 아름다운 소리로 만나다 ‘Resound 단편’ 시리즈 소위 ‘고전’이라 불리는 작품들은 시대를 불문하고 인간과 삶을 관통하는 날카로운 통찰을 담고 있습니다. 그러나 한 번쯤 제목은 들어 봤을지라도, 제대로 읽어본 적은 없는 경우가 많습니다. 왜일까요? 어쩌면 고전은 낡고 지루하며 어렵다는 편견이 있는 건 아닐까요. ‘Resound 단편’ 시리즈는 그 편견을 깹니다. 오늘날 활발히 활동 중인 작가들이 고쳐 쓰고, 그 원고를 전문 배우들이 생생하게 낭독하고, 거기에 뮤지션들이 작곡한 음악이 더해져 고전은 새로운 예술작품이 되었습니다. 옛 것의 가치는 간직하되 새로운 옷을 입고 화려하게 돌아온 50편의 ‘Resound 단편’ 시리즈가 새로운 문학의 세계, 감상하는 오디오북의 세계로 당신을 초대합니다.",https://audioclip.naver.com/audiobooks/736D7F69BE
디디의 우산,황정은,"세계라는 빗속에서 건네는 우산 같은 소설 최대치로 돌진하는 황정은 소설의 진면목 장편소설 『계속해보겠습니다』『百의 그림자』, 소설집 『파씨의 입문』 『아무도 아닌』 등으로 넓고 탄탄한 독자층을 형성한 동시에 평단의 확고한 지지를 받으며 명실공히 한국문학을 대표하는 작가 중 한 사람으로 자리매김한 황정은 작가의 신간 『디디의 우산』이 출간되었다. 김유정문학상 수상작 「d」(발표 당시 제목 ‘웃는 남자’)와 『문학3』 웹 연재시 뜨거운 호응을 얻었던 「아무것도 말할 필요가 없다」(이후 대폭 개고), 인물과 서사는 다르지만 시대상과 주제의식을 공유하며 서로 공명하는 연작 성격의 중편 2편을 묶은 소설집이다. 2014년 세월호참사와 2016~17년 촛불혁명이라는 사회적 격변을 배경에 두고 개인의 일상 속에서 ‘혁명’의 새로운 의미를 탐구한 작품들이다. 삶과 죽음, 사랑과 인간을 사유하는 깊은 성찰이 마음속 깊이 파고드는 아름다운 문장들과 어우러진 가운데 끝내 압도적인 감동을 선사하는 반가운 신작이다. “나의 사랑하는 사람은 왜 함께 오지 않았나” 오랜 이야기의 끝, 혹은 새로운 시작 이야기는 황정은 작가가 2010년 발표한 단편 「디디의 우산」(『파씨의 입문』, 창비 2012)에서 비롯되었다. 어릴 적 친구인 도도와 재회한 디디는 지난 시절 도도에게 빌린 우산을 돌려주지 못했던 기억을 계기로 도도와 친밀해진다. 두 사람은 생활의 무게가 버겁지만 함께하는 삶이 있어 행복하다. 그러나 2014년작 단편 「웃는 남자」(『아무도 아닌』, 문학동네 2016)에 이르러 디디는 갑작스러운 죽음을 맞는다. 이번 신작 『디디의 우산』에서 이들 이야기를 직접적으로 받아 안은 작품은 「d」이다. ‘dd’의 죽음 이후 자신 또한 죽음과도 같은 날들을 보내던 ‘d’(전작 단편의 도도)는 청계천 세운상가에서의 물류 일이라는 고된 노동의 하루하루 속으로 침잠한다. 그러던 그는 세운상가에서 수십년간 음향기기 수리를 해온 ‘여소녀’ 와의 만남을 계기로 조금씩 다시 세상 속으로 발을 딛는다. 여소녀 또한 근대화의 영욕이 담긴 상가의 풍경 속에서 자신과 주변의 삶을 돌아본다.",https://audioclip.naver.com/audiobooks/643AEFB23B
해저 2만리,쥘 베른,"해양 모험 드라마 <해저 2만리> 심해의 깊은 곳에서 벌어지는 신비로운 탐험 기록 !! 과학소설의 토대를 마련한 작가 쥘 베른의 대표작. 19세기 말의 획기적인 자연과학-지리학, 물리학, 해양학, 생물학 등-의 발전에 힘입어 당시로서는 도저히 상상할 수 없는 바다 밑 세계를 그린 근대 과학소설의 효시이자 당시의 생활상을 관찰자·보고자의 입장에서 날카로운 시선으로 충실하게 기록하는 한편, 작가의 세계관과 작중 인물의 사실성이 시대 배경과 백과사전식의 풍부한 자료를 담보로 하여 제시되는 근대 소설의 조건과 전통에 충실한 근대 소설 문학의 고전인 작품. [출판사 서평] 현대의 신화로 다시 태어나다! 모든 것을 낳는 창조자의 손, 바다와 인간 호메로스에서 시작하여 멜빌과 콘래드, 메이스필드에 이르기까지 서양 문학사에서 꾸준히 원용되어온 바다. 그들이 주목한 바다와 파도의 다양한 움직임은 쥘 베른의 『해저 2만 리』에서 단연 역동적이다. 인간과 대비되어 그려지는 바다의 장중함과 포용성은 비단 네모 선장의 것만이 아니라 바다를 앞에 둔 인류 공통의 것이다. 발자크 이후 묘파의 전통을 잇다 쥘 베른은 과학과 경합하는 것이 아니라, 흥미로운 신화 속에서 강렬한, 때로는 무서울 정도의 詩情을 구사한, 픽션에 있어서의 뛰어난 장인이었다. 그의 마를 줄 모르는 능변과 열정은 일찍부터 교분을 두텁게 쌓았던 알렉상드르 뒤마(1802~1870)의 재능을 이어받아 발전시켰다고 해도 과언이 아니다. 또한 인물의 내면(네모 선장, 작살잡이 네드 랜드, 아로낙스 교수와 그의 하인 콩세유)을 엿볼 수 있는 자세하고 면밀한 묘사와 서술은 발자크(1799~1850) 이후의 묘파의 전통을 충실히 이행하고 있다. 인간을 무력하게 만드는 대자연의 위용, 그리고 그에 맞서는 인간의 불굴의 투지 우리의 눈앞에서 바다의 모습, 물의 모습은 보이지 않았다. [……] 그리고 이 황량한 자연 위에 깔린 원시의 침묵은 이따금 바다제비나 섬새의 날갯짓 소리에 깨지고 있었다. 그렇게 모든 것은 얼어 있었다. 소리 마저도. [……] 광활한 빙판이 추위에 시멘트처럼 굳어져 있었다. 이런 장애도 네모 선장을 멈추게 할 수는 없었다. 그는 무서울 정도로 난폭하게 빙판을 향해 돌진했다. 노틸러스 호는 쉽게 부서지는 이 얼음덩어리 속을 쐐기처럼 파고 들어가면서 무서운 굉음과 함께 그것을 두 쪽으로 갈랐다. 그것은 엄청난 힘으로 한없이 밀어대는 고대의 파성추였다. 하늘 높이 튀어올랐던 얼음 조각들이 우박처럼 우리 주위에 떨어져내렸다.",https://audioclip.naver.com/audiobooks/56F6BA8807
에도가와 란포 소년 탐정단 시리즈 1,에도가와 란포,"일본의 유명 만화 <명탐정 코난>의 원전에 해당하는 유명작! 변신의 귀재 20가면, 명탐정 아케치 고고로, 소년탐정단이 펼치는 손에 땀을 쥐는 대결! 진짜 모습을 감추고 값비싼 보물, 고대 유물, 명화만 훔치는 괴도 20가면과 그를 뒤쫓는 천재 탐정 아케치 고고로의 흥미진진한 추리대결이 펼쳐진다. 또한 용감하고 영리한 꼬마 조수 고바야시가 이끄는 소년탐정단의 통쾌한 활약도 빼놓을 수 없다. 기상천외한 수법으로 범행을 벌이는 괴도 20가면과 그를 막기 위해 활약하는 명탐정 아케치 고고로, 고바야시 요시오, 소년탐정단 등 시리즈의 주축을 이루는 등장인물들이 기념비적인 첫 대결을 벌인다.",https://audioclip.naver.com/audiobooks/48B226342D
바람과 함께 사라지다,마가렛 미첼,"미국의 남북전쟁과 패전 그리고 재건시대의 조지아를 배경으로 해서 씌어진 『바람과 함께 사라지다』 전쟁에 의한 급격한 사회 변화 속에 휩싸인 등장 인물들의 삶과 사랑과 죽음을 생생하게 묘사하고 있다. 격심한 시련을 겪으며 살아 남기 위해 투쟁하는 그 처절한 모습들이 작품을 긴장감을 더해 준다. <바람과 함께 사라지다> 원작자인 마가렛 미첼이 집필에서 출판까지 꼬박 10년의 세월이 걸린 작품이다. 발간 6개월 만에 1백만 부가 팔리고 풀리처상까지 수상했다. 영화는 더욱 큰 성공을 거두었으며, 아카데미 10개 부문에서 수상했고, 불멸의 명작으로 전해지고 있다. 남북전쟁이라는 폭풍은 하룻밤 사이에 남부의 전통과 질서를 바람과 함께 사라지게 하고, 고생을 모르고 살아온 부농의 딸 스칼렛 오하라도 결국 패전의 소용돌이 속에 휘말리게 된다. 그러나 스칼렛은 어떠한 역경도 굴하지 않고 열정적이며 강인한 의지로 이겨나간다. 스칼렛의 애쉴리를 향한 그칠 줄 모르는 사랑과 믿음으로 지켜가는 멜라니의 애쉴리에 대한 사랑, 솔직하고 이기적이며 충동적이고 허영심 많은 스칼렛을 사랑하는 레트 버틀러 등 이 네 사람의 사랑과 갈등이 남북전쟁과 전후를 배경으로 펼쳐진다.",https://audioclip.naver.com/audiobooks/E42ACD2B5C
넌 쉽게 말했지만,이주란,「넌 쉽게 말했지만」은 타인을 의식하지 않고 고향으로 돌아가 자신의 삶을 살아가는 화자의 일상을 담담한 목소리로 그려냄으로써 묘한 공감을 불러일으키는 신선한 작품이다. ,https://audioclip.naver.com/audiobooks/7E6DA88FF1
푸른 달 스무하루 2권,하라,"“고리야, 절대, 절대로 여자애란 걸 들키면 안 된다. 알았지?” 쌍둥이 오라비 은고를 대신해 남장하고 들어간 황궁. 여섯 살의 고리는 인생 최대 악연을 만났다. 일명 지옥의 어린 야차. 제 2황자 유강. “꼬맹이 각오는 하고 날 찼겠지?” 신발 한 짝으로 시작된 험난한 인생 가시밭길. 십 년을 숨겼으나, 비밀에는 한계가 있었다. 절대로! 결코! 여자인 게 밝혀지면 안 돼! 하지만 냉혹한 피의 황자로 성장한 유강은 남장한 그녀를 의미심장하게 응시했다. “오늘 밤, 내 처소로 오너라.”",https://audioclip.naver.com/audiobooks/D2EBB3DC60
80일간의 세계일주 1,쥘 가브리엘 베른,"“80일간 세계 일주, 행복을 얻다” <80일간의 세계 일주>는 프랑스 작가인 쥘 베른의 대표적인 모험 소설로 1873년에 발표된 작품이다. 이 이야기는 영국 런던의 신사인 필리어스 포그와 그의 친구가 <리폼 클럽>에서 80일 만에 세계여행이 가능한지를 두고 2만 파운드짜리 내기를 하면서 시작되는데, 그의 여행은 런던에서 곧 엄청난 이슈가 되었고, 영국 증권가에는 “필리어스 포그 권”이라는 이름의 증권까지 등장했다. 파스파르투는 세계일주를 떠나는 그날 아침에 고용된 하인으로, 파리 출신 프랑스인이다. 프랑스인에 대한 선입견에 맞게, 활기차고 오만가지 표정이 다채로우며, 소방수, 곡예사, 거리 악사, 하인 등 온갖 직업을 전전한 끝에, '편하고 조용한 생활'을 하기 위해 포그 가에 들어왔고, 새 주인에 대한 만족감을 표시했다.그런데 하필 그날 주인이 세계 일주를 떠난다고 하는 바람에 급하게 끌려 나가게 되면서 자신의 소망은 완전히 빗나갔다. <80일간의 세계 일주> 작품은 쥘 베른의 최고의 작품으로 손꼽힌다.",https://audioclip.naver.com/audiobooks/2DC24F3585
"봄봄 (RESOUND 단편, 김희창 낭독)",김유정,"「봄봄」은 1935년 『조광』에 발표된 김유정의 단편소설입니다. 점순이와 결혼을 꿈꾸는 '나'와 그걸 미끼로 몇 년 째 일만 부려먹는 장인 간의 갈등을 희극적이고 해학적으로 그려낸 작품입니다. 인간관계를 희화하하여 재치와 능청으로 풀어낸 김유정 특유의 문학관이 대표적으로 반영된 작품이라는 평을 받습니다. 세경 한 푼 없는 데릴사위로 죽도로 일만 하면서, 점순이와의 결혼을 바라는 '나'는 점순에게 병신이라는 소리까지 듣게 된다. 점순의 충동질에 의해 단판을 내겠다며 장인님과 엉켜 싸워도 보지만, 종국에는 아버지의 편을 드는 점순으로 인해 나는 넋을 잃습니다. 「봄봄」의 오리지널 스코어 작곡가인 이태훈은 인디밴드들 사이에선 미친 기타리스트로 유명합니다. 미국에서 클래식 작곡을 전공했지만, 군복무차 한국에 왔다가 펑크, 소울, 재즈 밴드로 그 활동을 시작하게 되었습니다. 우리나라에서 찾아보기 힘든 재즈 펑크(Funk) 음악을 선보이는 '세컨 세션'의 기타리스트로 독보적인 리듬감을 드러낸바 있는 그는 록, 재즈, 메탈, 레게 등 여러 장르를 결합한 연주곡으로 주목을 받고 있습니다. 최근 국악과의 콜라보 등으로 그 음악 세계를 넓혀가고 있습니다. 100년 전 우리 소설, 아름다운 소리로 만나다 [Resound 단편] 시리즈 소위 ‘고전’이라 불리는 작품들은 시대를 불문하고 인간과 삶을 관통하는 날카로운 통찰을 담고 있습니다. 그러나 한 번쯤 제목은 들어 봤을지라도, 제대로 읽어본 적은 없는 경우가 많습니다. 왜일까요? 어쩌면 고전은 낡고 지루하며 어렵다는 편견이 있는 건 아닐까요. [Resound 단편] 시리즈는 그 편견을 깹니다. 오늘날 활발히 활동 중인 작가들이 고쳐 쓰고, 그 원고를 전문 배우들이 생생하게 낭독하고, 거기에 뮤지션들이 작곡한 음악이 더해져, 고전은 새로운 예술작품이 되었습니다. 옛 것의 가치는 간직하되 새로운 옷을 입고 화려하게 돌아온 50편의 [Resound 단편] 시리즈가 새로운 문학의 세계, 감상하는 오디오북의 세계로 당신을 초대합니다.",https://audioclip.naver.com/audiobooks/C57DD7289A
경애의 마음,김금희,"김금희 첫 장편소설 당신의 마음은 오늘, 안녕한가요? 2014년 출간한 첫번째 소설집 『센티멘털도 하루 이틀』로 신동엽문학상을, 2016년 「너무 한낮의 연애」로 젊은작가상 대상을, 이듬해 「체스의 모든 것」으로 현대문학상을 수상하며 한국문학의 빛나는 기대주로 급부상한 소설가 김금희의 첫번째 장편소설 『경애의 마음』이 출간되었다. 2017년 봄부터 겨울까지 계간 『창작과비평』에 연재하며 문단의 호평과 독자의 기대를 한껏 받은 『경애의 마음』은, 성석제 장편소설 『투명인간』, 김애란 장편소설 『두근두근 내 인생』 등 『창작과비평』 장편소설 연재작 흥행 계보를 잇는 2018년 최고의 기대작으로, 출간 전 실시한 300명 사전서평단 이벤트에서도 압도적 지지를 받으며 독자들의 뜨거운 반응을 불러일으켰다. 고등학교 시절 호프집 화재사건에서 운 좋게 살아남은 경애와 같은 사고 현장에서 단 한명의 소중한 친구를 잃은 상수가 서로의 연결고리를 모른 채 ‘반도미싱’에서 팀장과 팀원으로 만나며 시작되는 이 소설에는 지금 이 시대를 살아가는 우리 모두의 마음이 켜켜이 담겨 있다. 읽는 사람에 따라 보는 각도에 따라 다양한 이야기를 읽어낼 수 있는 『경애의 마음』은 한가지 독법으로 해석할 수 없을 만큼 다층적으로 읽히는 수작이다. 이 미덥고도 소중한 소설을 곁에 둔다면 지난 세월 우리가 견뎌온 아픈 시간이 다정한 목소리와 따뜻한 유머로 위로되고, 앞으로의 삶을 좀더 단단하고 건강한 마음으로 맞을 수 있게 될 것이다.",https://audioclip.naver.com/audiobooks/DB8233595C
한양 다이어리,"정수현,김영은","[본 오디오북은 '요약본'입니다.] 카카오페이지 6만 뷰! 댓글 1,300개의 화제작! “영화 · 드라마가 기대되는 최고의 소설!” 조선의 핫플레이스에서 펼쳐지는 운명적 사극 로맨스 현재와 과거를 섞어 만들어낸 신선하고 발칙한 상상을 배경으로, 타고난 운명에 맞선 여인과 조선 청춘들의 이야기를 풀어낸 장편소설『한양 다이어리』(전 2권)가 (주)위즈덤하우스의 트랜스미디어 전문 브랜드 ‘곁’에서 출간되었다. 『압구정 다이어리』의 작가 정수현과 『19 29 39』의 작가 김영은의 환상 컬래버레이션으로 만들어진 이 소설은 재치 있는 설정과 힘 있고 빠른 전개의 스토리로 독자들을 퓨전 조선으로 ‘타임슬립’하게 만드는 작품이다. 웹툰 · 웹소설 연재 플랫폼 ‘카카오페이지’에서 일주일 만에 6만 뷰를 기록하고 댓글이 1,300여 개가 달리는 등 화제 속에서 독점 선공개 되었으며, 인기에 힘입어 종이책과 전자책을 동시 출간한다. 『압구정 다이어리』로 한국형 칙릿소설 시대를 열었던 정수현 작가는 『블링블링』 『셀러브리티』 『페이스 쇼퍼』 등 ‘강남’ ‘성형’ ‘명품’ ‘셀러브리티’라는 시대에 민감한 주제로 이야기를 풀어냈으며, 그의 역량은 이번 『한양 다이어리』에도 고스란히 드러난다. 공동집필한 김영은 작가는 드라마 [비밀의 문]과 영화 [오싹한 연애]의 소설을 집필했으며, 다수의 드라마 작품에 참여하는 등 사극과 영상화에 강점을 지녔다. 『한양 다이어리』는 이러한 두 작가의 5년간의 협업 결과물이다. 현대 지하철역 이름을 차용한 등장인물 이름에서부터, 조선 시대 카페 ‘가비인’, 클럽 ‘구락부 원’, 조선식 발렛파킹 ‘박래’, 놀이판 ‘부루마불’ 등 발음하는 것만으로도 재밌는, 독특한 아이디어가 반영된 소설적 장치들에서는 작가들의 고심이 엿보이며, ‘조선의 여왕’이라는 키워드로 전개되는 파격적인 스토리는 한 편의 드라마처럼 넘쳐나는 매력을 담고 있다.",https://audioclip.naver.com/audiobooks/F77231C596
동물농장,조지 오웰,"영국의 소설가이자 비평가인 조지 오웰이 1945년에 출간한 대표적인 풍자소설, [동물 농장]. 매너 농장의 주인 ‘존스’. 하지만 농장의 동물들은 주인 ‘존스’를 비롯한 인간의 굴레를 벗어나 자유를 찾기 위해 봉기를 일으킨다. 인간을 쫒아내는데 성공한 동물들은 그들만의 자주적인 ‘동물 농장’ 을 건설하고, 가장 영리한 돼지 ‘스노볼’과 ‘나폴레옹’이 주축이 되어 농장을 이끌어 가기 시작한다. 과연 동물들은 꿈꾸는 자유를 얻어내고 유토피아를 건설 할 것인가? 그렇다면 이것이 단지 ‘동물’ 들의 이야기일 뿐인 것인가? 작가 ‘조지 오웰’ 은 한동안 영국 독립 노동당(ILP)의 당원이기도 했던 좌파였지만, 스탈린에 대해서 비판적이었고 소련 중심의 공산주의에 대해 의심을 품게 되었다. 그는 소련의 성립부터 소련이 가진 모순을 간파하였고 결국 소련의 붕괴에 의해 그의 시선이 옳았음이 증명되었다. [동물 농장]에는 소비에트 연방의 전체주의에 대한 비판과 풍자가 ‘조지 오웰’ 만의 시선으로 이야기하고 있다.",https://audioclip.naver.com/audiobooks/DFB08BAEC6
아큐정전,루신,"'미장'이라는 중국의 한 농촌 마을에 떠돌이 날품팔이 아큐가 살고 있다. 아큐는 성도 이름도 없으며, 일정한 거처도 없이 마을의 허드렛일로 겨우 연명하며 살아가는 서른 살의 청년이다. 마을 사람들은 그런 그들 언제나 무시했으며 자기들이 필요할 때에만 상대하곤 했다. 어느 날 아큐는 늘 자기보다 못하다고 생각하던 왕털보와의 싸움에서 지고, 첸 영감의 큰 아들에게도 모욕을 당하자 지나가던 여승을 희롱하기에 이른다. 이런저런 말썽으로 결국 생계수단이었던 날품팔이마저 못하게 된 아큐는 마을을 떠나게 되는데..",https://audioclip.naver.com/audiobooks/9EB80917DA
마음을 함께 해준다면 (안녕하신가영),박하익,"선생님의 실수로 세림은 시험 성적이 하락한다. 억울한 마음을 해소할 길 없는 가운데 세림은 인생 첫 무단 조퇴를 감행한다. 불안과 외로움 속에서 문득 청소년 24시간 상담 센터의 번호가 떠오른다. 선생님에게 불합리한 일을 당하고 절망에 빠져 청소년 24시간 상담 센터에 전화하는 ‘세림’을 통해 학교생활의 고충을 사실적으로 그려낸 박하익 작가의 작품 “웃음도 일종의 대화가 아닐까요? 혼자서 낄낄거리는 일도 있겠지요. 그러나 대체로 웃음은 나를 바라봐 주는 다른 이가 있을 때 꽃처럼 피어납니다. 가끔은 혼자가 편하겠지만 함께하는 일이 중요하다는 사실도 잊지 말아 주세요.”_저자의 말 *** 안녕하신가영이 낭독하는 박하익 작가의 「마음을 함께 해준다면 」은 아이돌 및 각계 저명인사의 목소리 재능을 기부받아 소리책을 만들고 이를 통해 청각 장애인에게 희망의 소리를 선물하는 캠페인에 참여한 작품이다. 캠페인 수익금의 일부는 사랑의 달팽이 재단에 기부되어, 경제적 어려움으로 소리 없는 세상에 살고 있는 난청 아동들에게 희망의 소리를 선물해주기 위한 지원 기금으로 사용되어진다.",https://audioclip.naver.com/audiobooks/89D0E5E3BA
별을 스치는 바람,이정명,"<뿌리깊은 나무> 작가 이정명의 장편소설. '윤동주 시인의 시를 불태운 일본인 검열관의 죽음에 얽힌 미스터리 팩션'이다. 태평양 전쟁 막바지, 일본 후쿠오카 형무소에서 벌어진 의문의 살인사건을 조사하는 과정에서, 죄수들의 탈옥 기도 사건과 형무소를 둘러싼 일본 군국주의자들의 추악한 음모가 밝혀지며, 그 속에 가슴 뭉클한 휴머니티를 특유의 감성적인 필체로 녹여 냈다. 죄수들을 대상으로 한 비인도적인 생체실험의 희생자로 1945년, 27세의 나이에 후쿠오카 형무소에서 옥사한 시인 윤동주의 실화를 바탕으로 한 이 소설은, 거대한 역사의 수레바퀴와 맞물린 개인의 역사를 담아낸 팩션인 동시에, 어떤 전쟁의 광기와 환멸도 희망을 막을 순 없음을 그린 휴머니즘 전쟁소설이기도 하다. 소설은 악마라 불릴 정도로 잔혹한 일본인 검열관 간수의 의문의 죽음으로 시작된다. 떠밀리듯 사건을 맡은 학병 출신 간수병인 '나'(와타나베 유이치)가 살인범을 추적해 나간다. 하지만 사건 속으로 빠져들수록 단순한 간수 피살사건은 죄수들의 대규모 탈출기도와 지하에 감춰진 또 다른 미궁의 사건으로 번져 나가고, 마침내 형무소를 둘러싼 충격적인 음모에 이르게 된다. 2017년 제65회 '프레미오 셀레지오네 반카렐라상'을 수상했다. 1952년 제정된 프레미오 반카렐라상은 독자에게 책을 판매하는 서적상들이 직접 운영하고 선정하는 이탈리아의 대표적인 문학상이다. 1회 수상작은 1953년 헤밍웨이의 <노인과 바다>였으며, 외국작가가 수상한 것은 이정명 작가가 처음이다.",https://audioclip.naver.com/audiobooks/806D6DD720
광염소나타 (Resound단편),김동인,"「광염소나타」는 1930년 『중외일보』에 연재된 작품입니다. 광화사와 더불어 김동인의 대표적인 탐미주의적 소설로 평가 받고 있습니다. 주인공 백성수는 가난으로 어머니가 죽은 뒤 복수심에 불타, 자신이 돈을 훔쳤던 가게를 방화(放火)하게 됩니다. 그 때문에 야성적 천재성이 폭발하여 즉흥적으로 피아노곡 「광염소나타」를 작곡하게 됩니다. 그 뒤 아버지의 친구였던 음악평론가 K선생의 배려로 작곡 생활을 시작하게 되지만, 강도가 심한 자극이 없이는 음악을 작곡할 수 없게 됩니다. 마침내 방화·사체유희(死體遊戱)·시간(屍姦)·살인까지 저지르고 옥에 갇히고 맙니다. 그러나 작중 화자인 K선생은 이러한 천재성을 단순히 사회윤리 때문에 말살시키는 것은 옳지 않다고 극력 변호합니다. 「광염소나타」의 오리지널 스코어를 작곡한 '고희안'은 재즈 연주뿐만 아니라, 영화음악까지 전방위 활동을 펼치고 있는 국내 최정상의 재즈 뮤지션입니다. 24살 늦깍이로 피아노를 시작했고, 이후 버클리음대와 뉴욕대학교에서 수학했습니다. 버클리음대 출신의 유학생들이 주축이 된 구성된 재즈 밴드 <프렐류드(Prelude)>를 국악과의 다양한 콜라보 작업을 하던 고희안은 섹소포니스트 신현필과 함께 쇼팽의 음악을 재즈로 재해석한 <Dear Chopin>앨범을 발표하면서 클래식으로까지 그 장르를 넓혀가고 있습니다. 100년 전 우리 소설, 아름다운 소리로 만나다. [Resound 단편] 시리즈 소위 ‘고전’이라 불리는 작품들은 시대를 불문하고 인간과 삶을 관통하는 날카로운 통찰을 담고 있습니다. 그러나 한 번쯤 제목은 들어 봤을지라도, 제대로 읽어본 적은 없는 경우가 많습니다. 왜일까요? 어쩌면 고전은 낡고 지루하며 어렵다는 편견이 있는 건 아닐까요. [Resound 단편] 시리즈는 그 편견을 깹니다. 오늘날 활발히 활동 중인 작가들이 고쳐 쓰고, 그 원고를 전문 배우들이 생생하게 낭독하고, 거기에 뮤지션들이 작곡한 음악이 더해져, 고전은 새로운 예술작품이 되었습니다. 옛 것의 가치는 간직하되 새로운 옷을 입고 화려하게 돌아온 50편의 [Resound 단편] 시리즈가 새로운 문학의 세계, 감상하는 오디오북의 세계로 당신을 초대합니다.",https://audioclip.naver.com/audiobooks/1BAC6C730E
어린 왕자,앙투안 드 생텍쥐페리,"전 세계가 사랑하는 가장 아름다운 이야기, 생텍쥐페리의 『어린 왕자』가 문학 평론가 황현산 선생의 번역본 오디오북 출간되었다. 열린책들 [어린 왕자]는 국내에 출간된 많은 [어린 왕자] 중에서도 특히 원전의 가치를 충실히 살린 한국어 결정판을 마련하고자 했다. 다른 별에서 온 어린 왕자의 순수한 시선으로 모순된 어른들의 세계를 비추는 이 소설은, 꾸밈없는 진솔한 문체와 동화처럼 단순해 보이는 이야기 속에 삶을 돌아보는 깊은 성찰을 아름다운 은유로 녹여 낸 작품이다. [어린 왕자]를 다시 읽을 때마다 우리는 삶에서 가장 중요한 것들, 그러나 잊히거나 상실된 것들, [눈에 보이지 않는] 것들을 돌아보는 자리로 돌아오게 된다. 어린 시절 읽었던 이 작품을 보다 새롭고 완성도 높은 번역으로 다시 한 번 음미하며 읽어 볼 때다.",https://audioclip.naver.com/audiobooks/7A7B80BA32
시간의 멜로디 <Once Again>,달보이스 스튜디오,"2021년, 코로나로 인해 꿈의 무대가 사라져버린 그 남자, ‘시율’이 목숨보다 소중한 기타를 내려놓으려는 그 순간! 2017년, 작사가를 꿈꾸며 자신의 마음을 글로 담아내는 그 여자, ‘다미’의 가사를 보고 다시금 기타를 잡는다. 그때부터! OST가창자 1. 폴킴 '찬란한 계절' 2. 유성은 '내일이면' 3. 오승희(CLC) 'Once Again' 4. 예찬(핑크판타지) 'It was you' 5. 사라권 'Traffic Lights' 정식 발매일 2022년 1월 14일 2017년에 멈춰있던 다미의 가사는 시율의 손끝에서 리듬을 타고, 2021년 소리를 잃어버린 홍대거리를 담아낸 노래로 탄생하는데.! 각자 다른 시간 속에서 오로지 음악으로 소통하며, 서로에게 위로와 희망이 되어 주는 다미와 시율의 모습을 통해! 꿈과 사랑을 포기한 청춘들 인생에 응원의 멜로디를 입혀보고자 한다.",https://audioclip.naver.com/audiobooks/D65F7D8757
폭군에게는 악녀가 어울린다 3,유이란,"웹툰 55만, 웹소설 45만 조회수를 기록한 유이란 작가의 인기작 <폭군에게는 악녀가 어울린다> 의 오디오북이 전격 출시되었습니다. 오디오북에는 서혜정, 강수진, 김영선, 이규화, 홍시호, 김옥경, 최덕희, 장경희, 등 국내 유명 성우가 대거 참여하여 원작의 재미와 더불어 수준 높은 오디오북의 경험을 독자들에게 선사합니다. ✔홍보동영상 “살려 줘…….” 내가 왜 황제와 결혼해야 하는 건데! 하루아침에 희대의 촉군 에스티안의 신부가 된 세실. 인생 망했다 한탄하던 그녀는 그를 본 순간 생각을 고쳐먹었다. “미남이시네요?” 당신을 나의 남편으로 임명(?)합니다. 기왕 이렇게 된 거 오래오래 잘 살려면 폭군보다 더 악명 높은 악녀가 되어야만 한다! “그런데 제가 잘할 수 있을까요……?” “그대에게는 재능이 있어.” ……악녀가 될 재능요?",https://audioclip.naver.com/audiobooks/D494137F4A
윤나무가 읽는 로베르트 발저의 헬블링의 이야기,로베르트 발저,"헬블링의 이야기 (Helblings Geschichte) 우리에게는 다소 낯선 작가 로베르트 발저에 대해 헤르만 헤세는,“ 발저의 독자가 1만 명만 되면 세상이 좋아질 것”이라고 말했다. 직기는 헬블링의 입을 빌려 사람과 일과 사랑에 대한 낡고 굳은 관념을 맘껏 조롱한다. 과연 인간다운 삶이 무엇인지 되묻는 작품이다.",https://audioclip.naver.com/audiobooks/D480CEA22E
"테스 1 (민음사 세계문학, 완독본)",토머스 하디,"토머스 하디의 대표작이자 영국 문학을 대표하는 고전비극적 운명의 대명사가 된 ‘테스’, 불합리한 인습과 도덕적 편견에 희생되는 그녀의 일생을 통해 사회의 이중성과 편협한 가치관을 과감하게 폭로한 영원한 걸작 영국 문학을 대표하는 소설가 토머스 하디의 『테스』(Tess of the D\’Urbervilles)는 1891년 처음 출간된 후 일 년 만에 초판본 1천 부의 스물세 배가 넘게 판매되는 등 당시로서는 센세이셔널한 반응을 일으켰다. 일반 독자들이 이렇듯 폭발적인 반응을 보여 준 반면, 교회와 보수적 비평가들은 한목소리로 하디를 비난했다. 테스가 결혼도 하지 않고 아이를 낳는 것이나, 그 아이에게 직접 세례하는 것 등이 당시의 인습과 사회에서는 받아들여지기 어려웠던 것이다. 실제로 이 소설이 출간 전에 잡지에 실릴 때도 테스가 알렉에게 유린되는 장면이나 그녀가 아기를 세례하는 장면이 삭제되었다. 그러나 토머스 하디는 대담하게도 그런 테스를 ‘순수한 여인’이라 부르며 내면의 순수함과 정신적 순결을 강조하였고, 빅토리아 시대의 불합리한 종교적, 사회적 관행을 정면으로 고발하였다. 이러한 하디의 용감하고 부단한 시도가 이 작품을 19세기 근대 문학에서 20세기 현대 문학으로 발돋움하게 만들었다. 또한 이번 민음사 세계문학전집으로 출간된 『테스』는 Tess of the D\’Urbervilles: A Pure Woman(Modern Library Classics)을 완역한 것으로, 기존의 축약본과 분명한 차별성을 두고 있다. 근대 문학의 한계를 넘어 현대 문학으로 발돋움한 토머스 하디의 대표작 “가슴 위에 꽂힌 장미를 순진하게 내려다보고 있는 테스는 그 마약 같은 푸른 연기 뒤에 그녀 일생의 비극적인 재난이 서려 있음을, 그녀의 젊은 인생의 스펙트럼에서 핏빛 붉은 광선이 될 사람이 도사리고 있음을 예측하지 못했다.” 가난한 행상의 장녀 테스는 귀족의 후손이라는 헛된 망상에 사로잡힌 부모 때문에 먼 친척이라는 더버빌 가로 일자리를 찾아간다. 그 가문의 아들 알렉을 만나면서 그녀의 모진 운명이 시작된다. 그의 아이를 임신한 테스는 집으로 돌아와 혼자 아이를 낳아 키우지만, 사회와 교회로부터 외면당한 아이는 병에 걸리고, 테스에 의해 세례를 받은 후 숨진다. 세상으로부터 숨을 곳을 찾아 외진 농장에서 젖을 짜며 살아가던 그녀에게 새로운 세상에 눈뜨게 하는 남자 에인절이 다가온다. 그는 목사의 아들이었지만 편협한 종교를 거부하며 다른 삶을 살고자 했고, 그의 열정적인 구애에 테스는 처음으로 행복을 맛본다. 테스는 자신의 과거 때문에 그의 사랑을 거부하지만 자기 안에서 솟아나오는 그를 향한 애정을 부정하지 못하고 그들의 사랑은 마침내 결실을 맺는다. 결혼 첫날밤, 테스는 양심의 가책으로, 그리고 에인절이 모든 것을 용서하리라는 기대로, 그에게 과거를 털어놓는다. 그러나 에인절 역시 스스로가 부정하고자 했던 사회의 뿌리 깊은 인습과 편견에서 자유롭지 못했고, 테스를 버리고 떠나간다. 가장 사랑하고 신뢰하던 에인절에게 버림받은 채 절망에 빠져 있던 테스 앞에 다시 알렉이 나타난다. 그는 열렬한 신자가 되어 이전의 모습은 어디서도 찾아볼 수 없을 정도로 변모된 모습이었다. 테스는 그의 그런 모습에서조차 공포를 느끼며 그를 피하려 하지만, 알렉은 얕은 신념이 흔들리는 것을 느끼며 다시 그녀 주위를 맴돈다. 테스가 알지 못할 두려움을 느끼며 에인절에게 편지를 보내지만, 그는 이미 남미로 떠나 버린 후였다.",https://audioclip.naver.com/audiobooks/116B7EA7F8
