titles,authors,informs,clip_links
옹고집전,작가미상,"옹고집은 아주 심술궂고 행실이 고약해서, 어머니에겐 불효하고 스님을 보면 학대를 하였는데, 어느 날 옹고집이 두 명이 된다. 생김새부터 걸음걸이까지 똑같은 두 옹고집은 서로가 진짜라고 우기는데…",https://audioclip.naver.com/audiobooks/6465B25FA6
두통 치통 사랑통,이윤정,"""처음 만난 순간부터 널 사랑했어!"" ""시간이 지나니까 널 사랑했던 날 깨달았어!"" 서로의 이런 엇갈린 사랑의 타이밍 때문에 결국 그들은 아픈 사랑통을 겪게 됩니다. 놓쳐버린 지난 사랑에 아파해본 적 있나요? 그 사람의 기억에 눈물 흘려본 적 있나요? 그렇다면 당신, 놓치지 마세요. 왜냐하면 이건 바로 당신의 이야기니까요. 완이와 잎새의 슬프고도 아름다운 10년간의 사랑 이야기가 시작됩니다!",https://audioclip.naver.com/audiobooks/CF0A55E72D
이솝 우화 전집,이솝,"소크라테스와 아리스토텔레스가 극찬한 고전 중의 고전! 고대 그리스 원전에서 직접 번역한 358편의 우화 전집 이솝 우화는 원래 어린이를 대상으로 한 재미있고 교훈적인 이야기 모음집이 아니었다. 처음부터 성인들을 일깨우고 일상에서 겪은 여러 경험과 삶의 지혜를 재치 있게 전달할 목적으로 구전되다가 조금씩 수집되었다. 아리스토텔레스가 이솝과 그의 우화를 본격적으로 연구했다는 사실에서 그 진가가 드러난다. 이솝 우화에는 농민과 상인과 같은 평범한 고대 그리스인의 삶이 곳곳에 나오는데, 플라톤을 비롯한 고전 저술가의 글에서는 찾아보기 힘든 부분이다. 즉, 이솝 우화에는 귀족이나 지식인이 아닌, 그리스에서 살다간 평범한 사람들의 민낯과 사회 분위기가 그대로 반영되어 있다. 기원전 4세기에 아테네의 정치인이자 대중 연설가였던 데메트리오스는 연설가들이 사용할 수 있도록 10권으로 이솝 우화를 펴내기도 했으며, 사본 중에 많게는 600개 가까운 우화 모음집도 있다. 현대지성 클래식의 『이솝 우화 전집』은 서양인의 입맛에 맞게 많이 각색되고 분칠된 영어 판본이 아닌, 그리스어 원전에서 직접 옮겼다. 이솝 시대부터 구전을 통해 수집되면서 원형이 대체로 잘 보존된 이야기 중에서 정선된 그리스어 원전 358편을 완역하여 성인은 물론 어린이도 즐겁게 읽을 수 있도록 했다.",https://audioclip.naver.com/audiobooks/72E192D28E
가스통 르루 : 노란방의 비밀,가스통 르루,"한밤의 정적을 깨는 한 여인의 처절한 절규! 여인의 울부짖음이 메아리치는 가운데 사람들은 어떻게든 방으로 들어가는 입구를 찾으려고 애쓴다. 유일한 통로인 문은 안으로 잠겼고 작은 창문조차 쇠창살로 가로막혀 있다. 문을 부수고 들어간 방 안에는, 한 여자가 정신을 잃은 채 쓰러져 있다. 벽에 찍힌 범인의 선명한 손자국과 침대에 흩어져 있는 발자국. 분명한 범인의 흔적이었다. 그러나 범인의 모습은 어디에도 없었다. 범인은 사방이 막힌 방에서 어떻게 모습을 감추었는가?",https://audioclip.naver.com/audiobooks/1082665AD8
사랑학 수업,알퐁스 도데,"[본 오디오북은 '요약본'입니다.] 『사랑학 수업』은 진정한 사랑의 의미를 되새겨 볼 수 있는 세계 유명작가들의 ‘사랑과 이별’을 주제로 엮은 단편소설 모음집이다. 사랑하는 사람은 세상이 내게 준 선물...사랑의 숲에서 길을 묻다. 이별까지도 아름다운 우리들의 사랑이야기, 세계 명작 소설로 참사랑을 배운다. 사랑은, 진정한 사랑은, 그리고 운명적인 사랑은 평생 단 한 번밖에 할 수 없다. 그 사랑은 벼락과도 같아서 지나가고 나면 마음과 정신은 지치고 황폐해진다. 또한 사랑은 타오르는 불꽃같아서 그것이 닿는 모든 것은 재가 되어 버리기 때문에 또다시 사랑이 찾아온다고 해도 어떤 감정도, 또 어떤 꿈조차도 다시 싹틀 수가 없는 것이다. 모파상의 ‘의자 고치는 여인’ 오 헨리의 ‘황금의 신과 사랑의 신’ 이반 투르게네프의 ‘밀회’ 현진건의 ‘B사감과 러브레터’ 등 사랑을 주제로 한 세계 명작 소설을 감상해 보자.",https://audioclip.naver.com/audiobooks/E4C2C4FC71
황정민이 읽는 프란츠 카프카의 학술원에 보내는 보고서,프란츠 카프카,학술원에 보내는 보고서 (Ein Bericht für eine Akademie) 사냥꾼에게 붙잡힌 피터는 살아남기 위해 원숭이로서의 본성마저 포기하고 인간을 닮으려 노력했다.마침내 사람의 언어까지 배웠다. 사람이 되는 길을 택할 수밖에 없었던 원숭이 피터의 절절한 고백이 펼쳐진다. 고 추송웅 선생의 ＜빨간 피터의 고백＞이란 모노드라마로도 잘 알려진 작품이다.,https://audioclip.naver.com/audiobooks/C5D1F3C716
사랑에 빠지다,박수현,"나이 30이 되도록 제대로 된 연애는 딱 3번밖에 못 해본 여자 현영주! 그나마 매번 ‘헌신하다가 헌신짝 된다’는 연애박사들의 지론을 입증이나 하듯 최선을 다해 사랑하다 결국 남자한테 차이고 만다. 그런데 실연의 아픔이 채 가시지 않은 상태에서 우연히 대한민국 최고의 톱스타를 만나게 되는데… 현영주는 우연히 강정욱의 관심이 되고, 관심이 사랑이 되는 과정을 경험하며 지상 최고의 연애를 하게 된다. 주인공이 사랑에 빠지는 과정을 지켜보면서 청취자 모두 연애 할 때의 설렘을 다시 한번 느끼게 될 것이다. 여느 소설과 달리 현실감 있는 연예인과 일반인의 사랑과 감동이 아름답고 긴박하게 그려진다.",https://audioclip.naver.com/audiobooks/3456E84148
[페로 동화집] 도가머리 리케 (VAV 세인트반),샤를 페로 (Charles Perrault),"17세기 전반부를 대표하는 극작가인 코르네유의 질녀이자 작가로도 활동한 여류 문인 베르나르의 단편집에 포함된 이야기에서 영감을 얻은 것으로 전해진다. 왕자로 등장하는 ‘리케’라는 이름을 고유명사로 보는 견해도 있으나, 베르나르 부인의 출신 지역 이름이자 노르망디어로 ‘곱사등이’를 뜻한다는 점에서 주인공의 흉측한 외모를 강조하기 위한 작명으로 해석된다. 오래전부터 전해지는 민담에서 영향을 받은 동화와 달리 당시 사교계에서 활발하게 논의되었던 화두를 반영한다. *** 세인트반(VAV)이 낭독하는 페로 동화집의 「도가머리 리케」는 아이돌 및 각계 저명인사의 목소리 재능을 기부받아 소리책을 만들고 이를 통해 청각 장애인에게 희망의 소리를 선물하는 캠페인에 참여한 작품이다. 캠페인 수익금의 일부는 사랑의 달팽이 재단에 기부되어, 경제적 어려움으로 소리 없는 세상에 살고 있는 난청 아동들에게 희망의 소리를 선물해주기 위한 지원 기금으로 사용되어진다.",https://audioclip.naver.com/audiobooks/D431980B60
사라지는 건 여자들뿐이거든요,"강화길,손보미,임솔아,지혜,천희란,최영건,최진영,허희정","<이 오디오북은 한국출판문화산업진흥원(KPIPA)의 ‘2021년 오디오북 제작 지원’ 사업 선정작입니다.> 여성의 불안을 매혹적으로 형상화한 '고딕-스릴러' 테마 소설집. 강화길, 손보미, 임솔아, 지혜, 천희란, 최영건, 최진영, 허희정, 한국문학을 이끌어가는 젊은 여성 소설가 8인이 2020년을 살아가는 여성이 겪는 불안을 다양한 시공간 속에서 재현한다. 여덟 편의 서로 다른 소설들에서 두드러지는 특징은 여성 인물의 불안이 자의로든 타의로든 다른 여성을 겨누고 영향을 미친다는 점이다. 그러나 이러한 서사가 단순히 '여자의 적은 여자'라는 구도로 이해될 수는 없다. 이 불안의 중첩은 '반복'과 '세대감'을 통해 재현하는 수난사의 일환이며, 사라져왔던 여성들을 적합한 방식으로 구현하고자하는 애씀의 발로다. 평론가 강지희는 '발문'에서 에이드리언 리치의 말을 빌려 이 여덟 편의 소설을 ""극단적인 상태에 대한 소설""이라 칭한다. 소설 속의 비현실적 목소리, 유령, 환각 등은 소설의 끝까지 규명되지 않은 채 남는다. 남아서 하나의 지표가 된다. 누군가 이전에 여기 있었다는 신호가 된다. 그것은 미약하게나마 불균형하고 불합리한 방식으로나마 연대의 가능성이 된다.",https://audioclip.naver.com/audiobooks/E152E5BB59
밤이 지나간다,편혜영,"치밀한 문장에 서린 여덟가지 고독의 빛깔 편혜영은 평단과 독자들의 뜨거운 관심에 보답하듯 꾸준히 작품을 발표하고 있다. 이번 소설집은 2010년부터 현재까지 발표한 단편을 묶었다. 세번째 소설집 『저녁의 구애』(2011)에서 사회의 부조리를 폭로함과 더불어 현대인의 일반적인 불안과 고독을 이야기하며 그 어둠의 내막을 드러냈다면 이번에는 조금 다른 양상의 이야기를 선보인다. 고독한 개인의 삶에 균열이 생기고 그 틈으로 불안이 스며드는 것으로 이야기의 틀을 갖추는 작가의 능력은 이미 증명되어온바 이제 작가는 절대고독 너머, 삶의 파국 이후에 은밀히 찾아오는 희망의 기미를 포착하고 있다. 재산을 모두 축낸 아들 탓에 철거를 앞둔 아파트에서 불편한 몸으로 외로이 삶을 연명하는 노년의 여인(「야행」), 오점 없는 삶을 단번에 파괴할 만한 비밀을 안고 살아야만 하는 중년의 남자(「밤의 마침」), 말년을 함께하자며 찾아온 여동생을 요양원에 보내면서까지 노년의 허허로운 일상을 지키고자 하는 노인(「비밀의 호의」), 층간소음에 시달려 정상적인 생활을 하는 데 어려움을 겪는 이혼남(「개들의 예감」), 매일 똑같이 반복되는 일을 하며 조금의 감정의 동요도 허락지 않는 주인공 조(「서쪽으로 4센티미터」), 주눅 들어 자라온 환경 탓에 농담도 쉬이 내뱉지 못하는 한윤수(「가장 처음의 일」), 아들을 잃어버린 고통에 중독되어가는 여인 엠(「해물 1킬로그램」), 벙커를 제작하는 회사에 근무하며 갖가지 잠재적 재앙에 대한 불안에 잠식돼버린 조효석(「블랙아웃」)까지. 여덟명의 주인공은 서로 다른 고독의 빛깔을 품고 있다. 이런 고독한 인간 군상을 엮어내는 하나의 키워드는 바로 ‘비밀’이다. 모든 고독의 내부에는 은밀한 비밀이 자리한다. 그리고 긴장과 불안, 다중으로부터 분별시켜주는 모종의 우월감이 비밀의 속성이다. 작가는 노년이 되어서야 비로소 모든 비밀과 아쉬움 없이 이별하는 「비밀의 호의」의주인공을 설정함으로써 우리 삶에서 비밀이 갖는 기묘한 힘을 생각하게 한다.",https://audioclip.naver.com/audiobooks/0EA40AAA6B
크로이처 소나타,레프 똘스또이,"대문호 똘스또이가 사랑, 결혼, 여성 문제에 대해 세상에 던지는 메세지 레프 똘스또이의 문학 작품과 일기, 서간, 기고문, 논집을 모두 아우르는 「레프 똘스또이 전집」의 보급판 「똘스또이 클래식」 시리즈의 첫 번째 책이다. 『크로이처 소나타』는 똘스또이의 후기 작품으로 '회심' 이후 자연주의에 경도된 작가의 도덕적, 사상적 측면을 잘 보여 주는 작품이다. 소설은 주인공 뽀즈드느이셰프가 왜 그리고 어떻게 아내를 살해하게 되었는지를 기차에서 만난 화자에게 참회하며 고백하는 형식으로 이야기가 전개되며, 사랑, 결혼, 여성 문제 등이 심도 있게 다뤄지고 있다.",https://audioclip.naver.com/audiobooks/86B6ED0D60
책들의 부엌,김지혜,"갓 지은 맛있는 책 냄새가 폴폴 풍기는 여기는 ‘소양리 북스 키친’입니다 스타트업을 창업해 몇 년간 앞만 보며 달려왔던 주인공 유진, 우연히 찾아간 소양리에서 마법에 걸리듯 북 카페를 열기로 마음먹고 서울 생활을 미련 없이 정리한다. 입맛에 맞는 음식을 추천해 주듯 꼭 맞는 책을 추천해 주고, 책과 어울리는 맛있는 음식을 먹으며 힐링하는 곳, 숨겨뒀던 마음까지 위로받고 격려받는 곳, ‘소양리 북스 키친’은 그렇게 문을 연다. 그곳을 찾아온 9명의 손님들에게는 어떤 사연이 있는 걸까? 『책들의 부엌』에서는 ‘소양리 북스 키친’을 찾아온 인물 각각의 에피소드를 통해 다양한 고민을 말한다. 삶에서 휴식이 필요한 순간, 우연히 방문하게 된 소양리 북스 키친에서 그들은 휴식과 대화를 통해 자신을 되돌아보고 한 발 앞으로 나아갈 힘을 충전하며 어느덧 조금은 가벼운 마음으로 일상으로 돌아간다. 쉬는 것만으로도 일상의 원동력이 되는 것처럼 아무것도 하지 않아도 되는 곳, 시간이 한 템포 느리게 흘러가는 소양리 북스 키친에서의 하루는 우리가 바라는 ‘일상의 작은 쉼표’가 될 것이다. 이곳은 누군가에겐 숨겨뒀던 마음을 꺼내서 보여주고 삶에서 잠깐씩 휘청일 때마다 마음이 쉬어가는 비밀스러운 아지트 공간이다.",https://audioclip.naver.com/audiobooks/C11F8BD0D8
도시와 나 - 애인의 애인에게 들은 말,백영옥,"대한민국 최초의 여행소설집 당대 작가 7인이 순수문학으로 풀어쓴 해외 도시 여행 이 책은 성석제, 정미경, 함정임 등 현재 대한민국을 대표하는 중견 작가와 백영옥, 서진 등 대중성을 겸비한 소설가 그리고 윤고은, 한은형 등 곧 문단을 이끌어갈 젊은 작가들이 해외 도시를 배경으로 쓴 단편소설 7편을 모은 소설집이다. 등단 연도와 실제 나이와 상관없이 참여 작가들은 모두 여행을 진심으로 사랑하고 즐길 줄 아는 소설가들이다. [도시와 나]는 평이한 에세이가 아닌 문학성 짙은 단편소설로 해외 도시의 이국적인 뉘앙스와 낯선 여행의 묘미, 아울러 읽는 재미를 풍성하게 담고자 했다. 성석제는 ‘사냥꾼의 지도-프로방스의 자전거 여행’을 통해 연극제 참석차 방문한 프랑스 남부 도시 아비뇽에서 고집스럽도록 자전거 여행에 도전하는 희곡작가의 우여곡절 여정을 그렸고, 백영옥은 ‘애인의 애인에게 들은 말’에서 짝사랑하는 유부남의 자취를 들여다보려는 스토커적 여성의 면모와 정작 남자가 아닌 그의 아내에게 동화되어가는 주인공의 심리를 파고드는 식이다. 이 외에도 정미경, 함정임, 윤고은, 서진, 한은형 등의 작가들이 고쿄, 브장송, 세비야, 로스앤젤레스, 튀니스를 배경으로 소설을 써 내려간다. 단편소설 7편과 별개로 책 후미에 실린 ‘작가 인터뷰’는 기존 소설집에 실리는 문학 평론을 대체하며 이번 소설에 대한 일곱 명 작가들의 뒷얘기와 작가 개개인마다 다른 여행에 대한 생각을 들여다볼 수 있는 지면이기도 하다. [도시와 나]는 깊은 문학성을 기반으로 하되 우리 시대 가장 사랑받는 소설가들이 풀어낸 해외 도시 배경 소설로서 보다 대중적인 독자와의 만남을 유도한다. 단편소설로 만나는 도시 이야기를 통해 우리는 낯선 여행을 체험하고, 익숙한 도시의 새로운 뉘앙스를 받아들이게 되며, 소설가만의 고유한 문체와 은유와 상징을 읽을 수 있게 된다. 독자들은 이 도시 단편소설집을 통해 빼어난 소설가들의 도시 이야기는 물론 낯선 도시들의 매력을 흠뻑 흡입할 수 있을 것이다. * 백영옥 <애인의 애인에게 들은 말> - 뉴욕 짝사랑하는 그의 집에 서블렛(Sublet)을 통해 찾아간 나. 그의 집 곳곳에 묻어있는 그의 흔적을 따라가며 그와 은밀한 데이트를 즐기려 한다. 하지만 그의 집에는 그의 애인인 그녀의 흔적만이 가득하다. 난 그녀의 집같은 그의 집에 왜 와 있는거지?",https://audioclip.naver.com/audiobooks/839D955082
레트와 진 (온리원오브 MILL),이안아,"안드로이드 펫 산업이 발달하면 사람들은 진짜 개와 로봇 개 가운데 어느 쪽을 더 선호할까? 작가는 할머니가 ‘진짜배기’라고 소년에게 선물한 진짜 개와 로봇 개를 주인공으로 삼아 각각의 특성을 섬세하게 그려 보인다. 사고로 두 마리 개가 크게 다치기 전까지는 누가 진짜 개이고 누가 로봇 개인지 독자들은 판단할 수 없다. 이 두 마리 개 모두가 소년에게는 자신의 모든 사랑과 다짐과 간절함을 전하고픈 진짜배기일 뿐 *** 온리원오브의 MILL이 낭독하는 이인아 작가의 「레트와 진」는 아이돌 및 각계 저명인사의 목소리 재능을 기부받아 소리책을 만들고 이를 통해 청각 장애인에게 희망의 소리를 선물하는 캠페인에 참여한 작품이다. 캠페인 수익금의 일부는 사랑의 달팽이 재단에 기부되어, 경제적 어려움으로 소리 없는 세상에 살고 있는 난청 아동들에게 희망의 소리를 선물해주기 위한 지원 기금으로 사용되어진다.",https://audioclip.naver.com/audiobooks/A695676FD9
"거장과 마르가리타 (민음사 세계문학, 완독본)",미하일 불가코프,"20세기 러시아 문학사에서 빼놓을 수 없는 소설가이자 희곡 작가 미하일 불가코프의 『거장과 마르가리타』가 민음사 세계문학전집(254)으로 출간되었다. 환상 소설, 사회 비판 소설, 종교 소설 등 어느 범주에 넣어도 손색이 없는 이 작품은 초자연적인 대소동과 매력적인 캐릭터, 회화적인 묘사가 어우러져 독자를 환상적인 비행(飛行)의 세계로 초대한다. ‘반(反)소비에트 작가’라는 평단의 혹평과 “불가코프는 우리 편이 아니다.”라는 스탈린의 비난 속에서도 문학에 대한 열정을 놓지 않았던 불가코프는 자신의 삶을 투영한 ‘거장’의 삶을 통해 독자들 곁에 여전히 살아 있다.",https://audioclip.naver.com/audiobooks/6EB3797362
[단편] 노크하지 않는 집,김애란,작가 김애란의 출현을 알린 데뷔작. 나는 휴학중인 대학생으로 대학가 하숙집에 다섯명의 여자와 함께 살고 있다. 나는 그녀들과 한 건물에서 살아갈 뿐 어떤 관계를 맺거나 하지 않는다. 모두 각자를 소음과 흔적으로만 인지하고 있을 뿐이다. 그런 공동생활 속에서 화장실이나 냉장고 사용 등 소소한 갈등과 긴장이 생기고 예고없이 입주자가 들고나는 일이 이어진다. 어느날 나는 그녀들의 잠긴 방을 하나씩 열어보는 꿈을 꾸는데...,https://audioclip.naver.com/audiobooks/3A6380CC54
조성하가 읽는 장용학의 요한 시집,장용학,"[100인의 배우, 우리 문학을 읽다] 오디오북 시리즈는, 최민식 문소리 정진영 강부자 등 우리 시대를 대표하는 배우 103명이 한국 근현대문학의 주요 중단편소설 100편을 낭독한 프로젝트입니다. ≪요한 시집≫은 1955년 ≪현대문학≫에 발표된 장용학의 단편으로 전후 실존주의 문학을 대표하는 작품 중 한 편이다. 반공포로로 석방된 주인공 ‘동호’는 수용소에서 자살한 친구 ‘누혜’의 어머니를 찾는다. 극한 상황에 내몰린 인물들을 통해 인간의 실존과 자유의 의미를 아프게 묻고 있다.",https://audioclip.naver.com/audiobooks/94D1E00F5E
기록되지 않은 이야기 (ENOi 진우),최영희,"나를 중딩이라 부르시오. 지구를 새로운 관광특구로 개발하기에 앞서 지구로 현지답사를 나온 트룹행성 공무원은 워싱턴 DC의 햄버거 가게에서 우연히 “외계인도 대한민국 중딩들 무서워서 못 쳐들어온다”는 말을 듣는다. 진원지는 미국 동부 명문대 탐방 패키지 관광을 온 대한민국 학부모들이었는데, 트룹인들은 대한민국 중딩을 지구의 비밀 병기로 간주하고 조사에 나선다. ‘핏발 선 눈, 유니폼, 힘없는 걸음걸이, 공격성, 심한 감정 기복, 자기중심적’이란 단서만 갖고 대한민국 중딩 납치에 나선 트룹행성 공무원은 어떤 노인을 대한민국 중딩으로 간주하고 우주선에 태우려 한다. 그걸 발견한 사람은 대한민국 고양시 낙석중학교 우기영. 기영이는 첫사랑 라임이를 친구한테 빼앗기고 그 충격으로 학교에 가는 대신 공원 벤치에 누워 있다 얼토당토않은 일이 눈앞에 펼쳐지는 걸 보고 부랴부랴 우주선에 탑승한다. 기영이는 대한민국 중딩의 실체를 우주인에게 어떻게 설명할까? 우리가 알고 있는 대한민국 중딩은 진짜 지구의 비밀 병기일까? *** ENOi의 멤버 진우가 낭독하는 최영희 작가의 [기록되지 않은 이야기]는 아이돌 및 각계 저명인사의 목소리 재능을 기부받아 소리책을 만들고 이를 통해 청각 장애인에게 희망의 소리를 선물하는 캠페인에 참여한 작품이다. 캠페인 수익금의 일부는 사랑의 달팽이 재단에 기부되어, 경제적 어려움으로 소리 없는 세상에 살고 있는 난청 아동들에게 희망의 소리를 선물해주기 위한 지원 기금으로 사용되어진다.",https://audioclip.naver.com/audiobooks/7946BA1919
문소리가 읽는 기 드 모파상의 목걸이,기 드 모파상,"목걸이(La Parure) 사회계급 간 격차가 벌어지고 있던 19세기 프랑스 사회를 배경으로 인생의 아이러니를 날카롭게 풍자한 작품이다. 주인공 마틸드는 예쁘고 매력적이지만 사치를 좋아하고 허영심이 있는 여성이다. 하급 관리 남편과 함께 파티에 참석하기 위해 친구로부터 빌린 다이아몬드 목걸이를 잃어버린다. 극적 반전으로 유명하며, TV드라마, 영화로도 수차례 제작되었다.",https://audioclip.naver.com/audiobooks/E4CADB2EAD
