titles,authors,informs,clip_links
이모의 꿈꾸는 집,정옥,"〈이 오디오북은 한국출판문화산업진흥원(KPIPA)의 '2020년 오디오북 제작 지원' 사업 선정작입니다.〉 제6회 마해송문학상 수상작 이모와 진진이의 유쾌 발랄 '진정한 꿈 찾기' 프로젝트! 〈이모의 꿈꾸는 집〉은 모범생 진진이 특목고 진학을 위한 특별 캠프 대신 엉뚱한 캠프인 '꿈꾸는 집'에 초대되어 진정한 꿈을 찾아가는 과정을 활기차고 개성 있게 그린 작품입니다. 꿈조차 주체적으로 꿀 수 없는 획일화된 아이들의 삶을 예리하고도 유쾌하게 담아내어 건강한 웃음을 전해 줍니다. 모든 사물과 동물과 식물이 의인화되어 등장인물들과 함께 떠들썩한 놀이의 장을 펼치는 판타지 동화로 일상과 신비가 맞닿아 있는 '꿈꾸는 집'을 통해 진정한 꿈을 찾아 가는 진진의 여정이 아이들에게 큰 꿈을 선사합니다. 자유와 생기가 가득한 '꿈꾸는 집'에서의 생활은 공부벌레였던 진진의 삶을 바꾸어 놓습니다. 하늘을 마음껏 나는 것이 꿈인 거위 '어기', 4분의 3박자로 꼬리를 흔드는 게 꿈인 개 '덩치', 춤추는 걸 세상에서 제일 좋아하는 두레박 '퐁', 수다스러운 책들과 친해지게 되면서 공부밖에 몰랐던 진진은 아이다움을 되찾게 됩니다. 진정한 꿈은 아이들이 자발적으로 찾아야 한다는 것을, 또한 꿈은 그것을 꼭 이루어 훌륭한 사람이 되는 것이 목표가 아니라 꿈을 향하는 모든 걸음걸음이 즐거우면 그것만으로도 의미 있다는 것을 경쾌한 한 편의 이야기를 통해 부드러우면서도 힘 있게 들려줍니다.",https://audioclip.naver.com/audiobooks/546CB504A5
무정,이광수,"1917년에 발표된 <무정>은 춘원 이광수의 첫 장편소설로 한국 근대 문학사상 최초의 장편소설이라는 평가를 받는 작품이로 근대문학 초기에 개척자적 공적을 인정받은 대표작이다. <무정>은 이형식과 박영채라는 두 인물을 중심으로 민족주의 사상과 신교육 사상의 고취,자유연애의 실천등을 세밀한 묘사와 구어체를 통하여 신소설의 문체를 극복한 작품이라 할 수 있다",https://audioclip.naver.com/audiobooks/A51A237F81
남기애가 읽는 박완서의 세상에서 제일 무거운 틀니,박완서,"[100인의 배우, 우리 문학을 읽다] 오디오북 시리즈는, 최민식 문소리 정진영 강부자 등 우리 시대를 대표하는 배우 103명이 한국 근현대문학의 주요 중단편소설 100편을 낭독한 프로젝트입니다. ≪세상에서 제일 무거운 틀니≫는 1972년 ≪현대문학≫에 발표된 박완서의 초기 단편이다. 월북자 가족인 ‘나(연이 엄마)’와 장애아를 키우는 설희 엄마. 딸 아이 자모회에서 만난 둘은 자신의 아픈 상처를 솔직히 드러내 보이고 또 서로를 위로한다. ‘틀니’는 모든 한국적인 것들의 제약을 상징한다.",https://audioclip.naver.com/audiobooks/B68CB0E8BD
서이숙이 읽는 박경리의 암흑시대,박경리,"[100인의 배우, 우리 문학을 읽다] 오디오북 시리즈는, 최민식 문소리 정진영 강부자 등 우리 시대를 대표하는 배우 103명이 한국 근현대문학의 주요 중단편소설 100편을 낭독한 프로젝트입니다. ≪암흑시대≫는 ≪불신시대≫와 함께 박경리의 삶이 반영된 자전적 단편소설이다. 전쟁으로 남편을 잃고 어려운 살림에도 작가의 꿈을 안고 사는 주인공 ‘순영’에게 다시 큰 시련이 닥친다. 의료 기관의 무성의로 자식을 잃어야 했던 어미의 심정과 분노를 그대로 드러냄으로써 사회의 부조리를 고발한다.",https://audioclip.naver.com/audiobooks/7218F7EDFA
여자의 일생,기 드 모파상,"프랑스 자연주의 문학의 대가, 모파상. 그가 서른 세 살에 발표한 첫 장편 소설 <여자의 일생> 희망과 환희에 찬 미래를 꿈꾸던 소녀, 잔느. 인자한 부모님인 남작과 남작부인. 잔느와 어릴때부터 함께 자란 단짝친구같은 하녀 로잘리. 그리고, 잔느의 마음을 단번에 빼앗아간 신비로운 매력을 가진 줄리앙. 이들을 통해 19세기 귀족가정을 사실적으로 그려내 당시 2만5천부의 판매고를 올리며 공감대를 형성한 시대극. 삶의 비애와 환멸이 노르망디의 아름다운 자연 풍광 속에 펼쳐집니다.",https://audioclip.naver.com/audiobooks/CE754C5C26
박지원의 양반전,박지원,"글 읽기만 좋아하는 무능력한 양반이 천 석의 환곡을 빚지고, 이를 갚기 위해 상인에게 양반의 신분을 팔기로 한다. 상인은 양반이 될 수 있다는 말에 기쁨을 감추지 못하는데……. 박지원의 양반전을 재구성한 작품이다. 형식적이고 위선적이며 무능력한 양반을 풍자한 이야기를 들어보자.",https://audioclip.naver.com/audiobooks/31155B2445
아라비안 나이트,리처드 프랜시스 버튼,"원작의 감동까지 그대로 담았다! “아라비안 나이트 제대로 읽어본 적이 있으십니까?” 샤라자드가 들려주는 흥미진진한 모험과 신비로운 사랑 이야기로 빠져보자. 원작 그대로 재현한 아라비안 나이트, 그 환상의 세계로 독자들을 초대한다. 아라비안 나이트가 원작에 가까운 번역으로 다시 태어났다. 이 책은 아라비아어로 쓰인 설화집 <아라비안 나이트>의 원문을 충실히 재해석하여 원작의 감동까지 고스란히 전하고 있다. 아라비안 나이트는 인도와 이란, 이라크, 시리아 아라비아, 이집트 등의 갖가지 설화가 포함되어 있지만 아랍어와 이슬람 사상으로 통일되어 있는 점이 특징이다. 이 이야기들은 설화문학사상 가장 강렬하고 반향이 큰 대표 작품으로 각 이야기의 작자는 한 사람도 알려져 있지 않으며 긴 세월 동안 무수한 사람들의 손을 거쳐 만들어졌다. 아라비안 나이트는 전체가 하나의 큰 틀 안에서 여러 이야기가 담겨 있는 구성으로 되어있다. 인도와 중국까지 통치한 사산왕조의 샤리아르 왕이 아내에게 배신당한 이후로 모든 여성을 증오하여 매일 새 신부를 맞이하고 그 다음날 아침에 그 신부를 죽여 버리는 것이 이야기의 배경이며 대신의 딸이자 현명한 여인였던 샤라쟈드가 그 왕에게 시집을 가게 되면서 이야기가 시작된다. 샤라쟈드는 결혼 첫날부터 왕에게 밤마다 재미있는 이야기를 들려준다. 왕은 이야기를 계속 듣고 싶은 나머지 샤라쟈드를 죽이지 않는데 그 이야기는 천일하고도 하룻밤 동안 계속 된다. 마침내 왕은 자신의 생각을 버리고 샤라쟈드와 결혼하여 행복한 여생을 보내게 된다. 이 책은 아랍어 원본을 19세기 영국의 유명 작가 겸 외교관으로 알려진 리처드 버튼이 영어로 옮겨 적은 글을 번역한 것이다.",https://audioclip.naver.com/audiobooks/8011A48873
이사 (옥상달빛 박세진),정소연,"「이사」의 주인공 지후는 가족과 함께 다른 행성으로 이주해야 한다. 아픈 여동생 지혜를 치료하려면 어쩔 수 없다지만, 지후는 부모님의 결정이 야속하기만 하다. 지후에게는 고향 마키옌데를 떠나면 안 되는 특별한 꿈이 있기 때문이다. “지후는 오빠고, 이제 다 컸잖아.” 눈물이 났다. 부모님이 준비한 연설대로라면, 열세 살은 내가 우주 비행사가 되고 싶은지 의사가 되고 싶은지 모를 만큼 어린 나이이지만, 동생을 위해 멀리 부모님을 따라가야 한다는 말을 이해할 만큼은 다 큰 나이였다. (…) 열세 살 따위. 얼마 전까지만 해도, 새 우주선을 직접 볼 수 있는 나이였는데. 이제 아무것도 아니다.― 본문 31~32면 그러나 지후는 자신의 꿈을 이루지 못하게 되리라는 걸 알면서도 엄마, 아빠에게 분한 감정을 내지르지 않고 속으로 조용히 아쉬움을 삭일 뿐이다. 그리고 자신이 어쩔 수 없이 받아들여야 하는 현실과 담담히 마주한다. *** 박세진(옥상달빛)이 낭독하는 정소연 작가의 「이사 」는 아이돌 및 각계 저명인사의 목소리 재능을 기부받아 소리책을 만들고 이를 통해 청각 장애인에게 희망의 소리를 선물하는 캠페인에 참여한 작품이다. 캠페인 수익금의 일부는 사랑의 달팽이 재단에 기부되어, 경제적 어려움으로 소리 없는 세상에 살고 있는 난청 아동들에게 희망의 소리를 선물해주기 위한 지원 기금으로 사용되어진다.",https://audioclip.naver.com/audiobooks/FD654B967F
산골 소년과 노신사 (ENOi 어빈),박윤규,"산골 마을에서 도시로 이사 갔던 까까머리 소년이 백발 노신사가 되어 고향 마을로 돌아오는 시간 여행길 가로수가 노랗게 물든 어느 가을날 버스 정류소, 오랜 해외 생활을 하다 돌아온 듯한 노신사 앞에 옛날 시골 버스가 선다. 털보 운전기사가 문을 열어 주자 노신사는 성큼 버스에 올라타고, ‘자신이 태어난 강으로 돌아가는 한 마리 연어처럼 버스는 가로수를 물결처럼 헤치며’(본문 10쪽) 외줄기 꼬부랑길을 거슬러 올라간다. 이렇게 시작된 노신사의 고향으로 가는 시간 여행길은 ‘버스가 달리는 동안 노랗게 물든 가로수 잎새들은 서서히 초록색으로, 다시 연두색으로 변해’(본문 10쪽) 간다. 어느덧 고향 마을에 버스가 도착하자, 노신사는 온데간데없고 까까머리 소년이 버스에서 폴짝 뛰어내린다. *** ENOi의 멤버 어빈이 낭독하는 박윤규 작가의 「산골 소년과 노신사」는 아이돌 및 각계 저명인사의 목소리 재능을 기부받아 소리책을 만들고 이를 통해 청각 장애인에게 희망의 소리를 선물하는 캠페인에 참여한 작품이다. 캠페인 수익금의 일부는 사랑의 달팽이 재단에 기부되어, 경제적 어려움으로 소리 없는 세상에 살고 있는 난청 아동들에게 희망의 소리를 선물해주기 위한 지원 기금으로 사용되어진다.",https://audioclip.naver.com/audiobooks/CC49FB09E3
잘자요 너구리,최상희,"나는 열다섯에 교통사고를 당했고 깨어나니 스물다섯이다. 그런데 어느 날 산책을 나간 나에게 열다섯의 소녀가 야생 너구리 못 봤느냐고 물으며 다가온다. 소녀와 산책길에 계속 만나게 되면서 소녀의 꿈이 발레리나였지만, 지금은 집안 형편 때문에 꿈을 접었다는 얘기를 듣는다. 두 사람은 이제 무엇을 꿈꿔야 하는지 모르지만, 지금은 도약하는 시기임을 깨닫는다. 해리포터와 헤르미온느가 결혼 안 한다에 십 만원을 걸고 그 결과를 모른 채 곧바로 스물다섯 살 ‘아저씨’가 된 나는 야생 너구리를 조심하라는 발레 소녀를 만나면서 잃어버린 십 년을 아름답게 떠나보낼 수 있게 된다. ■ <바다, 소녀 혹은 키스> 작품 소개 세상 어딘가에서 일어날 법한 마법 같은 인생 여행을 담은 단편집 <델 문도>로 12회 사계절문학상을 받은 최상희 작가의 두 번째 소설집이자 사계절1318문고 백아홉 번째 책 <바다, 소녀 혹은 키스>가 출간되었다. <델 문도>로 청소년문학의 새 지평을 열었다는 평을 받은 작가의 신작에는 고독과 외로움, 설렘과 그리움, 상처와 치유에 관한 소설 여덟 편이 담겨 있다. 간결하고 단단한 문장이 돋보이는 <바다, 소녀 혹은 키스>는 「방주」를 비롯해 「잘 자요, 너구리」, 「고백」 등 단편 하나하나가 온전한 그릇에 담겨 제각각 고유한 맛을 낸다. 상처와 치유에 관한 개성적이면서도 내밀한 이야기들은 우리가 지금껏 잊고 살았던 자신만의 진실한 감정을 꺼내 들게 한다. 작가는 이 작품집으로 2016년 대산창작기금을 받았다. *** 임팩트의 멤버 이상이 낭독하는 최상희 작가의 [잘자요 너구리]는 아이돌 및 각계 저명인사의 목소리 재능을 기부받아 소리책을 만들고 이를 통해 청각 장애인에게 희망의 소리를 선물하는 캠페인에 참여한 작품이다. 캠페인 수익금의 일부는 사랑의 달팽이 재단에 기부되어, 경제적 어려움으로 소리 없는 세상에 살고 있는 난청 아동들에게 희망의 소리를 선물해주기 위한 지원 기금으로 사용되어진다.",https://audioclip.naver.com/audiobooks/8B1A8EE879
은퇴한 물감 제조업자,아서 코난 도일,"세계 유명 작가들의 미스터리 고전을 엄선하여 소개하는 시리즈 작품! 전운이 감돌고 있는 영국의 한적한 시골. 독일의 스파이가 영국에서의 활동을 마치고 귀국 준비를 한다. 그리고 최대의 성과라 할 수 있는 해군 암호를 손에 넣기로 한 날 밤…… 《출판사서평》 추리의 세계는 언제나 흥미진진하다. 공상의 세계 역시 흥미진진하기는 하지만 그것은 현실과 상관없이 펼쳐지기도 한다. 고립된 독방에서도 너른 세상의 수많은 사람들과 다채로운 일들을 떠올리게 해주는 것이 공상이다. 물론 이것도 개인의 경험을 바탕으로 펼쳐지기는 하지만 거기에 논리성 같은 것은 필요 없어서 이 사건이 저 사건과 하나가 되기도 하고 한 사건이 전혀 연관성 없는 다른 세계로 펼쳐지기도 한다. 하지만 추리는 언제나 현실에 기반을 두고 있다. 하나의 사건 속에서 벌어진 일들은 서로가 밀접한 관계를 맺고 있으나 주의해서 잘 관찰하지 않으면 아무런 관계가 없이 벌어진 일처럼 보이기도 한다. 그렇기 때문에 추리에서는 세심한 관찰과 풍부한 지식이 무엇보다 중요한데, 관찰에서 놓치는 부분이 있으면 결론에 이르기까지의 연결고리가 끊어져 결론에 이르지 못하거나 억측을 낳아 전혀 엉뚱한 곳에 다다르게 되고, 풍부한 지식이 없으면 관찰을 통해 밝혀낸 사실들의 참된 의미를 알지 못해 결정적인 사항을 놓치거나 역시 엉뚱한 결론에 다다르게 되기 때문이다. 따라서 추리에는 관찰과 지식, 그리고 논리성이 절대적이다. 이번 시리즈에서는 세계적 명성을 얻은 작가들의 추리소설을 소개하겠다. 그들이 펼쳐 보이는 화려한 추리의 세계를 통해 재미와 함께, 정확한 추리를 위해서는 무엇을 관찰해야 하는지 또 관찰을 통해 얻은 사실은 무엇을 의미하는지 그러한 사실들을 어떻게 논리적으로 연결 지어야 하는지, 그 과정을 배워보기 바란다.",https://audioclip.naver.com/audiobooks/0676EBE631
베니토 세레노,허먼 멜빌,"세계대표명작을 엄선하여 줄거리, 주제등을  성우의 목소리로 들려주는 세계 명작  보물창고!  오디오북을 통해 세계 대표명작을 만나 보세요.",https://audioclip.naver.com/audiobooks/987F4D70A1
영 굿맨 브라운,나다니엘 호손,"세계대표명작을 엄선하여 줄거리, 주제등을  성우의 목소리로 들려주는 세계 명작  보물창고!  오디오북을 통해 세계 대표명작을 만나 보세요.",https://audioclip.naver.com/audiobooks/07E96E6601
정복하지 않은 사람들,어슐러 K. 르 귄,"“유리감옥을 깨뜨려라!” SF 소설의 페미니즘 르네상스를 이끌어온 전 세계 여성 작가들의 주옥 같은 작품을 가려 모았다. 오늘날 SF 소설계에서 가장 인정받는 편집팀으로서 여러 상을 수상하기도 한 앤 밴더미어와 제프 밴더미어 부부가 선정하고 구성한 뛰어난 페미니즘 SF 선집이다. 1960년대 작품부터 동시대 작품까지 두루 포함하는 이 선집은 페미니즘 담론의 확장을 추구하는 동시에 상상력 넘치는 풍성한 생각거리로 독자들을 이끈다. 이 걸작선은 SF와 페미니즘의 연관관계를 보여 주는 대담한 사례들을 모았다. 조안나 러스의 고전 <그들이 돌아온다 해도>에서부터 에일린 건의 <중간관리자를 위한 안정화 전략> 같은 풍자적인 작품까지, 이 영역의 작업들이 가지는 강렬한 집중도를 드러낸다. 캐서린 M. 밸런트와 같은 주목받는 작가들과 함께 반다나 싱, 히로미 고토와 같은 전 세계 작가들의 작품을 포함한 이 선집은 페미니즘의 다양한 목소리들을 담아낸다. 이 선집은 동시대 소설과 페미니즘의 두 측면에서 새로운 전선들로 사고를 확장한다. 환상적인 작품에서 미래지향적 작품으로, 신비로운 작품에서 초현실적인 작품으로 옮겨가는 이야기들은 지금 우리가 접할 수 있는 어떤 책과도 다른 페미니즘을 향한 생각들과 감정들을 불러일으킨다. “SF 소설이 가진 남다른 정치적 힘을 보여주는 꼭 필요한, 잘 가려 뽑은 선집.” - <커커스 리뷰> “여기 수록된 이야기들은 우리가 원했던 바로 그 일을 해낸다. 진부한 설정들을 찢어발기고, 젠더와 그 함의에 의문을 던지고, 풍자와 유머와 사회적 징후와 규정들에 대한 날카로운 지적 분석을 동반한 의도적 무지를 이용하여 정체성을 들여다본다.” - 마베쉬 무라드, <토르닷컴> “지난 수십 년간 여성 SF 작가들이 이룬 가장 빛나는 성과들을 엮은 다채롭고 놀라운 선집이다.” - 앤드류 앤드류스, ‘truereviewonline.com’ “저자들은 모두 페미니스트이며 SF 소설 혁명의 자매들이다. 그러므로 그들의 역할은 가능한 세계와 존재의 방식들을 탐험하는 것이며, 그려진 시나리오들로부터 각자의 교훈을 끌어내는 것은 독자들의 몫이다.” - 에리카 스미스, <피스 뉴스> “페미니스트든 아니든 SF 소설 팬이라면 누구나 반드시 읽어야 할 필독서이며, 이런저런 여성학 관련 학습과정을 짤 때 활용할 수 있는 흥미로운 텍스트가 될 것이다.” - 다이앤 칸스, ‘worldliteraturetoday.org’ “이 매혹적인 선집은 뉴웨이브 SF와 페미니즘 사변소설계의 경향들이 어떻게 여성과 페미니즘에 관한 문화와 관점의 변화들을 반영하고 있는지 보여준다.” - 바네사 부시, <북리스트> “이 책에 실린 작품들은 모두 여성들이 세계와 맺고 있는 관계의 양상들을 탐구한다. 이 작품들은 사회적 역할과 성역할, 성별, 연애 관계, 일과의 관계에 주목한다.” - 일레인 갤러퍼, <인터존> “이 책은 우리 모두가 연루돼 있는 장르와 젠더, 문화와 맥락에 관한 논의에서 빠질 수 없는 강력하고도 귀중한 선집이다.” - 캐리 스페링, <스트레인지호라이즌닷컴> “밴더미어 부부가 페미니즘 면에서든 다른 어떤 면에서든 근래 들어 최고의 SF 선집이라 할 만한 걸 엮어냈다.” - 일리저베스 핸드, <로스앤젤레스 타임즈> “주제에 맞게 배열된 작품들은 각각의 작품을 가장 선명하게 조명해내는 도발적이고 극적인 배치를 통해 서로 흘러들고 또 서로 반발한다.” - 《퍼블리셔스 위클리》 “편집자들은 이 선집을 얻기 위해 넓게 멀리까지 작품들을 뒤졌다. 다양한 SF의 향연. 장르와 정치적 성향을 떠나 이 책은 훌륭한 선집이다.” - 키스 브룩, 《가디언》 “이 ‘고도로 잘 정돈된’ 페미니즘 SF 선집에는 분명하게 밴더미어 부부의 도장이 찍혀 있다. 이 선집은 호러와 판타지를 포함한 사변소설의 모든 장르를 아우를 뿐만 아니라 이런 주제의 선집에 대한 모두의 기대를 뛰어넘으며 상당한 분량의 초현실적이고 기괴한 작품들까지 선보인다.” - 귀네스 존스, 《뉴욕 SF 리뷰》",https://audioclip.naver.com/audiobooks/0B5C556D1B
까칠한 재석이가 폭발했다,고정욱,"[본 오디오북은 '요약본'입니다.] 학교 폭력과 왕따 주동자를 향한 분노의 하이킥! 더욱 스펙터클해진 ‘까칠한 재석이’의 액션 활극 까칠한 재석이와 친구들의 좌충우돌 성장기! ‘희망 멘토’ 고정욱의 「까칠한 재석이 시리즈」 다섯 번째 이야기 『까칠한 재석이가 폭발했다(특별보급판)』. 학교생활을 괴롭게 만들고 심지어 자살에까지 이르게 하는 ‘학교 폭력’과 ‘왕따’ 문제에 정면으로 맞서 학교라는 공간에서 발생하는 문제들이 사건으로 펼쳐지고 이것을 해결하기 위한 재석과 친구들의 치열한 노력이 치밀한 구성으로 그려진다. 말보다 주먹이 앞서고 가진 거라곤 큰 덩치와 의리뿐인 황재석. 문제아에서 작가 지망생으로 그야말로 환골탈태한 재석은 열심히 책을 읽고 글쓰기 연습을 하며 소설 공모전을 준비하느라 바쁘게 보낸다. 그러던 어느 날 자신의 글쓰기 멘토인 친구 병조가 재석과 민성에게 사촌 동생의 문제로 도움을 청한다. 이제 겨우 초등학교 4학년인 사촌 동생 준석이 학교에서 일진들에게 왕따를 당한다는 것이었다. ‘검은 장갑’이라는 패거리가 접근해 의형제를 맺자고 하자 준석은 이를 거절하고, 그러자 괴롭히며 상납까지 요구했다는 것이다. 이에 재석과 민성, 그리고 보람이와 향금이 상납을 요구하는 검은 장갑 패거리들을 만나 준석이를 구한다. 하지만 초등학생부터 중고등학생까지 조직적으로 연결되어 있는 일진 패거리 검은 장갑은 재석을 위협하고, 야마하를 타고 다니는 전교 1등의 석환은 오히려 죄를 재석에게 뒤집어씌워 학교폭력위원회에 고발하기까지 하는데…….",https://audioclip.naver.com/audiobooks/0DFD6703B9
젊은 예술가의 초상,제임스 조이스(James Joyce),"'율리시스'로 유명한 아일랜드 출신 작가 James Joyce의 자전적 교양소설! 주인공 스티븐 데덜러스의 유년기에서부터 청년기에 이르는 정치적, 종교적, 지적인 부딪힘을 연대순으로 기록함으로써, 가정, 종교, 국가를 초월해 그가 예술가로서의 포부를 실현하기 위해 결국엔 자기 유배의 길을 떠나는 성장과정을 그리고 있는 예술가 소설이다. 또, 외형상으로는 완벽한 3인칭 소설의 형식을 취하고 있지만, 작가의 대표작인 '율리시스'에서 본격적으로 구사되는 '의식의 흐름' 기법을 사용해 주인공 데덜러스의 자아상 탐색과 정신적인 성장에 초점을 맞춰 예술가로서의 자신의 삶도 자연스레 담아내고 있다. 20세기 모더니즘 문학의 선구자로 일컬어지는 James Joyce의 '젊은 예술가의 초상' EBS 성우 김윤미의 따뜻하면서도 깊이있는 목소리로, 바로 지금 만나보세요.",https://audioclip.naver.com/audiobooks/2CCEBA7905
"살고, 사랑하고, 웃으라",이솝,"[본 오디오북은 '요약본'입니다.] 내 손의 온기를 느끼는 시간, 이솝우화를 필사하다 시공을 훌쩍 뛰어넘어 여전히 현대인에게 인생의 지혜를 선사하는 『이솝우화』를 필사로 만나보자. 『이솝우화』가 지어진 지 2,600년이 지났지만, 그동안 삶의 모습은 크게 달라지지 않았다. 삶은 여전히 고달프고 사람들은 각자의 문제에 매여 있다. 그렇기에 성인이 되어 읽는 『이솝우화』는 어릴 적 읽었던 『이솝우화』와는 또 다른 느낌으로 다가온다. 특히 이 책은 페이지마다 감성적인 사진과 함께 짧은 글을 싣고 반대편에는 필사할 수 있는 여백을 마련했기에, 펜 하나만 가지고 곧바로 필사의 세계로 빠져들 수 있다. 빠르게만 흘러가는 세상 속에서 느리게 읽는 필사의 즐거움을 느껴보자. 인류에게 『성경』 다음으로 많이 읽힌 불멸의 고전 『이솝우화』! 한 글자 한 글자 손으로 쓰다 보면 독자들은 잊고 있었던 지혜를 재충전할 수 있을 것이다.",https://audioclip.naver.com/audiobooks/CE9B0DE00B
방주로 오세요,구병모,"부수려는 자와 막으려는 자 당신의 시간을 하얗게 연소시킬 이야기의 연쇄 폭발 지금 이야기 질주가 시작된다! 『위저드 베이커리』의 작가 구병모의 신작 장편소설. 『방주로 오세요』는 시스템과 인간의 차이, 그 결정적 버그에 대한 거대한 은유인 동시에, 현실에 대한 정확한 가정법이다. 무엇이 인간다운 것인가, 그리고 인간답게 살 수 있는 방법이 있다면 그것은 어딴 모습을 띠는가. 작가는 연쇄 폭발하듯 터지는 질문들에 해답을 제시하지 않는다. 그건 작가의 몫이 아니다. 작가는 그저 현실의 문제를 직시함으로써, 우리 스스로 누군지 발견하도록 만든다. 작가와 작품은 이 커다란, 마치 폭탄과 같은 화두를 흥미진진한 이야기에 싣고 질주할 뿐이다. 이 책을 청소년들이 반드시 일독해야 하는 이유이기도 하다. 운석이 떨어진 위기 속 살아남은 지구. 지구의 권력자들은 이 일을 계기로 '방주 프로젝트'라는 미래 도시 설계-시공에 나선다. 이를 통해 만들어진 방주시bangju-city는 돔으로 둘러싸인 밀폐형 도시다. 모든 시스템이 갖추어져 있는 이곳에 서민들이 살 수 있는 방법은 시험을 통해 임시직을 얻는 방법과 방주고bangju high school에 입학하여 신분상승을 꾀하는 방법, 이 둘뿐이다. 쌍둥이인 마노와 루비는 어려운 시험을 거쳐 방주고에 입학한다. 이들은 어렸을 적 이곳에 놀러온 적이 있다. 그리고 동생인 마노는 우연한 계기로 만난 여학생을 찾고 싶어 한다. 그녀는 마노의 첫사랑이다. 하지만, 갓 입학한 마노는 학생회장 일락의 마수에 걸리게 되고, 쌍둥이 누나 루비의 안전을 위해 일락의 스파이 노릇을 해야 하는 처지에 놓인다. 그가 감시해야 하는 단체, 프로네시스는 모두에게 인기가 많은 2학년 시온과 그의 친구 안지, 1학년 달리로 구성되어 있는 단체로 방주시의 횡포를 고발하고 이를 위해 방주고등학교를 폭파할 계획을 가지고 있다. 어쩔 수 없이 이들의 계획에 동참하게 된 마노 그리고 마노를 따라 들어온 루비. 하지만 마노와 루비는 프로네시스의 계획에 동의하지 않는다. 게다가 늘 이들을 믿지 않고, 딴죽만 거는 달리와는 그저 불편할 뿐이다. 폭파 계획이 한창 진행되는 어느 날, 마노는 그토록 찾아헤매던 자신의 첫사랑을 찾게 되고, 사태는 점점 어려운 방향으로 치닫게 되는데. 과연 학교는 폭파될 것인가. 마노는 첫사랑과 자신의 꿈을 모두 지킬 수 있을까.",https://audioclip.naver.com/audiobooks/916A73B620
소송,프란츠 카프카,"모더니즘 시대에 이미 포스트 모더니즘 문학을 완성했던 카프카는 한 세기 가까운 시간이 지났음에도 그 문학적 가치를 더욱 인정받고 있다. 도시의 한 부분으로서 인간이 느끼는 고독함과 삶의 허무함을 표현한 그는 그의 여러 문학을 통해서 알 수 없는 힘의 존재에 의해 자신의 삶이 허물어져 가는 과정을 비현실적인 소재를 통해 그리고 있다. 특히 본작 <소송>은 알 수 없는 권력에 의해 휘둘리게 되는 한 인간이 사라져가는 과정을 통해 사회가 가지고 있는 권력이라는 것이 얼마나 비합리적이며, 또한 그 사회의 개인은 얼마나 나약하고 하찮은 존재인지를 그리고 있다. 아무런 의미도 없는 체포를 하고, 그것을 극복하기 위해 온갖 비정상적인 방법을 동원해야 하며, 결국에는 아무 의미와 실체도 없이 권력이 행사되는 것. 이것은 비단 카프카의 문학 속에서만 존재하는 괴상한 사회가 아니라 지금 현대 국가 제도에서 살고 있는 우리 모두에게 적용되는 것이기도 하다. 어둡고 우울한 이미지로 표현된 이 오디오 북을 통해서 카프카가 가지고 있던 도시와 국가에 대한 허무한 감성을 그대로 느껴 볼 수 있는 기회가 될 것이다.",https://audioclip.naver.com/audiobooks/C486CDA069
