titles,authors,informs,clip_links
잉여인간 (Resound단편),손창섭,"「잉여인간」은 1958년 9월 『사상계』에 발표된 손창섭의 단편소설입니다. 소설은 서만기, 채익준, 천봉우 세 인물형의 제시를 통해 한국 전쟁의 결과로 남겨진 잉여인간의 단면을 드러내고 있습니다. 소설의 주인공이자 치과원장인 서만기, 그의 병원으로 출근하다시피하는 하는 중학 동창생인 비분강개파 채익준과 실의의 인간 천봉우, 그리고 그 주변 인물에 대한 이야기를 그린 소설입니다. 주변 인물들의 정신적 지주 역할을 맡고 있는 서만기는 경제적인 빈궁함 속에서도 비굴해지지 않고 이상적인 인간과 옳은 삶의 방향을 제시하는 인간형입니다. 소설은 건물의 주인인 천봉우의 처에 대한 풍자를 통해 병든 세태적 현실을 고발하고 있으며 더 나아가서 서만기, 채익준, 홍인숙, 은주 등 선의의 인간형으로 등장하는 인물들 또한 피폐한 전후 사회 속에서 잉여인간으로 전락해가는 모습을 그리고 있습니다. 「잉여인간」의 오리지널 스코어를 작곡한 '김성배'는 베이시스트 재즈뮤지션이자 음악프로듀서입니다. 김성배는 재즈,국악클래식,국악일렉트로닉, 사운드 아트 등 기존 장르에 얽매이지 않고 그만의 독창적인 소리를 찾아내기 위해 다양한 활동을 해왔습니다. 2013년 첫 번째 정규앨범인 <Pepper Man>발표로 세간의 주목을 받았습니다. 100년 전 우리 소설, 아름다운 소리로 만나다. [Resound 단편] 시리즈 소위 ‘고전’이라 불리는 작품들은 시대를 불문하고 인간과 삶을 관통하는 날카로운 통찰을 담고 있습니다. 그러나 한 번쯤 제목은 들어 봤을지라도, 제대로 읽어본 적은 없는 경우가 많습니다. 왜일까요? 어쩌면 고전은 낡고 지루하며 어렵다는 편견이 있는 건 아닐까요. [Resound 단편] 시리즈는 그 편견을 깹니다. 오늘날 활발히 활동 중인 작가들이 고쳐 쓰고, 그 원고를 전문 배우들이 생생하게 낭독하고, 거기에 뮤지션들이 작곡한 음악이 더해져, 고전은 새로운 예술작품이 되었습니다. 옛 것의 가치는 간직하되 새로운 옷을 입고 화려하게 돌아온 50편의 [Resound 단편] 시리즈가 새로운 문학의 세계, 감상하는 오디오북의 세계로 당신을 초대합니다.",https://audioclip.naver.com/audiobooks/67A02933B5
사나운 새벽,윤석진,"""기억이 나지 않아. 도대체 내..내가 누구지?"" 마왕과 계약을 맺어 흑마법사가 된 주인공 록베더! 그는 마왕의 힘이 약해지는 기간 동안 동결마법으로 잠이 들게 되는데… 잠에서 깨어난 그는 자신의 과거를 모두 잊어버린 채 팬게이드 제국의 황태자 록그레이드 팰러스가 되어 있었다. 끊임 없이 자신의 정체성에 대해 의심을 하며 힘든 여정을 떠나는 록그레이드, 과연 그는 누구인가? <귀환병 이야기> <쿠베린>으로 유명한 작가 이수영이 그녀의 아들 이름으로 출간한 또 다른 판타지 소설,",https://audioclip.naver.com/audiobooks/743ECCF65F
"파우스트 박사 1 (민음사 세계문학, 완독본)",토마스 만,"노벨문학상 수상작가 토마스 만 스스로가 가장 아끼는 작품이라고 밝힌 최후의 걸작 <파우스트 박사>. 고독하고 오만한 천재 작곡가가 창작의 위기에서 자신의 영혼을 담보로 악마와 거래를 하고, 결국 정신적 파멸에 이른다는 내용으로, 중세 파우스트 전설을 현대적으로 재해석하였다. 토마스 만은 이 작품에 양차 대전 당시 파시즘에 열광하고 유대인 학살을 묵과한 독일의 실상을 투영하여 날카롭고 진중한 자기성찰을 보여 주었다. 다른 한편으로 가장 독일적인 면모를 보이는 전위적인 음악가의 생애를 통해 독일 정신의 본질과 독일의 역사, 사상, 문화와 예술을 총망라한 철학적인 작품이다. 히틀러 치하의 독일에서 인문학자인 차이트블롬은 이 년 전에 죽은 친구이자 천재 작곡가인 아드리안 레버퀸의 전기를 집필한다. 레버퀸은 창작의 위기를 겪다가 악마를 대면하고, '누구도 사랑하지 않고 이십사 년 후에 영혼을 바칠 것'을 조건으로 계약을 맺는다. 이후 그는 시대적 혼란과 주변의 불행 속에서도 뛰어난 곡들을 창작하지만, 결국 십 년간이나 정신 착란에 시달리다 죽는다. 그는 파멸에 이르기 직전, 마지막 작품인 '파우스트 박사의 비탄'을 들려주기 위해 지인들을 모은 자리에서 자신의 작품들이 악마와의 계약을 통해 탄생한 것이며, 주변 사람들이 당한 불행은 이 계약을 지키기 위해 자신이 꾸민 것이라는 비밀을 털어놓는다.",https://audioclip.naver.com/audiobooks/43BA5ABF67
"첫사랑 (민음사 세계문학, 완독본)",이반 투르게네프,"러시아 문학의 거장 투르게네프의 대표작 사랑의 가수 투르게네프가 그린 첫사랑을 위한 불멸의 서사시 톨스토이, 도스토예프스키와 함께 러시아 문학의 3대 거장으로 손꼽히는 투르게네프의 대표작. 한 여자를 사이에 둔 아버지와 아들의 삼각관계를 투르게네프 특유의 부드럽고 섬세한 필치로 그려 내고 있으며, 등장인물들의 탁월한 심리 및 성격 묘사가 돋보이는 작품이다. 「첫사랑」 외에도 1840년대 모순과 갈등으로 혼란한 러시아 사회에서 방황하는 귀족 출신 젊은이들의 사랑과 좌절을 그린 「귀족의 보금자리」, 벙어리이자 귀머거리 농노와 그가 사랑한 강아지에 대한 감동적인 이야기 「무무」가 함께 수록되어 있다.",https://audioclip.naver.com/audiobooks/4608BED91F
자유를 향한 비상구,장소영,"유정현, 그녀에겐 단 하나 꿈이 있습니다. 자유로운 세상을 훨훨 날아 다니는 그런 작은 소망이 있습니다. 그런 세상을 향해 한걸음 한걸음 나아갑니다. 그는 그녀의 단 하나의 소망을 이루어 줄 수 있는 사람입니다. 그는 그녀의 자유를 향한 단 하나의 비상구입니다. 해군특수전여단 UDT/SEAL의 인간병기 정지혁 소령. 그녀를 놓아줄 수 없습니다. 그녀의 단 하나의 꿈이 자유라 해도 자신의 곁에 묶어둘 것입니다. 그녀를 지킬 것입니다. 목숨보다 더 소중한 그녀가 온전히 나에게로 올 때까지 그녀를 지킬 것입니다.",https://audioclip.naver.com/audiobooks/A2EB25B825
"마작철학 (RESOUND 단편, 전박찬 낭독)",이효석,"「마작철학」은 '이효석'의 단편소설로 '마작'에다가 마작과는 어울리지 않은 '철학'이라는 제목을 붙였지만, 사실 소설은 도시의 부자와 어촌의 빈민을 대비시켜 자본과 노동간의 계급 대립을 그리고 있습니다. 마작철학은 정어리 삯전 인하를 반대하는 '노동자 파업'을 다루고 있지만, 소설 말미에 정어리 시세폭락의 배후에는 해외 거대 자본이 도사리고 있다는 인식을 드러냅니다. 이처럼 동시대의 경향파적 소설의 특징인 노동자의 승리나 의식 고양, 계몽으로 결말을 처리하는 기법과는 다르게 마작철학은 일제를 비판하며 조금 더 본질적인 문제를 제시합니다. 마작철학은 힘있는 자와 힘없는 자, 부르주아지와 노동자계급, 빈자와 부자에 대한 시선을 동등하게 보내며 작가의 치밀한 탐구 의식을 보여주고 있다는 평을 받습니다. 「마작철학」의 오리지널 스코어를 작곡한 '박경소'는 가야금 연주자이자 작곡가입니다. 2004년 가야금 트리오인 가야금 앙상블 아우라로 데뷔했으며, 2005년 퓨전음악그룹 ‘오리엔탈 익스프레스(Oriental Express)’ 멤버로 합류하면서 가야금의 다양한 가능성을 실험해왔습니다. 2008년에는 솔로 데뷔 EP <코스모브리CosmoBreeze>와 <이것은 가야금이 아니다>(2012), <가장 아름다운 관계(2014), <산조, 문묘제례악>(2018)을 잇달아 발표했습니다. 대금 이명훈, 타악 및 가야금 박경소님이 달밤 오디오북 오리지널 스코에 연주에 참여 했으며, 믹스는 박근상, 녹음은 이지영님이 진행했습니다. 100년 전 우리 소설, 아름다운 소리로 만나다. [Resound 단편] 시리즈 소위 ‘고전’이라 불리는 작품들은 시대를 불문하고 인간과 삶을 관통하는 날카로운 통찰을 담고 있습니다. 그러나 한 번쯤 제목은 들어 봤을지라도, 제대로 읽어본 적은 없는 경우가 많습니다. 왜일까요? 어쩌면 고전은 낡고 지루하며 어렵다는 편견이 있는 건 아닐까요. [Resound 단편] 시리즈는 그 편견을 깹니다. 오늘날 활발히 활동 중인 작가들이 고쳐 쓰고, 그 원고를 전문 배우들이 생생하게 낭독하고, 거기에 뮤지션들이 작곡한 음악이 더해져, 고전은 새로운 예술작품이 되었습니다. 옛 것의 가치는 간직하되 새로운 옷을 입고 화려하게 돌아온 50편의 [Resound 단편] 시리즈가 새로운 문학의 세계, 감상하는 오디오북의 세계로 당신을 초대합니다.",https://audioclip.naver.com/audiobooks/38C9A03339
위대한 유산,찰스 디킨스,"부모님을 잃고 대장장이를 하고 있는 누나 부부와 살고 있는 '핍'. '핍'은 나중에 자신이 나이가 먹으면 당연히 매형 '조'와 함께 대장장이 일을 하게 될 것이라고 생각한다. 그러던 어느 날, '핍'은 우연한 기회에 자신이 평소에 상상할 수 없었던 유산을 물려받게 되고, 그 유산으로 인해 '핍'의 생활은 급격한 변화를 겪게 된다. 과연 '핍'은 자신에게 닥친 이 급격한 변화를 어떻게 받아들이고, 어떻게 헤쳐나갈 것일까?",https://audioclip.naver.com/audiobooks/515BCC8C55
저주토끼 <즐거운 나의 집>,정보라,"세상 몹쓸 것들을 제대로 응징하는, 어여쁜 저주 이야기 한국 호러 SF/판타지 대표작가 정보라의 4년 만의 신작 소설집 할아버지는 늘 말씀하셨다. “저주에 쓰이는 물건일수록 예쁘게 만들어야 하는 법이다.” 대를 이어 저주 용품을 만드는 집안에서 태어난 손자와 그 할아버지의 이야기. 할아버지는 오래 전 젊은 나이에 생을 마감한 친구가 있었다. 할아버지의 친구네 집안은 마을 유지인 술도가. 바른 마음으로 좋은 전통주를 제조해서 팔려고 애쓰는 할아버지 친구네 집안사람들은 그러나 세상 돌아가는 약삭빠른 이치를 깨닫지 못했다. 정부 인사와의 친분, 인물, 접대, 뇌물은 뒷전이고 좋은 술을 만드는 데 전념한 것. 그에 반해 저질 알코올에 물과 감미료를 대충 섞어 “서민들이 선호하는” 술이라고 선전하던 경쟁회사는 급기야 할아버지 친구네 집안의 술에 “공업용 알코올이 들어간다”는 흑색선전을 퍼트리고, “그 술을 마시면 눈이 멀고 불구가 된다”며 비방을 일삼았지만 호소할 방법이 없다. 결국 매출은 떨어지고 공장은 가동을 멈췄으며, 긴 소송 끝에 할아버지 친구네 집안은 몰락하고 만다. 이에 보다 못한 주인공의 할아버지가 ‘저주토끼’를 어여쁘게 만들어 손수 복수에 나서는데…. 러시아를 비롯 슬라브어 권의 명작들을 꾸준히 번역해서 소개하고, 보태어 수준 높은 호러 SF/판타지 창작으로 꾸준히 독자들의 사랑을 받아온 정보라 작가의 다섯 번째 저서가 4년 만에 나왔다. 동서고금을 넘나드는 배경과 인물과 사건들이 넘치는 10편의 작품이 아우르는 주제는 복수와 저주. 저자의 풍부한 상상력은 가차 없는 저주로 복수를 대신한다. 세상의 몹쓸 것들은 도무지 뉘우칠 줄 모르고, 우리의 주인공들인 피해자(혹은 등장토끼 혹은 등장로봇)에게 용서란 없다. 하지만 저자는 말한다. “원래 세상은 쓸쓸한 곳이고 모든 존재는 혼자이며 사필귀정이나 권선징악 혹은 복수는 경우에 따라 반드시 필요할지 모르지만, 그렇게 필요한 일을 완수한 뒤에도 세상은 여전히 쓸쓸하고 인간은 여전히 외롭다는 얘기를 하고 싶었다”고. 그런 사람들에게, 그렇게 고군분투하는 우리 모두에게 위안이 되고 싶었다고. 그렇게 이 책은 악착 같은 저주와 복수에 관한 이야기이자, 위로에 관한 우화들이다. “용서할 수 없는 것들은, 용서하지 말자.”",https://audioclip.naver.com/audiobooks/FA3367655C
행복 (Resound단편),이태준,"「행복」은 1929년 『학생』에 발표된 '이태준'의 단편소설입니다. '행복'이라는 소설의 제목은 역설적으로 행복이란 감정은 가난한 사람들은 지닐 수 없는 꿈과 같은 것임을 암시합니다. 소설 속 주인공인 황 영감은 가난과 함께 일생을 보낸 인물입니다. 아내는 먼저 세상을 떠나고 제도권 교육을 받지 못한 아들 만석은 방황하며 감옥을 드나듭니다. 그러던 어느 날, 대구에 있던 황 영감에게 연락이 두절되었던 아들에게서 편지가 옵니다. 편지에는 북간도로 모시고 갈테니 서울로 올라오라는 내용이 쓰여 있었습니다. 글을 읽을 줄 모르는 황 영감은 친절해 보이는 신사에게 편지를 읽어 달라고 부탁을 하고, 그 신사는 편지대독 뿐만 아니라, 우체국에서 동봉한 수표까지 돈으로 바꿔줍니다. 편지 내용대로 기차를 타고 서울로 올라간 황 영감은 서울역에서 아들과 만나게 되나, 그 사이를 형사가 가로막고 아들을 잡혀갑니다. 편지를 읽어주고, 우체국까지 가서 친히 돈을 바꿔주던 바로 신사가 형사였습니다. 「행복」의 오리지널 스코어를 작곡한 '이원술'은 다양한 뮤지션들의 공연과 음반 제작에 활발히 참여해온 재즈베이시스트입니다. 지난 2012년, 자신의 이름으로 낸 첫 앨범인 「Point of Contact」는 당시 한국 재즈 역사의 한 페이지를 장식할 가장 탁월한 성과라는 찬사를 받았습니다. 현재 신노이(SINNOI)는 트리오 밴드의 리더를 맡아서 한국 컨템포러리 뮤직의 새 지평을 열어가고 있습니다. 100년 전 우리 소설, 아름다운 소리로 만나다. [Resound 단편] 시리즈 소위 ‘고전’이라 불리는 작품들은 시대를 불문하고 인간과 삶을 관통하는 날카로운 통찰을 담고 있습니다. 그러나 한 번쯤 제목은 들어 봤을지라도, 제대로 읽어본 적은 없는 경우가 많습니다. 왜일까요? 어쩌면 고전은 낡고 지루하며 어렵다는 편견이 있는 건 아닐까요. [Resound 단편] 시리즈는 그 편견을 깹니다. 오늘날 활발히 활동 중인 작가들이 고쳐 쓰고, 그 원고를 전문 배우들이 생생하게 낭독하고, 거기에 뮤지션들이 작곡한 음악이 더해져, 고전은 새로운 예술작품이 되었습니다. 옛 것의 가치는 간직하되 새로운 옷을 입고 화려하게 돌아온 50편의 [Resound 단편] 시리즈가 새로운 문학의 세계, 감상하는 오디오북의 세계로 당신을 초대합니다.",https://audioclip.naver.com/audiobooks/1625A1838C
"사양 (민음사 세계문학, 완독본)",다자이 오사무,"“나는 확신하련다 인간은 사랑과 혁명을 위해 태어난 것이다.” 『인간 실격』의 다자이 오사무 생전에 가장 큰 사랑을 받은 대표작 ▶ 다자이 오사무의 문장 중에서 여성을 가장 탁월하게 그려 낸 역작. -가와바타 야스나리(작가, 노벨 문학상 수상) ▶ 다자이의 생생한 묘사, 천재적 필력은 독자들의 영혼을 바로 매료시킨다. 도저히 벗어날 방법이 없다. -오쿠노 다케오(문학 평론가) ∎ 자기 파멸의 상징, 다자이 오사무 문학의 전모가 가장 잘 드러난 역작 민음사 세계문학전집 359번으로 다자이 오사무 생전에 가장 큰 사랑을 받은 작품 『사양』이 출간되었다. 패전 후, 정신적 공황 상태에 빠진 일본의 젊은이들에게 열렬한 지지를 받았던 다자이 오사무는 1947년에 『사양』을 출간했으며 단숨에 베스트셀러를 기록했다. 당대에 몰락하는 귀족을 지칭하는 ‘사양족’이라는 유행어를 낳을 정도로 일본 사회에 일대 파문을 일으킨 작품이다. 『사양』은 다자이 문학 하면 으레 떠올리게 되는 어둡고 파멸적인 세계관과 달리 풍성하고 깊어진 그의 중후기 세계관을 보여 주는 독보적인 소설이다. 독백, 고백의 편지, 일기, 꿈, 추억 등 다양한 서술 방식으로 개성 있는 네 인물들 각자의 고뇌와 현실과 선택을 그린다. 특히 자립적인 삶을 선택하는 강인한 여성 주인공의 독백이 다자이의 새로운 면모와 더불어 페미니즘적인 위상을 드러내어 일본 문학사에도 의미가 깊다.",https://audioclip.naver.com/audiobooks/D92772870A
"좁은 문 ‧ 전원교향곡 ‧ 배덕자 (민음사 세계문학, 완독본)",앙드레 지드,‘현대의 양심’ 앙드레 지드 대표 소설 선집 교리에 대한 자유로운 해석과 문학적 상상력을 통해 만나는 진정한 해방과 구원 ▷ 나는 오늘 죽을지 모른다. 나의 모든 작품은 『좁은 문』 뒤에서 사라질 수 있다. 사람들은 오직 『좁은 문』만 생각하게 될지도 모른다. —앙드레 지드 ▷ 우리 시대 가장 위대한 작가 중 하나. —프랑시스 잠,https://audioclip.naver.com/audiobooks/841C8B41F5
폭군에게는 악녀가 어울린다 2,유이란,"웹툰 55만, 웹소설 45만 조회수를 기록한 유이란 작가의 인기작 <폭군에게는 악녀가 어울린다> 의 오디오북이 전격 출시되었습니다. 오디오북에는 서혜정, 강수진, 김영선, 이규화, 홍시호, 김옥경, 최덕희, 장경희, 등 국내 유명 성우가 대거 참여하여 원작의 재미와 더불어 수준 높은 오디오북의 경험을 독자들에게 선사합니다. ✔ 홍보동영상 “살려 줘…….” 내가 왜 황제와 결혼해야 하는 건데! 하루아침에 희대의 촉군 에스티안의 신부가 된 세실. 인생 망했다 한탄하던 그녀는 그를 본 순간 생각을 고쳐먹었다. “미남이시네요?” 당신을 나의 남편으로 임명(?)합니다. 기왕 이렇게 된 거 오래오래 잘 살려면 폭군보다 더 악명 높은 악녀가 되어야만 한다! “그런데 제가 잘할 수 있을까요……?” “그대에게는 재능이 있어.” ……악녀가 될 재능요?",https://audioclip.naver.com/audiobooks/38242401BA
두근두근 내 인생,김애란,"차세대 한국문단의 희망, 김애란 첫 장편 2002년, 약관의 나이로 등단한 이래 『달려라 아비』 『침이 고인다』 두 권의 소설집만으로 한국일보문학상, 오늘의 젊은 예술가상, 신동엽창작상, 이효석문학상, 김유정문학상, 젊은작가상 등을 수상하며 차세대 한국문학을 대표하는 작가로 떠오른 김애란의 첫번째 장편 『두근두근 내 인생』이 출간되었다. 2010년 여름부터 2011년 봄까지 계간 『창작과비평』에 연재될 당시부터 문단과 독자들 사이에서 숱한 화제가 된 이 작품은 가장 어린 부모와 가장 늙은 자식의 청춘과 사랑에 대한 눈부신 이야기를 다룬다. 담백하고 신선한 문장들로 담아낸 벅찬 생의 한순간과 사랑에 대한 반짝이는 통찰이 읽는 내내 미소를 머금게 하고 폭소를 터뜨리게 하다가 어느 순간에는 울컥, 눈물을 감출 수 없게 만든다. “김애란을 사랑하지 않는 것이 도대체 가능한가”(신형철 『몰락의 에티카』)라는 반문에 동의할 수밖에 없는 아름답고 사랑스러운 소설이다.",https://audioclip.naver.com/audiobooks/8813A1AB37
괴도신사 아르센 뤼팽,모리스 르블랑,"이 세상 누구도 그가 누구인지 모른다. 이 세상 모든 이가 그가 누구인지 알고 있다. 그의 원래 얼굴이 어떻게 생겼는지, 어디에 사는지, 직업이 무엇인지 추측은 많지만, 어떤 것도 제대로 확인된 바가 없다. 희대의 명탕정 셜록홈스를 골탕먹인, 희대의 도둑. 아니 도둑이라고 하기에는 너무나 멋진 이 시대의 쾌남. 아르센 뤼팽. 그가 지금 당신에게 그의 이야기를 들려준다.",https://audioclip.naver.com/audiobooks/967E2D77AC
국화꽃향기,김하인,"[본 오디오북은 '요약본'입니다.] 소설로 영화로 많은 청취자들에게 감동을 준 순수하고 아름다운 사랑 여주인공인 미주의 몸에 암이라는 죽음의 그림자와 아기라는 생명의 씨앗이 공존함으로써 단순한 사랑 이야기에 갇히지 않고, 이들의 로멘스를 인간의 본질적인 영역에 대한 질문으로 끌어올렸다. 잘생긴 얼굴에 훤칠한 몸매를 자랑하는 승우의 관심은 온통 한 여자에게 쏠려있다. 머리에서 국화꽃 향기를 풍기는 여자 미주. 승우의 사랑은 지고지순하다. 끊임없이 피하고 도망치는 그녀의 사랑을 얻기 위해 땅속에 뿌리를 내린 나무처럼 기다리고 또 기다린다. 결국 미주는 해바라기 같은 승우의 마음을 받아들인다. 하짐나 야속한 운명은 두 사람의 행복을 가만히 지켜보지 않았다. 어렵게 찾은 사람의 기쁨의 결실인 생명과 죽음을 잉태하며 삶과 죽음, 사랑과 희생의 갈림길에서 그녀는 선택을 한다. <국화꽃향기>는 세상에서 가장 아름답고 슬픈 우리들의 사랑 이야기이다.",https://audioclip.naver.com/audiobooks/716DA5E0FF
괴도신사 아르센 뤼팽 : 기암성,모리스 르블랑,"그가 돌아왔다. 이 세상 누구도 그가 누구인지 모른다. 이 세상 모든 이가 그가 누구인지 알고 있다. 그의 원래 얼굴이 어떻게 생겼는지, 어디에 사는지, 직업이 무엇인지 추측은 많지만, 어떤 것도 제대로 확인된 바가 없다. 희대의 명탕정 셜록홈스를 골탕먹인, 희대의 도둑. 아니 도둑이라고 하기에는 너무나 멋진 이 시대의 쾌남. 아르센 뤼팽. 그가 지금 당신에게 그의 이야기를 들려준다.",https://audioclip.naver.com/audiobooks/60589CD26D
안전가옥 시네마 : 트라우마 특별관 (사건보고서 2022),조아영,"""당신의 트라우마를 상영해 드립니다! 끔찍했던 트라우마를 되새기며 보잘것없는 삶의 미미한 희망이라도 찾아보세요! 전직 국어 교사인 태규와 연예부 기자로 일했던 정은, 배달 라이더로 하루 벌어 하루 먹고사는 성호, 휴학 후 자취방에 틀어박혀 음식만 탐닉하는 미래. 전혀 접점이 없어 보이는 네 사람은 구석진 골목의 ‘안전가옥(安全家屋) 시네마’에서 조우하게 된다. 전성기를 진작에 떠나 보낸 듯 낡고 예스러운 외관에 ‘안전가옥’이라는 이름까지. 전혀 눈길을 끄는 구석이 없지만, 홀린 듯이 이곳을 찾은 네 사람. 이들은 경쾌한 안내 음성을 따라 트라우마 특별관에서 관람을 시작하는데…… 잊고 지냈던, 잊었다고 생각했던 각자의 트라우마가 스크린 위로 상영되기 시작한다. 생생하게 투사된 트라우마를 마주한 네 사람은 무너지고, 절규하며, 저항하면서 되려 생(生)의 감각을 되찾기 시작한다.",https://audioclip.naver.com/audiobooks/FDBAB09617
발가락이 닮았다 (Resound단편),김동인,"「발가락이 닮았다」은 1932년 1월 『동광』 48호에 발표된 '김동인'의 단편소설입니다. 젊은 적부터 방탕한 생활로 성병을 앓아 생식 기능을 잃은 M이 결혼을 한 뒤 아내가 아이를 갖게 됩니다. 한동안 번민과 의심에 빠져있던 M은 기관지 치료차 6개월된 아들을 데리고 친구이자 의사(소설의 화자)를 찾아와, 발가락이 자기를 닮았다고 합니다. 이에 의사이자 친구는 아내의 부정을 의심하면서도 애써 그것을 삭혀 보려는 M의 심정이 눈물겨워 발가락뿐 아니라 얼굴도 닮은 데가 있다고 말해줍니다. 이 작품은 해부적 수법으로 세계를 인식하려는 태도와 대응되는 방법으로 M을 구원하는 나의 고찰을 보여줌으로써 인간에 대한 휴머니티 정신을 품고 있는 소설이라는 평을 받습니다. 「발가락이 닮았다」의 오리지널 스코어를 작곡한 '고희안'은 재즈 연주뿐만 아니라 영화음악 작곡까지 전방위 활동을 펼치고 있는 국내 최정상의 재즈 뮤지션입니다. 24살 늦깍이로 피아노를 시작했고, 이후 버클리음대와 뉴욕대학교에서 수학했습니다. 버클리음대 출신의 유학생들이 주축이 된 구성된 재즈 밴드 <프렐류드(Prelude)>를 국악과의 다양한 콜라보 작업을 하던 고희안은 섹소포니스트 신현필과 함께 쇼팽의 음악을 재즈로 재해석한 <Dear Chopin>앨범을 발표하면서 클래식으로까지 그 장르를 넓혀가고 있습니다. 100년 전 우리 소설, 아름다운 소리로 만나다. [Resound 단편] 시리즈 소위 ‘고전’이라 불리는 작품들은 시대를 불문하고 인간과 삶을 관통하는 날카로운 통찰을 담고 있습니다. 그러나 한 번쯤 제목은 들어 봤을지라도, 제대로 읽어본 적은 없는 경우가 많습니다. 왜일까요? 어쩌면 고전은 낡고 지루하며 어렵다는 편견이 있는 건 아닐까요. [Resound 단편] 시리즈는 그 편견을 깹니다. 오늘날 활발히 활동 중인 작가들이 고쳐 쓰고, 그 원고를 전문 배우들이 생생하게 낭독하고, 거기에 뮤지션들이 작곡한 음악이 더해져, 고전은 새로운 예술작품이 되었습니다. 옛 것의 가치는 간직하되 새로운 옷을 입고 화려하게 돌아온 50편의 [Resound 단편] 시리즈가 새로운 문학의 세계, 감상하는 오디오북의 세계로 당신을 초대합니다.",https://audioclip.naver.com/audiobooks/03E1E283E3
"물레방아 (RESOUND 단편, 성여진 낭독)",나도향,"「물레방아」는 1925년 9월 『조선문단』에 발표된 나도향(1902~1926)의 단편소설입니다. 가난과 상실, 전통 사회의 붕괴, 여성의 정조에 대한 지독한 폭력성을 문제적으로 드러낸 작품으로 1920년대 우리나라 사실주의 문학의 걸작입니다. 또한 일제강점기 우리나라 농촌의 구조적·계급적 모순을 한 여성을 둘러싼 비극적 사건을 통해 상징적으로 그려내고 있습니다. 지주와 소작 간에 존재하는 계급 갈등 문제를, 인간의 본능인 욕망의 문제로 치환해낸 작가의 솜씨가 돋보이며, 종국에는 아무도 막을 수 없는 파국을 보여줌으로써, 전망 없는 시대의 우울을 문학적으로 드러내고 있는 작품입니다. 마을의 가장 부자요 세력이 있는 지주 신치규. 이 집 행랑에는 머슴에 다름없는 소작인 이방원 내외가 삽니다. 신치규는 가난에 이골이 난 이방원의 젊은 아내를 물레방앗간으로 불러냅니다. 그러고는 사흘이 지난 뒤, 신치규는 이방원을 불러 이 집에서 나가라고 이야기합니다. 이제 사건은 걷잡을 수 없게 흘러가는데…. 단순한 이야기 구조를 가진 작품이지만, 그 안을 들여다보면, 선악의 이분법으로는 구분할 수 없는 인간사의 원천적인 비루함을 날것으로 보여줌으로써, 삶의 조건을 두고두고 곱씹게 해주는 작품입니다. 100년 전 우리 소설, 아름다운 소리로 만나다 ‘Resound 단편’ 시리즈 소위 ‘고전’이라 불리는 작품들은 시대를 불문하고 인간과 삶을 관통하는 날카로운 통찰을 담고 있습니다. 그러나 한 번쯤 제목은 들어 봤을지라도, 제대로 읽어본 적은 없는 경우가 많습니다. 왜일까요? 어쩌면 고전은 낡고 지루하며 어렵다는 편견이 있는 건 아닐까요. ‘Resound 단편’ 시리즈는 그 편견을 깹니다. 오늘날 활발히 활동 중인 작가들이 고쳐 쓰고, 그 원고를 전문 배우들이 생생하게 낭독하고, 거기에 뮤지션들이 작곡한 음악이 더해져 고전은 새로운 예술작품이 되었습니다. 옛 것의 가치는 간직하되 새로운 옷을 입고 화려하게 돌아온 50편의 ‘Resound 단편’ 시리즈가 새로운 문학의 세계, 감상하는 오디오북의 세계로 당신을 초대합니다.",https://audioclip.naver.com/audiobooks/736D7F69BE
