titles,authors,informs,clip_links
빨강머리 앤 에이번리 이야기,루시 모드 몽고메리,"빨강머리 앤의 진짜 이야기가 시작되었다 거의 모든 출판사의 빨강머리 앤을 다 읽었고, 내가 필사를 하기도 했고, 심지어는 한 구절을 낭독해본 적도 있다. 그런데 가장 감명 깊은 읽기를 고르라면, 나는 이번의 이 청독이라고 말하고 싶다. – 책읽는엄마곰, YES24 아무튼 진짜 너무 신선한 충격이었다. 정말 너무 재밌다. 감정이입이 잘 되어서 그런지 앤과 같이 기뻐했다 슬퍼했다 하고 있다. 한 회 한 회 끝날 때마다 벌써 한 회가 끝났나 하는 아쉬움과, 다음 회가 궁금한데 너무 빨리 들어버려 끝나버리면 어쩌나 하는 쓸데없는 고민까지 하게 되었다. – 지식창작사, 알라딘 5번 들었습니다. 빨리 다음 권 발매해 주세요. – 최○○, 카카오메이커스 빨강머리 앤은 오디오북 ≪오디오북 빨강머리 앤 초록지붕 집 이야기≫는 아직 안 들어본 분은 있어도, 한 번만 들은 분은 없는 오디오북입니다. 고아 소녀 앤이 11살에 초록지붕 집에 와서 진정한 가족과 친구를 만나는 ≪초록지붕 집 이야기≫(2018년 11월)에 이어, 앤의 두 번째 이야기가 오디오북으로 출간되었습니다, 역시 앤 셜리! ≪에이번리 이야기≫는 루시 모드 몽고메리가 1909년 발표한 빨강머리 앤 시리즈의 두 번째 작품입니다. ≪초록지붕 집 이야기≫ 마지막에서 앤은 매슈를 떠나보낸 후 대학을 포기하고 에이번리 마을의 마릴라 곁에 남게 됩니다. ≪에이번리 이야기≫는 그 후 2년 동안의 이야기입니다. 앤의 나이는 열일곱 살. 에이번리 학교의 초보 교사로서 어린 학생과 학부모들을 만나면서 사건 사고가 벌어집니다. 길버트, 다이애나, 제인 등 친구들과 에이번리 개선 사업회(혹자는 연애 사업회라고 부르는)라는 모임을 만들어 마을 곳곳을 개선하기 위해 활동하면서 좌충우돌하고요. 마릴라와 함께 여섯 살 쌍둥이 데이비와 도라를 입양하는 큰 변화도 생깁니다. 마치 인기 아침드라마처럼 따뜻하고 재미있는 이웃들과 황당하지만 감동적인 사건들이 매일매일 벌어집니다. ≪에이번리 이야기≫의 하이라이트, 앤과 더 친해지려 경쟁하는 세 남자 등장 길버트는 언제부터 앤을 좋아했을까요? ≪에이번리 이야기≫에서 밝혀집니다. 길버트야말로 원조 순정남이었네요. 에이번리 학교에서 만난 금발의 푸른 눈, 아름다운 남학생 폴 어빙 군은 앤과 영혼의 친구가 됩니다. 입양하여 함께 살게 된 여섯 살 데이비의 장난과 질투는 어찌나 귀여운지! 열일곱 살의 앤은 소녀에서 여인으로 성장하며 더 많은 친구, 다양한 이웃들을 만납니다. ‘가장 듣기 편한 목소리’ 이지혜 낭독 47명의 등장인물을 생생하게 연기하여 몰입감 최고 ≪에이번리 이야기≫는 앤이 사는 마을이 배경입니다. 마을 사람들과 학교에서 만난 학생들, 모임을 함께하며 만나는 친구 등 수많은 사람들이 등장해요. 배우 이지혜는 ≪초록지붕 집 이야기≫에서 25명을 연기해 화제에 올랐는데, ≪에이번리 이야기≫에서는 무려 47명에 달하는 다양한 캐릭터를 혼자 연기해 에이번리 마을 사람들의 모습을 생생하게 머릿속에 그려 줍니다. 인물들이 비슷할 것 같다고요? 한번 직접 들어보시기 바랍니다.",https://audioclip.naver.com/audiobooks/5509E527B3
죽은 왕녀를 위한 파반느,박민규,"[본 오디오북은 '요약본'입니다.] 외모 이데올로기에 대한 야심찬 반격! 우리는 모두 죽은 ‘왕녀’ 곁에 들러리 선 시녀와 마찬가지였다. 더욱 섬세하고 예리해진 무규칙이종소설가의 리얼 로맨틱 귀환! 『삼미 슈퍼스타즈의 마지막 팬클럽』의 계보를 잇는 특별한 감동. 대한민국 마이너리티들의 영원한 히어로 박민규가 돌아왔다. 못생긴 여자와 못생긴 여자를 사랑했던 한 남자의 이야기를 20대 성장소설의 형식으로 그려낸 이 작품은 자본주의 시스템이 본격적으로 가동되기 시작한 80년대 중반의 서울을 배경을 무대로 하고 있다. 정상적인 인간관계를 거부받을 정도로 못생긴 아가씨와 잘생기고 번듯하지만 부모에게 버림받은 트라우마를 공유하고 있는 두 명의 청년은 백화점 아르바이트 현장에서 우연히 만난다. 그리고 이들의 우정과 사랑의 이야기에는 기존의 전복적 세계관이나 키치적 유머 대신에 상처받은 인간의 내면 깊은 곳까지 함께 침잠해 들어간다. 부조리와 편견 가득한 사회의 장벽 앞에서 절망할 수밖에 없었던, 그래서 무참히 사회의 바깥으로 추방당한 첫사랑의 기억을 찾아서 박민규는 80년대의 변두리 골목으로 나선 것이다. 『죽은 왕녀를 위한 파반느』에서 죽은 ‘왕녀’ 곁에 선 ‘시녀’가 상징하는 것은 비단 주인공의 못생긴 연인만이 아니다. 그것은 80년대에 대한 추억 그 자체다. 그것은 록음악이기도 했고, 소설이기도 했으며, 늘 성공을 꿈꾸던 우리네 서민들의 삶 자체이기도 하다. 마돈나, 마이클 잭슨, 할리우드의 온갖 삼류영화들 틈바구니에서 문득 자신들의 비루한 삶에 눈물을 삼키곤 했던, 그래서 예뻐지고 싶고, 부유해지고 싶고, 세련되고 싶었던 지나간 우리의 모습들이다. 자본주의의 꽃인 부와 아름다움을 찬탄하며 우리들의 모습을 바라보며, 인간을 이끌고 구속하는 그 ‘꽃의 힘’에 대해 문제를 제기한다. 부를 거머쥔 극소수의 인간이 그렇지 못한 절대다수에 군림해 왔듯이, 미모를 지닌 극소수의 인간들이 그렇지 못한 절대다수를 사로잡아온 역사, 결국 극소수가 절대다수를 지배하는 시스템 오류에 대한 지적인 것이다.",https://audioclip.naver.com/audiobooks/D623D5AA9B
2019 제10회 젊은작가상 수상작품집,"박상영, 김희선, 백수린, 이주란, 정영수, 김봉곤, 이미상","‘지금-여기’의 한국소설과 만나는 가장 확실한 패스트 트랙의 역할을 해온 ‘젊은작가상’의 2019년 제10회 수상작품집. 박상영 「우럭 한 점 우주의 맛」 아들의 정체성을 부정하는 엄마와 자신의 정체성을 부인하는 애인 사이에서 갈등하면서도 그들을 떠나지는 못하는 ‘나’를 통해, 사랑의 ‘어쩔 수 없음’을 ‘웃음’과 ‘눈물’과 ‘단맛’과 ‘짠맛’을 모두 동원해 속도감 있게 그려 보인다. 김희선 「공의 기원」 개화기 조선의 소년이 우연히 얻은 축구공의 기원을 뛰어난 작가적 상상력으로 재구성하면서, 거대한 역사적 흐름 이면에 방기된 개인의 삶을 날카로운 시선으로 그려낸다. 백수린 「시간의 궤적」 프랑스에서 만난 세 사람 사이에 긴 시간을 두고 그어지는 관계의 궤적을 설득력 있는 문장과 인상적인 장면으로 펼쳐 보인다. 이주란 「넌 쉽게 말했지만」 타인을 의식하지 않고 고향으로 돌아가 자신의 삶을 살아가는 화자의 일상을 담담한 목소리로 그려냄으로써 묘한 공감을 불러일으킨다. 정영수 「우리들」 불륜 커플 사이에 놓인 주인공의 사유를 통해 사랑의 진실과 글쓰기의 지난함에 대해 그려 보인다. 김봉곤 「데이 포 나이트」 소설가가 되어 모교로 돌아간 화자가 위험한 폭력 앞에서도 머뭇거릴 수밖에 없었던 자신의 지난날을 회상하며 한 걸음 더 성장해나가는 이야기를 감각적으로 그려낸다. 이미상 「하긴」 딸의 대입에 투신한 민주화운동 세대 아버지의 모습을 풍자적으로 묘사하면서 입시제도의 모순, 중산층 가정의 도덕적 허위 등을 개성 있는 문체로 드러낸다.",https://audioclip.naver.com/audiobooks/1921F3AE43
프랑켄슈타인,메리 셸리,"인공지능, 유전공학, 인간복제 등의 최근 이슈까지 담아내면서도 진정한 인간다움을 고민하게 하는 독특한 고전 “우리 장르는 200년 전, 메리 셸리라는 19세 천재 소녀의 발명품이다.” 어떤 SF 작가의 고백처럼, 남성의 전유물로 여겨지던 과학을 소재로 한 SF 장르는 놀랍게도 이 책으로부터 출발한다. 『프랑켄슈타인』은 200년이 지난 지금까지도 과학 발전의 명암을 이야기할 때 가장 먼저 언급되는 작품이며, 괴물에 관한 다양한 해석의 여지를 남김으로써 오늘날 인공지능, 유전공학, 복제인간 등의 이슈에서 활발한 토론의 장을 마련하고, 《터미네이터》, 《블레이드 러너》, 《아이, 로봇》 등의 탄생에도 결정적 아이디어를 제공했다. 작가는 산업혁명 당시 큰 관심사였던 갈바니(Luigi Galvani, 1737~1798)의 생체전기 실험을 참고했고, 전기 · 화학 · 해부학 · 생리학 등의 발달과 당시 과학자들의 생명 창조에 관한 고민을 토대로, 자신의 여행 경험을 작품에 녹여냈다. 특히 19세기 작품이라고는 믿기지 않을 만큼 인공생명체를 주제로 최근 논의되는 기본개념, 가령 전기자극, 세포배양, 줄기세포, 체세포 복제 등의 복잡한 과학적 이슈의 원형을 정교하게 배치해 넣었다. 또한, 괴물 이야기를 어떻게 해석하느냐에 따라 다양한 독해가 가능하다. 인간 내부의 무의식이 실체화되어 주인에게 모반을 일으키는 ‘분신’의 관점, 인간의 비극적 성장 과정을 그린 ‘성장소설’ 관점, 폭력과 복수로 범벅이 된 괴물의 삶은 자신이 처했던 ‘사회 상황’의 산물이라는 관점, 남성 중심의 사회에서 가부장적인 욕망이 빚어낸 끔찍한 결과를 소설로 담아낸 것이라는 ‘페미니즘’ 관점 등이 있다. 최근 인공지능의 눈부신 발전으로 “창조자가 이해하지 못하는 엄청난 능력을 지닌 피조물”에 관한 논의가 활발해지고 있다. 오늘날 세계 곳곳에서 연구 중인 여러 ‘프랑켄슈타인 실험’이 결국 인류를 어디로 이끌어갈지 자못 궁금해진다. 21세기에도 여전히 생각거리와 울림을 주는 이 생생한 작품을, 현대지성 클래식에서는 『프랑켄슈타인』과 메리 셸리를 전공한 번역가의 꼼꼼한 번역과 깊은 해제를 담아 선보인다.",https://audioclip.naver.com/audiobooks/F42DF5E909
옥수수 뺑소니 (JBJ 노태현),박상기,"주인공 현성이는 두 번의 교통사고를 연달아 당한다. 그중 두 번째 교통사고에서 부상을 입지만, 정작 뺑소니범으로 몰린 것은 첫 번째 교통사고를 낸 옥수수 트럭 아저씨이다. 현성이가 등 떠밀리듯 시작한 거짓말은 풀 수 없는 매듭처럼 점점 엉켜 가고, 옥수수 아저씨는 고소를 당할 위기에 처한다. 그사이 현성이는 아저씨의 가난하고 딱한 집안 사정을 알게 되는데…… *** 노태현(JBJ)이 낭독하는 박상기 작가의 『옥수수 뺑소니』은 [EBS 아이돌이 읽다, 마음을 잇다] 라는 아이돌의 낭독과 기부가 결합된 프로젝트 참여 작품이다. 이시대 최고의 아이돌이 문학작품 낭독자로 참여해 목소리 재능을 기부하고, 이를 통해 발생되는 수익금 일부는 농어촌청소년육성재단에 기부되어 문화 교육 혜택에서 소외된 청소년들의 올바른 성장 지원을 위해 사용된다.",https://audioclip.naver.com/audiobooks/0B7FBCEBF2
"부활1 (민음사 세계문학, 완독본)",레프 니콜라예비치 톨스토이,"시대를 초월하여 가장 ‘동시대적인’ 작가 톨스토이 19세기 러시아의 불합리한 사회 구조와 종교적 모순을 드러낸 문제작이자 ‘흔들리는 인간’에게서 부활의 가능성을 모색한 만년의 걸작 ▶ 톨스토이의 소설은 단지 예술 작품이 아니라 하나의 생명체다. ―매슈 아널드 ▶ 만약 세계가 스스로 글을 쓸 수 있었다면, 톨스토이처럼 썼을 것이다. ―이사크 바벨 ▶ 톨스토이는 예술가이며 동시에 심리학자다. ―귀스타브 플로베르 ≡≡≡≡≡≡≡≡≡≡≡≡≡≡≡≡≡≡≡≡≡≡≡≡≡≡≡≡≡≡≡≡≡≡≡≡≡≡≡≡≡≡≡ 러시아를 대표하는 문호 톨스토이의 『부활』 개정판이 민음사 세계문학전집으로 출간되었다.『안나 카레니나』, 『전쟁과 평화』를 통해 젊고 섬세한 감각을 선보이며 러시아 고전의 새로운 독자층을 형성한 번역가 연진희가 번역을 맡았다. 『부활』은 톨스토이가 일흔이 넘어 완성한 만년의 역작으로 고골, 푸쉬킨, 도스토옙스키를 아우르는 19세기 러시아 문학에 대한 오마주이자 『전쟁과 평화』와 『안나 카레니나』와도 맞닿는 인간과 구원에 대한 최종적인 통찰이 담겨 있다. 톨스토이는 19세기 러시아의 불합리한 사회 구조와 종교적인 모순을 지적하면서도, 타인에 대한 사랑으로 흔들리는 인간의 모습에서 정신적인 ‘부활’을 향한 가능성을 발견한다.",https://audioclip.naver.com/audiobooks/CBE2F873FA
동물 농장,조지 오웰,"""인간은 평등하다, 그러나 어떤 인간은 특별히 더 평등하다! 당시 영국의 동맹이던 스탈린을 가차 없이 공격하는 내용 때문에 출판사로부터 출간을 거부당하여 1943년에 써놓고도 출간하지 못할 뻔 하였던 조지 오웰의 소설이다. 동물들이 존스 씨를 몰아내고 스스로 농장을 경영해 나간다는 간명하고도 비극적인 우화는 세계적인 고전으로 평가받고 있다. 1917년의 러시아 혁명과 2차 세계대전을 조지 오웰의 시각으로 재구성한 정치 풍자 소설이다. 실제로 『동물농장』은 등장인물들을 스탈린, 레닌, 트로츠키, 히틀러, 루스벨트 등 20세기 전반에 국제 질서를 좌지우지했던 거물급 실존 정치인들과 짝지어 보는 퀴즈 게임을 해도 좋을 만큼 절묘하고 풍자적인 묘사로 가득하여 독자들에게 또 다른 시사적 재미를 준다. 영국의 한 농장에서 인간으로부터 억압받고 착취당하던 동물들은 유토피아 건설을 꿈꾸며 혁명을 일으킨다. 동물들은 소원대로 인간을 내쫓고 자유를 쟁취하고 계급 없는 사회를 만든다. 그러나 점차 돼지들이 지배층으로 부각되고, 돼지들 사이에 권력 투쟁이 일어나며, 승리한 돼지들은 옷을 입고 침대에서 자고 두 다리로 걷고 술을 마신다. 자신들을 억압하고 착취하던 인간들을 닮아가는 동물들…….""",https://audioclip.naver.com/audiobooks/D56A46DD55
홍염의 성좌,아울,"[본 오디오북은 '요약본'입니다.] 붉은 나비의 왕. 까마귀 왕자. 그리고 고양이 여왕. 오페라를 이끌어갈 주역은 모두 모였다. 2백 년 동안 봉인되어 있던 파멸의 그랜드 오페라가 막을 열기 시작한다. 사랑하는 여인과의 약혼식 날, 이유도 모른 체 끌려가 8년간 지하감옥에 갇힌 에드먼드 란셀. 그의 처절한 복수극이 시작된다. 지하 감옥의 젊은 죄수 에드먼드. 죄수의 어린 아들 유릭 크로반. 타락한 추기경과 사악한 독재자, 나비의 봉인과 녹슨 십자가의 기사, 슬픈 왕국의 보물과 오만한 제국의 성물. 기적, 탈출, 귀환, 그리고 심장 없는 자의 복수. 신세대적 기발함과 경쾌한 대사, 풍부한 상상력이 빚어낸 판타지의 명품!",https://audioclip.naver.com/audiobooks/A470F368D0
<일곱 해의 마지막> 완전판 오디오북 (김연수 작가 낭독),김연수,"김연수 작가 『파도가 바다의 일이라면』 이후 8년 만의 신작 장편소설! 네이버 오디오클립 [듣는 연재 소설]로 먼저 만났던 『일곱 해의 마지막』을 완전판 오디오북으로 만나보세요. 김연수 작가 생활 삼심년의 완숙함과 아름다운 문장으로, 시인 백석의 잘 알려지지 않았던 삶의 행보를 차곡차곡 복원해가는 『일곱 해의 마지막』. “기행을 매혹시킨 불행이란 흥성하고 눈부셨던 시절, 그가 사랑했던 모든 것들의 결과물이었다. 다시 시를 써야겠다고 마음먹은 것도 그 때문이었다. 사랑을 증명할 수만 있다면 불행해지는 것쯤이야 두렵지 않아서.” 김연수 작가의 낭독으로 시인 백석의 삶과 만나보세요! 듣는 연재에 공개되지 않았던 챕터까지 모두 공개됩니다.",https://audioclip.naver.com/audiobooks/8E5A3839FB
파과,구병모,"한국 소설에 가장 강렬하게 새겨질 이름, 조각(爪角) 지금껏 우리가 기다려온 새로운 여성 서사의 탄생 한국 소설에 가장 강렬하게 새겨질 새로운 여성 서사를 탄생시킨 구병모 작가의 『파과』가 재출간되었다. 40여 년간 날카롭고 냉혹하게 청부 살인을 업으로 삼아온 60대 여성 킬러 ‘조각(爪角)’. 몸도 기억도 예전 같지 않게 삐걱거리기 시작하면서 이제는 퇴물 취급을 받는다. 노화와 쇠잔의 과정을 겪으며 조각은 새삼스레 ‘타인’의 눈 속에 둥지를 튼 공허를 발견하게 된다. 소멸의 한 지점을 향해 부지런히 허물어지고 있는 모든 것, 깨지고 상하고 뒤틀린 살아 있는 모든 것에 대해 연민을 느끼며, 조각의 마음속에 어느새 지키고 싶은 것들이 하나둘 생겨나기 시작한다. 『파과』는 짧은 시간 빛나다 사라질 살아 있는 모든 것들에 대한 뜨거운 찬사다.",https://audioclip.naver.com/audiobooks/77A3CE4FA6
해시의 신루 7권,윤이수,"""구르미 그린 달빛"" 작가 윤이수가 내놓은 또 하나의 역사 판타지 로맨스! 네이버 웹소설 누적 조회 5천만회, 평점 9.98점의 베스트셀러! 15세기 조선. 이곳에 운명을 거부하고 도망치는 여인, '해루'가 있다. 미래를 예언하는 신비한 능력은 그녀에게 독일 뿐. 어느 날, 그녀 앞에 천하 제일 길치에 공갈을 일삼는 해괴한 사내가 나타나는데. 그의 정체는 조선 최고의 천재 군주라 불리는 '이향'이다. 별이 가득한 밤하늘을 사랑하고 동경하는 그와, 자신의 운명에 기꺼이 맞서는 그녀. 두 사람의 시간이 맞닿아 돌아가기 시작한다. ✔ 네이버 시리즈에서 원작보기",https://audioclip.naver.com/audiobooks/867837F8FD
개를 훔치는 완벽한 방법,바바라 오코너,"""어느 날 아빠가 사라졌다. 우리 집도 사라졌다…” 열한 살 소녀가 벌이는 기상천외한 도둑질 미국 전역을 울리고 웃긴, 올해 최고의 가족소설! ‘가족소설’이라는 타이틀로 패런츠 초이스 어워드, ALA 노터블 어워드 등 열네 개에 해당하는 문학상, 협회 선정작, 각종 부문 노미네이트라는 쾌거를 이룩해낸 ‘바바라 오코너’의 첫 국내출간작. 영미권에서 새로운 성장소설 작가로 주목받고 있는 그녀는, ‘가난과 부서진 가족’ 혹은 ‘외롭고 소외된 청춘’이라는 지극히 무거운 주제를 풀어내면서도 시종일관 위트와 유머, 천진난만함을 잃지 않는다. 아빠는 도망가고, 집은 사라지고, 한순간에 길거리로 나앉게 된 주인공 소녀와 엄마, 동생의 고군분투기를 그린 이 책 역시 마찬가지다. 적당히 자기중심적이지만 아직 순수한 열한 살짜리 소녀의 시선으로 그린 가족과 인생과 사랑과 깨달음에 엉뚱함까지 버무려놓았다. 특히 자신의 처지를 비관하는 대신, 어떻게든 예전의 평범한 생활로 돌아가려고 기상천외한 프로젝트를 짜내는 주인공 소녀의 모습은 한없이 사랑스럽고 재기발랄하다. 현실적인 가족의 모습을 그렸으면서도 상큼함을 잃지 않는 이 소설을 읽다 보면 불현듯 ‘가족의 의미, 어린 시절의 동심’ 등을 떠올리게 된다. “유머, 썰렁한 농담, 희망적인 기사 한 줄… 인생이 버거울수록 우리는 사소한 것에 의지한다” ‘약자의 생존법’을 유쾌하고 사랑스럽게 풀어낸 작가, 바바라 오코너 국내에서는 생소한 이름이다. 노벨문학상, 부커상, 퓰리처상 등 굵직한 수상이력을 주렁주렁 달고 있지도 않다. 하지만 그녀는 올해 자신의 이력에 아주 독특한 한 줄을 추가했다. ‘가족소설’이라는 타이틀로 패런츠 초이스 어워드, ALA 노터블 어워드 등 열네 개에 해당하는 문학상, 협회 선정작, 각종 부문 노미네이트라는 쾌거를 이룩해냈기 때문이다. 그것도 단 한 권으로 말이다. 그녀는 현재 영미권에서 새롭게 떠오르는 청소년작가로 주목받고 있다. 퍼블리셔스 위클리는 그녀를 이렇게 평했다. “오코너는 영리하다. 그녀는 어떻게 주제를 선택하고 어떻게 이야기를 이끌어가야 하는 줄 안다. 이번에 그녀는 또다시 ‘가난과 부서진 가족’이라는 도전적인 주제를 택했다. 물론 자신의 전매특허인 사랑스러운 유머도 잊지 않았다.” 그녀는 언제나 ‘강하고 재기발랄한 소녀’와 ‘그들을 압박하는 현실적 고난’을 작품 속에 대비시킨다. 그러나 그녀의 진정한 재능은 내용의 얼개보다는 다른 곳에서 더 빛을 발한다. 그녀는 우울한 인생을 지탱해주는 버팀목으로 ‘키득거리기’를 택했다. 박장대소는 아니다. 그보다는 소설 속 주인공들이 처한 현실적 고통을 ‘과하지 않은 유머러스함’으로 포장했다. 덕분에 더없이 리얼하지만 전혀 무겁거나 과장되지 않은 자신만의 성장소설 스타일을 창조해냈다. 그녀가 내세우는 주인공들은 하나같이 이중적이다. 영악하면서 순진하고, 똑똑하면서 바보 같고, 강하면서도 연약하다. 그러한 이중성이 현실적인 문제와 부딪혀서 엉뚱한 사건의 시발점이 되고, 독자들은 그 모습을 보면서 심각하게 고민하다가도 어느 순간 킥킥거리며 웃게 되는 것이다. 그녀가 풀어내는 작품들은 에피소드처럼 소박하다. 하지만 ‘현실과 유머, 캐릭터’간의 적절한 균형점을 찾아냈기 때문에 즐겁고, 따뜻하고, 한없이 매력적이다. 이러한 특성은, 열네 개 문학부문 선정작이라는 타이틀을 거머쥔 이 책에서 가장 잘 드러난다. 이번에도 그녀는 웃음기 어린 눈으로, 어린 소녀의 성장기, ‘한쪽 문이 닫히면 다른 쪽 문이 열린다’는 희망의 변주곡을 설득력 있게 연주하고 있다. ‘가난과 부서진 가족’이라는 도전적 주제, 열한 살 소녀의 눈을 통해 가족과 인생의 소중함을 재발견하는 유쾌한 소설",https://audioclip.naver.com/audiobooks/AE6191FD44
페인트,이희영,"올해의 베스트셀러, 아시아권 4개국 수출! “부모를 선택할 수 있다면, 누구를 고르시겠습니까?” #부모면접 #가족이란 #사랑과돌봄 #명대사의향연 이희영 작가의 장편소설 『페인트』의 양장본이 출간되었다. 『페인트』는 제12회 창비청소년문학상 수상작으로, 2019년 4월 출간 즉시 베스트셀러에 오르며 반년 만에 5만부가량 판매되는 등 독자에게 큰 사랑을 받았다. 국가에서 센터를 설립해 아이를 키워 주는 ‘양육 공동체’가 실현된 미래 사회, 청소년이 부모를 직접 면접 본 뒤 선택하는 색다른 풍경을 그린 이야기이다. 부모 자식 관계란, 나아가 가족의 의미란 무엇인지를 질문하는 수작이다. 중국, 대만, 베트남, 인도네시아 등 아시아 4개국으로 수출되는 쾌거를 보건대 국내뿐 아니라 세계적으로도 충분히 공감할 법한 보편성을 지닌 작품이라 할 수 있다. 청소년, 부모 세대를 넘어 더욱 다양한 연령대의 독자들에게 가닿기를 바라는 마음으로 새로운 양장 판형을 선보인다. ★★★ 『페인트』를 읽는 동안 좋은 엄마가 되고 싶지만 어떻게 해야 할지 모르는 내 곁으로 어린 내가 와 앉았다. 부모님의 관심과 이해를 받고 싶던 어린 시절의 내가, 그리고 부모님에게서 기필코 독립하리라 다짐했던 20대의 내가. _조남주(『82년생 김지영』 『사하맨션』 저자) ★★★ 정상이 아니라는 차별과 낙인과 폭력, 그리고 정상이라는 테두리 안에서 사랑받지만 순응하고 때로 굴종해야 하는 삶. 어른들이 내민 이 두 가지 부족한 선택지 사이에서 주인공 제누 301은 동정이나 시혜를 단호히 거부하고 동료 시민으로서의 존중과 평등을 요구하며 홀로 선다. _윤이형(『작은마음동호회』 『러브 레플리카』 저자) 부모를 면접하다! 현실에서 과감히 한 발 나아간 이야기 『페인트』는 자신과 함께 살 가족을 직접 선택할 수 있다는 전복적인 상상력으로부터 시작하는 소설이다. 실감 나는 대화, 흥미진진한 전개로 빠르게 읽히는 장점이 돋보인다. 주인공 제누는 국가에서 설립한 NC 센터에서 성장한, 성숙하고 생각 깊은 열일곱 살 소년이다. 센터의 모든 아이와 마찬가지로 자신을 자녀로 입양하기 위해 방문한 예비 부모를 면접하고 선택할 수 있는 권리를 지니고 있다. 궁금증을 일으키는 소설의 제목 ‘페인트’란 부모 면접(Parent’s Interview)을 뜻하는 아이들의 은어이다. 제누는 열세 살 때부터 지금까지 4년 동안 페인트를 치러 왔다. 하지만 자녀를 진심으로 원하지는 않으면서 입양을 통해 정부로부터 각종 복지 혜택을 받는 데에만 혈안이 된 어른들에게 번번이 실망을 해 왔다. 스무 살이 될 때까지 부모를 선택하지 못하면 홀로 센터를 떠나야 하는 처지에 놓인 제누. 시간은 얼마 남지 않았다. 과연 제누는 부모를 만날 수 있을까? “실감 난다” “통쾌하다!” “내 이야기 같다” 독자들의 찬사, 가슴을 울리는 명대사의 향연 제누와 한 방을 쓰는 밝고 사랑스러운 아키, 껄렁해 보이지만 부모에게 입양되었다가 센터로 되돌아온 상처를 지닌 노아 또한 살아 숨 쉬듯 매력적인 조연이다. 제누와 마찬가지로 페인트를 준비하는 이들은 각자 원하는 부모상을 그리며 미래를 대비한다. 어느새 독자들도 소설 속에 들어가서 직접 부모를 면접 보고 누구를 선택할지 고민하며 생생한 실감을 느끼게 된다. 불손하고 무례한 예비 부모에게 제누처럼 100점 만점에 15점이라는 가차 없는 점수를 매기며 짜릿한 통쾌함을 느낄 수도 있다. 면접 과정에서 오가는 날카로운 대화는 실제 가족이나 친구와 주고받은 말처럼 귓가에 생생하게 울린다.",https://audioclip.naver.com/audiobooks/07BED8BE6B
이상한 나라의 앨리스,루이스 케롤,"호기심 가득한 소녀, 앨리스! 이상한 나라로 들어가다! 따사로운 햇살이 가득한 오후, 앨리스는 조끼를 입은 희한한 토끼를 따라 우연히 이상한 나라로 들어간다. 몸이 늘었다 줄었다를 반복하며 신기하고 이상한 사건에 계속 말려드는 앨리스! 조끼주머니에서 시계를 꺼내보며 바쁘게 돌아다니는 하얀 토끼, 담뱃대를 입에 물고 인생을 초월한 듯 이야기 하는 쐐기벌레, 세상에 모든 슬픔은 모두 다 안고 사는 듯한 못난 자라, 거기에다 언제나 끔찍한 처형을 내리며 사람들을 놀라게 하는 하트 여왕까지… 예측불허! 개성만점의 인물들이 살고 있는 환상의 나라! 루이스 캐럴의 상상 그 이상의 세계를 오디언에서 만나본다.",https://audioclip.naver.com/audiobooks/DDF2D1DF23
"에마 (민음사 세계문학, 완독본)",제인 오스틴,"▶ 나 이외에 어느 누구도 좋아하지 않을 여주인공에 대해 썼다. — 제인 오스틴 ▶ 영국 소설의 위대한 전통은 제인 오스틴에서 비로소 시작된다. — F.R.리비스 ▶ 제인 오스틴은 내가 만난 사람들 중에 일상생활 속에서의 남녀 사이의 관계, 감정 그리고 인물을 가장 훌륭하게 묘사하는 재능을 가졌다. — 월터 스콧 ▶ 그녀는 산문계의 셰익스피어다. — 토머스 매콜리 19세기 영국의 대표 여성 작가 제인 오스틴의 『에마(Emma)』가 민음사 세계문학전집으로 출간되었다. 남녀의 사랑과 결혼을 열정적으로 탐구하여 『오만과 편견』, 『이성과 감성』 등 로맨스 소설의 걸작들을 탄생시킨 영국의 대표 작가 오스틴은 “묘사와 정서의 진실을 통해서 일상의 평범한 일과 인물 들을 흥미롭게 만드는 빼어난 솜씨를 지닌” 작가로 평가받는다. 『에마』는 그녀의 작품들 중에서도 인간의 심리와 사고 과정을 가장 정교하게 다룬 작품으로, 자기밖에 모르는 이기적인 여주인공 에마가 인격적 결함들을 극복하고 진정한 자아와 사랑을 동시에 거머쥐는 과정을 유머러스하면서도 더없이 사랑스럽게 그려 낸다. 오스틴 특유의 재기 넘치는 문체, 인간관계와 일상사를 관찰하는 섬세한 시선과 세련된 지성 등이 유감없이 발휘되는 이 작품은 1996년 영화(기네스 팰트로, 이완 맥그리거 주연)로도 제작되어 큰 사랑을 받았으며, ‘옵저버 선정 인류 역사상 가장 훌륭한 책’, ‘BBC 선정 가장 많이 읽은 책 100권’으로 뽑히기도 했다.",https://audioclip.naver.com/audiobooks/900E715500
걸리버 여행기,조너선 스위프트,"『동물농장』 조지 오웰이 극찬한 최고의 풍자문학 완역본 환상적인 모험에 숨겨진 인간과 사회에 대한 신랄한 풍자 풍자문학의 대가 조너선 스위프트의 『걸리버 여행기』는 걸리버의 환상적인 모험담을 통해 당대의 정치사회와 인간 문명을 통렬하게 비판한다. 스위프트는 “이 작품의 의도는 세상 사람들을 즐겁게 해주려는 것이 아니라 화나게 만들려는 것”이라고 말했다. 그 말대로 『걸리버 여행기』는 1726년 출판되었을 때부터 엄청난 인기와 논란을 동시에 불러일으켰으며, 신랄한 묘사로 인해 내용이 삭제되거나 금서로 지정되기까지 했다. 19세기 초 『걸리버 여행기』는 원작의 거친 표현과 풍자 등을 삭제하고 아동문학으로 발행되었는데, 이런 판본들이 지금까지도 수많은 독자들에게 읽히고 있다. 그러나 아동용 『걸리버 여행기』를 접한 사람은 원전의 풍자를 이해할 수 없다. 현대지성 클래식의 『걸리버 여행기』는 완역본으로 풍자문학의 진수를 느낄 수 있으며, 일러스트의 대가 아서 래컴의 삽화로 재미를 더했다. 또 꼼꼼한 해제를 수록해 작품을 더 깊게 이해할 수 있게 구성했다. 조지 오웰은 『걸리버 여행기』를 두고 “이 책은 아무리 읽어도 지겹지 않으며, 다른 모든 책들을 파괴하고 오로지 여섯 권만 골라야 한다면 그 중의 하나로 이 책을 고를 것이다.”라고 했으며, 영국 문학사가 조지 세인츠베리는 “스위프트는 세계 문학사를 통틀어 가장 위대하고, 가장 완전한 재미의 원천이다.”라고 평했다. 당대의 부패한 사회와 짐승보다 못한 인간의 행태에 날리는 스위프트의 독설은 몇백 년의 세월이 지나도 바래지 않는다. 그의 날카로운 풍자는 오늘의 독자들에게도 여전히 즐거움과 깨달음을 줄 것이다.",https://audioclip.naver.com/audiobooks/E9F7F06825
폭군에게는 악녀가 어울린다 1,유이란,"웹툰 55만, 웹소설 45만 조회수를 기록한 유이란 작가의 인기작 <폭군에게는 악녀가 어울린다> 의 오디오북이 전격 출시되었습니다. 오디오북에는 서혜정, 강수진, 김영선, 이규화, 홍시호, 김옥경, 최덕희, 장경희, 등 국내 유명 성우가 대거 참여하여 원작의 재미와 더불어 수준 높은 오디오북의 경험을 독자들에게 선사합니다. ✔ 홍보동영상 “살려 줘…….” 내가 왜 황제와 결혼해야 하는 건데! 하루아침에 희대의 촉군 에스티안의 신부가 된 세실. 인생 망했다 한탄하던 그녀는 그를 본 순간 생각을 고쳐먹었다. “미남이시네요?” 당신을 나의 남편으로 임명(?)합니다. 기왕 이렇게 된 거 오래오래 잘 살려면 폭군보다 더 악명 높은 악녀가 되어야만 한다! “그런데 제가 잘할 수 있을까요……?” “그대에게는 재능이 있어.” ……악녀가 될 재능요?",https://audioclip.naver.com/audiobooks/24E693D092
천일야화 2,전진석,"사랑에 상처받은 술탄 사리야르는 매일 밤 새 후궁을 맞이하고 해가 뜨기 전 처형을 한다. 동생을 대신해 후궁으로 들어간 세하라는 밤마다 술탄에게 신비롭고 슬픈 사랑 이야기들을 들려주며 목숨을 연명하는데… 비운의 공주 투란토트 엇갈린 사랑의 주인공 클레오파트라 가슴 아픈 사랑의 선녀와 나무꾼 아름다운 남자 세하라의 이야기는 차가운 술탄 사리야르의 마음을 서서히 움직이는데... ""마지막으로 들려드릴 이야기가 있습니다. 해가 뜨기 전에 이야기를 마치겠습니다. 그 이후엔 뜻대로...""",https://audioclip.naver.com/audiobooks/9E9109E67B
햄릿,윌리엄 셰익스피어,"※ 본 오디오북/오디오드라마는 문화관광부의 지원을 받아 제작 되었습니다. ""약한 자여, 그대 이름은 여자이니라"" ""죽느냐 사느냐 그것이 문제로다"" 햄릿은 4대 비극 중 한 작품으로, 당시 유행한 복수비극의 형태를 취하면서 부왕의 원수를 갚아 국가질서의 회복을 꾀하지 않으면 안되었던 지식인 햄릿 왕자의 고뇌를 주제로 한 비극을 햄릿과 오필리어의 슬픈 노래와 함께 오디오 드라마로 만나보세요! 덴마크의 햄릿 왕이 급서하자 왕비 거트루드는 곧 왕의 동생 클로디어스와 재혼하고, 클로디어스가 왕이 된다. 햄릿 왕자는 너무 서둔 어머니의 재혼을 한탄하는데, 마침내 선왕(先王)의 망령이 나타나, 동생에 의하여 독살되었다고 말한다. 햄릿은 복수를 위하여 거짓으로 미친 체한다. 햄릿은 망령의 존재를 의심하면서도 왕의 본심을 떠보기 위하여 국왕 살해의 연극을 해 보이는데, 왕은 안색이 변하여 자리에서 일어선다. 그 후 햄릿은 재상 폴로니어스를 왕으로 잘못 알고 죽이고, 그가 가장 사랑하는 폴로니어스의 딸 오필리아는 그 충격으로 미쳐서 죽는다. 왕은 햄릿을 영국으로 보내어 죽게 하려고 하나 왕자는 도중에서 되돌아온다. 폴로니어스의 아들 레어티스는 왕의 꾐에 빠져 햄릿을 독을 바른 칼로 죽이려고, 왕과 왕비 앞에서 검술시합을 하게 된다. 그러나 왕의 계획은 틀어져, 왕비는 왕이 햄릿을 독살하려고 준비한 독주를 모르고 마셔 죽고, 레어티스와 햄릿은 독을 바른 같은 칼에 죽는데, 햄릿은 최후의 순간에 그 칼로 왕을 죽인 후 숨을 거둔다.",https://audioclip.naver.com/audiobooks/B3A89B950B
깨뜨려지는 홍등 (Resound단편),이효석,"「깨뜨려지는 홍등」은 1930년 『대중공론』에 발표된 이효석의 단편소설입니다. 이효석 초기 작품들의 특징인 프롤레타리아 이념이 드러난 소설로, 포주의 천대와 학대에 견디지 못한 홍등가 여성 8명이 6가지 조항을 내걸고 단식 투쟁을 벌이는 흥미로운 이야기입니다. 후반부에 극과 같은 연설을 통해 의식을 고양시키는 장면과 홍등이 깨뜨려지는 장면에서 이효석 특유의 유려한 수법이 잘 드러나고 있습니다. 가난한 민중 계급들의 삶의 단면을 예리하게 포착함으로써 작가는 당대의 비참한 시대성을 그려내고 있습니다. 「깨뜨려지는 홍등」의 오리지널 스코어를 작곡한 지박(Ji Park)은 첼리스트이자 작곡가로 클래식과 대중음악 등 다양한 장르를 넘나들며 전방위적 활동을 하고 있습니다. 일반적인 첼로 주법을 넘어서서 동양적인 선율과 사운드로 현대인들의 아픔을 어루만지는 뮤지션으로 평가 받고 있습니다. <살롱 드 오수경>밴드의 멤버로 2014년 한국 대중음악상 최우수 재즈크로스오버 음반상을 수상했습니다. 2014년 첫 번째 정규앨범 <9000Km+>을, 2019년 두 번째 정규 앨범 <DMZ>를 발매했습니다. 100년 전 우리 소설, 아름다운 소리로 만나다. [Resound 단편] 시리즈 소위 ‘고전’이라 불리는 작품들은 시대를 불문하고 인간과 삶을 관통하는 날카로운 통찰을 담고 있습니다. 그러나 한 번쯤 제목은 들어 봤을지라도, 제대로 읽어본 적은 없는 경우가 많습니다. 왜일까요? 어쩌면 고전은 낡고 지루하며 어렵다는 편견이 있는 건 아닐까요. [Resound 단편] 시리즈는 그 편견을 깹니다. 오늘날 활발히 활동 중인 작가들이 고쳐 쓰고, 그 원고를 전문 배우들이 생생하게 낭독하고, 거기에 뮤지션들이 작곡한 음악이 더해져, 고전은 새로운 예술작품이 되었습니다. 옛 것의 가치는 간직하되 새로운 옷을 입고 화려하게 돌아온 50편의 [Resound 단편] 시리즈가 새로운 문학의 세계, 감상하는 오디오북의 세계로 당신을 초대합니다.",https://audioclip.naver.com/audiobooks/15DFC464E2
"여름, 어디선가 시체가",박연선,"한국형 코지 미스터리의 탄생! 이 소설 덕분에 여름이 재미있어진다! “15년 전, 아홉모랑이 마을에서 네 명의 소녀가 사라졌다” 사고? 납치? 그것도 아니면 귀신의 장난……? 과연 ‘네 소녀 실종 사건’의 범인은 누구인가! 서울에서 내려온 4차원 백수 강무순, 팔십 세 홍간난 여사, 츤데레 꽃돌이! 트리오가 펼치는 좌충우돌 탐정 놀이! 나를 열등감에 빠지게 한 작가를 향해 뻑큐를 날렸다. 박연선. 너 혼자 다 해먹어라, 그래!” 이경희 작가 (「함부로 애틋하게」「미안하다 사랑한다」) 첩첩산중 적막강산 아홉모랑이 마을 두왕리를 배경으로 펼쳐지는 흥미진진 미스터리! 첩첩산중 두왕리, 일명 아홉모랑이 마을에 사는 강두용 옹은 막장 드라마를 보던 중 뒷목을 잡고 쓰러져 생을 마감한다. 구급차가 총알처럼 출발하면 뭐하나. 살아 있는 이도 숨이 넘어갈 때쯤 돼야 겨우 도착할 수 있는 첩첩산중의 마을 두왕리인 것을. 그렇게 아홉모랑이 강씨네는 장례를 치르게 되고, 효성 지극한 아들딸들은 시골집에 홀로 남을 팔십 노모가 걱정된다. 남편을 산에 묻고 돌아온 날 호박쌈을 한입 가득 욱여넣는 씩씩한 홍간난 여사 말이다. 아들딸들이 머리를 맞대고 고민한 끝에 결정된 사항은, 홍간난 여사의 손녀이자 집안 최강 백수 강무순을 시골집에 낙오시키는 것이다. 다음 날 아침이 밝고 스무 명 넘게 북적대던 시골집의 아침은 한없이 고요하기만 하고, 그 고요함에 화들짝 놀란 낙오자 강무순이 마당으로 뛰쳐나오지만 무순을 반기는 건 할머니 홍간난 여사의 등짝뿐. 그렇게 강제적으로 시작된 동거 및 유배 생활에 하루 만에 지루해진 무순. 너무너무 심심한 나머지 마당에 묶여 있는 강아지 ‘공이’를 데리고 산책을 나갔다가 ‘저 집에 개 끌고 돌아다니는 미친년이 산다’는 말을 듣는 동네에서 대체 무얼 하며 지낼 수 있을까. 수준 안 맞아서 나가 돌아다니지도 못하고 집 안에서 놀거리를 찾다가, 할아버지의 책장에서 15년 전 자신이 그린 것으로 추정되는 보물지도를 발견한다. 보물지도에 그려진 대로 경산 유씨 종택을 찾아가 보물상자를 파낸 무순. 보물상자와 마주한 순간, 무순을 좀도둑으로 오해한 종갓집 외동아들 ‘꽃돌이’와도 맞닥뜨린다. 달리 보물지도가 아니라 꽃돌이가 보물이었구나, 싶은 순간 무순의 보물상자를 본 꽃돌이의 표정이 굳어진다. 자신의 누나이자, 15년 전 실종된 경산 유씨 종갓집의 귀한 외동딸 유선희의 물건이 들어 있었기 때문이다. 15년 전, 당시 최장수 노인의 백수 잔치에 온 마을 사람들이 버스까지 대절해 온천으로 관광을 떠난다. 어른들끼리 목욕도 하고 술도 마시는 자리에 어린 것들을 데려가기 ‘뭐해서’ 온 동네 아이들을 마을에 남겨 놓고 떠났다. 흔히 말하는 ‘옆집 수저가 몇 쌍인지도 아는’ 가족 같은 시골 마을이었기에 별 걱정 없었다. 그날 밤 관광이 끝나고 돌아온 어른들. 마을이 텅 빈 사이, 네 명의 소녀들이 사라진 것을 알고 충격에 휩싸인다. 당시 사라진 것은 유선희(16)뿐만 아니라, 삼거리 ‘허리 병신’네 둘째 딸 황부영(16), 발랑 까지긴 했어도 평범한 집안 딸이었던 유미숙(18), 목사님 막내딸 조예은(7) 모두 네 명이다. 나이도, 학교도, 출신 성분도 다른 소녀 넷이 한꺼번에 사라진 것이다. 경찰, 과학수사대, 심지어 무당도 포기한 전대미문의 ‘네 소녀 실종 사건’! 경찰의 추측대로 단순 가출일까? 아니라면 범인은 대체 누굴까? 자신의 딸이 외계로 갔다며 뒷산에서 매일 울부짖는 교회 사모님은 정녕 미친 것일까? 4차원의 최강 백수 강무순, 팔십 노인 홍간난 여사, 츤데레 꽃돌이. 이 얼렁뚱땅 탐정 트리오가 벌이는 황당무계한 탐정 놀이의 끝은 어디인가?! 박연선 작가의 날카로운 시선과 유머가 뒤섞인 시선들을 따라가다 보면 사건보다 스산한 현실과 마주하게 된다. 「동갑내기 과외하기」 「연애시대」 「얼렁뚱땅 흥신소」 장르를 넘나드는 스토리텔러 박연선 작가의 첫 장편소설",https://audioclip.naver.com/audiobooks/F3674DBBB7
해시의 신루 8권,윤이수,"""구르미 그린 달빛"" 작가 윤이수가 내놓은 또 하나의 역사 판타지 로맨스! 네이버 웹소설 누적 조회 5천만회, 평점 9.98점의 베스트셀러! 15세기 조선. 이곳에 운명을 거부하고 도망치는 여인, '해루'가 있다. 미래를 예언하는 신비한 능력은 그녀에게 독일 뿐. 어느 날, 그녀 앞에 천하 제일 길치에 공갈을 일삼는 해괴한 사내가 나타나는데. 그의 정체는 조선 최고의 천재 군주라 불리는 '이향'이다. 별이 가득한 밤하늘을 사랑하고 동경하는 그와, 자신의 운명에 기꺼이 맞서는 그녀. 두 사람의 시간이 맞닿아 돌아가기 시작한다. ✔ 네이버 시리즈에서 원작보기",https://audioclip.naver.com/audiobooks/15B1A84C55
다시 찾아온 바빌론 (배우 이상윤 낭독),F. 스콧 피츠제럴드,"20세기 가장 뛰어난 미국 소설로 꼽히는 「위대한 개츠비」의 작가 F. 스콧 피츠제럴드의 대표 단편을 배우 이상윤의 목소리로 만나다! 피츠제럴드는 40년 남짓한 짧은 생 동안 무려 160여 편에 이르는 단편소설을 집필했다. 그가 단편소설에서 다루는 주제는 크게 두세 가지로 요약된다. 물질적 풍요와 성공에 대한 야망, 잃어버린 젊음과 아름다움에 대한 환멸, 삶에 대한 지칠 줄 모르는 낭만과 환상이다. 이른바 '재즈시대'라 불리는 1920년대와 1930년대 미국의 분위기가 작품 전반에 짙게 투영되어 있으며, 젊음과 아름다움, 욕망 역시 시간의 화살 앞에 무력할 수밖에 없음을 날카로운 상징과 은유를 통해 풀어낸다.",https://audioclip.naver.com/audiobooks/898A897A17
"사람 잡아먹는 자판기 테마 소설집 합본 - 출근은 했는데, 퇴근을 안 했대",남세오 이시우 한켠,"작가 이시우, 한켠, 남세오가 식인 자판기를 주제로 쓴 각양각색 단편들의 향연 '사람 잡아먹는 자판기'를 테마로 한 단편 시리즈 드라마형 오디오북 3종 합본! 언제 어디서나 볼 수 있는 흔한 기계장치 '자판기'에 대한 전복적인 상상력의 파노라마 생동감 넘치는 성우들의 연기와 다채로운 음향 효과가 어우러진 공포 단편 드라마 오디오북! 1. 사쿠라코 이야기 아내의 독촉에 못 이겨 벚꽃 시즌에 일본 교토로 여행을 오게 된 철호네 가족. 뭘 해도 비싼 성수기 물가를 피할 수 없었지만 철호는 그나마 저렴한 숙소를 미리 예약해 둔 덕분에 조금 마음이 놓인다. 벚꽃 구경을 마친 뒤 어둑해진 밤이 다 되어서야 외곽에 위치한 숙소에 겨우 도착했는데, 그들을 맞이한 것은 다름 아닌 기모노 인형들이 가득 줄지어 선 자판기였다. 2. 솔의 눈 뽑아 마시다 자판기에 잡아먹힌 소년 아직도 학교에 있다 교무실 옆 복도에 덩그렇게 놓인 음료 자판기에서 ‘솔의 눈’을 발견하고 신이 난 친구 석영. 나는 게임 승급을 도와준다는 말에 천 원짜리 지폐를 건네주긴 했지만 도무지 녀석의 기괴한 음료 취향을 이해할 수가 없다. 녀석이 지폐를 넣고 솔의 눈을 뽑으려는 순간, 문득 내 머릿속에 생경한 경고의 목소리가 들려온다. 그리고 잠시 후, 자판기에서 음료를 뽑아 들려던 석영이의 팔이 빠지지 않는다. 3. 출근은 했는데, 퇴근을 안 했대 입사 이후 11시 전에 퇴근한 적이 없는 광고 회사에서 오늘도 야근 신세를 면치 못하고 있는 주인공. 이번에는 팀에서 만든 시대착오적 광고가 온라인에서 논란이 된 탓에 뒷수습을 하느라 정신이 나갈 지경이다. 카페인이 절실한 상황이라 탕비실 자판기에서 캔커피를 하나 뽑으려는데, 자판기마저 먹통이 되자 자신의 신세에 대한 분노가 폭발하고 만다. 그러자 잠시 후 굴러떨어진 캔커피 하나. 곧이어 커피로 ‘구해주세요’라는 글씨가 적힌 천 원짜리 한 장이 지폐 투입구에서 천천히 되돌아 나온다. - 📌 성우들의 열연, 환상적인 BGM과 연출! 황금가지의 드라마형 오디오북 목록",https://audioclip.naver.com/audiobooks/4E568FEE71
"에드거 앨런 포 단편선 (민음사 세계문학, 완독본)",에드거 앨런 포,"환상 공포 문학 영역을 개척한 천재적인 작가 에드거 앨런 포의 단편들을 모은 단편선. 독특한 소재와 건조하고 무거운 글쓰기를 지향했던 포는 미국 단편소설의 시조로 불리는 동시에 현대 단편소설의 형식과 스타일을 정립했다고 평가받는다. 그의 작품은 환상적이고 그로테스크한 소재를 통해 이성과 감성, 현실과 초현실, 일탈과 순응 사이의 간극을 넘나드는 것이 특징이다. 특히 그는 이성만으로 설명되지 않는 인간 심리의 복합성을 포착해 그에 대한 탁월한 통찰을 보여 준다. 정체성의 위기, 무의식, 정신분열, 광기, 위반과 일탈의 심리 묘사에서 보이는 포의 독창성과 선구성은 보르헤스, 보들레르 등 20세기를 이끈 작가들에 의해 수없이 인용되었고, 라캉과 데리다 같은 학자들에 의해서도 다양하게 해석되었다. 그의 문학은 당시 신생국으로 문학의 불모지였던 초기 미국 문단에 새로운 지평을 열었으며, 보들레르와 말라르메 같은 프랑스 작가들의 극찬과 함께 유럽 사회에 소개되기도 했다. 「검은 고양이」, 「어셔가의 몰락」, 「도둑맞은 편지」, 「병 속에서 발견된 원고」를 비롯해 그의 대표작으로 평가받는 단편 열네 편을 엄선해 실은 이 단편선을 통해 에드거 앨런 포가 추구했던 문학 세계와 예술적 지향점을 분명하게 엿볼 수 있을 것이다.",https://audioclip.naver.com/audiobooks/0A799A2135
고양이 1 : 베르나르 베르베르 장편소설,베르나르 베르베르,"베르베르가 이번에는 고양이의 눈으로 인간의 미래를 바라본다 '한국인이 사랑하는 세계 작가' 1위, 베르나르 베르베르의 신작 장편소설 『고양이』가 오디오북으로 태어났다. 『고양이』는 제목 그대로 주인공인 고양이의 시각에서 인간의 문명을 바라보는 작품이다. 파리에서 살고 있는 암고양이 바스테트. 그녀는 ‘집사’가 틀어 놓은 TV 화면과 점점 잦아지는 골목길의 총성을 통해 그동안 당연시하던 안락한 일상이 조금씩 무너지고 있음을 감지하게 된다. 이 무렵 바스테트는 옆집에 이사 온, 어떤 이유에선지 인간 세계에 대해 ‘너무 많이 아는’ 고양이 피타고라스와 친구가 되는데……. 인간이 상상하기 어려운 타자의 시각을 도입하여, 인간 중심주의를 해체하고 이 지구에서 인간이 차지해야 할 적절한 위치를 끊임없이 고민해 온 베르베르의 작업은 이미 첫 번째 작품인 『개미』에서부터 시작된 것이지만, 이번 『고양이』에서는 그 문제의식이 그동안 좀 더 성숙해지고 발전해 왔음을 알게 된다. 베르베르가 보기에, 이 지구상의 생물종들과의 대화는 필요하다. 단지 인간의 어떤 흥밋거리나 지식의 확장을 위해서가 아니라, 인간이 전쟁과 테러 등 자기 파괴적인 경로에서 벗어날 수 있는 해답이 여기에 있기 때문이다. 무거운 주제를 경쾌하게 다룰 줄 알고, 과학과 철학, 그리고 역사의 에피소드들을 유머러스하게 버무리는 베르베르의 솜씨는 여전하다. 원제는 ‘Demain les chats’. [내일은 고양이]라는 뜻이다. 미래는 고양이에게 있다는 뜻으로 읽힌다. 다른 한편으로는, 작가 자신이 이제까지는 <개미의 작가>로 기억되었다면 앞으로는 [고양이]가 자신의 트레이드마크가 되기를 바란다는 유머러스한 표현일 수도 있다. 실제로 프랑스 언론에서는 그런 뜻으로 받아들이기도 했다. *** 이 오디오북은 한국출판문화산업진흥원(KPIPA)의 「2021년 오디오북 제작 지원」 사업 선정작입니다.",https://audioclip.naver.com/audiobooks/A3B5FD8B83
"우리가 쓴 것 (조남주 소설집, 완독본)",조남주,"『82년생 김지영』 의 작가 조남주 첫 소설집 청소년에서 노년에 걸친 다양한 여성들의 삶을 새롭게 보기 위한 다시 이야기하기, 다르게 이야기하기 조남주 작가의 첫 소설집 『우리가 쓴 것』이 민음사에서 출간되었다. 현재까지 27개국 25개 언어로 번역된 밀리언셀러 『82년생 김지영』이 1982년생을 중심으로 한 여성 서사였다면 『우리가 쓴 것』은 여든 살 노인부터 열세 살 초등학생까지, 다양한 나이대의 여성들이 겪는 삶의 경험을 다시 읽고 다르게 읽는 확대된 여성 서사다. 여러 시간대에 속한 ‘김지영들’이 연결되며 존재하는 이 책의 첫 번째 이름이 『82년생 김지영』의 확장판이자 업데이트된 『82년생 김지영』이라 할 수 있는 이유다. 『우리가 쓴 것』은 「여자아이는 자라서」「가출」「현남 오빠에게」 등 8편의 단편소설로 구성된 소설집이다. 각각의 작품은 가스라이팅, 불법촬영, 돌봄 노동, 가부장제, 여성 노년의 삶, 페미니즘 내 세대 갈등 등 그동안 여성의 삶을 이야기함에 있어 주요한 화두로 등장했던 문제들을 관통한다. 첨예하고 현재적인 갈등의 현장으로서 이 소설집은 『82년생 김지영』 이후 한국 사회의 젠더감수성이 넘어섰거나 넘어서진 못한 한계의 기록이기도 하다. 어디까지 왔고 무엇을 더 물어야 할까. 지금 우리에게 필요한 좌표 설정을 위한 지도. 이 책의 두 번째 이름일 것이다. 2012년에 발표된 단편소설 「미스 김은 알고 있다」와 올해 발표된 단편소설 「첫사랑 2020」에 이르기까지, 작품들의 집필 시기에는 최대 10년이라는 간극이 있다. 이 책을 통해 10년 동안 조남주 작가가 경험한 사유와 감각의 변화를 가늠할 수 있음을 보여 주는 대목이다. 그러나 한 작가의 탐색 과정은 개인의 역사에 그치지 않고 한 시대가 거친 정신의 경로를 의미하기도 한다. 작가와 사회는 상호 침투하며 서로를 변화시키는 불가분의 관계로 연결되어 있기 때문이다. 여기 수록된 8편의 이야기를 조남주가 쓴 것이자 조남주를 통해 쓰인 것, 작가의 목소리이자 작가를 통해 발현된 사회의 목소리로 읽을 때, 이 책의 세 번째 이름은 다음과 같겠다. 우리가 쓴 것. 그리고 쓰지 않은 것. 페미니즘을 향한 독자들의 열망 아래 한국문학의 여성 서사는 비약적인 성취를 이루고 있다. 그 규모는 국내에만 국한되지 않아 더 의미 있다. 아시아를 넘어 전 세계 많은 독자들이 한국에서 출발한 다양하고 깊이 있는 여성 서사를 읽으며 자신의 이야기를 꺼내고 공유한다. 이는 2010년대 중반 이후 페미니즘 문학의 역사가 이전의 그것과 구별되는 지점이기도 하다. 변화의 시작에 작가 조남주가 있다. 그러나 이번 소설집을 통해 독자들과 만나는 조남주는 아는 작가 조남주가 아니라 아는 줄 알았던 작가 조남주일 것이다. 도래할 페미니즘을 누구보다 빨리 예감한 작가 조남주가 먼저 쓰는 작가일 뿐 아니라 마지막까지 쓰는 작가이기도 하다는 사실을 보여 주기 때문이다. 먼저 들여다보고 마지막 순간까지 들여다보는 작가 조남주는 다시 이야기함으로써 다르게 이야기하고 다르게 이야기함으로써 다시 이야기하는 우리 시대의 세헤라자드다. 지금 조남주를 읽는다는 것. 그것은 오래 들여다봄으로써 모호한 경계 위에 이름 붙여 주는 일에 동참하는 일이다. ‘김지영’이라는 고유명사가 모종의 대명사가 되었듯 아직 많은 이름들이 호명을 기다리고 있다. 그것이 무엇이든, 발견은 ‘우리가 쓴 것’으로부터 시작될 것이다.",https://audioclip.naver.com/audiobooks/D57D5652A1
바쁜 주식 중개인의 로맨스 (배우 정해인 낭독),오 헨리,"주식 중개인 하비 맥스웰이 아침에 속기사 레슬리와 함께 출근한다. 출근하자마자 일이 몰아닥치고, 그는 정신없이 업무에 몰두한다. 바쁜 와중, 열어 둔 창문에서 라일락 향기를 맡은 하비는 레슬리를 떠올리고, 사랑하는 그녀에게 당장 가서 고백을 할 결심을 한다. 업무 때문에 바쁜 나머지 그녀와 전날 저녁 이미 결혼식을 올린 것도 잊은 채.",https://audioclip.naver.com/audiobooks/0674F753A3
배반의 여름,박완서,"MBC 아나운서들과 문학동네가 함께 만든 ‘박완서 단편소설 전집’ 오디오북 2권. 2권 『배반의 여름』에는 작가가 1975년 9월에서 1978년 9월까지 발표한 작품들이 수록되어 있다. 「조그만 체험기」 「흑과부黑寡婦」 「그 살벌했던 날의 할미꽃」 등에서 볼 수 있듯이 박완서가 그리는 모성의 힘은 실로 놀랍다. 작가 자신이 ""내 문학의 뿌리는 어머니""라고 말했던 것처럼, 특유의 수다스러움으로 풀어내는 모성의 힘은 힘센 것들만이 권력을 쥐고 판을 치는 현대산업사회에서 뒤로 처진 자들의 아픔을 진정으로 위무해준다.",https://audioclip.naver.com/audiobooks/02CA22FB10
