titles,authors,informs,clip_links
우주괴담 기원론 (사건보고서 2021),양완영,"성우 강수진과 오디언의 첫 번째 콜라보 프로젝트! <死건 보고서> 오디오 콘텐츠로는 접하기 어려웠던 ‘스릴러’ 장르를 영화 같은 사운드로 구현해 청취자들에게 새로운 경험을 선사하고자 한다. <이누야샤>, <원피스> 등 다수의 애니메이션과 외화 더빙으로 대중에게 친숙한 성우 강수진이 직접 연출한 <우주괴담 기원론>, <경계선> 과 오디언 전문 프로듀서들이 연출한 <이단의 고백>, <그리고 아무도 없었다>까지! 오랜만에 만나는 반가운 목소리부터 주목받는 새로운 목소리들이 펼쳐내는 이야기를 만나보자 #사건번호1. - 우주에서 피어나는 첫 괴담, 그 진상에 대해 보고드립니다. 근무기간이 종료되어 귀환하는, 토성의 위성 '엔셀라두스' 기지 연구원들. 이들을 태운 수송선이 화성으로 향하고 있다. 이 안에는 우주선 소속 대원들과, 기지 연구원들, 그 외에 프로젝트 중 순직한 한 구의 시신이 탑승하고 있다. 문제없이 운항 중인 것 같던 우주선. 그러나 조금씩 이상한 사건들이 발생함에 따라 대원들은 혼란스러운 상태에 빠지게 된다.",https://audioclip.naver.com/audiobooks/9622E93778
"그 후 (민음사 세계문학, 완독본)",나쓰메 소세키,"상상할 수 있는 가장 아름다운 색채, 감미롭고 강렬한 향기가 담긴 탐미적 서사 ▶ 나쓰메 소세키만큼 다양한 장르와 문체를 구사한 작가는 일본뿐만 아니라 외국에도 존재하지 않을 것이다. 이 다양성은 하나의 수수께끼이다. – 가라타니 고진(문학 평론가) ▶ 나쓰메 소세키의 소설은 일본 근대 문학의 선구였음에도 불구하고 처음부터 높은 완성도를 보여주었을 뿐만 아니라 현재도 전혀 낡은 느낌을 주지 않는다. 이것은 가히 기적이다. -고바야시 교지(소설가)",https://audioclip.naver.com/audiobooks/52F985769B
해시의 신루 4권,윤이수,"""구르미 그린 달빛"" 작가 윤이수가 내놓은 또 하나의 역사 판타지 로맨스! 네이버 웹소설 누적 조회 5천만회, 평점 9.98점의 베스트셀러! 15세기 조선. 이곳에 운명을 거부하고 도망치는 여인, '해루'가 있다. 미래를 예언하는 신비한 능력은 그녀에게 독일 뿐. 어느 날, 그녀 앞에 천하 제일 길치에 공갈을 일삼는 해괴한 사내가 나타나는데. 그의 정체는 조선 최고의 천재 군주라 불리는 '이향'이다. 별이 가득한 밤하늘을 사랑하고 동경하는 그와, 자신의 운명에 기꺼이 맞서는 그녀. 두 사람의 시간이 맞닿아 돌아가기 시작한다. ✔ 네이버 시리즈에서 원작보기",https://audioclip.naver.com/audiobooks/1DBCDAFAD6
별뜨기에 관하여 합본(2편),이영도,"『드래곤 라자』, 『눈물을 마시는 새』의 작가 이영도가 선보이는 기상천외한 SF 조현정, 권성혁, 이새아 성우의 생동감 넘치는 연기와 다채로운 음향 효과가 어우러진 '위탄인 시리즈' 드라마 오디오북 2편을 한꺼번에 만나다! 새로운 외계 문명과 조우하고 함께 우주를 개척해 나아가는 과정을 이영도 작가 특유의 위트와 주제의식으로 담아낸 SF 단편 시리즈 1. 카이와판돔의 번역에 관하여 통일한국의 근미래, 어느 날 지구에 고도의 과학문명을 가진 외계 우주선이 나타난다. 그들은 자신을 '범은하 문화교류촉진위원회'로 명명하고, 지구인들에게 다른 외계 문명인 '위탄'을 소개해주며 그들과 교류할 것을 제안한다. 두 문화권이 가장 먼저 교류하게 된 품목은 다름 아닌 동화책으로, 위탄인들은 지구인의 동화 「신데렐라」와 맞바꿔 「카이와판돔」이라는 책을 보내온다. 이후 세계 각국에서 이 외계 동화의 번역이 시작되었고, 한국에서는 이인혜 교수가 인민군 상위 출신 박대위의 엄격한 경호 속에 한국어판 번역 작업을 진행하게 된다. 그러던 어느 날, 전 세계의 번역가 앞으로 도착한 접촉 전담위의 메일을 클릭하자마자 전기가 끊기더니 섬뜩한 총성이 들려오기 시작하는데……. 2. 별뜨기에 관하여 문교촉위를 통해 다수의 외계 문화권을 인지하게 된 바야흐로 우주 개척 시대, 지구인 '나'와 위탄인 '제르비'는 다른 외계 문화권의 계급 갈등을 해결하기 위한 화합의 별자리를 찾기 위해 파트너로서 우주를 함께 여행하는 중이다. 이들은 같은 템섹 우주선에 탑승한 채 스크린과 번역기를 통해 소통하지만 생활 방식이 완전히 다르기 때문에 철저히 분리된 격벽을 가운데 두고 생활하고 있다. 그러던 어느 날, 별자리 찾기에 대한 논쟁을 벌이던 제르비는 점성학자로서 과거 '나'의 행적을 두고 살인자라는 비난을 퍼붓기 시작하는데……. - 📌 성우들의 열연, 환상적인 BGM과 연출! 황금가지의 드라마형 오디오북 목록",https://audioclip.naver.com/audiobooks/83E6FC7BC1
세 가지 소원,박완서,"“이 이야기들의 의미는 오늘날 더 유효하다” 1970년대부터 지금까지, 작가가 아끼고 아껴온 글들 소설가 故 박완서가 공들여 쓴 짧은 이야기들이 한 권에 담겼다. 등단 직후인 1970년대 초에 썼던 「다이아몬드」부터 세상을 떠나기 2년여 전에 쓴 「세 가지 소원」까지 10편이 독특한 향기를 뿜어낸다. 박완서의 작품들은 한국전쟁을 경험한 기성세대가 공감할 만한 유년 시절의 추억과 정서를 담아내는 한편 인간성과 사회 현실에 대한 날카로운 통찰을 심어, 수많은 독자들에게 울림을 안겨주었다. 그런 작품들의 한편에는 작가가 아이와 같은 순수한 눈으로 세상을 바라본 아름다운 이야기들이 있다. 이웃집 할머니가 들려주는 옛날이야기처럼 다정하고 따뜻하게 느껴지는 작품들이다. 이 작품들에서 우리는 박완서 작품의 또 다른 멋과 매력을 발견한다. 어린이와 청소년에서 성인에 이르기까지, 누구나 재미있게 읽을 글들이기 때문이다. 『세 가지 소원』은 현대인에게 삶의 진정한 가치를 일깨운다. 아이가 그린 그림을 통해 때 묻지 않은 삶의 진실을 내보이며, 자연을 있는 그대로 두는 것이 진정한 자연 보호임을 시골 사람들의 삶을 통해 드러낸다. 새색시의 익살과 지혜로 권위주의적인 인습을 풍자하는가 하면, 화가 부부의 삶을 통해 진정한 예술혼과 부부애를 보여주기도 한다. 정색하거나 비꼬지 않고 수채화처럼 담담히 펼쳐 보이는 이야기들. 질박한 삽화와 어우러진 이야기 한 편 한 편이, 우리의 머리를 깨우고 가슴을 두드린다.",https://audioclip.naver.com/audiobooks/D73AD61C26
"무기여 잘 있어라 (민음사 세계문학, 완독본)",어니스트 헤밍웨이,"노벨 문학상, 퓰리처상 수상 작가. 20세기 미국 문학을 개척한 작가 어니스트 헤밍웨이 전쟁의 허무 속에서 삶과 사랑의 진정한 의미를 깨달아 가는 청년의 이야기 전쟁소설과 연애소설의 한계를 넘어 존재에 대한 깊은 통찰을 담아낸 명작 ▶ 내러티브 기법에 대한 장악력, 현대적 스타일에 미친 영향력은 대단하다. ―스웨덴 한림원, 노벨 문학상 선정 이유 ▶ 헤밍웨이야말로 진짜 작가이다. ―F. 스콧 피츠제럴드 ▶ 『노인과 바다』는 우리 시대 작가가 쓴 작품 중에서 가장 훌륭한 작품으로 인정받게 될 것이다. ―윌리엄 포크너",https://audioclip.naver.com/audiobooks/9F9285D2F6
그리스인 조르바,니코스 카잔차키스,"『그리스인 조르바』는 카잔차키스에게 세계적인 명성을 안겨 준 작품으로, 호쾌하고 농탕한 자유인 조르바가 펼치는 영혼의 투쟁을 풍부한 상상력으로 그려 내고 있다. 이성과 열정. 그리고 카잔차키스의 종교적 심리묘사를 그려낸 작품.",https://audioclip.naver.com/audiobooks/9281DF4776
모순,양귀자,"작가 양귀자씨가 새로 내놓은 장편소설 <모순>. 세상의 행복과 불행은 동전의 양면 같은 것, 그렇다면 그 모순된 삶을 가장 슬기롭게 헤쳐나갈 묘안은? 없다. 다만 끊임없이 살아가면서 인생을 탐구해 나가는 방법밖에. 이 자문자답은 양귀자씨가 주인공 안진진에게 부여하는 세상살이 해법이다. 시장에서 내복을 팔고 있는 억척스런 어머니와 행방불명 상태로 떠돌다 가끔씩 귀가하는 아버지, 조폭의 보스가 인생의 꿈인 남동생을 가족으로 둔 안진진. 어머니와 일란성 쌍둥이인 이모는 부유하지만 지루한 삶에 지쳐 있고, 가난한 어머니는 처리해야 할 불행들이 많아 지루할 틈이 없다. 안진진은 사뭇 다른 어머니와 이모의 삶을 바라보며 모순투성이인 삶을 어떻게 이해해야 하는지 고민하기 시작하는데….",https://audioclip.naver.com/audiobooks/EA517EE305
말하는 떡갈나무 (황소윤),조르주 상드 (George Sand),"조르주 상드가 말년에 ‘노앙의 할머니’가 되어 두 손녀에게 들려주려고 쓴 동화책. 원전은 1982년판 ≪할머니 이야기(Contes d’une Grand-mère≫ 1, 2권이다. 원전에는 모두 13편의 이야기가 실렸는데 이 가운데 5편을 옮겼다. 이 중 『말하는 떡갈나무』에 등장하는 에미는 못생기고 무지한데다 고아다. 어느 날 에미는 돼지들의 난동에 쫓겨 숲으로 도망간다. 이는 자신의 정체성을 되찾기 위한 도망이다. 에미는 떡갈나무를 피난처로 삼고, 거기서 삶의 길을 발견한다. 에미는 야생에서 살아남고자 모닥불을 피우거나 생밤을 줍는 등 원시적인 활동에 나선다. 이런 생존 활동 속에서 자신의 재능을 조금씩 발견한다. 이러한 과정은 어떻게 보면 한 남자의 야생화라고도 볼 수 있다. 에미는 자유롭고 순수한 비인간적인 세계의 위험과 경이로움에 빠져들며 타잔 같은 존재가 되어 간다. *** 황소윤(So!YoON!)이 낭독하는 조르주 상드의 『말하는 떡갈나무』는 아이돌 및 각계 저명인사의 목소리 재능을 기부받아 소리책을 만들고 이를 통해 청각 장애인에게 희망의 소리를 선물하는 캠페인에 참여한 작품이다. 캠페인 수익금의 일부는 사랑의 달팽이 재단에 기부되어, 경제적 어려움으로 소리 없는 세상에 살고 있는 난청 아동들에게 희망의 소리를 선물해주기 위한 지원 기금으로 사용되어진다.",https://audioclip.naver.com/audiobooks/F6E6685B01
행복의 근원: 어느 실험실의 풍경 3,이영도,"이영도 작가의 유쾌한 상상력과 통찰이 돋보이는 어느 궁정 마법사의 실험실에서 일어난 한바탕 난장극! 다채로운 음향 효과와 성우들의 명 연기로 만나는 '어느 실험실의 풍경' 전 시리즈 드라마형 오디오북 출시! “나는 눈을 감고 행복의 근원을 삼켰다.” 솔로처 때문에 계획했던 실험에 실패했다며 격분한 핸드레이크는 온갖 잡동사니들을 놓고 주문을 외더니 푸르스름한 빛이 감도는 반지 하나를 만들어낸다. 그리고 솔로처에게 그 반지를 끼고 문지르며 주문을 외라고 종용한다. 아무 일도 일어나지 않았다고 생각한 순간, 솔로처와 똑같이 생긴 누군가가 나타난다. 황당한 이 실험의 목적을 묻자 핸드레이크는 ‘행복의 근원’을 찾아낼 생각이라며 엄숙하게 이야기하는데…… 핸드레이크와 솔로처, 헐스루인 공주가 등장하는 연작 단편소설 시리즈 세 번째 작품. - 📌 성우들의 열연, 환상적인 BGM과 연출! 황금가지의 드라마형 오디오북 목록 [애거서 크리스티 추리 베스트 12] 그리고 아무도 없었다 오리엔트 특급 살인사건 0시를 향하여 나일 강의 죽음 커튼 애크로이드 살인 사건 스타일스 저택의 괴사건 서재의 시체 살인을 예고합니다 비뚤어진 집 다섯 마리 아기 돼지 ABC 살인사건 [이영도 판타지 시리즈] 그림자 자국 눈물을 마시는 새 오버 더 호라이즌 오버 더 네뷸러 오버 더 미스트 오버 더 초이스 에소릴의 드래곤 골렘 키메라 행복의 근원 [하지은 작가 대표작] 얼음나무 숲 [이준영 작가 SF장편소설] 파라미터O [공포 단편 오디오북] 증명된 사실 검은 책 홍수 심해어 공포의 ASMR 나 홀로 숨바꼭질 인형괴담 귀신보다 무서운",https://audioclip.naver.com/audiobooks/183B1F1F07
"차라투스트라는 이렇게 말했다 (민음사 세계문학, 완독본)",프리드리히 니체,"""신은 죽었다!"" 서양 철학사상 가장 독창적인 철학자의 가장 위대한 서사시 니체의 핵심 철학이 장쾌하고 시적인 언어로 집약된 대표작 『차라투스트라는 이렇게 말했다』는 방랑자 차라투스트라의 출발에서부터 미래의 인간인 '초인'을 찾는 여정, '영원회귀'의 오솔길을 거니는 차라투스트라의 고난, 걷고 뛰고 춤추는 축제의 밤이 지나고 새로운 태양을 맞이하기까지를 극적으로 구성해 낸 서사시로, 새로운 세계의 새로운 인간을 위한 새로운 원칙을 제시한다. 이 책은 '차라투스트라'에 대한 이제까지의 모든 해석과 논의를 넘어서 니체의 율동하는 언어를 정밀하게 포착해 낸 번역본으로, 시인이자 춤추는 자인 차라투스트라의 언어가 생동하는 현장과 만날 수 있다. ▶ 『차라투스트라는 이렇게 말했다』로 나는 인류에게 역사상 가장 위대한 선물을 안겨 주었다. — 프리드리히 니체 ▶ 『차라투스트라는 이렇게 말했다』의 서술 형식과 언어의 절묘한 높이는 니체의 다른 저서가 도달할 수 없는 단계에 있다. — 이보 프렌첼 ▶ 우리는 『차라투스트라는 이렇게 말했다』를 통해 니체가 수직적인 시인, 정상의 시인, 상승적 시인의 전형임을 증명할 수 있다. — 가스통 바슐라르",https://audioclip.naver.com/audiobooks/00406BF6E9
웬만해선 아무렇지 않다,이기호,"재기 넘치는 문체, 매력적인 캐릭터, 시대를 포착하는 날렵한 서사 웃음과 눈물의 절묘한 만남, 작가 이기호의 짧은 소설 “2000년대 문학이 선사하는 여러 유쾌함들 중에서도 가장 ‘개념 있는’ 유쾌함 중의 하나(문학평론가 신형철)” “이기호의 소설에는 심장 박동 소리가 난다(시인 함민복)”. 그럴싸한 포장 없이 능란한 거짓말 없이 우직하게도 이야기꾼의 행보를 이어왔다.어떠한 피로감 없이 소모 없이 새로운 감각의 독보적 이야기꾼이라는 신뢰가 여전하다. 2000년대 등장한 이래 희비극적이라 할 그만의 월드를 축조했던 작가 이기호. 그의 특별한 짧은 소설을 한 권에 담았다. 『웬만해선 아무렇지 않다』는 아무리 노력해도 나아지지 않는 불안한 현실 속에서 어떻게 살아야 하는가가 개인의 가장 중요한 화두가 된 현재를 관통하는 우리 모두의 이야기다. 폼 나는 사람들, 세련된 사람들이 아닌 좌충우돌 전전긍긍 갈팡질팡 하는 우여곡절 많은 평범한 사람들, 그렇게 최선을 다한 사람들이 맞닥뜨린 어떤 순간을 작가는 호명해낸다. 솔직하고 정직한 이 사람들의 ‘지지리 궁상’들을 특유의 비애와 익살로 되살린다. 이름하여 ‘웬만해선 아무렇지 않은 사람들’의 ‘웬만해선 아무렇지 않은 이야기’들. 작가는 웬만해선 아무렇지 않은 모든 세상의 ‘아마추어들’을 위로한다. 유머를 한껏 장착한 채.",https://audioclip.naver.com/audiobooks/13201C5340
해시의 신루 5권,윤이수,"""구르미 그린 달빛"" 작가 윤이수가 내놓은 또 하나의 역사 판타지 로맨스! 네이버 웹소설 누적 조회 5천만회, 평점 9.98점의 베스트셀러! 15세기 조선. 이곳에 운명을 거부하고 도망치는 여인, '해루'가 있다. 미래를 예언하는 신비한 능력은 그녀에게 독일 뿐. 어느 날, 그녀 앞에 천하 제일 길치에 공갈을 일삼는 해괴한 사내가 나타나는데. 그의 정체는 조선 최고의 천재 군주라 불리는 '이향'이다. 별이 가득한 밤하늘을 사랑하고 동경하는 그와, 자신의 운명에 기꺼이 맞서는 그녀. 두 사람의 시간이 맞닿아 돌아가기 시작한다. ✔ 네이버 시리즈에서 원작보기",https://audioclip.naver.com/audiobooks/79AE8CFD66
셜록 홈즈 : 주홍색 연구,아서 코난도일,"저자 아서 코난도일이 탄생시킨 셜록 홈즈. 그는 역사상 가장 위대한 탐정이자 가장 유명한 허구의 인물이다. 셜록홈즈 시리즈의 첫 시작을 여는 주홍색 연구! 1870년, 왓슨 박사는 전쟁에서 총상을 입고 요양차 런던에 온다. 우연히 소개받은 홈즈의 괴팍하고 특이한 행동에 호기심을 갖고 룸메이트가 된다. 어느 날 로리스턴 가든에서 살인 사건이 일어나고 홈즈가 사건에 뛰어들게 되는데.. 젊은 날 이루지 못한 아름답고 비극적인 사랑. 그리고 복수를 위해 평생을 바친 한 남자의 이야기가 펼쳐진다. ""삶의 무채색 실 꾸러미 속에 주홍빛 살인의 혈맥이 면면히 흐르고 있습니다. 우리가 해야 할 일은 그 살인의 혈맥을 찾아 가차없이 드러내는 것. 자, 이제 우리의 주홍색 연구를 시작해 봅시다.""",https://audioclip.naver.com/audiobooks/A2337AC1DB
천일야화 1,전진석,"사랑에 상처받은 술탄 사리야르는 매일 밤 새 후궁을 맞이하고 해가 뜨기 전 처형을 한다. 동생을 대신해 후궁으로 들어간 세하라는 밤마다 술탄에게 신비롭고 슬픈 사랑 이야기들을 들려주며 목숨을 연명하는데... 비운의 공주 투란토트! 엇갈린 사랑의 주인공 클레오파트라! 가슴 아픈 사랑의 선녀와 나무꾼! 아름다운 남자 세하라의 이야기는 차가운 술탄 사리야르의 마음을 서서히 움직이는데... ""마지막으로 들려드릴 이야기가 있습니다. 해가 뜨기 전에 이야기를 마치겠습니다. 그 이후엔 뜻대로...""",https://audioclip.naver.com/audiobooks/F7EEAA2815
<복자에게> 완전판 오디오북 (김금희 작가 낭독),김금희,"어떤 실패도 삶 자체의 실패가 되지 않도록, 작가 김금희의 가장 청량한 위로 단단한 시선과 위트 있는 문체로 사랑 받는 작가 김금희의 두번째 장편소설 『복자에게』. 지난 8월 오디오클립에서 ‘듣는 연재 소설’로 처음 소개됐던 신작을 오디오북으로 만나보세요! “우리집이 완전히 망해버렸습니다.” 내가 그렇게 말하자 이번에는 복자 쪽에서 약간 움찔했다. 하지만 일단 입을 열자 나는 마음이 편안해졌다. “서울에서 나쁘게 지냈습니다. 아빠 친구라고 해서 문을 열어줬는데 남자들이 신도 안 벗고 들어와서 욕설을 하였고 싸웠습니다. 아빠가 신발을 벗으라고 하자 남의 돈을 안 갚는 집은 사람 새끼들 집이 아니라고 했습니다. 나는 베란다 창고에 숨어 노래를 들었습니다. 영웅이는 거실에서 다 봤습니다.” “아, 경?구나.” 듣고만 있기 뭣한지 복자가 맞장구를 쳤다.(24쪽) 1999년 초봄, 야무진 열세 살 초등학생 이영초롱이 ‘고고리섬’의 고모에게 맡겨지는 장면에서 시작되는 『복자에게』는 복자와 이영초롱의 우정이 아기자기하게 그려집니다. 두 소녀의 성장과 함께 실패를 삶 자체의 실패로 만들지 않기 위한 작가의 노력이 마음을 따뜻하게 합니다. 그럼, 김금희 작가의 낭독으로 고고리섬으로 출발해보실까요?",https://audioclip.naver.com/audiobooks/7F649DD8CE
"죄와 벌 2 (민음사 세계문학, 완독본)",표도르 도스토옙스키,"러시아의 대문호 도스토예프스키가 8년간의 유형 후 발표한 대작 이성의 광기 속으로 침잠하는 자폐적 인간, 고뇌하는 청춘의 전형 ‘라스콜니코프’를 창조해 냄으로써 20세기 문학, 철학, 심리학에 하나의 ‘사건’으로 기록된 소설 사형선고와 감옥 생활, 유형 생활 이후 변화된 사상과 철학을 소설로 완성한 기념비적 작품―“변증법 대신에 삶이 도래했다” 도스토예프스키는 ‘페트라셰프스키 모임’에서 고골에게 보내는 벨린스키의 편지를 낭독했다는 죄명으로 28세에 사형선고를 받는다. 사형 집행은 극적으로 취소되었으나, 이후 4년을 감옥에서 보내고 다시 4년 동안을 시베리아에서 복무했다. 감옥 생활 중에 그에게 허락된 유일한 책은 ‘성경’이었다. 이 시절을 보낸 후 자유의 몸이 되었을 때 도스토예프스키는 그야말로 극우 보수주의자(슬라브주의자)가 되어 있었다. 또한 초기작에서는 거의 찾아볼 수 없었던 신과 구원의 문제가 이후 작품들에서 화두로 등장한다. 죄와 벌』은 그가 자유의 몸이 된 후에 발표한 두 번째 작품이다. 전작인 『지하로부터의 수기』가 상대적으로 짧은 중편소설에 가까웠던 반면, 『죄와 벌』은 도스토예프스 작품 세계가 절정에 이른 대작이다. 또한 『지하로부터의 수기』에서 새로운 인물 유형과 이야기 전개 방식을 선보이면서 미학적, 시학적 실험을 했다면, 『죄와 벌』에서는 그 소설 기법이 만개하여 인간의 가장 깊은 곳에 숨겨진 심리가 낱낱이 파헤쳐진다. 번역자인 김연경은 “도스토예프스키의 작가 인생을 조망할 때 『지하로부터의 수기』(1864)가 변태와 탈각(脫殼)의 순간을 보여 준다면 『죄와 벌』(1866)은 그 이후의 모습이 진면목을 드러낸 첫 소설이다.”라고 평가했다. 이 작품은 전체 6부와 에필로그로 구성되는데, 1부에서 이미 라스콜니코프는 살인을 저지르고, 그 이후에는 그가 왜 그런 범죄를 감행했는지를 밝히는 과정이 이어진다. 특히 다른 누구보다 라스콜니코프 자신이 범죄 동기가 무엇이었는지 스스로 고민하고 갈등하는 모습이 주로 그려진다. 그는 “나는 사람을 죽인 것이 아니다, 원칙을 죽인 것이다!” “그러니까 나는 나폴레옹이 되고 싶었고 그 때문에 사람을 죽였어…….” “내가 과연 노파를 죽인 걸까? 나는 나 자신을 죽인 거야, 노파가 아니라!” “나는 그냥 죽였어. 나 자신을 위해, 나 하나만을 위해 죽인 거야.”라고 되뇌이며, 실제로 끝까지 자신의 범죄를 뉘우치지 않는다. 그가 괴로워하는 이유는 자신의 이론에 오류가 있었다는 것, 판단 착오를 했다는 것, 그것이다. 이 “고매한 살인자” 라스콜니코프는 “성스러운 매춘부” 소냐를 만나면서 고해성사에 가까운 고백을 하게 된다. 그녀는 그에게 없던 ‘삶’을, ‘이론’이 아닌 삶을 가져다준다. 소설의 마지막 장까지 그는 성경을 펼치지 못했고(않았고), 자신이 저지른 죄에 대한 속죄 혹은 구원을 얻었는지는 모호하다. 그러나 『죄와 벌』이 “한 청춘이 겪는 ‘환멸과 좌절’의 기록”이라면, 소설이 끝난 후 두 청춘, 라스콜니코프와 소냐에게는 환멸과 좌절을 넘어선 ‘삶’이 남아 있을 것이다.",https://audioclip.naver.com/audiobooks/25FCD2A1BF
이십 년 후에 (배우 정해인 낭독),오 헨리,"늦은 밤 뉴욕. 한 남자가 외진 철물점 입구에 기대 서 있다. 순찰 중인 경찰이 다가가자 그는 자신이 여기에 서 있는 이유에 대해 설명한다. 자신은 이십 년 전 서부로 한밑천 잡으러 떠나기 전, 제일 친했던 지미 웰스라는 친구와 약속을 했고, 그 약속은 이십 년 후 바로 이 자리에서 만나기로 한 것이었다고. 경찰은 가 버리고, 그는 이십 분 뒤에 체포된다. 그 이유는 무엇일까?",https://audioclip.naver.com/audiobooks/38EE8FFE96
식탁을 찾아온 봄 (배우 정해인 낭독),오 헨리,"세라는 지난 봄 민들레 화관을 씌워 주며 사랑을 고백했던 남자친구 월터를 생각하면서 눈물짓고 있다. 그녀가 뉴욕에 일하러 오고 나서부터 편지 연락이 끊겼기 때문이다. 식당 메뉴판 타자 작업을 하던 그녀는 메뉴 중에 민들레로 만든 음식이 나오자 결국 눈물을 쏟지만, 그 덕분에 월터를 만나게 될 실수를 하고 만다.",https://audioclip.naver.com/audiobooks/6F6C476577
