titles,authors,informs,clip_links
고양이는 내게 행복하라고 말했다,에두아르도 하우레기,"“다 괜찮아질 거야. 지금 여기, 고양이와 같이 있잖아.” 전 세계 수백만 독자들의 삶을 안아준 특별한 힐링소설 스페셜 고양이 에디션 출간! “지금 필요한 건 이거다, 하는 생각은 버려. 꽃들이 향기를 주듯, 새들이 노래를 부르듯 네 자신의 가장 좋은 면을 세상에 줘. 그게 진짜 사랑이니까.” 행복은 소리 없이 곁에 다가온 느긋한 고양이 같은 것! 수많은 사람들의 삶을 다독여준 힐링소설 『고양이는 내게 행복하라고 말했다』가 스페셜 고양이 에디션으로 옷을 갈아입었다. 한국판 스페셜 에디션은 저자가 “처음으로 시빌의 초상화를 본 느낌입니다. 별이 빛나는 아름다운 배경으로 지혜로운 초록색 눈을 한 아비시니아 고양이가 넓게 펼쳐진 두 귀로 주의 깊게 듣고 있네요”라고 극찬한 만큼 모든 것을 잃은 주인공에게 차근차근 행복의 길을 안내하는 고양이 시빌을 눈앞에서 만날 수 있게 구현해냈다. 책을 읽은 독자들은 “눈을 마주치는 순간 답답한 마음이 녹아내렸다”, “고양이에게 입양되고 싶다”, “제목만으로 충분히 행복해진다”, “가벼운 마음으로 들었는데, 너무나 위로가 되었다”, “삶이 힘들 때마다 꺼내보고 싶다”, “소중한 친구에게 선물하고 싶다”라며 찬사를 아끼지 않았다. 이번 스페셜 고양이 에디션은 삶의 지친 사람들, 행복을 되찾고 싶은 사람들에게 느긋한 고양이처럼 편안하고도 따뜻한 선물이 될 것이다. “너 정말 행복한 거야?” 소중한 것들을 모두 잃은 순간, 내 삶을 두드린 가장 부드럽고 따뜻한 구원 마흔을 앞둔 런던의 광고 디자이너 사라는 매일 아침 어지럼증에 시달린다. 일은 의미를 잃었고, 남자친구와는 소원해진 데다, 스페인의 가족들은 파산 위기에 처했다. 그런 그녀의 앞에 금빛 털이 반짝이는 우아한 고양이 한 마리가 나타났다. 창문을 똑똑 두드리며 말을 걸어온 고양이는 그녀의 가슴을 철렁하게 하는 질문을 던진다. “너 정말 행복한 거야?” 그제야 돌아보니 사라의 삶은 조각조각 깨어지기 일보 직전이다. 결국 모든 것을 잃어버린 순간, 그녀는 곁을 지켜주는 고양이와 함께 집착을 버리고, 마음이 원하는 것을 따르며, 느긋하고 편안하게 삶을 즐기는 방법을 배워나간다. 스페인 베스트셀러에 오른 『고양이는 내게 행복하라고 말했다』 프랑스, 독일, 이탈리아 등 유럽과 남미, 아시아를 포함한 15개국에 번역, 출간되었으며, 독일 아마존 서평이 9.8에 이를 정도로 뜨거운 공감을 얻고 있다. 인간의 ‘행복’과 ‘웃음’을 연구해온 심리학 박사 에두아르도 하우레기는 오랜 역사를 지닌 고양이의 지혜를 빌려 우리에게 행복으로 가는 가장 빠르고 유쾌한 길을 전한다.",https://audioclip.naver.com/audiobooks/F11F83483E
타인들 속에서,조월튼,"[본 오디오북은 '요약본'입니다.] ""책을 충분히 사랑한다면, 책도 당신을 사랑하게 된다."" 세상 모든 책덕후들을 위한, 마법과도 같은 이야기 ""카라스를 만나야 해"" 만약 내 어머니가 세상을 지배하려는 사악한 마녀라면? 어머니의 음모를 저지하려다가 쌍둥이 자매를 잃고 불구의 몸까지 된 열다섯 살 소녀는 홀로 본 적도 없는 아버지를 찾아간다. 아버지에겐 세 명의 쌍둥이 고모가 있어 소녀를 평범한 아이로 만들어 버리려고 호시탐탐 기회를 노린다. 소녀는 SF와 판타지 소설에 탐닉하면서 타인들 속에서 고독에 맞서다가 자신만의 카라스 (서로 진정으로 연결된 사람들의 무리)를 만나 조금씩 세상을 향해 나아가고, 마침내 마녀인 엄마와 한판 대결을 벌인다. 그 결과는? 2012년 휴고상과 네뷸러상, 영국판타지문학상을 수상하고 세계 판타지 문학상과 로커스상에도 최종 노미네이트된 영국 웨일스 출신 작가 조 월튼의 대표작.",https://audioclip.naver.com/audiobooks/01CD958D5C
그 남자 264,고은주,"문재인 대통령이 칭찬한 바로 그 책! 소설 『그 남자 264』는 문재인 대통령이 읽고 고은주 작가에게 “소설 『그 남자 264』를 재미있게 읽었습니다.”라고 친서를 보낸 화제의 책이다. 저항시인 이육사에 대한 장편소설 『그 남자 264』는 퇴계의 후손으로 태어나 한학을 배우며 붓을 들었던 남자, 도쿄로 유학하고 베이징으로 유학하며 펜을 들었던 남자, 의열단이 난징에 세운 군관학교에서 총을 들었던 남자, 끝내 총을 쏠 기회는 얻지 못했으나 총탄보다 단단한 모국어로 강철 무지개 같은 시詩들을 남겨놓고 떠난 그 남자, 이육사에 대한 이야기다. 오랜 기간 동안 서울과 안동을 오가며 철저한 고증과 탐구를 바탕으로 이육사라 불리는 남자의 캐릭터를 끌어낸 고은주 작가는 일제 강점기와 현재를 오가며 이육사의 정신과 예술 세계를 치밀하고 예리하게 풀어냈다.",https://audioclip.naver.com/audiobooks/74A40B57B6
오만과 편견,제인 오스틴(Jane Austen),"1810년 영국. 부와 명예라는 외형적 조건이 배우자 선택의 가장 중요한 기준 이었던 시절. 결혼의 조건은 진정한 사랑에 있다고 믿는 소녀가 있었다. 빼어난 외모를 갖추진 않았지만 매력적인 눈빛을 가진 이 소녀는 베넷가의 둘째 딸 ‘리지’. 롱본이라는 작은 마을에 자리잡은 베넷가에는 부부와 다섯 자매가 살고 있다. 아름답고 성격이 온순한 맏딸 ‘제인’과 활달하고 매력적인 둘째 ‘리지’가 시집갈 나이가 되자 베넷부인은 항상 딸들의 혼인만을 생각한다. 그러던 어느 날, 연수입 오천 파운드의 갑부총각 ‘빙리’와 그의 친구 ‘다아시’가 이사를 온다. 마을 전체는 새롭게 이사 온 갑부총각들에게 관심이 집중되고 베넷부인은 어떻게 해서든 제인과 빙리를 맺어주려 한다. 리지는 빙리의 친구이며 귀족 출신의 부유한 미남청년 “다아시”에게 관심을 갖지만…다아시의 오만한 첫인상에 반발심을 느끼게 된다. 게다가 ‘다아시’가 ‘빙리’와 ’제인’의 결혼을 비천한 집안과의 결혼이라며 반대한 것을 알게 되자 그를 속물로 가득 찬 오만하고 못된 인간이라고 정의 내린다. 하지만 다아시는 이제까지 다른 여자에게서 보지 못했던 당당하고 자존심강한 리지에게 사랑을 느끼기 시작하는데…",https://audioclip.naver.com/audiobooks/F0090117E9
마지막 인사,아서 코난 도일,"세계 유명 작가들의 미스터리 고전을 엄선하여 소개하는 시리즈 작품! 전운이 감돌고 있는 영국의 한적한 시골. 독일의 스파이가 영국에서의 활동을 마치고 귀국 준비를 한다. 그리고 최대의 성과라 할 수 있는 해군 암호를 손에 넣기로 한 날 밤…… 《출판사서평》 추리의 세계는 언제나 흥미진진하다. 공상의 세계 역시 흥미진진하기는 하지만 그것은 현실과 상관없이 펼쳐지기도 한다. 고립된 독방에서도 너른 세상의 수많은 사람들과 다채로운 일들을 떠올리게 해주는 것이 공상이다. 물론 이것도 개인의 경험을 바탕으로 펼쳐지기는 하지만 거기에 논리성 같은 것은 필요 없어서 이 사건이 저 사건과 하나가 되기도 하고 한 사건이 전혀 연관성 없는 다른 세계로 펼쳐지기도 한다. 하지만 추리는 언제나 현실에 기반을 두고 있다. 하나의 사건 속에서 벌어진 일들은 서로가 밀접한 관계를 맺고 있으나 주의해서 잘 관찰하지 않으면 아무런 관계가 없이 벌어진 일처럼 보이기도 한다. 그렇기 때문에 추리에서는 세심한 관찰과 풍부한 지식이 무엇보다 중요한데, 관찰에서 놓치는 부분이 있으면 결론에 이르기까지의 연결고리가 끊어져 결론에 이르지 못하거나 억측을 낳아 전혀 엉뚱한 곳에 다다르게 되고, 풍부한 지식이 없으면 관찰을 통해 밝혀낸 사실들의 참된 의미를 알지 못해 결정적인 사항을 놓치거나 역시 엉뚱한 결론에 다다르게 되기 때문이다. 따라서 추리에는 관찰과 지식, 그리고 논리성이 절대적이다. 이번 시리즈에서는 세계적 명성을 얻은 작가들의 추리소설을 소개하겠다. 그들이 펼쳐 보이는 화려한 추리의 세계를 통해 재미와 함께, 정확한 추리를 위해서는 무엇을 관찰해야 하는지 또 관찰을 통해 얻은 사실은 무엇을 의미하는지 그러한 사실들을 어떻게 논리적으로 연결 지어야 하는지, 그 과정을 배워보기 바란다.",https://audioclip.naver.com/audiobooks/C875036DF3
답답한 재주를 가진 남자,박진영,"★ 지금 이 시간을 나름대로 열심히 사는 모든 이들을 위한 이야기들 이 도서는 2019 새로운 경기, 우수출판콘텐츠 제작지원 선정작입니다. ""희망과 기대에 부풀었지만 암울한 현실 속에서 청춘의 시간을 지나는 이들의 모습이 잘 담겨 있다. 작은 흔들림과 구겨짐에 상처를 받지만 또 그 상처를 안고 살아가야 하는 우리 이야기."" - 요조(책방주인, 뮤지션) ""아이디어, 메시지, 그리고 소설적 완성도까지 3박자가 잘 갖추어진 소설."" - 시한책방(북튜버) 다섯 편의 단편 소설을 하나로 묶은 『답답한 재주를 가진 남자』는 결코 가볍지 않은 소설이다. 스스로를 가두고 주구장창 고독을 호소하는 현대인의 적나라한 심경을 고스란히 담아내고 있기 때문이다. 외로움에 익숙해질 대로 익숙해진 소설 속 인물들은 정작 누군가 건네는 따뜻한 손길 하나에도 상대를 의심하거나 외면해버린다. 소설은 혼자가 가장 편하다고 말하지만, 스멀스멀 외로움이 밀려오면 소통할 상대를 애타게 기다리다가 정작 누군가와 어떻게 마음을 나눠야할지 몰라 이내 포기하고 마는 사람들의 심리를 집요하게 파헤치고 있다. 겉핥기식 인간관계 속에서 느끼는 상실은 분명 마주앉아 이야기를 나눴음에도 돌아서는 순간, 모든 관계가 휘발되어 버린다. 상대방의 말에 귀 기울이지 않으면서 내 말에 집중하지 못하는 상대에게 실망하는 이중적인 심리를 유감없이 표현하고 있다. 불친절하고 냉소적이지만 솔직한 다섯 편의 이야기들에는 스스로에게 관대하지 못한 인물들이 등장한다. 혹독한 잣대를 들이대며 스스로를 괴롭히는 이들은, 무턱대고 열심히 살거나, 쓸데없이 올바르거나, 시도 때도 없이 착하다. 그래서 남들에게 민폐를 끼치고 흠을 남긴다. 어쩌면 요즘을 살아가기에 부적합한 사람들만 모아놓은 것처럼 보이지만, 사실 그 이야기는 곧 나의 이야기가 아닐까? 암울한 현실 속에서도 어떻게든 버티며 지금 이 시간을 살아가는 우리들의 모습을 한 소설을 오디오북으로 만나보자.",https://audioclip.naver.com/audiobooks/0AEDA49737
바람과 함께 사라지다 제4부 (1),마거릿 미첼,"""내일은 내일의 태양이 뜰 거야."" 아카데미 10관왕에 빛나는 불후의 명작 <바람과 함께 사라지다>의 원작 소설이 러닝타임 66시간의 오디오북으로 새롭게 태어났습니다. 총 분량 1,900여쪽에 달하는 방대한 소설의 장면장면을 빠짐없이 살려내며 영화보다 깊고 풍부한 이야기로 또 다른 감동을 전합니다. 미국 남북 전쟁의 폐허 속에서 피어나는 스칼렛 오하라의 운명과 사랑을 담은 장대한 드라마를 만나보세요. ▶ 오디오북 전권 세트(66시간) 바로가기 :",https://audioclip.naver.com/audiobooks/76B8F1B7CB
셜록 홈즈 단편선 4,아서 코난 도일,"전 세계인이 사랑하는 탐정 셜록 홈즈의 이야기!
셜록 홈즈 시리즈 중 유명하고도 작품성이 있는 단편들을 뽑아 완역한 번역본입니다.",https://audioclip.naver.com/audiobooks/DC2723E192
1004호 그녀,주미란,"""이여운씨, 오늘 부로 퇴사 조치 될겁니다."" 아파트 1004호에 홀로 사는 캔디같은 여자 이여운. 그러나 회사에서는 잘리고, 소개팅에 목숨 걸며, 술만 마셨다 하면 주사가 끊이지 않는 나날들이 계속되는데.. 그러던 어느날, 옆집 1003호에 누군가 이사를 왔다! ""어라? 1003호 문 열어놨네? 그동안 이사하느라 시끄럽게 해놓고 떡 한 접시를 안돌려? 내가 한마디 해야되겠구만 이거!"" 만취한 채 쳐들어간 1003호에서 하룻밤을 보내버린 여운. 비몽사몽 아침에 깨어나보니 왠 훤칠한 미남자가 서 있는 것이 아닌가! '헉, 뉘집 총각이 이리도 잘생긴것이냐.. 도대체 넌…' ""누구세요?"" ""그러는 댁은 대체 누굽니까?"" 1003호의 까칠한 작가 한도경과 1004호의 천사같은(?) 아가씨 이여운의 간질간질한 연애 이야기!",https://audioclip.naver.com/audiobooks/DA2ADC06EE
슬리피 할로우의 전설,워싱턴 어빙,"스튜디오 바운더리 스토리텔북 두번째 이야기 <슬리피 할로우의 전설> 19세기 미국 낭만주의 문학의 대표적인 작가 워싱턴 어빙의 <슬리피 할로우의 전설>은 영화, 드라마, 애니메이션 등 다양한 분야에서 재해석되어 제작될 만큼 유명한 소설이다. 조용하고 고요한 슬리피 할로우 마을은 몽환적이고 으스스한 분위기로 온갖 무시무시한 기담과 전설이 전해진다. 그중에서 잃어버린 자신의 머리를 찾아 헤매는 목 없는 기수 이야기는 마을 사람들의 간담을 서늘하게 만드는데... (오디오북으로 각색된 스토리텔북은 다양한 음악과 효과음의 조합으로 듣는 즐거움을 선사합니다) 낭독 : 강유경 각색 : 김핌 제작 : 스튜디오 바운더리 studioboundary@gmail.com",https://audioclip.naver.com/audiobooks/8E3B7C16A6
그 계약의 아찔한 사정 1권,김다진,"""""""세계적 골프 선수 차이준의 단독 인터뷰 따와라! 좌천당한 주민이 자신의 자리로 돌아갈 수 있게 하는 유일한 방법. 남들은 혀를 내두를 취재였지만, 주민에겐 희망이 있었다. 어린 시절 10년 넘게 한동네에서 누나 동생 하며 살았는데 이까짓 거 하나 안 해주겠어? 회심의 미소를 띠며 이준을 만나는데. “오, 남자네, 남자. 남자 다됐네.” “원래. 남자였어.” 자신의 칭찬에서 차갑게 반응하는 이준은 그 옛날 귀엽던 동생이 이제는 아니었다. 진심 어린 사과와 좋아하는 음식의 유혹에도 절대 인터뷰를 않겠다던 이준이 갑자기 폭탄 발언을 던졌다. “쓰라고, 내 인터뷰. 쓰자고, 함께.” 허락과 함께 이제 인생의 탄탄대로가 시작되는구나란 생각과는 달리, 까칠한 이준의 명령을 따르기가 하루하루 어려워만 지는데…….""""""",https://audioclip.naver.com/audiobooks/1E2C138E01
문소리가 읽는 송기숙의 몽기미 풍경,송기숙,"[100인의 배우, 우리 문학을 읽다] 오디오북 시리즈는, 최민식 문소리 정진영 강부자 등 우리 시대를 대표하는 배우 103명이 한국 근현대문학의 주요 중단편소설 100편을 낭독한 프로젝트입니다. ≪몽기미 풍경≫은 1978년 ≪한국문학≫에 발표된 송기숙의 단편이다. 명절 귀향길의 여공 순자와 술집 작부 생활을 하는 고향 친구 남분이의 이야기를 통해 산업화사회의 그늘에 눈길을 주고 그 속에서 작은 희망을 엿본다.",https://audioclip.naver.com/audiobooks/A8D506F2F9
트위터 탐정 설록수,윤해환,"21세기 대한민국에 다시 태어난 셜록 홈즈! 탐정의 대명사로 알려진 셜록 홈즈를 우리 식으로 풀어낸 패스티시 소설 『트위터 탐정 설록수』. 한국 최초의 추리소설 작가 김내성과 명탐정 셜록 홈즈의 만남을 그린 《홈즈가 보낸 편지》로 디지털작가상을 수상한 바 있는 윤해환이 이번에는 ‘트위터’라는 매체를 접목시킨 홈즈 패스티시물을 선보인다. 트위터를 통해 사건을 의뢰받는 대한민국 명탐정 설록수의 활약이 왓슨 박사의 포지션을 맡은 조력자 김영진의 시점에서 펼쳐진다. 삼청동 221번지 베이커가에 사는 의문의 남자 설록수. 키가 크고 비쩍 마른 그는 편중된 지식의 소유자이며, 사람들의 사소한 습관과 몇 가지 정황을 통해 신상을 단번에 파악해내기도 한다. 트위터는 그가 사건을 의뢰받는 창구이자 활약상을 남기는 기록의 장이다. 그의 조수가 된 평범한 대학생 김영진은 수사에 동참하면서 탐정 설록수의 일거수일투족을 기록하게 되는데…. 그 외에도 셜록 홈즈 시리즈에 등장했던 인물들이 ‘설록수’ 식 변형을 거쳐 흥미로운 모습으로 등장한다.",https://audioclip.naver.com/audiobooks/897AC2FED2
그날의 인간 병기 (ENOi 건),최영희,"아이언맨도 울고 갈 강력한 사이버웨어의 탄생 희대 일당에게 금란PC방 요금을 대 주느라 늘 용돈이 부족한 경수는 고액의 신개념 의복 체험 아르바이트를 하러 사이버웨어 개발업체 크롬소프트를 방문한다. 원래는 어떤 생화학 테러나 핵 공격에도 끄떡없는 신형 방호복 체험인데, 담당자가 잠깐 한눈을 판 사이 경수는 특수 전투복 T-998을 입고 인간 병기가 된다. 이 사이버웨어는 24시간마다 한 번씩 전투복을 착용한 본인에게 벗을 것인지 여부를 묻는 시스템으로 작동하기 때문에 아무 때나 벗을 수도 없다. 꼼짝없이 24시간 T-998을 착용하게 된 경수는 이 기회를 적극 이용하기로 한다. 희대 일당의 괴롭힘으로 몇 달 전에 자퇴를 하고 집 밖으로 나오지도 않고 경수조차 만나 주지 않는 절친 훤이를 찾아간 경수는 훤이의 인간 병기가 되어 희대 일당을 혼내 준다. 드디어 24시간이 지나 T-998을 벗을 시간, 그런데 달까지 날아갈 기세로 벽을 뚫고 나간 또 하나의 인간 병기가 있었으니……. *** ENOi의 멤버 건이 낭독하는 최영희 작가의 [그날의 인간 병기]는 아이돌 및 각계 저명인사의 목소리 재능을 기부받아 소리책을 만들고 이를 통해 청각 장애인에게 희망의 소리를 선물하는 캠페인에 참여한 작품이다. 캠페인 수익금의 일부는 사랑의 달팽이 재단에 기부되어, 경제적 어려움으로 소리 없는 세상에 살고 있는 난청 아동들에게 희망의 소리를 선물해주기 위한 지원 기금으로 사용되어진다.",https://audioclip.naver.com/audiobooks/0C272B4D22
댈러웨이 부인,버지니아 울프,"세계대표명작을 엄선하여 줄거리, 주제등을  성우의 목소리로 들려주는 세계 명작  보물창고!  오디오북을 통해 세계 대표명작을 만나 보세요.",https://audioclip.naver.com/audiobooks/3CF85798C4
"뽕 (RESOUND 단편, 이문수 낭독)",나도향,"「뽕」은 나도향의 작품세계를 대표하는 단편 소설 중의 하나로, 1925년 12월 『개벽』에 발표되었습니다. 사회적 타자인 농촌 여성을 사실주의적으로 그려내고 있는데, 가난에 시달리며 살아가는 인물들을 통해 도덕 의식의 와해, 가정 질서의 해체 등이 작품의 주제를 이루고 있습니다. 무능한 남편이자 노름꾼인 김삼보와 그의 묵인 아래 몸을 팔아 생계를 꾸려가는 안협집, 그리고 안협집의 몸을 노리는 머슴 삼돌이 사이에서 벌어지는 이야기입니다. '돈만 있으면 서방도 있고, 먹을 것, 입을 것 다 있다.'는 굳는 신조로 자신의 목숨 외에 무엇이든 다 제공해도 부끄러울 것 없다는 안협집의 행동을 통해 당시 한국 농촌 사회의 현실을 적나라하게 보여주고 있습니다. 일제 강점기라는 사회적 배경 아래서 윤리 의식이 와해된 인물들의 욕망을 냉정하고 객관적인 시선으로 그리고 있다는 평을 받습니다. 「뽕」의 오리지널 스코어 작곡가인 '김현보'는 7인조 월드뮤직 밴드 ‘두번째 달’의 리더이자, 드라마와 뮤지컬, 광고음악, 영화음악 등 다양한 장르를 넘나들며 끊임없이 새로운 음악적 시도를 하는 뮤지션입니다. 두번째 달의 1집 《2nd Moon》은 2006년 제3회 한국대중음악상에서 3개 부문을 석권하였고, 2007년에는 한국대중음악 100대 명반에도 이름을 올렸습니다. 2016년에 발매한 국악프로젝트 앨범 《판소리 춘향가》는 2017년 제14회 한국대중음악상에서 최우수 크로스오버 음반 부분을 수상하기도 했습니다. 100년 전 우리 소설, 아름다운 소리로 만나다 [Resound 단편] 시리즈 소위 ‘고전’이라 불리는 작품들은 시대를 불문하고 인간과 삶을 관통하는 날카로운 통찰을 담고 있습니다. 그러나 한 번쯤 제목은 들어 봤을지라도, 제대로 읽어본 적은 없는 경우가 많습니다. 왜일까요? 어쩌면 고전은 낡고 지루하며 어렵다는 편견이 있는 건 아닐까요. [Resound 단편] 시리즈는 그 편견을 깹니다. 오늘날 활발히 활동 중인 작가들이 고쳐 쓰고, 그 원고를 전문 배우들이 생생하게 낭독하고, 거기에 뮤지션들이 작곡한 음악이 더해져, 고전은 새로운 예술작품이 되었습니다. 옛 것의 가치는 간직하되 새로운 옷을 입고 화려하게 돌아온 50편의 [Resound 단편] 시리즈가 새로운 문학의 세계, 감상하는 오디오북의 세계로 당신을 초대합니다.",https://audioclip.naver.com/audiobooks/FEAAEECA28
익명의 소녀 : Part 2,"그리어 헨드릭스, 세라 페카넨","★ 뉴욕타임즈, 아마존 베스트셀러 스릴러 ★ 전 세계 23개국 번역 출간, TV시리즈 「워킹 데드」 제작사 드라마 예정 심리 소설 돈이 필요한 메이크업 아티스트 제시카와 그녀를 꿰뚫어 보는 정신과 의사 실즈 박사 사이에서 벌어지는 의문과 거짓의 심리 게임을 흥미롭게 담아낸 소설 『익명의 소녀』. 이 소설은 두 주인공의 시점을 서로 교차하면서 독자로 하여금 두 캐릭터의 사연과 감정에 이입하고 집중하게 만드는 긴장감이 전편에 걸쳐 있다. 가장 고통스러운 비밀을 털어놓는 순간, 그 비밀이 자신의 삶을 위협하는 도구가 되는 아이러니를 매혹적으로 그리고 있는 이 소설은, 출간 직후 뉴욕타임즈, 아마존에서 베스트셀러에 오르며 스릴러 독자들의 호평을 받는 한몸에 받았고, TV시리즈 「워킹 데드」 제작사에서 드라마로 만들 예정이다. 『익명의 소녀 : Part 2』 줄거리 어려운 가정 형편으로 대학도 중퇴하고 메이크업 아티스트로 일하고 있는 제시카는 크리스마스를 한 달여 전쯤 앞두고 우연히 뉴욕대 교수이자 정신과 의사 실즈 박사가 진행하는 한 설문조사에 참여하게 된다. 두 차례의 설문조사에서 사생활과 가장 숨기고 싶은 비밀까지 모두 털어놓은 제시카는 점점 더 실즈 박사에게 호감을 느끼고, 실즈 박사가 제안하는 또 다른 심리 실험에 참여하게 된다. 하지만 제시카는 이 실험에 이상한 점을 느끼게 되고, 그 실험 속에 숨겨진 진실을 찾아 나선다. 과연 실즈 박사는 왜 그녀에게 위험한 실험을 제안한 것일까?",https://audioclip.naver.com/audiobooks/9DB37D5E4A
바람과 함께 사라지다 제2부,마거릿 미첼,"""내일은 내일의 태양이 뜰 거야."" 아카데미 10관왕에 빛나는 불후의 명작 <바람과 함께 사라지다>의 원작 소설이 러닝타임 66시간의 오디오북으로 새롭게 태어났습니다. 총 분량 1,900여쪽에 달하는 방대한 소설의 장면장면을 빠짐없이 살려내며 영화보다 깊고 풍부한 이야기로 또 다른 감동을 전합니다. 미국 남북 전쟁의 폐허 속에서 피어나는 스칼렛 오하라의 운명과 사랑을 담은 장대한 드라마를 만나보세요. ▶ 오디오북 전권 세트(66시간) 바로가기 :",https://audioclip.naver.com/audiobooks/A69A8DE2B8
군림천하 1부,용대운,"몰락해가는, 몰락해버린 문파를 다시 세워라! 과거의 영화는 간데 없고, 지방의 군소문파로 처절하게 무너져 버린 종남파. 그런 종남파를 다시 세울 사람은 21대 장문인으로 선출된 진산월. 그는 사부 임장홍의 유언인 종남파를 다시 일으켜 세우고, 더 나아가 누구도 이루지 못한 군림천하를 이루려고 한다. 과연 종남파는 과거의 화려한 모습으로 돌아갈 수 있을 것인가? 거친 강호 무협에서의 진산월의 행보를 주목하라!",https://audioclip.naver.com/audiobooks/879E0A65E5
