titles,authors,informs,clip_links
사도의 8일: 생각할수록 애련한,조성기,★사도세자와 혜경궁 홍씨의 관점에서 돌아본 뒤주 8일간의 이야기!★ 『사도의 8일: 생각할수록 애련한』은 비운의 왕세자 사도와 혜경궁 홍씨의 관점으로 돌아본 뒤주 8일간의 이야기로 조성기의 문학적 깊이가 드러나는 수작이다. 역사소설을 넘어서는 인간소설이며 실존소설인 이 작품은 젊은 성군 사도의 역사적 비극을 내면적으로 파고들어간다. 조선 왕실 최대의 비극이며 인류 역사상 전무후무한 뒤주형을 당한 사도. 뒤주라는 절대적인 한계 상황에서 자신이 권력 투쟁에 휘말릴 수밖에 없었던 상황과 아버지 영조와의 갈등 그리고 혜경궁 홍씨와의 사랑을 이상문학상 수상 작가 조성기의 놀라운 상상력으로 생생하게 재현해낸다. 조성기만의 날카롭고 섬세한 필체로 그려낸 역사 속의 장면들은 슬프다 못해 애련하다.,https://audioclip.naver.com/audiobooks/12A2E80D26
[단편] 이모,권여선,"소설가 권여선의 다섯번째 소설집이자 2016 동인문학상 수상작. 이해되지 않는, 그러면서도 쉽사리 잊히지 않는 지난 삶의 불가해한 장면을 잡아채는 선명하고도 서늘한 문장으로 삶의 비의를 그려낸다. 인생이 던지는 지독한 농담이 인간을 벼랑 끝까지 밀어뜨릴 때, 인간은 어떠한 방식으로 그 불행을 견뎌낼 수 있을까. 미세한 균열로도 생은 완전히 부서질 수 있다는 것을 보여주는 데 탁월한 감각을 발휘해온 권여선은 그럼에도 그 비극을 견뎌내는 자들의 숭고함을 가슴 먹먹하게 그려낸다. 「이모」 안산 외곽의 오래된 소형 아파트에서 혼자 살고 있는 이모의 집에는 텔레비전도 컴퓨터도 휴대전화도 없다. 착취했다고밖에는 말할 수 없는 가족 곁을 완전히 떠나기 전 5년간 악착같이 모은 1억 5천만원에서 1억은 아파트 보증금으로, 남은 5천만원으로는 그 돈이 떨어질 때까지 아무 일도 하지 않고 살겠다 결심한 이모. 그리고 이모의 인생을 바꿔놓은 어느 겨울밤의 이야기가 이어진다.",https://audioclip.naver.com/audiobooks/8F89648AD7
사건 치미교 1960,문병욱,"영화화를 위해 완벽히 준비된 한 편의 치밀한 스토리! 대한민국 전체를 거짓으로 혼란케 했던 충격적 실화! 작가 문병욱은 공대를 졸업하고 관련 계통의 일을 하다 한순간 글쓰기의 길을 선택, 몇 년 간 아무것도 하지 않고 글쓰기에만 매달렸다. 그리고 한국작가협회에서 주최하는 시나리오 공모전에서 당당히 대상을 거머쥔다. 다시 소설이라는 장르의 매력에 푹 빠진 문 작가는, 누구도 쉽게 들추어내지 못하는 어려운 소재들을 발굴해내어 치밀한 스토리들을 써내기에 이른다. 그중 《사건 치미교 1960》은 ‘제1회 이답 스토리공모전’ 최종 당선작으로, 신인 작가라고 하기엔 너무나 대담하고 흡입력 있는 전개를 보여주는 놀라운 소설이다. ‘재미’와 ‘긴장감’은 물론, 실화를 모티브로 해 탄탄한 구성을 겸비한 이 소설은 어두운 시대상의 일면과 함께 선악을 겸비한 인간의 내면을 파헤쳐가며 생각에 잠기게 만든다. 1930년, ‘백백교’라는 이름의 한 사이비종교 등장. 눈앞에 뻔히 보이는 거짓말에도 불구하고 수만 성도들을 끌어들이며 대한민국을 떠들썩하게 했다. 이 사건은 오래 전 다큐멘터리에서도 다루어진 적이 있으나 이미 사람들의 머릿속에서 잊혀져 갔고, 지금도 버젓이 존재하고 있는(있을지 모르는) 잔재들에 대한 가능성을 바탕으로 생생한 이야기가 전개된다. 누군가는 이 소설이 ‘세월호’ 사건과 관련이 있는가, 라는 의문을 던져오기도 하고, 당시 사회적 분위기 속에 얽혀 있던 여러 가지를 건드리는 것이 아닌가, 하는 걱정을 해오기도 한다. 그래서 이 소설은 ‘사회적 문제작’이라는 별명을 달고 세상에 나오게 됐다. 그리고 그것은 비단 대중성을 겸비한 재미있는 ‘소설’을 넘어, 당시 왜 사람들이 거짓을 보지 못할 수밖에 없었는지에 대한 시대적 상황을 되짚어보게 한다는 점에서 더 의미가 있다.",https://audioclip.naver.com/audiobooks/E39FA86223
소화,정해연,"""그저…… 작은 꽃이 되고 싶었습니다. 길가에 피든 바위 사이에 피든, 바람이 불면 부는 대로 흔들리고, 지나가는 이의 발자국 소리에 몸을 파르르 떨더라도 영롱한 아침이슬 가득 머금고 눈부시게 빛나는... 그저 작은 꽃이 되고 싶었습니다."" 노비라는 사슬을 지독히도 원망하고 벗어나고 싶어 했던 여인 소화. 소화: 내가 누구입니까? 자운: 나의 숨이다. 소화: 내가…누구입니까? 자운: 나의 심장이다. 소화: 내가...누구입니까? 자운: 나의...꽃이다. 소화를 사랑해 품에 안지 않았던 왕, 휘. 소화를 사랑하지만 왕의 신하이기에 심장을 잠재운 종사관, 자운. 그리고 노비 사슬을 벗어나기위해 휘의 여자가 되고 자운의 슬픔이 되어야했던 소화. 휘 : 종사관, 나와 사냥대결을 해보지 않겠느냐? 자운: 예? 휘 : 뭘 그리 놀라느냐? 대결을 하려면 내기 정도는 필요하겠지? 자운: 말씀하십시오, 전하. 휘 : 내기에 진 자는...자신의 마음에 있는 것을 내려놓기로 하지.",https://audioclip.naver.com/audiobooks/2F5F4D1567
애견무사와 고양이 눈 합본(2편),좌백 진산,"한국 무협을 대표하는 좌백&진산 작가 부부가 각각 '개'와 '고양이'를 주제로 선보이는 감동적인 동물 무협 시리즈 강시현, 신경선, 최낙윤, 김보나, 이승행 성우의 생동감 넘치는 연기와 다채로운 음향 효과가 어우러진 드라마 오디오북 2편을 한꺼번에 만나다! 1. 고양이 눈 고양이 요괴 묘파파는 어린아이를 잡아먹으려다가 견신과 마주치곤 혼쭐이 나서 도망친다. 순식간에 요력을 잃은 탓에 고양이의 모습으로 변신해 숨어 있던 중, '은려'라는 꼬마 아이에게 붙잡혀 졸지에 집고양이로 들어앉게 된다. 이 기회를 틈 타 요력을 보강하고 아이를 잡아먹으려던 묘파파는 애초의 뜻과는 다르게 벽지에서 외롭게 지내는 가족의 사연을 알게 되고는 꽤 오랜 시간을 이들과 함께하게 되는데……. 죽지 않는 요마의 이야기에 빗대어 먼저 떠나보낸 동물들에 대한 그리움과 추도를 담은 감동적인 무협 단편. 2. 폐허의 개들 흑수당과의 싸움에서 패배한 철검장은 철검장주를 보호하기 위해 탈주를 감행한다. 철검장주의 심복인 황구, 백구, 흑구로 불리운 사내들은 저마다의 특기를 발휘하여 자신의 주인을 보호하기 위해 목숨을 거는데……. 오로지 주인을 지키고자 하는 일념으로 눈물 나는 충정을 보인 세 심복의 이야기를 개의 심성에 빗대어 선사하는 감동적인 무협 액션 단편. *좌백&진산 작가는 공동 단편집 『애견무사와 고양이 눈』을 통해 각각 '개'와 '고양이'를 주인공으로 한 6편의 연작 단편을 발표하였으며, 시리즈의 모든 작품은 브릿G에서도 바로 읽을 수 있다. - 📌 성우들의 열연, 환상적인 BGM과 연출! 황금가지의 드라마형 오디오북 목록",https://audioclip.naver.com/audiobooks/6606EC56CD
봉봉,에드거 앨런 포,"세계 문호들의 판타스틱 단편 고전을 엄선하여 소개하는 시리즈 작품! 철학과 요리에서 천재성을 드러내고 있는 피에르 봉봉. 그러나 그런 그에게도 거래를 좋아한다는 결점이 있었는데. 어느 폭풍우 치는 날, 그는 악마와 거래를 시도한다. 《출판사서평》 낯선 세계로의 여행! 그곳으로 통하는 문이 이 책 안에 숨겨져 있다. 상상력의 힘이 펼쳐 보이는 끝도 없는 환상의 세계!! 그 안으로 들어가는 문은 우리의 현실 곳곳에 숨겨져 있다. 단지 현실세계에 너무나도 익숙하게 길들여진 우리의 눈에 보이지 않을 뿐이다. 하지만 어떤 우연한 일을 계기로 환상의 세계로 통하는 문이 열리면, 우리 앞에 몽롱한 환상의 세계가 펼쳐진다. 그리고 우리는 두려움과 함께 머뭇머뭇 그 세계로 들어서게 된다. 그렇게 해서 들어서게 된 곳은 더 이상 환상의 세계가 아니다. 그곳에서는 현재 우리가 살고 있는 현실보다 더욱 현실감 넘치는 사건이 우리를 기다리고 있다. 이제 우리는 그 세계에 빠져 현실로 도망치고 싶어 하면서도, 혹은 그 세계에 영원히 머물고 싶어 하면서도, 끝내 그렇게 하지 못 한다. 그 세계는 도망치려 하면 우리를 더욱 붙잡아두고, 영원히 머물고 싶어 하면 우리를 힘껏 밀어내는 세계이다. 누구나 한번쯤을 꿈꿔왔을 그 환상의 세계가 드디어 우리 앞에 펼쳐진다. 인류 최고의 상상력이 총망라된 이 책을 통해서, 당신 옆에 숨겨져 있는 환상의 세계로 가는 문에 대한 힌트를 얻기 바란다.",https://audioclip.naver.com/audiobooks/58BE023F7B
켄세라,채현선,"세벽 세시, 라파엘을 찾는 모르는 여자의 전화가 걸려온다. ""나를 전혀 알지 못하는 누군가가 필요한"" 사람이냐는 여자의 말에, 나는 전화를 끊지 못한다. 나는 여자가 들려주는 라파엘 이야기에 귀를 기울인다. 내가 창문을 여는 동안 여자가 노래를 부른다. 누구일까, 나는 다시 삶을 살길 원한다... 라파엘을 그리고 싶었다는 여자의 목소리를 들으며 밤이 깊어간다.",https://audioclip.naver.com/audiobooks/9A35857F8E
칠면조와 달리는 육체노동자,천명관,"천명관은 그 이름 자체로서 힘이 넘치고 독자를 유쾌하게 만드는 작가이다. ‘희대의 이야기꾼’으로서 등단 이후 꾸준히 ‘폭발하는 이야기의 힘’을 선보여온 작가 천명관이 7년 만에 두번째 소설집 『칠면조와 달리는 육체노동자』를 선보인다. 풀리지 않는 인생, 고단한 밑바닥의 삶이 천명관 특유의 재치와 필치로 살아나는 여덟편의 이야기를 읽다보면 여전히 웃음이 나면서도 어느 순간 가슴 한구석이 턱, 막히는 먹먹한 감동을 얻게 되고 그 여운은 진하게 오래 남는다. 그사이 천명관의 유머에는 따뜻한 서정과 서글픈 인생에 대한 뜨거운 위로가 더해졌고, 통쾌한 문학적 ‘한방’은 더욱 강렬해졌다.",https://audioclip.naver.com/audiobooks/F7D518D953
어셔가의 몰락,애드가 앨런 포우,"중고생이 꼭 읽어야 할 세계 단편 소설 '어셔가의 몰락'. 미국 낭만주의의 환상성과 신비성을 마음껏 표출한 애드가 앨런 포우의 대표적 단편소설 '어셔가의 몰락'. 나는 어느 날 소년시절 학교에서 잠깐 스치듯 알고 지내던 어셔라는 친구로부터 갑작스런 편지를 받는다. 오랜만에 다시 만난 전통 있는 집안의 후예인 로데릭 어셔는 심한 우울증에 걸려 있었다. 내가 도착하자마자 어셔의 쌍둥이 누이동생이 죽어 장례를 치렀는데 폭풍우 치는 어느 날 밤, 죽었던 누이동생이 살아 돌아와 책을 읽고 있던 오빠에게 쓰러진다. 그리고 두 남매는 모두 죽는다. 이 무서운 사건을 목격한 ‘나’는 겁에 질려 밖으로 달아난다.",https://audioclip.naver.com/audiobooks/5A8EDD3DE6
