titles,authors,informs,clip_links
이모의 꿈꾸는 집,정옥,"〈이 오디오북은 한국출판문화산업진흥원(KPIPA)의 '2020년 오디오북 제작 지원' 사업 선정작입니다.〉 제6회 마해송문학상 수상작 이모와 진진이의 유쾌 발랄 '진정한 꿈 찾기' 프로젝트! 〈이모의 꿈꾸는 집〉은 모범생 진진이 특목고 진학을 위한 특별 캠프 대신 엉뚱한 캠프인 '꿈꾸는 집'에 초대되어 진정한 꿈을 찾아가는 과정을 활기차고 개성 있게 그린 작품입니다. 꿈조차 주체적으로 꿀 수 없는 획일화된 아이들의 삶을 예리하고도 유쾌하게 담아내어 건강한 웃음을 전해 줍니다. 모든 사물과 동물과 식물이 의인화되어 등장인물들과 함께 떠들썩한 놀이의 장을 펼치는 판타지 동화로 일상과 신비가 맞닿아 있는 '꿈꾸는 집'을 통해 진정한 꿈을 찾아 가는 진진의 여정이 아이들에게 큰 꿈을 선사합니다. 자유와 생기가 가득한 '꿈꾸는 집'에서의 생활은 공부벌레였던 진진의 삶을 바꾸어 놓습니다. 하늘을 마음껏 나는 것이 꿈인 거위 '어기', 4분의 3박자로 꼬리를 흔드는 게 꿈인 개 '덩치', 춤추는 걸 세상에서 제일 좋아하는 두레박 '퐁', 수다스러운 책들과 친해지게 되면서 공부밖에 몰랐던 진진은 아이다움을 되찾게 됩니다. 진정한 꿈은 아이들이 자발적으로 찾아야 한다는 것을, 또한 꿈은 그것을 꼭 이루어 훌륭한 사람이 되는 것이 목표가 아니라 꿈을 향하는 모든 걸음걸음이 즐거우면 그것만으로도 의미 있다는 것을 경쾌한 한 편의 이야기를 통해 부드러우면서도 힘 있게 들려줍니다.",https://audioclip.naver.com/audiobooks/546CB504A5
무정,이광수,"1917년에 발표된 <무정>은 춘원 이광수의 첫 장편소설로 한국 근대 문학사상 최초의 장편소설이라는 평가를 받는 작품이로 근대문학 초기에 개척자적 공적을 인정받은 대표작이다. <무정>은 이형식과 박영채라는 두 인물을 중심으로 민족주의 사상과 신교육 사상의 고취,자유연애의 실천등을 세밀한 묘사와 구어체를 통하여 신소설의 문체를 극복한 작품이라 할 수 있다",https://audioclip.naver.com/audiobooks/A51A237F81
남기애가 읽는 박완서의 세상에서 제일 무거운 틀니,박완서,"[100인의 배우, 우리 문학을 읽다] 오디오북 시리즈는, 최민식 문소리 정진영 강부자 등 우리 시대를 대표하는 배우 103명이 한국 근현대문학의 주요 중단편소설 100편을 낭독한 프로젝트입니다. ≪세상에서 제일 무거운 틀니≫는 1972년 ≪현대문학≫에 발표된 박완서의 초기 단편이다. 월북자 가족인 ‘나(연이 엄마)’와 장애아를 키우는 설희 엄마. 딸 아이 자모회에서 만난 둘은 자신의 아픈 상처를 솔직히 드러내 보이고 또 서로를 위로한다. ‘틀니’는 모든 한국적인 것들의 제약을 상징한다.",https://audioclip.naver.com/audiobooks/B68CB0E8BD
서이숙이 읽는 박경리의 암흑시대,박경리,"[100인의 배우, 우리 문학을 읽다] 오디오북 시리즈는, 최민식 문소리 정진영 강부자 등 우리 시대를 대표하는 배우 103명이 한국 근현대문학의 주요 중단편소설 100편을 낭독한 프로젝트입니다. ≪암흑시대≫는 ≪불신시대≫와 함께 박경리의 삶이 반영된 자전적 단편소설이다. 전쟁으로 남편을 잃고 어려운 살림에도 작가의 꿈을 안고 사는 주인공 ‘순영’에게 다시 큰 시련이 닥친다. 의료 기관의 무성의로 자식을 잃어야 했던 어미의 심정과 분노를 그대로 드러냄으로써 사회의 부조리를 고발한다.",https://audioclip.naver.com/audiobooks/7218F7EDFA
여자의 일생,기 드 모파상,"프랑스 자연주의 문학의 대가, 모파상. 그가 서른 세 살에 발표한 첫 장편 소설 <여자의 일생> 희망과 환희에 찬 미래를 꿈꾸던 소녀, 잔느. 인자한 부모님인 남작과 남작부인. 잔느와 어릴때부터 함께 자란 단짝친구같은 하녀 로잘리. 그리고, 잔느의 마음을 단번에 빼앗아간 신비로운 매력을 가진 줄리앙. 이들을 통해 19세기 귀족가정을 사실적으로 그려내 당시 2만5천부의 판매고를 올리며 공감대를 형성한 시대극. 삶의 비애와 환멸이 노르망디의 아름다운 자연 풍광 속에 펼쳐집니다.",https://audioclip.naver.com/audiobooks/CE754C5C26
박지원의 양반전,박지원,"글 읽기만 좋아하는 무능력한 양반이 천 석의 환곡을 빚지고, 이를 갚기 위해 상인에게 양반의 신분을 팔기로 한다. 상인은 양반이 될 수 있다는 말에 기쁨을 감추지 못하는데……. 박지원의 양반전을 재구성한 작품이다. 형식적이고 위선적이며 무능력한 양반을 풍자한 이야기를 들어보자.",https://audioclip.naver.com/audiobooks/31155B2445
아라비안 나이트,리처드 프랜시스 버튼,"원작의 감동까지 그대로 담았다! “아라비안 나이트 제대로 읽어본 적이 있으십니까?” 샤라자드가 들려주는 흥미진진한 모험과 신비로운 사랑 이야기로 빠져보자. 원작 그대로 재현한 아라비안 나이트, 그 환상의 세계로 독자들을 초대한다. 아라비안 나이트가 원작에 가까운 번역으로 다시 태어났다. 이 책은 아라비아어로 쓰인 설화집 <아라비안 나이트>의 원문을 충실히 재해석하여 원작의 감동까지 고스란히 전하고 있다. 아라비안 나이트는 인도와 이란, 이라크, 시리아 아라비아, 이집트 등의 갖가지 설화가 포함되어 있지만 아랍어와 이슬람 사상으로 통일되어 있는 점이 특징이다. 이 이야기들은 설화문학사상 가장 강렬하고 반향이 큰 대표 작품으로 각 이야기의 작자는 한 사람도 알려져 있지 않으며 긴 세월 동안 무수한 사람들의 손을 거쳐 만들어졌다. 아라비안 나이트는 전체가 하나의 큰 틀 안에서 여러 이야기가 담겨 있는 구성으로 되어있다. 인도와 중국까지 통치한 사산왕조의 샤리아르 왕이 아내에게 배신당한 이후로 모든 여성을 증오하여 매일 새 신부를 맞이하고 그 다음날 아침에 그 신부를 죽여 버리는 것이 이야기의 배경이며 대신의 딸이자 현명한 여인였던 샤라쟈드가 그 왕에게 시집을 가게 되면서 이야기가 시작된다. 샤라쟈드는 결혼 첫날부터 왕에게 밤마다 재미있는 이야기를 들려준다. 왕은 이야기를 계속 듣고 싶은 나머지 샤라쟈드를 죽이지 않는데 그 이야기는 천일하고도 하룻밤 동안 계속 된다. 마침내 왕은 자신의 생각을 버리고 샤라쟈드와 결혼하여 행복한 여생을 보내게 된다. 이 책은 아랍어 원본을 19세기 영국의 유명 작가 겸 외교관으로 알려진 리처드 버튼이 영어로 옮겨 적은 글을 번역한 것이다.",https://audioclip.naver.com/audiobooks/8011A48873
이사 (옥상달빛 박세진),정소연,"「이사」의 주인공 지후는 가족과 함께 다른 행성으로 이주해야 한다. 아픈 여동생 지혜를 치료하려면 어쩔 수 없다지만, 지후는 부모님의 결정이 야속하기만 하다. 지후에게는 고향 마키옌데를 떠나면 안 되는 특별한 꿈이 있기 때문이다. “지후는 오빠고, 이제 다 컸잖아.” 눈물이 났다. 부모님이 준비한 연설대로라면, 열세 살은 내가 우주 비행사가 되고 싶은지 의사가 되고 싶은지 모를 만큼 어린 나이이지만, 동생을 위해 멀리 부모님을 따라가야 한다는 말을 이해할 만큼은 다 큰 나이였다. (…) 열세 살 따위. 얼마 전까지만 해도, 새 우주선을 직접 볼 수 있는 나이였는데. 이제 아무것도 아니다.― 본문 31~32면 그러나 지후는 자신의 꿈을 이루지 못하게 되리라는 걸 알면서도 엄마, 아빠에게 분한 감정을 내지르지 않고 속으로 조용히 아쉬움을 삭일 뿐이다. 그리고 자신이 어쩔 수 없이 받아들여야 하는 현실과 담담히 마주한다. *** 박세진(옥상달빛)이 낭독하는 정소연 작가의 「이사 」는 아이돌 및 각계 저명인사의 목소리 재능을 기부받아 소리책을 만들고 이를 통해 청각 장애인에게 희망의 소리를 선물하는 캠페인에 참여한 작품이다. 캠페인 수익금의 일부는 사랑의 달팽이 재단에 기부되어, 경제적 어려움으로 소리 없는 세상에 살고 있는 난청 아동들에게 희망의 소리를 선물해주기 위한 지원 기금으로 사용되어진다.",https://audioclip.naver.com/audiobooks/FD654B967F
산골 소년과 노신사 (ENOi 어빈),박윤규,"산골 마을에서 도시로 이사 갔던 까까머리 소년이 백발 노신사가 되어 고향 마을로 돌아오는 시간 여행길 가로수가 노랗게 물든 어느 가을날 버스 정류소, 오랜 해외 생활을 하다 돌아온 듯한 노신사 앞에 옛날 시골 버스가 선다. 털보 운전기사가 문을 열어 주자 노신사는 성큼 버스에 올라타고, ‘자신이 태어난 강으로 돌아가는 한 마리 연어처럼 버스는 가로수를 물결처럼 헤치며’(본문 10쪽) 외줄기 꼬부랑길을 거슬러 올라간다. 이렇게 시작된 노신사의 고향으로 가는 시간 여행길은 ‘버스가 달리는 동안 노랗게 물든 가로수 잎새들은 서서히 초록색으로, 다시 연두색으로 변해’(본문 10쪽) 간다. 어느덧 고향 마을에 버스가 도착하자, 노신사는 온데간데없고 까까머리 소년이 버스에서 폴짝 뛰어내린다. *** ENOi의 멤버 어빈이 낭독하는 박윤규 작가의 「산골 소년과 노신사」는 아이돌 및 각계 저명인사의 목소리 재능을 기부받아 소리책을 만들고 이를 통해 청각 장애인에게 희망의 소리를 선물하는 캠페인에 참여한 작품이다. 캠페인 수익금의 일부는 사랑의 달팽이 재단에 기부되어, 경제적 어려움으로 소리 없는 세상에 살고 있는 난청 아동들에게 희망의 소리를 선물해주기 위한 지원 기금으로 사용되어진다.",https://audioclip.naver.com/audiobooks/CC49FB09E3
