titles,authors,informs,clip_links
기주봉이 읽는 하근찬의 수난이대,하근찬,"[100인의 배우, 우리 문학을 읽다] 오디오북 시리즈는, 최민식 문소리 정진영 강부자 등 우리 시대를 대표하는 배우 103명이 한국 근현대문학의 주요 중단편소설 100편을 낭독한 프로젝트입니다. ≪수난이대≫는1957년 ≪한국일보≫ 신춘문예 당선작이자 하근찬의 등단작이다. 징용에서 팔을 잃은 아버지, 전쟁에서 다리를 잃은 아들, 역사의 소용돌이 속에서 불구가 된 아버지와 아들의 이야기를 통해 우리 민족의 수난을 집약적으로 보여준다. 전후문학 대표작 중 하나로 손꼽힌다.",https://audioclip.naver.com/audiobooks/62A2478930
"감정 교육 1 (민음사 세계문학, 완독본)",귀스타브 플로베르,"19세기 프랑스 문학의 혁명가일 뿐 아니라 20세기 이후 모더니즘 문학과 누보로망의 선구자 귀스타브 플로베르의 대표작이자 자전적인 소설 『감정 교육』이 민음사 세계문학전집으로 출간되었다. 『보바리 부인』, 『살람보』에 이어 플로베르가 문학적 절정에 다다른 1869년 발표한 세 번째 장편 소설 『감정 교육』은 섬세하고 무기력한 한 청년의 생애를 음악적이며 균형 잡힌 문체로 그려 낸 걸작이다. 프랑스 몽펠리에 대학교에서 플로베르 연구로 문학 박사 학위를 수여 받은 역자 지영화는 불필요한 의역을 절제함으로써 사실주의 계열 작가로 국한되며 가려졌던 플로베르의 리듬감 있는 문체를 오롯이 살렸다. 『감정 교육』은 인생을 선형적이며 일차원적으로 보지 않는 플로베르의 심오한 세계관과 더불어 플로베르 문학에 담긴 세련된 균형과 실험적 미학을 맛볼 기회가 될 것이다. 『감정 교육』은 플로베르가 청년 시절 구상하여 『마담 보바리』의 성공으로 문학적 절정기에 이르렀을 때 소설의 미래에 대한 고민을 담아 완성한 대표작이다. 이 작품은 영웅과는 거리가 먼 평범하고 소심한 주인공, 교훈과 선악 판단을 배제한 서술, 음악적이고 균형 잡힌 문체로 모더니즘과 누보로망 작가들에게 소설이 나아가야 할 방향을 보여 준 현대 문학의 모태다. 어느 섬세하고 무기력한 청년의 이십칠 년 생애를 담은 『감정 교육』은 플로베르의 미학이 집약된 걸작이자 불안한 현대를 살아가는 우리 모두의 초상이다. 19세기 역사적 격동기 파리를 배경으로 섬세하며 우유부단한 한 청년의 성장을 그린 이 소설은 자전적 성격이 가장 짙은 작품이다. 작가가 열다섯 살 무렵 트루빌 해안으로 떠난 휴가에서 만난 슐레젱제의 부인 엘리자 푸코에 대한 첫사랑의 추억에서 모티프를 얻은 이 작품에는 호기심과 야망으로 가득 찬 한 젊은이가 사랑과 우정 등 여러 정서적 관계와 역사적 사건 들을 통해 겪는 감정의 파동과 세상에 대한 인식 변화의 흐름이 자연스럽게 그려져 있다. 소설은 열여덟 살 프레데릭 모로가 배 위에서 연상의 여인 마리 아르누를 만나 사랑에 빠지는 장면을 시작점으로 약 삼십 년 시간을 다룬다. 프레데릭은 혈기 왕성한 또래 젊은이들과 1848년 혁명, 나폴레옹 쿠데타 등을 겪지만 이러한 역사적 사건에서 멀찌감치 떨어진 채 아르누 부부의 집을 드나들며 내밀한 연정을 키워 간다. 감수성이 풍부하고 다방면에 재능이 있지만 주관이 약하며 끈기가 부족한 주인공은 예술혼을 적극적으로 추구하지도, 정치적으로 입신하지도 못하며 주변을 겉돌기만 할 뿐이다. 보답 없는 아르누 부인과의 사랑에 괴로워하던 그는 창녀 로자네트, 귀부인 당브뢰즈, 시골 처녀 루이즈 같은 여성들에게서 위로받으려 하지만 덧없는 사랑에 상처만 깊어진다. 급기야 사업 실패로 재정이 악화된 아르누 일가가 파리를 떠남으로써 아르누 부인과의 사랑은 불가능한 영역으로 남고 만다. 플로베르는 『감정 교육』의 전신이라 할 수 있는 「광인의 수기」를 1838년 쓰고 그로부터 육 년 후 『11월』을, 1845년 『감정 교육』의 첫 번째 원고를 써 내는데, 그 이후로도 구상과 집필, 퇴고를 반복하여 지금 우리가 알고 있는 『감정 교육』을 1869년에 이르러서야 발표했다. 전작들에서 낭만주의적인 요소를 철저하게 걷어 내고 완성한 최종판 『감정 교육』은, “프루스트는 두루마리 종이에 끝없이 덧붙이기 위해, 플로베르는 도로 빼고 지우기 위해 스스로를 가뒀다.”라는 롤랑 바르트의 말처럼, 십자가의 고행으로 곧잘 비유되는 플로베르 특유의 엄격하고 완벽한 글쓰기의 본질을 보여 주는 작품이다.",https://audioclip.naver.com/audiobooks/1D42AB19CF
해주는 남자,이현성,"""“네, 사랑과 정성으로 고객님께 보답하는, 해주는 남자 강해랑입니다.” 돈만 내면 모두에게 뭐든지 해주는 남자 강해랑. 처음으로 그의 시선을 사로잡은 여자, 특별하게 다가온 그 여자 하시원만을 위한 맞춤 서비스를 시작한다. “애인 역할 해 줄 사람이 필요해요. 곧 결혼할 애인 역할.” 남자를 믿지 못하는 여자 하시원. 부모님 앞에 내보일 애인이 필요해 뭐든지 해주는 그 남자 해랑과 애인 계약을 맺는다. 그 리고 시작되는 달콤한 연애. “가슴 보고 감탄하기 전에, 시원 씨 보고 감탄했어요.” “왜요? 가슴 커서요?” “아, 거참. 그 가슴 얘기 좀 그만합시다. 시원 씨 정도로 가슴 큰 여자들, 요새 쌔고 쌨어요. 그런데 그냥 가슴만 보고 감탄했겠습니까? 시원 씨 씩씩하고 당당한 모습에 감탄했었어요.” “날 몇 번이나 봤다고 씩씩하고 당당한 걸 알아요?” “시원 씨가 생각하는 거 이상으로 많이 봤어요.”""",https://audioclip.naver.com/audiobooks/8EB15DC695
추억,다자이 오사무,엄선한 일본 근현대 중단편 문학의 정수! ― 마흔여덟 번째 이야기 일본의 인기 작가 다자이 오사무의 데뷔작. 20대 초반에 유서를 쓰는 심정으로 집필한 걸작. 아련한 첫사랑의 풋내 가득한 성장소설. 《출판사서평》 역사적으로나 지리적으로 봤을 때 일본과 우리는 떼려야 뗄 수 없는 관계에 있다. 문화 면에 있어서도 양국 간의 교류는 그 역사가 매우 깊다. 근대 이전까지는 주로 우리를 통해서 선진 문물이 일본으로 들어갔다. 당시의 일본 문화는 우리의 선진 문물에 힘입은 바가 크다. 그러나 근대화 과정에서 우리보다 한발 앞서 서양 문물을 적극적으로 수용한 일본은 이후 우리의 문화에 커다란 영향을 주었다. 지리적으로 인접한 두 나라는 이처럼 오랜 옛날부터 서로에게 커다란 영향을 주었다. 어느 한쪽의 선진 문화가 다른 한쪽으로 전파되는 것이 주된 흐름이었던 옛날과는 달리 지금은 양국이 거의 대등한 입장에서 서로의 문화에 영향을 주고 있다. 교통과 통신의 발달로 어느 한 쪽을 통해 문물을 받아들이는 것이 아니라 서로가 독자적으로 세계와 교류하며 문화를 흡수하고 그것을 발전시켜 나가고 있기 때문일 것이다. 그럼에도 두 나라는 지리적 여건상 지금도 서로에게 커다란 영향을 주고 있다. 정서적으로는 서로 갈등이 있지만 바로 그렇기 때문에 문화적인 면에서의 접근이 선행되어야 할 것이다. 이번에 일본 근현대의 중단편 소설을 시리즈로 기획했다. 일본 근현대 소설이라고 하면 그 범위가 상당히 넓은데 이 시리즈에서는 근현대 문학의 초기 작품부터 현대의 작품까지를 전부 아우를 생각이다. 상당히 긴 작업이 될 테지만 누군가 이 시리즈를 기다려주는 독자가 한 명이라도 있는 한 멈추지 않을 생각이다. 또 각 단편을 읽기 쉽게 하기 위해 따로 출간하기로 했다. 새로운 읽기 문화에 적응하기 위한 몸부림이라고도 할 수 있겠다. 독자에게는 필요한 작품만을 골라 읽을 수 있는 장점이 있으리라. 우리나라 사람들이 이웃나라인 일본 근현대 사회의 정서를 조금이나마 이해하는 데 이 시리즈가 도움이 되었으면 하는 바람이다.,https://audioclip.naver.com/audiobooks/FCC589ADCB
그림자의 사랑,연두,"""이혼 해요."" 움찔하고 그의 손이 순간 멈췄다가 다시 움직였다. 그의 입에서 감정이 담기지 않은, 그러나 섬뜩할 정도로 날카로운 목소리가 흘러나왔다. ""입 다물어."" 다운이 맑은 눈동자로 민철을 올려다보았다. 잊는 평안한 듯 차분한 그 눈은 더 이상 괴로움이나 슬픔은 담고 있지 않았다. ""이혼해요."" 그녀의 말에 아무런 반응을 보이지 않은 채 그가 넥타이를 다 매고 두 손을 바지 주머니에 찔러 넣었다. 의미를 알 수 없는 눈으로 다운의 얼굴을 노려보던 민철이 입술을 한쪽으로 올리며 비웃는 표정으로 말했다. ""누구 맘대로?"" 말없이 조용하게 그를 응시하는 다운에게 민철이 차가운 미소를 지어주곤 그녀의 손에 있는 양복에 자신의 손을 가져갔다. 양복 상의를 손으로 가져가면서 민철이 딱딱한 어조로 말했다. ""오늘 저녁에 동창회 있으니까 준비나 하고 있어."" 그의 말을 못 들은 사람처럼 다운은 아무 반응 없이 그의 얼굴을 조용히 응시하고 있었다. 그녀의 맑은 눈을 잠시 뚫어지게 바라보던 민철이 안방을 나갔다. '평생 이러고 살아, 한다운. 이혼 같은 건 절대 해줄 생각 없으니까",https://audioclip.naver.com/audiobooks/31E9E206F3
도시와 나 - 어떤 여름,함정임,"대한민국 최초의 여행소설집. <도시와 나>는 깊은 문학성을 시반으로 하되 우리 시대 가장 사랑받는 소설가들이 풀어낸 해외 도시 배경 소설로서 보다 대중적인 독자와의 만남을 유도하고 있습니다. 단편소설로 만나는 도시 이야기를 통해 우리는 낯선 여행을 체험하고, 익숙한 도시의 새로운 뉘앙스를 받아들이게 되며, 소설가만의 고유한 문체와 은유와 상징을 알 수 있게 되실 것입니다. 오디오북 <도시와 나>를 통해 빼어난 소설가들의 도시 이야기는 물론 낯선 도시들의 매력에 흠뻑 빠져보시기 바랍니다. * 함정임 <어떤 여름> - 브장송 스탕달의 ""적과 흑""을 들고, 니스행 열차를 타고 있는 여자. 그런 여자에게 왠지 모를 관심이 가는 남자. 여자가 호텔들을 여행한다는 얘기에 남자는 자신이 안내를 해주겠다며 여자에게 동행을 자처한다. 그녀는 왜 호텔들을 여행하려 하는걸까?",https://audioclip.naver.com/audiobooks/741E041423
컴퍼스 콤플렉스 1권,백묘,"""“아니, 아니. 내 말을 오해하는 모양인데…… 지금 내 반응이 되게 사랑처럼 보인다는 거 알아. 내가 바보도 아니고, 그걸 모르겠냐?” 천재 자동차 디자이너 마승민. 자신의 천재성을 몰라주는 회사 생활에 지쳐 까칠해진 그의 앞에 소녀라기보다는 소년 같은 여자 현수가 나타난다. 이상하게도 현수 앞에서는 자신의 솔직한 모습을 보여 줄 수 있게 된 승민, 어느샌가 마음속 깊이 들어와 버린 현수를 향한 승민의 못 말리는 짝사랑! “네. 얄미운데도 사랑해 줘서 고마워요.” 시골 마을의 자동차 정비사인 정현수. 말 못할 콤플렉스로 여자인 자신을 부정하고 남자의 삶을 동경하던 그녀였지만 승민을 만나 제 안의 진정한 모습을 깨닫게 된다. 승민이 만든 자동차가 보고 싶어진 현수는 승민을 따라 서울로 올라오게 되는데…….""",https://audioclip.naver.com/audiobooks/7DF0296D0B
레인보우시리즈 BLUE,오디언,"""너의 눈을 보고 있으면 가슴이 뛰어, 울지 말아라!"" 세상과 안녕을 고하려 벼랑 끝에 선 왕자. 그러나 자신을 감싸안은 팔과 숨을 불어넣는 호흡에 다시 세상에 발을 들이게 된다. 왕자를 구해준 '나'는 바닷 속에 사는 인어였다. 목소리를 버리고 사람의 두 다리를 얻게 된 '나'는 왕자를 만나지만 그는 동화 속 멋지고 로맨틱한 왕자와는 다른 오만방자한 사람이었다. '나'를 아끼고 사랑해주는 오라비는 왕자를 사랑하는 마음을 버리라 계속 설득하지만 '나'로 인해 변해가는 왕자의 곁을 떠 날수 없는데.... 우리가 알고 있던 그들과의 조금은 다른 이야기! 레인보우프로젝트시리즈는 청자가 여자주인공이 되어보는 참여형 오디오드라마입니다. 직접 여주인공이되어 대화해보세요~~~",https://audioclip.naver.com/audiobooks/D807C070EC
필경사 바틀비,허먼 멜빌,"세계대표명작을 엄선하여 줄거리, 주제등을  성우의 목소리로 들려주는 세계 명작  보물창고!  오디오북을 통해 세계 대표명작을 만나 보세요.",https://audioclip.naver.com/audiobooks/7B2D887C0E
박지원의 허생전,박지원,"밤낮없이 글만 읽던 선비 허생이 아내의 독촉으로 나가서, 변 부자에게 만 냥을 꾸어 장사를 시작하는데……. 박지원의 <허생전>을 재구성한 작품이다. 범상치 않은 선비 허생의 이야기를 들어 보자.",https://audioclip.naver.com/audiobooks/A3236CFABC
컴퍼스 콤플렉스 2권,백묘,"""“아니, 아니. 내 말을 오해하는 모양인데…… 지금 내 반응이 되게 사랑처럼 보인다는 거 알아. 내가 바보도 아니고, 그걸 모르겠냐?” 천재 자동차 디자이너 마승민. 자신의 천재성을 몰라주는 회사 생활에 지쳐 까칠해진 그의 앞에 소녀라기보다는 소년 같은 여자 현수가 나타난다. 이상하게도 현수 앞에서는 자신의 솔직한 모습을 보여 줄 수 있게 된 승민, 어느샌가 마음속 깊이 들어와 버린 현수를 향한 승민의 못 말리는 짝사랑! “네. 얄미운데도 사랑해 줘서 고마워요.” 시골 마을의 자동차 정비사인 정현수. 말 못할 콤플렉스로 여자인 자신을 부정하고 남자의 삶을 동경하던 그녀였지만 승민을 만나 제 안의 진정한 모습을 깨닫게 된다. 승민이 만든 자동차가 보고 싶어진 현수는 승민을 따라 서울로 올라오게 되는데…….""",https://audioclip.naver.com/audiobooks/D5D569A3E8
요약) 적과 흑,원작 : 스탕달 / 요약 : 북코스모스,원작 : 스탕달 / 요약 : 북코스모스 / 제작 : (주)와미디어 / 낭독 : 임승미,https://audioclip.naver.com/audiobooks/D86F4E12D7
한 권으로 읽는 세계명작 다이제스트 시리즈(전12권) - 6권,박영만,"KBS 슈퍼탤런트 1기 배우 김시연이 낭독한 오디오북! 세계명작을 흥미롭게 엮어 현대 감각으로 새롭게 탄생! 『한 권으로 읽는 세계명작 다이제스트 55』는 세계명작의 탄생 배경과 함께 작가의 삶, 작품의 줄거리, 에피소드, 주제, 인류에게 미친 영향, 가치 등을 흥미롭게 엮어 현대 감각에 맞게 새로이 탄생시킨 세계명작 55편의 다이제스트이다.",https://audioclip.naver.com/audiobooks/1D77B55BD7
애인이 되어 주실래요?,김희진,"재벌인 부모님을 뒀지만, 부모님이 도움 없이 회계사가 된 강승희! 그녀는 부모님의 계획으로 가게 된 크루즈 여행에서 3년 전에 자신이 반했던 남자, 이민형을 만나 사랑에 빠진다. 큰 키에, 잘생긴 외모, 초록색 눈동자를 가진 혼혈인, 이민형! 그러나 그 남자는 승희 부모님의 회사를 인수하려는 셔먼 사의 회장이었는데… 과연 이들의 사랑은 이루어질 수 있을 것인가? 크루즈에서 시작된 낭만적인 로맨스, 애인이 되어주실래요!",https://audioclip.naver.com/audiobooks/02EA626280
한 권으로 읽는 세계명작 다이제스트 시리즈(전12권) - 1권,박영만,"KBS 슈퍼탤런트 1기 배우 김시연이 낭독한 오디오북! 세계명작을 흥미롭게 엮어 현대 감각으로 새롭게 탄생! 『한 권으로 읽는 세계명작 다이제스트 55』는 세계명작의 탄생 배경과 함께 작가의 삶, 작품의 줄거리, 에피소드, 주제, 인류에게 미친 영향, 가치 등을 흥미롭게 엮어 현대 감각에 맞게 새로이 탄생시킨 세계명작 55편의 다이제스트이다.",https://audioclip.naver.com/audiobooks/B59D91A1FD
노라와 모라,김선재,"“누군가와 함께 살고 싶은 이의 창가에, 이 소설을 놓아두고 싶다.”―김숨(소설가) 마음 둘 곳 없는 일상에 온기를 불어넣는 소설 아무도 모르는 생애, 아무도 모르는 죽음 가까운 곳에 조용히 떠다니는 생의 물음표들 나지막한 문장과 섬세한 시선으로 삶과 죽음의 평행 관계를 역설하는 작가 김선재의 두 번째 장편소설 『노라와 모라』가 출간되었다. 소설가이면서 시인이기도 한 작가는 지극히 평범한 사람들이 살아가는 애틋하고 특별한 삶의 순간들을 시적인 언어로 풀어내어 왔다. 그리고 이제 『노라와 모라』를 통해 선뜻 손 내밀지 못했던 존재들의 희미한 삶 한가운데로 독자들을 인도해 낸다. 우리의 이웃이자 나 자신이기도 한 세상의 모든 ‘노라와 모라’ 들에게 말이다. 『노라와 모라』에서 작가 김선재는 이전 작품들에서도 관심 있게 다뤄온 소외된 인물들을 가족의 연으로 다시 엮어낸다. 그의 작품에서 꾸준히 등장하는 관계가 바로 ‘엄마와 딸’, ‘아빠와 딸’이다. 이번에는 혈연과 서류로 묶인 가족이 온전히 하나가 되지 못하고 다시 혼자가 되고 마는 중에 ‘죽음’을 계기로 삶에 한 걸음 더 나아가는 인물들의 이야기를 그린다. 그리고 가족이라는 이름으로 희생되는 개인들의 역사가 어떻게 지금 이 사회에서 온전히 일어설 수 있을지 고민하게 만든다. 섞이다 보면 하나가 될 수 있을까? 함께인 순간에도 더없이 외로운 날들에 우리를 누군가에게로 견인하는 기억의 연결고리 이야기는 노라의 독백으로 시작된다. 노(魯)가 성에 돌배나무 라(欏) 자를 쓰는 ‘노라’는 자신이 어째서 이런 이름을 가지게 되었는지의 이유와 거친 손바닥의 촉감으로 남은 아버지에 대한 기억을 읊조린다. 어린 딸을 두고 어느 밤에 갑자기 죽어버린 아버지의 유품은 엄마도 처음 본다는 눈 감은 사진뿐이다. 아이 딸린 과부가 되어 딸에게 냉담한 엄마의 영향으로 노라는 어른이 되어서도 매사에 무심하고 다른 사람에게 쉽게 공감하지 못한다. 말 대신 침묵으로 일관하기를 선택한 노라에게 언제부턴가 회사는 시끌벅적한 회식을 강제하고, 그 길로 노라는 회사를 관둔다. 그런 노라가 새로 취직한 곳은 채소의 종자를 구별해 파는 가게 ‘명농사’다. 똑같은 종자를 심어도 여건에 따라 다르게 자라고, 겉모양이 똑같아 보여도 실상 다른 종자인 것들을 보며 세상일에 조금씩 마음이 여는 노라는 자신에게 몇 차례 걸려온 부재중 전화의 발신자가 동일하다는 것을 알게 된다. 수화기 너머 들려오는 낯선 목소리는 20년 만에 듣는 의붓자매 모라의 것이다. 7년을 함께한 노라의 엄마와 계부가 이혼한 지 20년 만에 모라가 아버지의 부고 소식을 알리기 위해 전화를 걸었고, 노라와 모라는 그렇게 ‘죽음’을 계기로 연결되었다가 헤어지고 또 재회한다. 독특하게 작품의 중반에 이를 즈음 소설의 화자는 노라에서 모라로 바뀐다. 노라의 기억에서 발화되던 서사는 모라의 기억으로 치환된다. 엄마가 집을 나간 후, 일터에 나가는 아빠를 기다리며 보살핌 없이 지내야 했던 ‘모라’는 누구에게도 모나지 않은 사람이 되기 위해 속내를 드러내지 않는다. 그런 모라의 기억은 노라의 기억과 조금씩 같으면서 다르다. 아버지와 달리 두 딸에게 공평하지 않았던 계모에 대한 기억, 방과 후 자신을 기다리는 노라를 뒤로하고 부러 다른 약속을 만들었던 일들까지 같은 장면이 만들어 내는 전혀 다른 기억들이 조우한다. 그럼에도 노라와 모라가 동일하게 간직하는 유일한 장면은 바로 태풍이 지나가던 어느 밤의 기억이다.",https://audioclip.naver.com/audiobooks/6DBA0F9622
여이발사 (Resound단편),나도향,"「여이발사」는 1923년 9월 『백조』 에 발표한 '나도향'의 단편소설입니다. 주인공은 자신이 입던 잠옷을 전당포에 맡기고 받은 50전으로 무얼할까 고민 끝에 우선 머리부터 깍기로 합니다. 생각보다 비싼 이발 요금 때문에 망설이지만, 결국 요금이 저렴한 이발소를 찾아 머리를 자릅니다. 머리를 다 자른 뒤 이발사는 식사하러 방으로 들어가고, 그의 부인으로 보이는 여이발사가 면도를 시작하자 피가 돌고 가슴이 뛰기 시작합니다. 이후 여 이발사와 주인공 사이에서 벌어지는 에피소드를 소설은 익살스럽게 그려내고 있습니다. 「여이발사」의 오리지널 스코어를 작곡한 '신현필'은 버클리 음대를 졸업한 색소포니스트로, 2010년 ‘자라섬국제재즈페스티벌’에서 솔로이스트상을 수상하였습니다. 재즈뿐 아니라 일렉트로닉과 결합한 밴드 ‘스텔라 모멘츠’, 클래식·국악·인도음악과의 협업 등 다양한 음악적 실험을 하고 있습니다. 최근에는 색스폰 연주뿐만 아니라, 영화·뮤지컬 등 다양한 분야에서 작곡가와 음악감독으로 활동 반경을 넓혀가고 있습니다. 100년 전 우리 소설, 아름다운 소리로 만나다. [Resound 단편] 시리즈 소위 ‘고전’이라 불리는 작품들은 시대를 불문하고 인간과 삶을 관통하는 날카로운 통찰을 담고 있습니다. 그러나 한 번쯤 제목은 들어 봤을지라도, 제대로 읽어본 적은 없는 경우가 많습니다. 왜일까요? 어쩌면 고전은 낡고 지루하며 어렵다는 편견이 있는 건 아닐까요. [Resound 단편] 시리즈는 그 편견을 깹니다. 오늘날 활발히 활동 중인 작가들이 고쳐 쓰고, 그 원고를 전문 배우들이 생생하게 낭독하고, 거기에 뮤지션들이 작곡한 음악이 더해져, 고전은 새로운 예술작품이 되었습니다. 옛 것의 가치는 간직하되 새로운 옷을 입고 화려하게 돌아온 50편의 [Resound 단편] 시리즈가 새로운 문학의 세계, 감상하는 오디오북의 세계로 당신을 초대합니다.",https://audioclip.naver.com/audiobooks/FBEA22D46B
"100인의 배우, 세계 문학을 읽다 1/2",베르톨트 브레히트 외 49명,"이영애, 정우성, 문소리, 전미도 등 한국 대중문화를 빛내는 한류 스타와 배우들 103인이 낭독한 100편의 세계 명작 중단편 소설 오디오북이다. 1/2 버전은 100편 중 50편을 묶었다. 국내 오디오북의 새 시장을 연 <100인의 배우, 우리 문학을 읽다>의 후속 작품으로서, 우리 문학에 이어 세계 문학 오디오북도 출시해 달라는 독자들의 요청에 부응하여 제작했다. 문학 작품은 작가 개인의 창작이자 당대의 산물이며, 배우의 음성에는 그만의 개성과 함께 지금 우리의 정서가 깃들어 있다. 명작과 스타의 콜라보로 시대와 지역과 언어를 넘나들며 읽는 문학과 또 다른 듣는 문학의 깊은 감동을 전한다. 낭독 작품은 지구촌 곳곳의 작가, 작품들을 고루 포함했다. 가능한 한 지역이나 언어를 다양하게 포괄하려 했다. 물론 톨스토이, 디킨스, 플로베르, 릴케, 나쓰메 소세키 등 이름만으로 벅찬 동서양 문호의 작품이 빠질 수 없다. 헤밍웨이, 포크너, 카뮈, 헤세, 이보 안드리치 등 노벨문학상 수상 작가의 대표 단편도 포함됐다. 버지니아 울프, 샬럿 퍼킨스 길먼, 케이트 쇼팽 등의 페미니즘 초기 문제작과 일본, 중국, 대만, 홍콩, 태국 등 이웃 나라의 명단 편들도 고루 만날 수 있다. 특히 스물여섯에 요절한 태국 왕족 출신의 작가 멈짜오 아까담끙 라피팟의 ＜사춘기＞는 국내 처음 소개되는 작품이다. 국내 독자에겐 생소하지만 문학사적으로 큰 발자취를 남긴 작가, 마르그리트 유르스나르, 타티야나 톨스타야, 슈테판 츠바이크, 딩링 등의 작품도 함께 담았다. 문학 사조로는 사실주의, 낭만주의, 자연주의부터 초현실주의, 의식의 흐름을 따르는 모더니즘까지 모두 아우른다. 장르도 공포, 탐정, 심리, 연애, 환상 소설에 사소설, 동화까지 다채롭다. 낭독 배우의 개성 있는 목소리로 저마다의 작품 해석을 즐길 수 있는 구성이다. 추리 소설의 고전 에드거 앨런 포의 <검은 고양이>, 러시아 사실주의 문학의 태동을 알린 니콜라이 고골의 <외투>, 독특한 문체로 독자를 사로잡은 마르그리트 뒤라스의 <파리의 오렐리아>부터 샤를 페로의 <푸른 수염>, 루시모드 몽고메리의 <개와 고양이>까지 다양한 장르의 세계 문학 단편 소설을 한 권의 오디오북에서 모두 만날 수 있다.",https://audioclip.naver.com/audiobooks/7E22020E0C
노인과 바다,헤밍웨이,"헤밍웨이의 불후의 명작. 감동의 고전 인생의 역경과 고난을 극복하는 지극히 인간적인 한 노인의 이야기. <노인과 바다>는 헤밍웨이의 마지막 소설로, 평생을 바다에서 살았지만, 홀로 사투를 벌이며 잡은 거대한 고기. 그 고기를 지키려는 한 노인의 처절한 몸부림을 담았다. 불굴의 정신과 고상한 모습을 간결하고 힘찬 문체로 묘사한 단편소설로, 세계문학상 불후의 명작으로 손꼽히며 오늘날까지 수많은 독자들에게 감동을 주고 있다.",https://audioclip.naver.com/audiobooks/059C6FB624
