titles,authors,informs,clip_links
오리 이름 정하기,이랑,"영화감독, 음악가, 에세이스트, 페미니스트, 선생님, 만화가, 준이치 엄마, 그래서 결국, ‘이야기 생산자’ 이랑의 첫 소설집! 이랑 작가의 첫 소설집 『오리 이름 정하기』가 위즈덤하우스에서 출간되었다. 2016년 노래 「신의 놀이」를 통해 “한국에서 태어나 산다는 데 어떤 의미를 두고 계신가요?”라고 물었던 이랑 작가가 이번 소설집에서는 사회에서 끄트머리로 밀려나 보이지 않게 된 사람들의 삶을 주연으로 끌어와 이야기하게 함으로써 우리의 보편적 인식에 균열을 만든다. 변영주 영화감독은 “좀비가 창궐하는 세기말의 어느 동네에서, 일상의 2호선 지하철 안에서, 마음을 움직여 그 속의 나와 공간을 바라보고 상상하기에 모든 문장들이 정교하고 날카롭다”고 이 이야기집을 평했다.",https://audioclip.naver.com/audiobooks/631654F0B7
"적과 흑 2 (민음사 세계문학, 완독본)",스탕달,"19세기 프랑스 문학의 거장 스탕달의 대표작. 낭만주의가 팽배하던 시대에 사실주의 문학의 문을 연 선구적 작품이자 신분과 계급의 벽을 넘어 비상을 시도한 한 젊은이의 모험담이며, 남자와 여자, 사랑과 욕망에 관한 탁월한 연애 심리 소설이다. * 동아일보 추천 ‘세계를 움직인 100권의 책’에 선정된 작품. ▶ 소설이란 큰길가를 돌아다니는 거울과 같은 것이다. 때로 그것은 푸른 창공을 비춰 보이기도 하고, 또 때로는 도로에 파인 수렁의 진흙을 비춰 보이기도 한다. -스탕달 ▶ 스탕달의 작품에는 한 장 한 장마다 번쩍이는 섬광이 비친다. -발자크 ▶ 중죄 재판소의 한 평범한 사건을 가지고 스탕달은 역사적 심리와 역사 철학에 관한 깊은 연구를 이루어놓았다. 대혁명이 형성해 놓은 사회에서 행위의 은밀한 동기와 영혼의 내면적 성질에 대해 그는 『적과 흑』 한 권으로 발자크의 총서 『인간 희극』 전체와 맞먹는 것을 우리에게 가르쳐준다. -랑송",https://audioclip.naver.com/audiobooks/F42E4CCA53
달까지 가자,장류진,"월급만으로는 부족해! 우리에겐 일확천금이 필요하다! 『일의 기쁨과 슬픔』 장류진의 첫 장편 직장인 공감백배 하이퍼리얼리즘 소설 첫 소설집 『일의 기쁨과 슬픔』(창비 2019)으로 평단의 주목과 독자의 환호를 동시에 받은 소설가 장류진이 첫 장편소설 『달까지 가자』를 야심차게 선보인다. “2020년대를 이끌어갈 한국문학의 얼굴”, 문단의 “대형 신인” 등의 찬사를 받은 장류진의 이번 작품은 생생한 인물 묘사와 속도감 있는 전개로 연재 당시(2020~21년 3월 창비 <문학3> 웹진과 ‘스위치’)부터 이삼십대 젊은 독자들의 열띤 호응을 얻었다. 특히 단순한 현실 반영이 아니라 작가적이고 개성적인 현실의 구축을 꿈꾼 ‘하이퍼 리얼리즘’이라 평가받는 장류진의 현실감 넘치는 배경 설정과 대사는 한층 더 구체적이고 섬세해졌다. 작품 속 소소한 소재까지 “다 내 얘기” 같게 그려내는 솜씨가 탁월한 장류진의 이번 작품은 최근 사회적 이슈인 ‘가상화폐’로 눈을 돌려 그 흡인력을 증폭하는데 작금의 사회현실과 세대를 작가 특유의 빼어난 감각으로 클로즈업하되, 결코 읽기에 만만한 세태소설에 그치지 않는다. 이름난 기업에 입사하고도 단칸방을 벗어날 수 없는 ‘흙수저 여성 3인방’의 ‘코인열차 탑승기’는 만성화된 저성장 국면과 세습 자본주의를 단숨에 관통하며 독자들을 이입시키는데, 이 작품을 읽는 동안 독자는 함께 코인열차의 ‘롤러코스터’를 오르내리며 이 주인공들을 응원하게 된다. 동시대, 동세대의 현실을 반영하되 새롭고 신선한 그만의 세계를 확장해가는 작가 장류진의 행보를 인정할 수밖에 없으며 다시 한번 독자들의 열광을 이끌어낼 것으로 믿는다.",https://audioclip.naver.com/audiobooks/3436BC70D3
유토피아,토머스 모어,"기본소득, 공공주택, 6시간 노동, 경제적 평등, 공유사회… 현재 논의되는 이상국가의 기본 틀을 이미 500년 전에 제시하다 독실한 가톨릭교도인 토머스 모어의 신념과 사상이 녹아들어 있으면서도, 르네상스 인문주의자로서의 파격적 면모를 가감 없이 보여주는 수작, 『유토피아』가 현대지성 클래식 33번으로 출간되었다. 저자는 절대왕정의 시대를 살면서도 ‘공화국’을 이상국가로 제시했는데, 당시까지의 이상향에 관한 모든 사상과 철학적 논의를 한데 모았고, 이상국가 시민의 의식주와 경제활동, 정치·사회 생활 등 세밀한 부분까지 눈앞에서 그림을 그리듯 묘사했다. 토머스 모어가 살았던 시대에 영국은 백년전쟁과 장미전쟁을 거치며 무법천지가 되어버렸다. 숲에는 도적 떼가 몰려 있었고 상인들은 무사를 고용해야만 했다. 인클로저 운동으로 농민이 몰락하고 런던의 인구는 폭발하여 온갖 사회문제가 발생했다. 모어는 범죄자를 처벌하는 데 그치지 말고 그런 범죄자가 나오지 않도록 예방하는 시스템을 만들어야 한다고 보았다. 저자가 16세기에 언급한 기본소득, 공공주택, 6시간 노동 정책, 경제적 평등과 같은 여러 급진적 사상은 후대에 마르크스의 『자본론』 등으로 연결되었으며, 21세기인 지금도 활발히 논의될 정도로 파격적이고 혁신적이다. 플라톤이 『국가』에서 제시한 최상의 공화국을 철학적 담론이 아닌, 하나의 실제 모델로 생생하게 그려냈다는 평가를 받는다. “사람은 어떤 존재이며, 어떻게 살아야 행복한가?”라는 주제를 인문주의자의 관점에서 흥미로운 소설로 풀어낸 이 책은 이 시대의 이상향을 꿈꾸는 독자의 사유에 깊이를 더해줄 것이다.",https://audioclip.naver.com/audiobooks/71AC1FE2DC
바람과 함께 사라지다 제4부 (2),마거릿 미첼,"""내일은 내일의 태양이 뜰 거야."" 아카데미 10관왕에 빛나는 불후의 명작 <바람과 함께 사라지다>의 원작 소설이 러닝타임 66시간의 오디오북으로 새롭게 태어났습니다. 총 분량 1,900여쪽에 달하는 방대한 소설의 장면장면을 빠짐없이 살려내며 영화보다 깊고 풍부한 이야기로 또 다른 감동을 전합니다. 미국 남북 전쟁의 폐허 속에서 피어나는 스칼렛 오하라의 운명과 사랑을 담은 장대한 드라마를 만나보세요. ▶ 오디오북 전권 세트(66시간) 바로가기 :",https://audioclip.naver.com/audiobooks/37E40729E4
경성애사,이선미,"일제 강점기의 역사 속에서 조국을 되찾으려는 지식인들의 독립운동과 사랑을 그린 드라마 경성애사! 지주집안의 막내아들 선우완과 독립투사 여경은 우연한 계기로 만나게 되고 완은 여경을 도와주는데. 여경에게는 이미 스승이자 동지인 김범우가 마음 속에 자리잡고 있다. 그런 김범우는 여경에게 만주로 가자고 하는데.. 선우완 : 난 니가 좋다.갑자기 나타나서 내 마음을 흔들어 놨어. 여경: 난 지금 목숨을 걸고 독립을 위해 내 모든 걸 바쳤어요. 선우완 : 그래! 내가 너보다 많이 부족하다는 거 잘 알아. 너같이 큰일을 하는 사람보다 무식하고 여태까지 기생질로 세월을 보냈지. 하지만, 나 그냥 옆에 있는 것도 안될까? 여경 : 난 이미 결혼 할 사람이 있어요. 김범우 선생님은 나와 같은 길을 걷고 있는 사람이에요. 같은 뜻을 품고, 같은 생각을 나누죠. ---- 김범우 : 오래 전부터 너를 여자로 생각하고 있었다. 만주에 가서 거기서 우리가 나라를 구할 방도를 찾아보자! 나와 평생 같은 길을 함께 가주지 않겠니? 여경 : 선..선생님… ---- 이강구 : 김범우 이 새끼..나를 잘도 물먹였겠다..그래 김범우 나여경 내 반드시 너희를 잡아들일 것이다. 많은 이들이 재밌게 읽은 소설 경성애사! ※ 본 오디오 드라마는 소설 [경성애사]를 각색한 것으로 소설 [태백산맥] 표절 시비와 무관합니다.",https://audioclip.naver.com/audiobooks/E3913A2400
셜록 홈즈 단편선 6,아서 코난 도일,"전 세계인이 사랑하는 탐정 셜록 홈즈의 이야기!
셜록 홈즈 시리즈 중 유명하고도 작품성이 있는 단편들을 뽑아 완역한 번역본입니다.",https://audioclip.naver.com/audiobooks/B64D43A80D
사이드 트랙,헨닝 망켈,"[본 오디오북은 '요약본'입니다.] 약자에게 가해진 잔인한 폭력과 복수의 악순환을 극명하게 그린 북유럽 스릴러의 정수! 우리 시대 가장 위대한 스웨덴 작가이자 ‘노르딕 누아르’의 포문을 연 스릴러 대가 헨닝 망켈의 발란데르 시리즈, 최고 걸작 『사이드 트랙』 출간! 스웨덴 추리작가 아카데미 최고의 추리문학상을 수상한 헨닝 망켈의 장편소설 [사이드 트랙]. 이 책은 정통 추리소설이자 사회파 범죄소설로, 사람들의 무관심 속에서 점점 더 과감해져가는 폭력에 인간성을 잃어가는 모습을 적나라하게 드러낸 장편소설이다. 노란 유채꽃이 흐드러지게 핀 밭 한가운데서 한 소녀가 몸에 불을 질러 자살하는 충격적인 사건으로 시작하는 이 책은 1990년대 중반의 스웨덴 사회를 중심으로, 정신적 가난이 표면으로 부상하고 있는 모습을 리얼하게 그려내고 있다. 가난한 집안의 생계를 책임지고 있는 어린 소녀, 은퇴 후 술에 빠져 허우적대는 중년의 남자, 이웃에게 아이를 맡기고 일을 할 수밖에 없는 워킹맘, 가정폭력으로 정신을 놓아버린 아내 등등…… 작품 속에 등장하는 인물들의 대다수가 정신적 가난을 머리에 인 외로운 사람들이다. 외로운 사람들이 각자의 방식으로 외로움을 달래려다 다른 이에게 폭력을 가하고, 그 폭력을 받은 이들이 자신 또는 타인에게 더 큰 폭력으로 되갚는 사회, 책은 그런 사회가 낳은 부조리함을 외로움의 악순환이라는 형태로 승화해서 보여주고 있다.",https://audioclip.naver.com/audiobooks/77FBD4D76D
왕을 만든 여자 1,신봉승,"태평성대의 세종 시대가 막을 내리고 뒤를 이은 문종이 병으로 일찍 세상을 뜨자 조선왕조는 혼란에 빠지고 권력을 향한 치열한 암투가 벌어진다. 바로 이 시기, 가슴속에 큰 야망을 품고 끝내 그 꿈을 이뤄낸 여인이 있었다. 단종에서부터 세조, 예종, 성종, 연산군에 이르기까지 조선조 5대 임금을 거치며 세상을 읽고 역사를 만든 여자, 인수대비. 『왕을 만든 여자』(전2권)는 바로 그 인수대비가 헤쳐나간 조선 역사상 가장 파란만장했던 시대, 야심과 집념으로 점철된 드라마를 그린 장편 역사소설이다. 『왕을 만든 여자』는 ‘시대를 이끄는 정치, 그 처음과 끝’을 보여주는 소설이라 할 만한다. 더욱이 이 소설은, 철저한 고증을 통해 접근한 정통 역사소설이다. 극적인 재미를 위해 이야기를 재구성하고 짜 맞춘 소설이나 드라마는 자칫 역사적 사실을 둘러싼 논란을 가져오기도 하지만, 이 소설은 역사 속 행간을 파고들어 그대로 펼쳐 보인다. 독자의 시각에서, 독자가 느낀 그대로 따라갈 수 있기 때문에 읽는 재미는 더욱 배가된다. 세조와 한명회 그리고 인수대비의 야심과 집념, 왕위를 양위한 단종의 슬픔, 단종복위의 움직임과 사육신의 처절한 죽음, 폐비윤씨의 사사와 연산군의 폭정 등 조선조 5대 임금을 거치는 동안의 시대의 정황이 한 편의 웅장한 대하 사극처럼, 손에 땀을 쥐게 하는 정치드라마처럼 흥미진진하게 펼쳐진다. 권력을 향한 의지가 끊임없이 충돌하고, 그러는 가운데 시대를 읽고 만들어간 인물들의 지략이 넘쳐난다. 권력을 가진 자와 권력을 얻고자 하는 자, 권력을 빼앗긴 자, 그들 사이에서 벌어진 숨겨진 전말은 독자로 하여금 숨죽이고 지켜보게 만든다.!",https://audioclip.naver.com/audiobooks/49634C4826
지킬 박사와 하이드 씨,로버트 루이스 스티븐슨,"인간 내면의 근원과 선악의 갈등을 탐구한 작가, 로버트 루이스 스티븐슨의 대표 단편 「지킬 박사와 하이드 씨」를 비롯하여 작가의 탁월한 심리 묘사가 돋보이는 다섯 편의 단편을 수록한 소설선집 『지킬 박사와 하이드 씨』는 가장 많이 영화로 각색된 고전 중 하나로 이름을 올리고, 아직까지도 뮤지컬, 연극 등에서 수많은 패러디를 양산하며 찬사를 받고 있다. 그 주제가 인간의 내면과 선악의 대결이라는 심오한 근원을 다루고 있으므로, 어찌 보면 출간 후 1백 년이 훨씬 지난 지금까지 거론되는 것도 당연하달 수 있을 것이다. 부유하고 전통적이며 매우 종교적인 도시, 하지만 그 이면에는 자유분방하고 매음굴, 어두운 인물들, 은밀한 거래로 가득한 에든버러. 스티븐슨이 태어나 성장한 이 도시의 극명한 대비는 그에게 깊은 인상을 남겼을 뿐 아니라 이후 그의 작품에 독특한 테마를 제공했다. 또한 선천적으로 허약했던 탓에 항해와 여행을 즐겼던 젊은 시절은 그에게 또 다른 상상력의 원천이 되었다.",https://audioclip.naver.com/audiobooks/6A4FBF582A
박용수가 읽는 전광용의 꺼삐딴 리,전광용,"[100인의 배우, 우리 문학을 읽다] 오디오북 시리즈는, 최민식 문소리 정진영 강부자 등 우리 시대를 대표하는 배우 103명이 한국 근현대문학의 주요 중단편소설 100편을 낭독한 프로젝트입니다. ≪꺼삐딴 리≫는 1962년 ≪사상계≫ 7월호에 발표된 전광용의 대표작으로 그해 동인문학상을 수상했다. 식민지, 해방, 전쟁 등 우리 현대사의 격동기를 배경으로 시류에 편승하며 살아온 한 기회주의자의 삶을 풍자적으로 비판한 소설이다. ‘꺼삐딴’은 캡틴의 러시아식 발음으로 ‘꺼삐딴 리’는 주인공 이인국 박사를 가리킨다.",https://audioclip.naver.com/audiobooks/DCF08994FB
곁에 남아 있는 사람 - 치앙마이,임경선,"복잡한 마음을 품고 살아가는 사람들의 이야기! 임경선이 7년 만에 펴내는 단편소설집 『곁에 남아 있는 사람』. 저마다의 자리에서 저마다의 고통을 품고 살아가는 강인하고도 사랑스러운 사람들의 이야기를 담은 7편의 소설을 만나볼 수 있다. 동시대 사람들의 생생한 이야기를 간결한 문체로 담아내는 저자는 각기 다른 이야기 속에서 자신이 주인인 인생을 살아가기 위해 고독한 싸움을 벌이는 인물들을 통해 삶이란 어떻게든 살아가야 하고, 살아내는 것이 무엇보다 중요하며, 그럼에도 불구하고 앞으로 나아가야 한다는 메시지를 전한다. 고통스러울지언정 스스로를 존중하는 인생을 살아가는 일, 지극한 사랑이 보여주는 애틋한 대안, 조금씩 앞으로 나아가며 찾는 삶의 의미, 누가 뭐라 해도 내가 사랑하는 것을 지켜가고자 하는 마음까지 자신의 인생에 일어난 크고 작은 사건을 온몸으로 마주하여 때로 좌절하고 때로 무너져 내리는 인물들의 모습은 이 시대를 살아가는 우리의 모습이기도 하다. 이렇게 겉으로는 한없이 차분하고 세련된 태도로 살아가지만 속으로는 온갖 복잡한 감정으로 요동치는 사람들의 지극히 인간적인 모습을 만나볼 수 있다. ""그 사람을 너무나 사랑하면 절로 알게 되는 것들이 있었다"" 저마다의 자리에서 저마다의 고통을 품고 살아가는 강인하고도 사랑스러운 사람들의 이야기 [출판사 서평] “어떻게든 살아가야 한다고, 살아내는 것이 무엇보다 중요하다고” 이 소설은 스스로 선택을 하고 상황을 움직이는 사람들에 대한 애정을 듬뿍 보여주는 동시에 ‘어쩔 수 없는 것들’을 체념하고 받아들여 마침내 슬픔을 아름다움으로 승화시키는 사람들에 대한 애틋함을 담고 있다. 고통스러울지언정 스스로를 존중하는 인생을 살아가는 일(「곁에 남아 있는 사람」 「나의 이력서」), 지극한 사랑이 보여주는 애틋한 대안(「치앙마이」 「사월의 서점」), 조금씩 앞으로 나아가며 찾는 삶의 의미(「Keep Calm and Carry On」), 누가 뭐라 해도 내가 사랑하는 것을 지켜가고자 하는 마음 (「안경」)…. 복잡한 마음을 가진 더없이 인간적인 등장인물들은 손쉬운 해결책으로 도피하지 않는다. 그들은 자신의 인생에 일어난 크고 작은 사건을 온몸으로 마주하여 때로 좌절하고 때로 무너져 내린다. 무모하다는 것을 알면서도 자신의 감정에 충실한 선택을 하는가 하면, 차마 놓지 못했던 관계를 서늘한 결기로 끝낸다. 자신을 무방비하게 한껏 놔버리는가 하면, 스스로를 놓아버리지 않으려고 안간힘을 쓴다. 저마다의 싸움을 거치며 한 계절을 통과하고 나면, 그들은 어느새 다시 스스로 몸을 일으켜 앞으로 걸어 나가는 자신을 발견한다. 소설의 등장인물들은 이 시대를 살아가는 우리의 모습이기도 하다. 인물들이 겪는 사건은 모두 제각각이지만 각기 다른 일곱 편의 소설을 관통하는 한 가지는 삶이란 어떻게든 살아가야 하고, 살아내는 것이 무엇보다 중요하며, 그럼에도 불구하고 앞으로 나아가야 한다는 것이다. “내가 맞게 가고 있는 걸까?” 세정은 불쑥 진지한 얼굴로 주완에게 묻곤 했다. “자기가 제대로 살고 있다고 확신하는 사람은 그리 많지 않아. 누구나 돌아서 가기 마련이고. 어떻게든 자기 힘으로 가고 있다는 게 중요한 거겠지.” 정원이 마음속 깊은 곳에 남겨준 조언을 이제는 그가 세정에게 들려주었다. _198쪽, 「Keep Calm and Carry On」",https://audioclip.naver.com/audiobooks/86F66B7D10
요약) 오만과 편견,원작 : 제인 오스틴 / 요약 : 북코스모스,원작 : 제인 오스틴 요약 : 북코스모스 제작 : (주)와미디어,https://audioclip.naver.com/audiobooks/B3D3C03CF7
중국식 룰렛,은희경,"우리는 뜻밖의 운명을 향해 가고 있어요 행운과 불운이 교차하는 매일밤, 더 좋아진다는 뜻이겠지? 막막한 오늘을 살아가는 우리에게 밤하늘의 길잡이별처럼 든든한 버팀목이 되어준 작가 은희경의 여섯번째 소설집 『중국식 룰렛』이 출간되었다. 그 이름만으로 하나의 브랜드라 이를 정도로 이십년이 넘는 세월 동안 꾸준히 세련된 감각을 유지하며 작품활동을 이어온 은희경은 언제나 빛나는 문장들로 독자들의 외롭고 지친 마음을 보듬어주었다. 이번 소설집에 실린 여섯편의 소설 역시 각기 다른 성광과 매력을 뽐내며 일상의 우연들이 얼마나 소중하게 연결되어 있는지를, 행운과 불운이 교차하는 날들이 얼마나 공교롭게 우리를 이끄는지를 은희경 특유의 섬세하고 정련된 필치로 펼쳐 보인다.",https://audioclip.naver.com/audiobooks/696FA703C3
"구덩이 (민음사 세계문학, 완독본)",안드레이 플라토노프,"『구덩이』는 스탈린 시대 소련의 대표적인 작가 안드레이 플라토노프의 소설이다. ‘정치적 글쓰기’나 ‘반 전체주의적 태도’뿐 아니라, 폐결핵으로 비교적 젊은 나이에 사망했다는 사적인 부분에서의 공통점으로 인해, 서양 비평가들은 플라토노프를 ‘러시아의 조지 오웰’로 칭한다. 실제로 플라토노프는 러시아 혁명 이후의 소비에트 사회에서 시인으로, 소설가로 살아가면서 스탈린이 추구하는 ‘집단화’에 회의적인 태도를 보였다. 당연히 그는 ‘비관주의, 허무주의, 상징주의’ 등으로 비난을 받았는데, 플라토노프는 이런 상황에서도 변명을 하거나 체제에 순응하려 노력하지 않았다. 따라서 그의 주요 작품은 대부분 그의 생전에 출간되지 못했다. 사회주의 이상(理想)의 종말을 예고한 『구덩이』 역시 작품이 완성된 지 60년 만에 조국 러시아에서 출간될 수 있었다.스탈린 정책에 대한 반발, 집단화와 산업화에 대한 신랄한 풍자 『구덩이』는 플라토노프가 1929년과 1930년 사이에 완성한 작품으로, 이 작품을 이해하기 위해서는 당시의 배경에 대해 먼저 알아 두어야 한다. 1918년에 러시아혁명이 일어났고, 이어서 1919년에는 내전과 1차 세계대전이 발발하면서 러시아는 몹시 피폐해졌다. 내전이 끝나갈 무렵이던 1921년과 1922년 사이에는 300만에서 500만의 사람들이 기아와 질병으로 죽어 갔다고 한다. 1927년 정권을 잡은 스탈린은 상황을 타계하기 위해 1차 5개년계획을 실시하여, 대규모 집단농장을 건설하고 산업화를 뒷받침할 자원을 생산하기 시작한다. 이러한 ‘집단화’와 ‘산업화’가 스탈린 시대의 특징이며 『구덩이』의 시대적 배경이자 주요 소재가 된다. 플라토노프는 이와 같은 시대 상황을 바탕으로, 그 속에서 변화의 물결에 휩쓸리며 살아가는 인간 군상들의 모습을 포착한다.공장에서 일하던 노동자 보셰프는 작업을 하다가 멍하니 생각에 잠기곤 했다는 이유로 해고된다. 서른이 되던 생일에 일어난 일이다. 그는 삶의 의미를 찾아 무작정 길을 나서고, 무산계급 인민이 모두 함께 행복하게 살 수 있는 집단 거주 공간을 건설하기 위한 구덩이를 파는 기초 공사 현장에서 일을 구한다. 이곳에서 그는 다양한 사람들을 만나게 된다. 한번 옳다고 생각하면 절대 흔들림 없는 ‘이상적인 노동자’인 치클린. 부르주아 출신에다 우유부단하고 무능력한 지식인인 프루솁스키. 글을 읽거나 쓸 줄은 모르지만 운 좋게 조합 위원장이 되어 알량한 권력을 휘두르며, 노동자의 피땀으로 부르주아 생활을 하는 파시킨. 이런 파시킨을 두려워하기는커녕 오히려 당당하게 그를 괴롭히는 ‘제국주의로 인해 불구가 된’ 자체프. 이들 모두는 ‘인민의 집’을 건설하기 위해 밤낮으로 일을 한다. 그러나 점차 집단화 물결에 휩쓸리고, 본래의 의미는 잊어버린 채 부농 계급을 축출하는 데 정신을 팔기 시작한다. 결국 사람들은 길을 잃고 원래의 목적이 무엇이었는지 잊어버리며, 마침내 이상향의 터전이었던 구덩이는 버려지고 만다. 이 작품에서 특이할 만한 등장인물은, 부르주아계급 출신의 어머니를 두었던 소녀 나스탸이다. 노동자들은 고아가 된 그녀를 애정을 쏟으며 돌봐 준다. 그들에게 나스탸는 잘 키워 가야 할 아름답고 희망적인 미래, 새로운 시대에 대한 부푼 희망이나 삶의 의미와 같은 존재이다. 그녀는 ‘어머니가 부르주아였기 때문에 죽었다.’라고 강조하고 말을 할 때마다 온갖 정치적 슬로건을 인용한다. 이런 나스탸는 당시 노동자들이 꿈꾸는 미래를 상징한다. 그러나 사람들이 점차 집단화의 이념에 휩쓸리면서 나스탸는 병들어 간다. 결국 이상향의 터전이 될 거라 여겼던 구덩이는 버려지고, 나스탸의 무덤이 되어 버린다.",https://audioclip.naver.com/audiobooks/F74C30BA5E
명작 다이제스트-카라마조프의 형제들,표르트 도스토옙스키,"세계 대표작품의 작품 줄거리, 해설",https://audioclip.naver.com/audiobooks/BF9C9E39EA
1984,조지 오웰,"세계대표명작을 엄선하여 줄거리, 주제등을  성우의 목소리로 들려주는 세계 명작  보물창고!  오디오북을 통해 세계 대표명작을 만나 보세요.",https://audioclip.naver.com/audiobooks/787BD309CF
로빈슨 크루소,다니엘 디포,"세계대표명작을 엄선하여 줄거리, 주제등을  성우의 목소리로 들려주는 세계 명작  보물창고!  오디오북을 통해 세계 대표명작을 만나 보세요.",https://audioclip.naver.com/audiobooks/B22AD62229
비밀 정원,박혜영,"제4회 혼불문학상 수상작! 불가능한 사랑이 뿜어내는 강렬함, 그 매혹적인 사랑 이야기! 2014년 제4회 혼불문학상 수상작 『비밀 정원』이 출간됐다. 이번 혼불문학상에는 총 159편의 작품이 응모됐다. 이 가운데 “매혹적인 사랑 이야기와 그 불가능한 사랑이 뿜어내는 강렬함”(심사평) “묘한 빈티지의 매력을 지니고 있다”(황석영) “오랫동안 이런 이야기를 기다려왔다”(하성란)는 평을 들으며 수상작으로 결정됐다. 심사위원으로 평론가 류보선, 소설가 성석제, 이병천, 전경린, 하성란이 참여했으며 심사위원장은 소설가 황석영이 맡았다. 『비밀 정원』은 박혜영 작가의 첫 장편소설이다. 1961년 강릉에서 태어나 한학자 집안에서 성장한 작가는 20대인 대학시절에 소설에 대한 간절한 열망으로 이 소설의 도입부를 완성했다. 하지만 소설을 쓰는 동안 몸이 아팠고 펜을 놓았다. 그 뒤 결혼을 하고 아이를 기르면서도 늘 마음속에는 쓰다 만 소설이 있었다. 작중 인물인 “이요, 테레사 이안, 이율, 손상기, 김경수…… 그들도 세상에 나가보길 원했지만” 긴 세월이 지난 후에야 인물들은 “세상의 역 광장에 차례로”(작가 후기) 내릴 수 있게 되었다. “우리가 기대하는 것은 나름 수준을 유지하고 있는 착한 소설 몇 편이 아니다. 우리가 정말 기대하는 것은 기존의 소설문법을 방법적으로 지양하거나 새로운 소설 장르를 세운 작품, 더 나아가 그 둘을 모두 행한 바로 그 작품이다. 간단하게 말하면 ‘혼불문학상’은 착하고 모범적인 소설이 아니라 어떤 식으로도 기존의 장르에 도전하는 혁신적인 작품을 원한다.” _심사평에서",https://audioclip.naver.com/audiobooks/20EA5557D9
