titles,authors,informs,clip_links
꽃등연서 1부 - 16세기 그대,유춘강,"유춘강 작가의 10부작 장편소설 - ‘나의 인생은 더 이상 조선에 없어.’ - 16세기에 조선과 중국 일본을 시 하나로 평정한 최초의 국제적 베스트셀러 작가 허난설헌은 2019년 잠실근처 토성마을에서 8년째 살고 있다. 사자자리에 유성우가 내리던 날 지긋지긋한 조선을 탈출했다. 마치 런던의 버지니아 울프가 코트 주머니 가득 돌을 집에 넣고 템즈강을 향해 걸어갔듯이. 비록 16세기는 스물일곱에 요절한 동양 최고의 여류시인으로 기록됐지만 21세기는 주민센타에서 시를 강의 하고, 대필작가로 살며 자신만의 글을 쓰는 고즈넉한 삶을 산다. 그러던 어느 날 믿을 수 없는 일이 벌어진다. 남편 김성립을 꼭 닮은 남자, 일본의 미남배우 ‘사카구치 켄타로’가 바로 앞집으로 이사 온 것이다. 안개 낀 밤 골목에서 마주친 그는 유령을 본 듯 놀라는 그녀에게 직진하듯 말한다, - ‘나, 김성립 대기만성의 남편이 되겠소.’ - 허난설헌을 죽음으로 이르게 한 원인제공자이며 가장 찌질한 남편의 알려진 김성립. 사실 그는 16세기 기방을 외모 하나로 평정한 꽃선비이며, 조선시대 부적응자인 난설헌을 사랑한 조선판 츤데레 이다. 사대부가의 선비답게 의병장으로 참여한 임진왜란 당시 전투 중 떨어진 유성으로 인해 죽음의 위기에 처했을 때 가슴에 품고 있던 아내의 시, <유선사> 덕에 목숨을 구한 김성립. <유선사>에 반해 그를 구한 왜승 게이테츠 겐쇼는 자살을 선택하려는 그에게 반드시 아내를 만나게 될 것이라는 예언을 한다. 유성의 남자는 시간의 지배를 받지 않는다는 아리송한 말과 함께. 해서 그는 살았다. 1593부터 2019년까지. - ‘그립고 그리우니 바람이 되어서라도 찾겠습니다.’ - 일본에서 500여 년간의 독수공방의 지루한 시간을 기를 쓰고 살아낸 김성립과 16세기는 잊고 서울에서 욜로 족으로 자신만의 생을 사는 난설헌. 드디어 16세기의 그대와 21세기의 당신이 서울에서 만난다. 아내는 무명의 작가, 남편은 타고난 재능을 발휘해 인기배우로. 무덤가를 지키는 꽃등에 새겨진 문신처럼 오래된 그 둘의 사랑은 여전할까? 500년을 이어진 꽃등연서는 과연 전해져서 21세기에는 그들의 사랑이 통할까…….",https://audioclip.naver.com/audiobooks/5BE8F1F629
누구를 위하여 종은 울리나,어니스트 헤밍웨이,"세계대표명작을 엄선하여 줄거리, 주제등을  성우의 목소리로 들려주는 세계 명작  보물창고!  오디오북을 통해 세계 대표명작을 만나 보세요.",https://audioclip.naver.com/audiobooks/3B464E8C03
현숙 (Resound단편),나혜석,"「현숙」은 1936년 12월 『삼천리』에 발표된 '나혜석'의 단편소설입니다. 카페여급이자 모델로 활동하는 '현숙'은 다면적인 성격의 소유자로, 경제적 주체로 살아가기 위해 투자자를 찾아다니며 고군분투합니다. 현숙은 그를 둘러싼 기만적인 남성들의 논리를 전유하고 패러디하는 가운데 '고유한 젠더는 없다'는 진실을 우회적으로 폭로합니다. 소설은 남성중심 사회에서 남녀 각자의 고유한 도덕적, 성적인 가치관이 없다는 사실을 말하고 있습니다. 나혜석은 '현숙'을 통하여 근대적 여성상을 제시하고 젠더구성을 새롭게 도모하고자 합니다. 「현숙」의 오리지널 스코어를 작곡한 '유요한'은 독일 자르브뤼켄 국립 음대 대학원 현대음악가를 졸업했습니다. 음악 작곡뿐만 아니라, 2018년 한국에서 열린 <류이치 사카모토 특별 전시>에서 공간을 연출하는 등 다양한 분야에서 활발히 활동하고 있는 차세대 뮤지션입니다. 100년 전 우리 소설, 아름다운 소리로 만나다. [Resound 단편] 시리즈 소위 ‘고전’이라 불리는 작품들은 시대를 불문하고 인간과 삶을 관통하는 날카로운 통찰을 담고 있습니다. 그러나 한 번쯤 제목은 들어 봤을지라도, 제대로 읽어본 적은 없는 경우가 많습니다. 왜일까요? 어쩌면 고전은 낡고 지루하며 어렵다는 편견이 있는 건 아닐까요. [Resound 단편] 시리즈는 그 편견을 깹니다. 오늘날 활발히 활동 중인 작가들이 고쳐 쓰고, 그 원고를 전문 배우들이 생생하게 낭독하고, 거기에 뮤지션들이 작곡한 음악이 더해져, 고전은 새로운 예술작품이 되었습니다. 옛 것의 가치는 간직하되 새로운 옷을 입고 화려하게 돌아온 50편의 [Resound 단편] 시리즈가 새로운 문학의 세계, 감상하는 오디오북의 세계로 당신을 초대합니다.",https://audioclip.naver.com/audiobooks/7C7DFADC2D
싱크홀,이재익,"[본 오디오북은 '요약본'입니다.] ‘싱크홀’이라는 대재앙을 소재로 한 한국 최초의 블록버스터 재난소설 “서울 도심 한복판에서 1000미터 깊이의 싱크홀이 발생한다면?” ""너희 인간은 지구의 주인이 아니라 잠시 살다가 사라지는 종족일 뿐이야!"" 죽음의 공포 앞에서 나약할 수밖에 없는 인간 내면을 극사실적으로 포착한 수작 재미와 감동을 선사하며 스토리텔러로서 주가를 올리고 있는 이재익 작가의 7번째 장편소설. ‘대자연의 경고’라고 일컬어지는 싱크홀을 소재로 한국 소설의 상상력이 어느 경지에까지 이르렀는지, 그 현주소를 가늠해볼 수 있는 작품이다. ‘한국의 바벨탑’이라고 불리는 123층 높이의 시저스타운. 정부의 도심 개발 방향에 반감을 품은 환경주의자들은 ‘한국의 바벨탑’이라 부르며 반대를 하지만 결국 빌딩은 완성됐다. 신에 대한 도전과 인간의 탐욕으로 만들어진 시저스 타워의 개장식은 화려하게 거행된다. 개장식이 거행된 후의 자정. 100층에 위치한 클럽 시저스의 손님들이 카운트다운의 ‘O’을 외치는 순간, 건물은 거짓말같이 땅 속으로 가라앉는다. 순간 현장은 아수라장이 되고, 대부분의 사람은 충격의 여파로 목숨을 잃는 가운데 산 자들의 처절한 생존게임이 시작된다.",https://audioclip.naver.com/audiobooks/784362B2BC
저스트 어 모멘트,이경화,도심의 식당 ‘저스트 어 모멘트’에서 최저 임금을 둘러싸고 벌어지는 아르바이트 청소년들의 이야기를 담았다. 말이 없던 시은이 자신의 삶에 물음표를 던지며 앞으로 나아가기까지 시은이 삶에 결코 ‘잠깐’이 될 수 없는 이야기가 속도감 있게 펼쳐진다. ,https://audioclip.naver.com/audiobooks/4BC85C5970
할머니가 미안하다고 전해 달랬어요 1,프레드릭 배크만,"『오베라는 남자』로 전 세계를 감동시킨 작가 프레드릭 배크만 신작 장편소설 이 책을 읽을 때는 휴지를 꼭 준비해라. 그리고 웃을 준비도. 이 책은 당신이 잊고 있었던, 스스로를 용서하는 법을 알려준다. _비즈니스 인사이더 ★★★★★ 2015년 소설 1위 『오베라는 남자』의 작가 프레드릭 배크만의 신작 장편소설 ★★★★★ 비즈니스 인사이더 선정 2015년 베스트셀러 ★★★★★ 미국 아마존 별점 4.5개 『오베라는 남자』로 전 세계를 감동시킨 작가 프레드릭 배크만 테러리스트 같은 할머니와 우라지게 짜증 나는 소녀를 데리고 컴백하다! 촌철살인 한마디로 뒷목 잡게 하는 소녀, 엘사. 업무에 치여 일중독에 빠져버린 완벽주의자, 엄마. 누구든 미치게 만드는 초능력을 가진 슈퍼 히어로, 할머니. 어느 날, 엘사의 하나뿐인 든든한 지원군 할머니가 마지막 안부 편지를 건넨다. ‘평범한’ 아파트에 사는 ‘대체로 평범한’ 주민들에게 전해진 편지 한 통, 그 편지를 받고 나서부터 시작되는 마법 같은 기적! “저기요, 초면에 실례인데요. 우리 할머니가 미안하다면서 안부 전해달라고 했어요.” 어마무지 짜증나게 굴지만 우라지게 사랑할 수밖에 없는 한 편의 동화 같은 이야기가 찾아온다! “사랑한다. 우라지게 사랑한다!” 세상 모든 엄마와 딸을 위한 기적과 감동의 순간! 『오베라는 남자』의 작가 프레드릭 배크만의 신작 장편소설 『할머니가 미안하다고 전해달랬어요』가 다산책방에서 출간되었다. 『할머니가 미안하다고 전해달랬어요』는 할머니와 엄마, 그리고 손녀까지 여성 삼대가 그려내는 가슴 따뜻한 이야기다. 프레드릭 배크만이 전작 『오베라는 남자』에서 59세 남자 오베를 통해 이웃과 사회와의 화해를 유머러스하게 그려냈다면, 『할머니가 미안하다고 전해달랬어요』에서는 일곱 살 소녀 엘사의 눈을 통해 케케묵은 가족 간의 갈등을 풀어내고 화해로 이끌어낸다. 그 대상은 할머니와 엄마, 엄마와 딸이 되기도 하지만 더 나아가서는 오해로 등 돌린 이웃 간의 화해로 확장되기도 하고 자기 자신과의 화해로 깊어지기도 한다. 프레드릭 배크만의 데뷔는 그야말로 드라마틱했다. 그는 『오베라는 남자』 출간 전에 이름을 알린 작가도 아니었고 스웨덴이라는 작은 국가의 칼럼리스트에 불과했다. 블로그에 연재하던 소설을 책으로 출판해보라는 방문자들의 권유에 『오베라는 남자』가 책으로 탄생했고, “가장 매력적인 데뷔”라는 보도가 외신을 통해 퍼지며 일약 전 세계적인 스타가 되었다. 스웨덴의 칼럼리스트가 쓴 첫 소설은 전 세계 33개국에 판권이 팔리고 2백만 부의 판매고를 기록했으며 우리나라에서도 2015년 소설 판매 1위를 기록했다. 독자들은 “읽는 내내 깔깔거리며 웃다가 소설의 마지막에 가서는 울어버렸다”며 배크만의 작품에 공감했다. 가장 매력적인 데뷔이다. 당신은 웃고, 눈물짓고, 공감할 것이다. 그리고 당장이라도 모든 것이 귀여운 곳, 스칸디나비아에 가고 싶어질 것이다. _『people』 따뜻하고, 재미있다. 거기에 견딜 수 없이 감동적이다. _『Daily Mail』 읽는 내내 깔깔거리며 웃다가, 소설의 마지막에 가서는 울어버렸다. _Amazon 독자 Jules 배크만의 작품이 조용한 돌풍을 일으키며 전 세계적인 인기를 끈 데에는 이유가 있었다. 바로 따뜻한 감성과 유머, 그리고 ‘오베’라는 캐릭터가 가진 힘이 독자로 하여금 공감을 불러일으켰기 때문이다. 『오베라는 남자』에 59세 남자 ‘오베’가 있었다면 『할미전』에는 일곱 살 소녀 ‘엘사’가 있다. 매력적이면서도 공감할 수밖에 없는 사연을 갖고 있는 캐릭터를 보여주기 때문에 프레드릭 배크만의 세 번째 소설에 대한 기대가 벌써부터 크다.",https://audioclip.naver.com/audiobooks/AD0A9934F2
조선의 여성상인 김만덕,윤수민,"장사로 부를 쌓고, 자선으로 덕을 쌓다! 진정한 상도를 보여준 여성 상인 김만덕의 일생을 그린 소설『조선의 여성 상인 김만덕』. 조선 중엽, 제주에서 여성 상인으로 활약하며 자신의 전 재산을 가난한 백성들을 위해 바쳤던 김만덕. 이 소설은 관기에서 거상으로, 거상에서 자선가로 변모했던 그녀의 삶을 그리고 있다. 작가는 역사서에 짧은 흔적으로 남아 있는 김만덕을 생생하게 되살려냈다. 1739년, 유배의 땅이었던 제주에서 양인으로 태어난 김만덕. 그녀는 부모의 죽음으로 관기가 되지만 상인이었던 아버지의 피를 물려받아 제주의 특산물을 내다 팔며 돈을 벌기 시작한다. 장사로 부를 쌓은 김만덕은 객줏집을 세 군데나 차리게 된다. 하지만 관기의 신분에서 벗어나 성공한 뒤에도 여전히 절약하며 가난하고 약한 사람들을 돕는데…. 여기서는 삶의 굴레를 벗어던지고자 한 당찬 여인 김만덕의 일생과 함께, 18세기 후반 조선의 모습을 엿볼 수 있다. 김만덕은 시대의 변화에 빠르게 대처하면서 자신의 재능을 발휘하였다. 그녀의 삶은 진정한 상도란 무엇인지, 사람의 길이란 무엇인지를 되새기게 한다.",https://audioclip.naver.com/audiobooks/373159EA72
죽음 2 : 베르나르 베르베르 장편소설,베르나르 베르베르,"""베르나르 베르베르 장편소설 <죽음>이 오디오북으로 제작 되었다. '누가 날 죽였지?' 소설의 주인공 가브리엘 웰즈는 이런 문장을 떠올리며 눈을 뜬다. 그는 죽음에 관한 장편소설의 출간을 앞두고 있는 인기 추리 작가다. 평소에 작업하는 비스트로로 향하던 그는 갑자기 아무 냄새도 맡을 수 없다는 사실을 깨닫고 서둘러 병원으로 향한다. 그러나 의사는 그를 없는 사람 취급하고, 거울에 모습이 비치지 않을 뿐 아니라, 창문에서 뛰어내려도 이상이 없다. 그는 죽은 것이다. 가브리엘은 자신의 갑작스러운 죽음이 살인이라고 확신한다. 머릿속에는 몇몇 용의자가 떠오른다. 다행히 그는 자신의 목소리를 들을 수 있는 영매 뤼시 필리피니를 만난다. 떠돌이 영혼이 된 가브리엘은 저승에서, 영매 뤼시는 이승에서 각자의 수사를 해나가며 진실을 파헤치기 시작한다.""",https://audioclip.naver.com/audiobooks/38FB91504B
나는 마음 놓고 죽었다,임선경,"“내가 다시 살아날 수 있다면! 그래서 한 번이라도 제대로 엄마노릇을 할 수 있다면!” 1978년 새해 늦겨울, 볕이 따뜻한 어느 날, 이삿짐을 가득 실은 트럭 한 대가 언덕길을 오르고 있는 장면으로 시작한다. 트럭 앞자리 운전사 옆에는 연이가 앉아 있고, 짐칸에는 연이 아빠와 연이 새엄마가 타고 있다. 그리고 또 한 사람이 있다. 죽은 연이 엄마 귀신. 연이 엄마는 왜 그곳에 있을까? 연이 엄마는 왜 연이 곁을 떠나지 못하는 것일까. 《나는 마음 놓고 죽었다》는 데자뷰처럼 느껴지는 1970년대의 풍경들 속에서 맑고 단단한 사람들의 이야기를 매우 촘촘하게 엮어낸 소설로, 현대를 살아가는 우리 모두에게 삶의 위안과 위로를 선사한다. 이 오디오북은 한국출판문화산업진흥원(KPIPA)의 ‘2019년 오디오북 제작 지원’ 사업 선정작입니다.",https://audioclip.naver.com/audiobooks/BDC3FF03CC
