titles,authors,informs,clip_links
아몬틸라도의 술통,에드거 앨런 포,"세계 문호들의 판타스틱 단편 고전을 엄선하여 소개하는 시리즈 작품! 사육제 기간에 손에 넣은 아몬틸라도! 그 진위를 감정해달라고 친구를 지하 술창고로 데리고 간다. 아니, 그는 감정해달라고 청한 적 없다. 친구 스스로가 나선 발걸음. 《출판사서평》 낯선 세계로의 여행! 그곳으로 통하는 문이 이 책 안에 숨겨져 있다. 상상력의 힘이 펼쳐 보이는 끝도 없는 환상의 세계!! 그 안으로 들어가는 문은 우리의 현실 곳곳에 숨겨져 있다. 단지 현실세계에 너무나도 익숙하게 길들여진 우리의 눈에 보이지 않을 뿐이다. 하지만 어떤 우연한 일을 계기로 환상의 세계로 통하는 문이 열리면, 우리 앞에 몽롱한 환상의 세계가 펼쳐진다. 그리고 우리는 두려움과 함께 머뭇머뭇 그 세계로 들어서게 된다. 그렇게 해서 들어서게 된 곳은 더 이상 환상의 세계가 아니다. 그곳에서는 현재 우리가 살고 있는 현실보다 더욱 현실감 넘치는 사건이 우리를 기다리고 있다. 이제 우리는 그 세계에 빠져 현실로 도망치고 싶어 하면서도, 혹은 그 세계에 영원히 머물고 싶어 하면서도, 끝내 그렇게 하지 못 한다. 그 세계는 도망치려 하면 우리를 더욱 붙잡아두고, 영원히 머물고 싶어 하면 우리를 힘껏 밀어내는 세계이다. 누구나 한번쯤을 꿈꿔왔을 그 환상의 세계가 드디어 우리 앞에 펼쳐진다. 인류 최고의 상상력이 총망라된 이 책을 통해서, 당신 옆에 숨겨져 있는 환상의 세계로 가는 문에 대한 힌트를 얻기 바란다.",https://audioclip.naver.com/audiobooks/7BBF83A585
불량소년과 그리스도,사카구치 안고,엄선한 일본 근현대 중단편 문학의 정수! ― 쉰아홉 번째 이야기 다자이 오사무와 아쿠타가와 류노스케의 죽음. 그들의 죽음에는 하나의 공통점이 있다. 같은 무뢰파 작가로 다자이와 친분이 있었던 사카구치 안고는 다자이의 죽음을 어떻게 이야기할까? 《출판사서평》 역사적으로나 지리적으로 봤을 때 일본과 우리는 떼려야 뗄 수 없는 관계에 있다. 문화 면에 있어서도 양국 간의 교류는 그 역사가 매우 깊다. 근대 이전까지는 주로 우리를 통해서 선진 문물이 일본으로 들어갔다. 당시의 일본 문화는 우리의 선진 문물에 힘입은 바가 크다. 그러나 근대화 과정에서 우리보다 한발 앞서 서양 문물을 적극적으로 수용한 일본은 이후 우리의 문화에 커다란 영향을 주었다. 지리적으로 인접한 두 나라는 이처럼 오랜 옛날부터 서로에게 커다란 영향을 주었다. 어느 한쪽의 선진 문화가 다른 한쪽으로 전파되는 것이 주된 흐름이었던 옛날과는 달리 지금은 양국이 거의 대등한 입장에서 서로의 문화에 영향을 주고 있다. 교통과 통신의 발달로 어느 한 쪽을 통해 문물을 받아들이는 것이 아니라 서로가 독자적으로 세계와 교류하며 문화를 흡수하고 그것을 발전시켜 나가고 있기 때문일 것이다. 그럼에도 두 나라는 지리적 여건상 지금도 서로에게 커다란 영향을 주고 있다. 정서적으로는 서로 갈등이 있지만 바로 그렇기 때문에 문화적인 면에서의 접근이 선행되어야 할 것이다. 이번에 일본 근현대의 중단편 소설을 시리즈로 기획했다. 일본 근현대 소설이라고 하면 그 범위가 상당히 넓은데 이 시리즈에서는 근현대 문학의 초기 작품부터 현대의 작품까지를 전부 아우를 생각이다. 상당히 긴 작업이 될 테지만 누군가 이 시리즈를 기다려주는 독자가 한 명이라도 있는 한 멈추지 않을 생각이다. 또 각 단편을 읽기 쉽게 하기 위해 따로 출간하기로 했다. 새로운 읽기 문화에 적응하기 위한 몸부림이라고도 할 수 있겠다. 독자에게는 필요한 작품만을 골라 읽을 수 있는 장점이 있으리라. 우리나라 사람들이 이웃나라인 일본 근현대 사회의 정서를 조금이나마 이해하는 데 이 시리즈가 도움이 되었으면 하는 바람이다.,https://audioclip.naver.com/audiobooks/00EFD8CE45
나쓰메 소세키 단편소설전집 2권,나쓰메 소세키,※ KBS 슈퍼탤런트 1기 배우 김시연 전권 완독 ※ 일본의 셰익스피어라고 불리는 작가 '나쓰메 소세키'의 중단편소설이 한자리에! 나쓰메 소세키는 우리나라에서도 커다란 인기를 얻고 있는 일본의 대문호이지만 그의 이름과 함께 단편소설을 떠올리는 이는 거의 없을 것이다. 그만큼 우리나라에서는 나쓰메 소세키의 단편소설을 찾아보기가 어렵다. 간혹 몇 편을 손에 넣었다 할지라도 단편소설 전체를 감상하기는 더욱 어려운 일이다. 그런 그의 단편소설이 한자리에 모였으니 이는 진풍경이라 하지 않을 수 없다.,https://audioclip.naver.com/audiobooks/794F2EC9F5
한 권으로 읽는 세계명작 다이제스트 시리즈(전12권) - 11권,박영만,"KBS 슈퍼탤런트 1기 배우 김시연이 낭독한 오디오북! 세계명작을 흥미롭게 엮어 현대 감각으로 새롭게 탄생! 『한 권으로 읽는 세계명작 다이제스트 55』는 세계명작의 탄생 배경과 함께 작가의 삶, 작품의 줄거리, 에피소드, 주제, 인류에게 미친 영향, 가치 등을 흥미롭게 엮어 현대 감각에 맞게 새로이 탄생시킨 세계명작 55편의 다이제스트이다.",https://audioclip.naver.com/audiobooks/695BE9A65D
피날레 1권,이현성,"""“루나, 넌 보석이야. 그것도 나, 문승호의 보석.” MS 엔터테인먼트의 대표 문승호. 당돌하게 자신을 사 달라 말하는 여자 연희를 처음 보는 순간 그녀가 보석임을 안 승호, 연희를 최고의 모델 ‘루나’로 재탄생시키기 위한 플랜을 진행하는데……. “그냥 넌 저 남자가 시키는 대로 하고 돈을 벌면 되는 거야.” 평범한 여대생 김연희, 소중한 것을 지키려 온몸을 내던지려는 그 순간 문승호를 만나 꿈에도 생각해 본 적 없던 모델의 세계에 발을 들이게 된다. 오직 자신에게만 보석이라 불러 주는 남자 승호를 위해. “그래. 내가 널 모델로 만들어 주겠어.” “모델이요?” “귀가 잘 안 들리나? 왜 자꾸 확인을 해?” “그거야 믿어지지가 않으니까 그렇죠. 갑자기 처음 본 사람한테 뜬금없이 연예인 제안을 하는 사람이 어디 있어요?” “처음 본 사람한테 1억을 요구하는 사람도 있는데, 연예인 제안이 뭐가 어때서?” 내 인생 마지막 무대. 피날레.""",https://audioclip.naver.com/audiobooks/DE218ABC80
보물섬,로버트 루이스 스티븐슨,"세계대표명작을 엄선하여 줄거리, 주제등을  성우의 목소리로 들려주는 세계 명작  보물창고!  오디오북을 통해 세계 대표명작을 만나 보세요.",https://audioclip.naver.com/audiobooks/3350D50D97
정아에 대해 말하자면,김현진,"“상처 받은 한국 여자의 이야기, 감당할 수 있겠어요?” 『네 멋대로 해라』 김현진이 들려주는 사랑과 복수의 옴니버스 1999년, 열여덟 나이로 쓴 청소년 성장 에세이 『네 멋대로 해라』로 일약 스타 칼럼니스트 반열에 오른 작가 김현진이 첫 번째 소설집으로 독자들을 찾아왔다. 그간 칼럼, 에세이, 소설 등 다방면에서 꾸준한 활동인 보인 작가 김현진의 신작 『정아에 대해 말하자면』은 각기 다른 삶의 변곡점을 맞이한 여덟 명 여성들의 이야기를 담은 옴니버스식 연작소설집이다. 여덟 명의 주인공들은 서로 전혀 다른 삶을 살아가지만, ‘한국’의 ‘여성’이라는 거대한 고리로 이어져 있는 인물들이다. 그 거대한 고리 속 이야기들을 면밀히 들여다보자면, 그들의 삶은 여지없이 ‘불안’ 혹은 ‘불행’이라는 맥락으로 이어지고 만다. 그러나 여덟 명의 주인공들은 그 ‘불안’과 ‘불행’을 그저 받아들이는 수동적 인물들이 아니다. 그들은 각자의 방식대로 자신에게 상처 준 사람들을 향한 복수를 시작한다. 하나가 아닌 듯 하나인 여덟 명 주인공들이 펼치는 가슴 저리다가도 마음 통쾌해지는 사랑과 복수의 옴니버스! 그들은 사랑의 마침표를 어느 곳에 찍게 될까.",https://audioclip.naver.com/audiobooks/DDB1C21431
빈처 (Resound단편),현진건,"「빈처」는 1921년 『개벽』 에 발표된 '현진건'의 단편소설입니다. 현진건의 실질적인 데뷔작으로 가난한 무명작가와 아내 사이에서 벌어지는 갈등과 고뇌를 일인칭 고백적 서술 방식을 통해 신랄하게 드러낸 작품입니다. 작가의 경험이 다분히 묻어난 자전적인 소설로, 생활에 보탬이 되지 않은 독서와 창작으로 무위도식하는 남편인 '나'와, 생계를 위해 장롱 속의 옷까지 전당포에 잡혀가며 남편의 성공만을 기다리는 '아내'의 생활 모습과 심리를 섬세하게 그리고 있습니다. 사실주의적 경향의 소설로, 어떤 극적인 사건 전개 없이 사소한 일상을 드러냄으로써 작가는 본인의 내적 욕망을 무기력한 지식인 작가 시점에서 담담하게 묘사하고 있습니다. 「빈처」의 오리지널 스코어를 작곡한 '허준혁'은 음악 프로듀서이자 영화음악가이며 사운드디자이너입니다. <시라노연애조작단>, <조금만 더 가까이>, <체포왕> 등의 영화 ost를 제작했으며, 2015년도에 한국대중음악상 댄스 및 일렉트로닉 부분 최우수 앨범상을 수상하기도 했습니다. 국내외를 가리지 않고 종횡무진 활동하며 음악적 표현의 영역을 무한 확장하고 있는 뮤지션입니다. 100년 전 우리 소설, 아름다운 소리로 만나다. [Resound 단편] 시리즈 소위 ‘고전’이라 불리는 작품들은 시대를 불문하고 인간과 삶을 관통하는 날카로운 통찰을 담고 있습니다. 그러나 한 번쯤 제목은 들어 봤을지라도, 제대로 읽어본 적은 없는 경우가 많습니다. 왜일까요? 어쩌면 고전은 낡고 지루하며 어렵다는 편견이 있는 건 아닐까요. [Resound 단편] 시리즈는 그 편견을 깹니다. 오늘날 활발히 활동 중인 작가들이 고쳐 쓰고, 그 원고를 전문 배우들이 생생하게 낭독하고, 거기에 뮤지션들이 작곡한 음악이 더해져, 고전은 새로운 예술작품이 되었습니다. 옛 것의 가치는 간직하되 새로운 옷을 입고 화려하게 돌아온 50편의 [Resound 단편] 시리즈가 새로운 문학의 세계, 감상하는 오디오북의 세계로 당신을 초대합니다.",https://audioclip.naver.com/audiobooks/3E25515342
"오, 사랑",조우리,"제18회 사계절문학상 대상 수상작으로, 수상자 조우리 작가의 첫 장편소설이다. 사랑이라는 뜨겁고 순수한 감정을 잘 표현한 작품이자, 자신을 긍정적으로 받아들이고 자기 자신을 사랑하는 방법을 찾아 나가는 두 소녀의 성장 이야기이다. 작가는 처음 사랑을 시작하는 청소년들의 사랑을 개성 넘치는 언어로 표현하였고, ‘존재 자체에 대한 순수한 감정’으로 두 사람의 사랑을 편견 없이 풀어냈다. 뷰티 유튜버가 꿈인 오사랑은 ‘학교 밖에서 꿈꾸기’라는 오픈 채팅방 오프라인 모임에 나간다. 슬슬 따분함이 느껴질 즈음 짧은 커트 머리에 검은 테 안경을 쓰고, 리넨 패션으로 꾸미고 걸어 들어오는 이솔을 보고 한눈에 반한다. 솔은 사랑의 옆에 앉는다. 대화를 하면 할수록 사랑은 타투이스트를 꿈꾸는, 같은 학교에 다니는 솔에게 빠져든다. 며칠 후 학교에서 만난 솔은 모임에서 보던 모습과는 정반대로 다가온다. 체육복 차림에 종일 책상에 엎드려 있고, 무기력하며 학교생활에는 무관심하다. 사랑은 자신과 다른 듯 닮은 솔에게 다가간다. 같이 점심을 먹고, 운동장 계단에서 시끄러운 음악을 듣고, 같이 운동을 하면서 둘은 좀 더 가까워지는데…. * 이 오디오북은 한국출판문화산업진흥원(KPIPA)의 「2021년 오디오북 제작 지원」사업 선정작입니다.",https://audioclip.naver.com/audiobooks/CBA3890AEC
군림천하 2부,용대운,"그가 돌아왔다! 3년 전, 몰락해가는 문파를 뒤로 하고 종적을 감추었던 종남파 21대 장문인, 진산월. 그를 기다리는 것은 이미 멸문 되어버린 문파이고, 자기 몸 같았던 사제들은 생사(生死)도 알 수 없게 되어버렸다. 과연 진산월은 문파를 다시 세우고 사라져버린 사제들을 다시 찾을 수 있을 것인가? 그리고 3년 동안 진산월에게는 무슨 일이 있었던 것일까? 군림천하 2부 '종남의 혼' 무림의 새로운 전설을 기대하십시요!",https://audioclip.naver.com/audiobooks/42246E20B1
기억 2 : 베르나르 베르베르 장편소설,베르나르 베르베르,"기억의 문이 열리고 모험이 시작된다! 한국 독자들이 사랑하는 베스트셀러 작가 베르나르 베르베르의 신작 장편소설 『기억』(전2권)이 프랑스 문학 전문 번역가 전미연의 번역으로 열린책들에서 출간되었다. 꾸준히 신작을 발표해 온 베르베르는 이번에 <기억>이라는 테마로 시공간을 넘나들며 자신만의 독특한 세계관을 확장해 나간다. 주인공 르네 톨레다노는 고등학교에서 역사를 가르치는 교사이다. 그는 센강 유람선 공연장 <판도라의 상자>에 갔다가 퇴행 최면의 대상자로 선택당한다. 최면에 성공해 무의식의 복도에 늘어선 기억의 문을 열 수 있게 된 르네. 문 너머에서 엿본 기억은, 제1차 세계 대전의 전장에서 목숨을 잃은 그의 전생이었다. 최면이 끝난 후에도 너무나 생생하고 강렬한 기억에 시달리던 그는 몸싸움에 휘말려 의도치 않게 사람을 죽이고 경찰에 자수할지 말지 고민하며 초조한 나날을 보내게 된다. 한편 르네는 자신에게 총 111번의 전생이 있었다는 사실을 알고 제1차 세계 대전 참전병 외에도 여러 기억의 문을 열어 본다. 그중에서도 최초의 전생은 놀랍게도 현대인이 <아틀란티스>라고 부르는 전설 속의 섬에 사는 남자 게브였다. 아틀란티스가 바닷속에 잠겨 버렸다고 알고 있는 르네는 어떻게든 게브를 구하고 싶어 하고, <판도라의 상자> 무대에서 만났던 최면사 오팔이 르네의 조력자를 자처한다. 현생에서는 경찰에 쫓기며 정신병자 취급을 받고, 전생에서는 대홍수가 예고된 가운데 과연 르네와 게브의 운명은? *** 이 오디오북은 한국출판문화산업진흥원(KPIPA)의 「2020년 오디오북 제작 지원」 사업 선정작입니다.",https://audioclip.naver.com/audiobooks/640A7B365A
결혼을 추천합니다,한희은,"방년 29세, 내년이면 계란 한 판의 나이에도 연애에는 관심 없는 여자 이효은. 그녀 인생 최대의 걸림돌은 그녀를 결혼시키지 못해 안달인 어머니였다. 마지막이라는 확답을 받고 나간 선 자리에서 그녀에게 사사건건 시비를 거는 게 목적인 듯한 남자, 지건우를 만난다. 그는 효은에게 딱 3개월만 계약 연애를 하자고 말하는데…. 한희은 로맨스 장편소설 『결혼을 추천합니다』.",https://audioclip.naver.com/audiobooks/F7CB360BA7
"100인의 배우, 세계 문학을 읽다 2/2",마르그리트 유르스나르 외 49명,"정경호, 이정은, 황정민, 유준상, 강말굼, 김상중 등 한국 대중문화를 빛내는 한류 스타와 배우들 103인이 낭독한 100편의 세계 명작 중단편 소설 오디오북이다. 2/2는 전체 100편 중 50편을 묶었다. 국내 오디오북의 새 시장을 연 <100인의 배우, 우리 문학을 읽다>의 후속 작품으로서, 우리 문학에 이어 세계 문학 오디오북도 출시해 달라는 독자들의 요청에 부응하여 제작했다. 문학 작품은 작가 개인의 창작이자 당대의 산물이며, 배우의 음성에는 그만의 개성과 함께 지금 우리의 정서가 깃들어 있다. 명작과 스타의 콜라보로 시대와 지역과 언어를 넘나들며 읽는 문학과 또 다른 듣는 문학의 깊은 감동을 전한다. 낭독 작품은 지구촌 곳곳의 작가, 작품들을 고루 포함했다. 가능한 한 지역이나 언어를 다양하게 포괄하려 했다. 물론 톨스토이, 디킨스, 플로베르, 릴케, 나쓰메 소세키 등 이름만으로 벅찬 동서양 문호의 작품이 빠질 수 없다. 헤밍웨이, 포크너, 카뮈, 헤세, 이보 안드리치 등 노벨문학상 수상 작가의 대표 단편도 포함됐다. 버지니아 울프, 샬럿 퍼킨스 길먼, 케이트 쇼팽 등의 페미니즘 초기 문제작과 일본, 중국, 대만, 홍콩, 태국 등 이웃 나라의 명단 편들도 고루 만날 수 있다. 특히 스물여섯에 요절한 태국 왕족 출신의 작가 멈짜오 아까담끙 라피팟의 ＜사춘기＞는 국내 처음 소개되는 작품이다. 국내 독자에겐 생소하지만 문학사적으로 큰 발자취를 남긴 작가, 마르그리트 유르스나르, 타티야나 톨스타야, 슈테판 츠바이크, 딩링 등의 작품도 함께 담았다. 문학 사조로는 사실주의, 낭만주의, 자연주의부터 초현실주의, 의식의 흐름을 따르는 모더니즘까지 모두 아우른다. 장르도 공포, 탐정, 심리, 연애, 환상 소설에 사소설, 동화까지 다채롭다. 낭독 배우의 개성 있는 목소리로 저마다의 작품 해석을 즐길 수 있는 구성이다. 추리 소설의 고전 에드거 앨런 포의 <검은 고양이>, 러시아 사실주의 문학의 태동을 알린 니콜라이 고골의 <외투>, 독특한 문체로 독자를 사로잡은 마르그리트 뒤라스의 <파리의 오렐리아>부터 샤를 페로의 <푸른 수염>, 루시모드 몽고메리의 <개와 고양이>까지 다양한 장르의 세계 문학 단편 소설을 한 권의 오디오북에서 모두 만날 수 있다.",https://audioclip.naver.com/audiobooks/DAF7B3C9B8
두 번째 엔딩,김려령 배미주 이현 김중미 손원평 구병모 이희영 백온유,"『우아한 거짓말』부터 『아몬드』 『페인트』 『유원』까지, 독자들의 큰 사랑을 받은 작품들의 뒷이야기를 엮은 소설집. 김려령 배미주 이현 김중미 손원평 구병모 이희영 백온유 등 베스트셀러 작가들의 완성도 높은 단편이 실렸다. 전작에서 주인공이 아니었던 인물들의 속내까지 따스하게 보듬으며 모든 삶이 조명받아 마땅한 가치가 있다는 메시지를 전한다.",https://audioclip.naver.com/audiobooks/F8D5E05685
연애 소설 읽는 노인,루이스 세풀베다,"칠레 출신 작가 루이스 세풀베다의 첫 소설로 단번에 세계적 베스트셀러 순위를 차지했던 책. 아마존 부근 일 이딜리오에 살고 있는 노인의 꿈은 오두막에서 평화롭게 연애소설을 탐닉하는 것. 하지만 노다지를 찾아 모여든 '양키'들은 카메라를 들고 마을을 들쑤시고, 원주민들은 하나 둘씩 삶의 터전을 떠난다. 어느 날 누군가가 정글의 맹수를 화나게 하고, 노인은 깨진 자연의 균형을 바로하기 위해 총을 들고 숲으로 향한다. 추리 소설적 기법을 사용해 정글이라는 배경의 매력을 한껏 살려낸, 저자의 탁월한 재능이 돋보이는 글로 이후 그의 소설들을 일관하는 주요한 특징들이 탄생한 소설이다.",https://audioclip.naver.com/audiobooks/3511258EF0
나는 슈뢰딩거의 고양이로소이다,원종우,"과학 팟캐스트 1위, 〈파토의 과학하고 앉아있네〉원종우의 빅뱅처럼 폭발하는 상상력이 SF소설로 쏟아진다! 누적 다운로드 1억을 돌파하며 과학 분야 팟캐스트 1위를 지키고 있는〈파토의 과학하고 앉아있네〉원종우 대표가 첫 소설집을 출간했다. SF 소설 《나는 슈뢰딩거의 고양이로소이다》가 바로 그 책이다. 그런데 대중에게 과학 커뮤니케이터로 널리 알려져 있고, TV 방송에도 자주 얼굴을 비추며, 과학책도 여러 권 집필한 그가 갑자기 SF 소설을 들고 독자들 앞에 나타난 이유는 무엇일까. 원종우 작가는 그 까닭에 대해 “나는 실제로 과학을 연구하는 연구자가 아니라 과학 자체에 관해서 이야기하는 데 한계가 있다”라고 고백한다. 그래서 때로는 전문가의 입을 빌릴 수밖에 없었는데, 소설이라는 형식으로 과학을 말하는 것은 그 한계를 넘어설 수 있는 굉장히 매력적인 방법이라고 힘주어 말한다. 또 조금 과장하면 자신을 키운 것의 절반은 SF인데, 초등학교 때 접했던 아이작 아시모프의 《로봇》 시리즈 동화책 버전부터 시작해서 수많은 SF 소설, 드라마, 영화, 애니메이션, 웹툰에 이르기까지 삶에서 결코 SF와 멀어졌던 적이 없었다고 밝힌다. 《나는 슈뢰딩거의 고양이로소이다》는 표제작 〈나는 슈뢰딩거의 고양이로소이다〉를 비롯하여 단편 SF 소설 8개를 묶은 단편 모음집이다. 형식 면으로는 종래의 소설에서 문법에서 벗어나 각 소설의 앞과 뒤에 해당 작품을 읽기 전에 알아 두면 도움이 될 수 있는 과학 지식과 작품의 배경 등을 친절하게 설명해 두었다. SF 소설에 익숙하지 않은 독자들이 더 흥미롭게 작품에 집중할 수 있도록 치열하게 고민한 흔적이 엿보이는 부분이다. 내용 면으로 원종우 특유의 입담과 빅뱅처럼 폭발하는 그의 상상력이 과학 지식과 한데 어우러져 있다. 게다가 윤리적, 철학적, 사회적으로 생각할 거리를 덧붙여 놓아 해당 작품이 던지는 메시지를 사색하면서 침잠하게 한다. 과학×SF 소설×원종우, 원종우가 말하면 다르다, 재미있다! 원종우 작가가 과학 커뮤니케이터로 성공한 비결은 무엇일까? 그는 “그저 많은 사람들이 오해하고 있거나 불편해하는 과학을 자신이 듣고 싶었던 방식으로 모두에게 이야기하고 싶었다”라고 답한다. 이 말은 그의 첫 소설집 《나는 슈뢰딩거의 고양이로소이다》에서도 그대로 적용된다. 작가는 이 소설로 켤코 과학을 ‘가르칠’ 의도가 없음을 분명히 밝힌다. 소설은 그냥 그 자체로 재미있기를 바랄 뿐이라고 말한다. 다만 독자들이 이 책을 통해 과학과 SF 소설에 호감을 갖게 된다면 참 기쁘겠다고 덧붙인다. 과학과 SF가 함께하는 독특한 구성의 이 소설집,《나는 슈뢰딩거의 고양이로소이다》는 소설로서의 재미는 물론이거니와 우리가 살고 있는 이 세계를 새롭게 인식하게 하고, 인간인 우리가 우주에서 어느 위치에 있는지 돌아보게 한다. 게다가 과학에 대한 흥미까지 한껏 끌어 올리기까지 한다. 현실로 밀려오는 SF 소설 속 장면들을 놓치지 않고, 직접 목격하길 원한다면 꼭 읽어 보기를 강력히 권한다. ※ 이 오디오북은 한국출판문화산업진흥원(KPIPA)의 <2021년 오디오북 제작 지원 사업> 선정작입니다.",https://audioclip.naver.com/audiobooks/191CF57674
김호영이 읽는 전상국의 우상의 눈물,전상국,"[100인의 배우, 우리 문학을 읽다] 오디오북 시리즈는, 최민식 문소리 정진영 강부자 등 우리 시대를 대표하는 배우 103명이 한국 근현대문학의 주요 중단편소설 100편을 낭독한 프로젝트입니다. ≪우상의 눈물≫은 1980년 ≪세계의문학≫에 발표된 전상국의 단편소설이다. 한 남자고교 학급을 무대로 담임, 모범생, 불량 학생 등을 등장시켜 합법적인 권력과 벌거벗은 폭력의 관계, 선악과 위선의 문제를 풀어간다.",https://audioclip.naver.com/audiobooks/F217F60D30
가시고기,조창인,"시대가 흘러도 변할 수 없는 아버지의 사랑! 20주년 개정판 ★『해리포터』 열풍을 제친 2000년대 베스트셀러 1위! ★아들을 살릴 수만 있다면 내 몸을 내어주어도 좋은 가시고기아빠의 사랑 ★3백만 부 초베스트셀러의 감동, 개정되며 더욱 숭고해진 결말 아버지의 사랑은 어떤 모습일까? 어머니의 사랑은 수없이 그려져 왔고, 공감을 불러오기에 의문이 없다. 그러나 아버지의 사랑이 어떤 모습일지 표현하기는 어렵다. 이 책은 아버지의 사랑을 가늠하게 해준다. 속내를 드러내지 않지만, 깊은 곳에 감춰진 숭고한 자기희생의 사랑. 그래서 더 슬프고 아름다운 아버지의 사랑이다. 알을 낳고 떠나는 엄마가시고기를 대신해 새끼를 돌보고, 결국은 자신의 몸까지 내어주는 아빠가시고기. 주인공 정호연은 그런 가시고기 아빠다. 삶의 전부인 아들은 백혈병에 걸렸다. 게다가 골수이식이 아니면 더 이상 희망이 없다. 아들을 위한 최선은 무엇일까. 아들을 살릴 수만 있다면 내 몸은 뜯어 먹혀도 좋은 가시고기 아빠의 숭고한 사랑이 책 속에 담겨있다. 시대가 흘러도 변할 수 없는 아버지의 사랑이 다시 오다 『가시고기』 는 이미 3백만 부 이상 팔려 독자들의 사랑을 받은 초베스트셀러다. 42주 연속 종합 베스트셀러 1위를 차지했던 기록이 있다. 『해리포터』 시리즈가 세계 출판 시장을 강타할 당시, 유일하게 한국에서만 가시고기 열풍에 가로막혔던 기록도 있다. 학교에서는 청소년 필독서로 읽혀졌고, 아이들은 동화와 만화로 가시고기를 읽었다. 성인은 남녀를 막론하고, 청년에서 노년층까지 가시고기의 감동에 빠져들었다. 자식을 사랑하지만 속으로만 삼키는 것이 미덕이던 시절이었다. 아버지들은 묵묵히 책임을 다할 뿐 사랑을 표현하지 못했다. 가족을 위해 일터에서 야근을 하며 버티던 아버지들은 가시고기아빠였다. 자식에게 풍족한 환경을 주려고 몸 바쳐 일하는 것이 그들의 사랑이었다. 시대가 바뀌었다. 일찌감치 육아에 참여하는 아빠들이 많아졌다. 아이와 잘 놀아주고, 시간을 함께 보낸다. 친구처럼 지낸다. 요즘 아빠들의 사랑법이다. 이렇게 사랑을 표현하는 모습은 달라졌다. 그러나 다르지 않은 것이 있다. 아버지가 되면서 시작되는 알 수 없는 사랑. 자식에게 가장 좋은 것을 주고 싶은 가시고기아빠의 사랑이다. 2019년, 작가는 시대가 달라졌어도 변함없는 아버지의 숭고한 사랑을 다시 한 번 그려내고 싶었다고 한다. 시대에 맞는 내용으로 일부 보충하고 수정하여 증보개정판으로 선보이게 되었다. 이 오디오북을 통해, 시대가 흘러도 변하지 않고, 변할 수 없는 아버지의 깊은 사랑을 만나게 될 것이다.",https://audioclip.naver.com/audiobooks/AAFB69F883
한자와 나오키 4,이케이도 준,"한자와 나오키 시리즈 완간! “철저히 바꾸고 싶다면 지금이 마지막 기회야!” 세상의 부조리에 맞서는 은행원 한자와의 통쾌한 미스터리 활극 이케이도 준을 일본 최고의 작가로 만든 《한자와 나오키》 시리즈가 네 번째 책 《한자와 나오키 4: 이카로스 최후의 도약》의 출간을 끝으로 완간된다. 이케이도 준을 일본 최고의 작가로 만든 이 시리즈는 매력적인 캐릭터, 엄청난 흡인력, 명민한 미스터리 감각으로 독자들을 사로잡으며 시리즈 누적 607만 부가 판매된 초대형 베스트셀러이다. 이번 편에서 한자와 나오키는 증권회사에서의 통쾌한 활약을 뒤로 하고 다시 도쿄중앙은행 본사로 복귀한다. 여전히 뱅커로서의 긍지와 이상을 가지고 옳다고 믿는 일에는 정면으로 승부하는 그에게, 은행장은 항공사 재건 계획을 세우도록 지시한다. 그러나 원칙대로 진행하려는 한자와의 노력은 정치권이 개입하면서 수포로 돌아갈 위기에 처하고, 국가의 도움만 바라는 항공사의 소극적 태도와 은행의 희생을 강요하는 정치인의 부당한 요구, 파벌 싸움에만 몰두한 은행 임원진의 압력을 상대로 마지막 싸움을 시작한다. 《한자와 나오키 3: 잃어버린 세대의 역습》과 함께 2020년 4월에 방영되는 드라마 〈한자와 나오키〉 시즌 2의 원작으로 다시 한 번 기대를 모으고 있는 이 책은 시리즈 최강의 적과 맞서는 한자와 나오키의 활약과 누구도 예상치 못한 결말로 독자들에게 깊은 만족감을 선사할 것이다. [줄거리] 도쿄중앙은행 본사 영업 2부로 복귀해 눈코 뜰 새 없이 바쁜 한자와 나오키는 은행장의 지시로 경영 위기에 몰린 TK항공의 재건 계획을 맡는다. 항공사의 회생에 집중한 한자와는 강도 높은 구조조정안을 제시하지만, 정부의 지원만 믿고 있는 TK항공 경영진의 반발을 산다. 거기에 총선으로 정권이 바뀌면서 전 정권과의 차별화를 원한 신임 국토교통성 대신 시라이 아키코가 한자와의 재건안을 전면 백지화하며 새로운 태스크포스를 구성한다. 악명 높은 기업 회생 전문 변호사 노하라 쇼타가 주도하는 태스크포스는 각 은행들에게 TK항공의 채권 포기를 강요하는데…. 정부의 눈치만 보는 은행 임원진과 정치권의 노골적인 압력에, 불의를 참지 않는 한자와는 어떻게 맞설 것인가?",https://audioclip.naver.com/audiobooks/1FF01F22E0
