titles,authors,informs,clip_links
(요약) 대지,원작 : 펄 벅 / 요약 : 북코스모스,퓰리처상과 노벨문학상 수상작. 왕룽은 황 부잣집에서 오란이라는 하녀를 아내로 맞아 온다. 아내 오란은 인내심이 강하고 헌신적이며 애처로울 만큼 자기 희생적인 여성의 본보기이다. 그런데 왕릉은 집이 부유해지자 하인처럼 일하고 살림을 아끼는 아내의 찌들은 모습에서 그만 싫증을 느끼고 렌화라는 여자를 집으로 맞아들이기까지 하는데. 가난한 농부였던 왕룽은 피와 땀으로써 부유한 지주가 되고 자기가 경작하는 토지를 무엇보다 소중하게 생각하는 농부의 의지가 집약된 작품이다.,https://audioclip.naver.com/audiobooks/4E9C0AF545
친절한 복희씨 <친절한 복희씨>,박완서,"<친절한 복희씨> 중 단편 '친절한 복희씨' 일흔이 넘은 나이에도 은퇴를 모르는 작가 박완서. 그녀는 자신이 70이 넘게 살아오면서 쌓아온 통찰과 이해, 그리고 세상을 보는 관점과 지혜로 자신만의 노년문학을 개척했다. 그런 그녀가 이 시대를 사는, 어디서나 볼 수 있는 흔한 노인들을 통해 누구에게나 보일 수 있는 이중성과 위선을 통렬하고 적나라하게 드러냈다. 그 작품이 바로 ‘친절한 복희씨! 겉으로는 벌레 한 마리도 못 죽이는 여자이지만 속으로는 그 누구보다 영악하고 독한 면을 갖고 있다고 자신을 평가하는 복희씨! 미묘한 인간심리를 섬뜩하게 발견하고 부끄러워하게 만들 복희씨! 그저 잉여인간으로 평가되고 있는 노인들도 각자의 삶과 섬뜩한 내면 세계, 자신만의 세계관을 갖고 있음을 느끼게 만든 복희씨! 삶의 정곡을 찌르는 재치와 유머, 원숙한 지혜가 빚어낸 이야기! 그 누구보다 친절하지만, 섬뜩한 이중성의 복희씨가 지금 당신을 찾아갑니다.",https://audioclip.naver.com/audiobooks/89DB5693FD
거인의 정원,오스카 와일드,"귀로 듣는 책, 귀로 읽는 책! 오스카 와일드 걸작선! 이기적인 거인에게 찾아온 아이들. 사랑하는 마음은 꽁꽁 언 거인의 정원과 마음을 따뜻하게 녹여주었습니다. 오스커 와일드의 기독교 사랑이 드러난 걸작단편!",https://audioclip.naver.com/audiobooks/9ABDD9E773
할매가 돌아왔다,김범,"요절복통 60억 할머니의 미스터리 코미디 “세상을 내 맘대로 주무르는 시한폭탄 할매가 온다!” ★★★ 영화, 드라마, 연극, 뮤지컬 판권 계약 ★★★ 『82년생 김지영』 조남주 작가 강력 추천 67년 만에 60억 원을 들고 돌아온 할매. 이런, 우리 할매는 광복 직전 염병에 걸려 죽었다고 하지 않았나? 그럼 저 할매는 누구인가? 가짜인가? 부활했나? 상관없다. 유산이 60억이라는데……. 마치 원래 이 집에 살았다는 듯 능청스러운 모습으로 돌아와, 온 집안을 들쑤시는 그녀는 역대 최강의 캐릭터! 그녀의 귀환으로 촉발된 가족들의 60억 쟁탈전은 그야말로 포복절도의 연속! 김범 장편소설 『할매가 돌아왔다』는 돈이 전부인 이 세상에서 자신의 일생을 인정받기 위한 제니 할머니의 투쟁을 유머러스하게 그려낸 작품이다. 일본 군인과 눈이 맞아 남편과 자식을 버리고 도망쳤고 세상에 원래 없었던 사람처럼 완전히 잊혔던 할머니. 그런 그녀에게, 할아버지, 아버지, 고모 등은 너나 할 것 없이 무슨 낯으로 이제야 돌아왔냐며 당장 나가라고 야단이다. 하지만 그때 내뱉는 할머니의 한마디. “너희에게 줄 유산 60억이 있다.” 그러자 다들 자신도 모르게 바뀌는 표정을 숨길 수가 없는데……. 가족들의 60억 쟁탈전은 어떻게 될까. 아니 60억이 진짜 있기는 한 걸까. 아무도 관심이 없던 할머니가 돌아온 진짜 이유는 무엇일까. 복잡하기 그지없는 지난 역사와 찌질하기 짝이 없는 오늘 우리의 풍경이 이토록 유쾌하고 가슴 뛰는 소설로 다시 태어났다.",https://audioclip.naver.com/audiobooks/B1D9AD0281
안경,에드거 앨런 포,"세계 문호들의 판타스틱 단편 고전을 엄선하여 소개하는 시리즈 작품! 극장에서 우연히 만나게 된 미모의 여성. 온갖 역경을 극복하고 그토록 원하던 그녀와 결혼하게 되는데. 경쾌한 문장의 코믹 판타지문학. 《출판사서평》 낯선 세계로의 여행! 그곳으로 통하는 문이 이 책 안에 숨겨져 있다. 상상력의 힘이 펼쳐 보이는 끝도 없는 환상의 세계!! 그 안으로 들어가는 문은 우리의 현실 곳곳에 숨겨져 있다. 단지 현실세계에 너무나도 익숙하게 길들여진 우리의 눈에 보이지 않을 뿐이다. 하지만 어떤 우연한 일을 계기로 환상의 세계로 통하는 문이 열리면, 우리 앞에 몽롱한 환상의 세계가 펼쳐진다. 그리고 우리는 두려움과 함께 머뭇머뭇 그 세계로 들어서게 된다. 그렇게 해서 들어서게 된 곳은 더 이상 환상의 세계가 아니다. 그곳에서는 현재 우리가 살고 있는 현실보다 더욱 현실감 넘치는 사건이 우리를 기다리고 있다. 이제 우리는 그 세계에 빠져 현실로 도망치고 싶어 하면서도, 혹은 그 세계에 영원히 머물고 싶어 하면서도, 끝내 그렇게 하지 못 한다. 그 세계는 도망치려 하면 우리를 더욱 붙잡아두고, 영원히 머물고 싶어 하면 우리를 힘껏 밀어내는 세계이다. 누구나 한번쯤을 꿈꿔왔을 그 환상의 세계가 드디어 우리 앞에 펼쳐진다. 인류 최고의 상상력이 총망라된 이 책을 통해서, 당신 옆에 숨겨져 있는 환상의 세계로 가는 문에 대한 힌트를 얻기 바란다.",https://audioclip.naver.com/audiobooks/3098E121BF
셜록 홈즈 단편선 3,아서 코난 도일,"전 세계인이 사랑하는 탐정 셜록 홈즈의 이야기!
셜록 홈즈 시리즈 중 유명하고도 작품성이 있는 단편들을 뽑아 완역한 번역본입니다.",https://audioclip.naver.com/audiobooks/E5EAE51DD8
젊은 베르테르의 슬픔,요한 볼프강 폰 괴테,"독일의 대문호 괴테의 자전적 소설. 괴테의 나이 25세때 쓰여진 이 작품은, 18세기 독일의 작은 도시를 무대로, 한 청년의 사랑과 자살을 그리고 있다. 비극적 주 인공 베르테르는 괴테 자신과 유부녀와 사랑끝에 자살한 친구를 복합한 인물로 알려지고 있다. [책 속으로] 빌헬름! 괴로운 하룻밤이었소. 이제 나는 모든 것을 참고 견디어 나갈 생각이오. 다시는 롯테와 만나지 않으려오. 당신한테 달려가 목이라도 껴안고 끝없이 눈물을 흘리며 황홀감에 젖어 내 가슴 속에 휘몰아치는 감정의 회오리를 열어 보이지 못하는 것만이 유감이라오. 나는 지금 애써 마음을 가라앉히고 아침 해가 떠오르기를 기다리고 있소. 날이 밝으면 마차가 오도록 되어 있소. 아아, 롯테는 고요히 잠들어 있을 것이오. 다시는 내 얼굴을 보지 못하리라고는 꿈에도 생각지 못할 것이오. 두 시간이나 그녀와 이야기를 나누면서도 나는 이 계획에 대한 눈치를 조금도 보이지 않았소. 이를테면 마음을 다져 먹을 수 있었다오. 그런데 그 이야기의 내용은 어떠했던가? 알베르트는 저녁 식사가 끝나면 곧 롯테와 함께 정원으로 나오겠다고 나에게 약속을 했소. 나는 테라스의 밤나무 밑에서 서성거리며 정든 골짜기와 유유히 흐르는 강물 위로 저물어 가는 저녁 해를 바라보고 있었소. 나는 몇 번이나 롯테와 함께 이 곳에서 그 장엄한 광경을 바라보았는지 모르겠소. 그러나 지금은 - 나는 내가 좋아하던 가로수 밑을 혼자서 여기저기 거닐어 보았소. 아직 롯테와 서로 알기 전부터 나는 일종의 신비로운 힘에 끌려서 이 곳에 자주 찾아 왔었소.그 후 내가 그녀와 서로 사귀게 되었을 때, 그녀도 이 곳을 좋아하고 있는 것을 알고 얼마나 기뻐했는지 모르오. 여기는 그야말로 내가 본 가장 낭만적인 한 폭의 풍경화였소",https://audioclip.naver.com/audiobooks/BDF11E097D
박상원이 읽는 김승옥의 무진기행,김승욱,"[100인의 배우, 우리 문학을 읽다] 오디오북 시리즈는, 최민식 문소리 정진영 강부자 등 우리 시대를 대표하는 배우 103명이 한국 근현대문학의 주요 중단편소설 100편을 낭독한 프로젝트입니다. ≪무진기행≫은 1964년 ≪사상계≫에 발표됐을 당시 평단에서 ‘감수성의 혁명’이란 찬사를 받은 김승옥의 대표작이다. 오랜만에 고향을 찾은 한 남자와 주변 인물의 이야기를 통해 현대인의 불안한 존재와 심리를 감각적으로 잡아낸다. ‘무진(霧津)’이란 고향 이름 역시 안개와 같은 모호함을 상징한다. 작가 자신의 각색을 거쳐 영화(＜안개＞)로도 제작되었다.",https://audioclip.naver.com/audiobooks/A09A2C4F12
위대한 개츠비,F. 스콧 피츠제럴드,"욕망과 사랑, 청춘 같은 통속적인 소재와 섬세한 심리 묘사로 제1차 세계대전 후인 1920년대 미국의 사회상을 그려낸 소설 <위대한 개츠비> 가난한 농부의 아들 개츠비는 운명을 거부하고 화려한 출세를 꿈꾼다. 제 1차 세계대전이 발발하고 육군 장교가 된 그는 테일러 기지에 주둔하던 중 아름다운 상류층 여인 데이지를 만나 사랑에 빠진다. 그러나 그가 유럽으로 파병을 나간 사이, 데이지는 시카고의 부호 톰 뷰캐넌과 결혼한다. 가난했기에 사랑하는 여인에게 버림받은 개츠비는 옛 연인의 사랑을 다시 얻기 위해, 잃어버린 지난 5년의 시간을 되돌리기 위해 부자가 되기로 결심한다. 1만 6천 킬로미터나 떨어진 곳에서 발생하는 지진을 탐지하고 기록하는 복잡한 장치처럼 탁월한 민감성으로 삶의 가능성을 잡아냈던 남자. 희망을 포기하지 않는 탁월한 능력과 어떤 상황에도 대처할 수 있는 낭만적인 적응력을 가졌던 남자. 멀어져만 가는 쾌락의 절정과도 같은 미래를 믿었던 남자. 개츠비, 그의 위대한 이야기가 펼쳐진다.",https://audioclip.naver.com/audiobooks/A25E12291B
